Rk,Player,Nation,Pos,Squad,Comp,Age,Born,MP,Starts,Min,90s,Gls,Ast,G+A,G-PK,PK,PKatt,CrdY,CrdR,xG,npxG,xAG,npxG+xAG,G+A-PK,xG+xAG,PrgC,PrgP,PrgR,Sh,SoT,SoT%,Sh/90,SoT/90,G/Sh,G/SoT,Dist,FK,PK_stats_shooting,PKatt_stats_shooting,xG_stats_shooting,npxG_stats_shooting,npxG/Sh,G-xG,np:G-xG,Cmp,Att,Cmp%,TotDist,PrgDist,Ast_stats_passing,xAG_stats_passing,xA,A-xAG,KP,1/3,PPA,CrsPA,PrgP_stats_passing,Live,Dead,FK_stats_passing_types,TB,Sw,Crs,TI,CK,In,Out,Str,Cmp_stats_passing_types,Tkl,TklW,Def 3rd,Mid 3rd,Att 3rd,Att_stats_defense,Tkl%,Lost,Blocks_stats_defense,Sh_stats_defense,Pass,Int,Tkl+Int,Clr,Err,SCA,SCA90,PassLive,PassDead,TO,Sh_stats_gca,Fld,Def,GCA,GCA90,Touches,Def Pen,Def 3rd_stats_possession,Mid 3rd_stats_possession,Att 3rd_stats_possession,Att Pen,Live_stats_possession,Att_stats_possession,Succ,Succ%,Tkld,Tkld%,Carries,TotDist_stats_possession,PrgDist_stats_possession,PrgC_stats_possession,1/3_stats_possession,CPA,Mis,Dis,Rec,PrgR_stats_possession,CrdY_stats_misc,CrdR_stats_misc,2CrdY,Fls,Fld_stats_misc,Off_stats_misc,Crs_stats_misc,Int_stats_misc,TklW_stats_misc,PKwon,PKcon,OG,Recov,Won,Lost_stats_misc,Won%,GA,GA90,SoTA,Saves,Save%,W,D,L,CS,CS%,PKatt_stats_keeper,PKA,PKsv,PKm,PSxG,PSxG/SoT,PSxG+/-,/90,Cmp_stats_keeper_adv,Att_stats_keeper_adv,Cmp%_stats_keeper_adv,Att (GK),Thr,Launch%,AvgLen,Opp,Stp,Stp%,#OPA,#OPA/90,AvgDist,season
1,Max Aarons,eng ENG,DF,Bournemouth,eng Premier League,24.0,2000.0,3,1,86,1.0,0,0,0,0,0,0,0,0,0.0,0.0,0.0,0.0,0.0,0.0,1,8,3,0,0,,0.0,0.0,,,,0,0,0,0.0,0.0,,0.0,0.0,50,63,79.4,887,361,0,0.0,0.0,0.0,0,8,0,0,8,51,12,2,0,0,2,10,0,0,0,0,50,2,2,1,1,0,1,100.0,0,3,1,2,1,3,0,0,2,2.09,2,0,0,0,0,0,0,0.0,73,2,19,40,15,0,73,2,0,0.0,1,50.0,41,152,68,1,0,0,1,0,40,3,0,0,0,0,2,0,2,1,2,0,0,0,7,0,0,,,,,,,,,,,,,,,,,,,,,,,,,,,,,,,,,2024-2025
2,Max Aarons,eng ENG,"DF,MF",Valencia,es La Liga,24.0,2000.0,4,1,120,1.3,0,0,0,0,0,0,2,0,0.0,0.0,0.0,0.0,0.0,0.02,0,6,10,0,0,,0.0,0.0,,,,0,0,0,0.0,0.0,,0.0,0.0,47,66,71.2,705,190,0,0.0,0.0,0.0,1,2,0,0,6,54,12,1,0,0,5,11,0,0,0,0,47,4,4,2,2,0,5,80.0,1,1,0,1,0,4,3,0,1,0.75,1,0,0,0,0,0,0,0.0,85,1,21,28,36,0,85,4,1,25.0,2,50.0,46,215,103,0,3,0,3,1,49,10,2,0,0,0,2,0,5,0,4,0,0,0,7,2,1,66.7,,,,,,,,,,,,,,,,,,,,,,,,,,,,,,,,2024-2025
3,Rodrigo Abajas,es ESP,DF,Valencia,es La Liga,21.0,2003.0,1,1,65,0.7,0,0,0,0,0,0,1,0,0.1,0.1,0.0,0.1,0.0,0.1,3,2,3,1,0,0.0,1.38,0.0,0.0,,24.5,0,0,0,0.1,0.1,0.07,-0.1,-0.1,17,29,58.6,268,110,0,0.0,0.0,0.0,0,0,0,0,2,21,8,0,0,0,1,8,0,0,0,0,17,3,2,2,1,0,3,100.0,0,1,0,1,1,4,0,0,0,0.0,0,0,0,0,0,0,0,0.0,36,1,8,19,9,1,36,1,1,100.0,0,0.0,13,101,67,3,2,1,0,2,16,3,1,0,0,2,0,1,1,1,2,0,0,0,2,0,1,0.0,,,,,,,,,,,,,,,,,,,,,,,,,,,,,,,,2024-2025
4,James Abankwah,ie IRL,"DF,MF",Udinese,it Serie A,20.0,2004.0,6,0,88,1.0,0,0,0,0,0,0,1,0,0.1,0.1,0.0,0.1,0.0,0.06,3,4,1,1,0,0.0,1.02,0.0,0.0,,15.0,0,0,0,0.1,0.1,0.06,-0.1,-0.1,36,46,78.3,614,206,0,0.0,0.0,0.0,0,2,0,0,4,45,1,1,0,0,0,0,0,0,0,0,36,4,2,4,0,0,3,66.7,1,2,1,1,1,5,3,0,1,1.02,1,0,0,0,0,0,0,0.0,65,8,37,22,7,2,65,0,0,,0,,29,219,165,3,1,1,1,3,34,1,1,0,0,4,3,0,0,1,2,0,0,0,7,2,2,50.0,,,,,,,,,,,,,,,,,,,,,,,,,,,,,,,,2024-2025
10,Saud Abdulhamid,sa KSA,DF,Roma,it Serie A,25.0,1999.0,4,2,205,2.3,0,1,1,0,0,0,0,0,0.0,0.0,0.2,0.2,0.44,0.09,6,9,26,1,0,0.0,0.44,0.0,0.0,,24.7,0,0,0,0.0,0.0,0.03,0.0,0.0,118,136,86.8,1766,368,1,0.2,0.2,0.8,2,4,4,2,9,103,33,1,0,0,7,32,0,0,0,0,118,3,2,2,0,1,1,100.0,0,2,0,2,2,5,0,0,6,2.65,5,0,0,0,1,0,1,0.44,157,0,27,75,56,7,157,8,3,37.5,2,25.0,90,399,175,6,2,2,5,1,108,26,0,0,0,2,5,0,7,2,2,0,1,0,3,0,1,0.0,,,,,,,,,,,,,,,,,,,,,,,,,,,,,,,,2024-2025
11,Abel,es ESP,DF,Osasuna,es La Liga,23.0,2000.0,35,20,2074,23.0,2,0,2,2,0,0,3,0,0.5,0.5,1.0,1.6,0.09,0.07,50,77,92,12,4,33.3,0.52,0.17,0.17,0.5,22.9,0,0,0,0.5,0.5,0.04,1.5,1.5,776,1071,72.5,12899,5046,0,1.0,1.5,-1.0,16,57,18,13,77,847,220,14,3,2,85,206,0,0,0,0,776,61,37,28,25,8,63,61.9,24,29,4,25,18,79,64,2,39,1.69,29,2,5,0,1,2,4,0.17,1322,65,370,605,357,19,1322,35,18,51.4,13,37.1,605,3269,1792,50,44,7,27,18,683,92,3,0,0,25,32,3,85,18,37,0,1,0,106,20,17,54.1,,,,,,,,,,,,,,,,,,,,,,,,,,,,,,,,2024-2025
12,Nabil Aberdin,fr FRA,MF,Getafe,es La Liga,21.0,2002.0,7,4,263,2.9,0,0,0,0,0,0,1,0,0.0,0.0,0.0,0.1,0.0,0.02,2,6,2,2,0,0.0,0.68,0.0,0.0,,31.2,0,0,0,0.0,0.0,0.02,0.0,0.0,36,61,59.0,680,267,0,0.0,0.1,0.0,1,7,2,0,6,58,2,2,0,1,0,0,0,0,0,0,36,6,4,3,3,0,1,100.0,0,3,0,3,0,6,5,0,3,1.03,3,0,0,0,0,0,0,0.0,87,6,21,56,10,2,87,3,2,66.7,1,33.3,34,148,74,2,0,0,1,1,36,2,1,0,0,7,6,0,0,0,4,0,0,0,8,10,3,76.9,,,,,,,,,,,,,,,,,,,,,,,,,,,,,,,,2024-2025
13,Oliver Abildgaard,dk DEN,MF,Como,it Serie A,28.0,1996.0,1,0,7,0.1,0,0,0,0,0,0,0,0,0.0,0.0,0.0,0.0,0.0,0.0,0,0,0,0,0,,0.0,0.0,,,,0,0,0,0.0,0.0,,0.0,0.0,1,1,100.0,21,7,0,0.0,0.0,0.0,0,0,0,0,0,1,0,0,0,0,0,0,0,0,0,0,1,0,0,0,0,0,0,,0,1,0,1,0,0,0,0,0,0.0,0,0,0,0,0,0,0,0.0,2,0,1,1,0,0,2,0,0,,0,,0,0,0,0,0,0,0,0,0,0,0,0,0,0,1,0,0,0,0,0,0,0,0,0,0,,,,,,,,,,,,,,,,,,,,,,,,,,,,,,,,,2024-2025
17,Abdel Abqar,ma MAR,DF,Alavés,es La Liga,25.0,1999.0,29,29,2463,27.4,0,1,1,0,0,0,13,0,0.9,0.9,0.3,1.2,0.04,0.04,16,79,4,12,1,8.3,0.44,0.04,0.0,0.0,8.0,0,0,0,0.9,0.9,0.08,-0.9,-0.9,719,939,76.6,16039,5771,1,0.3,0.4,0.7,8,67,10,2,79,888,48,40,1,17,5,7,0,0,0,0,719,36,23,24,11,1,34,58.8,14,28,18,10,39,75,146,1,25,0.91,20,0,0,2,1,2,3,0.11,1251,160,659,545,58,25,1251,4,3,75.0,1,25.0,632,3531,2013,16,7,0,18,3,650,4,13,0,0,47,31,2,5,39,23,1,2,0,87,40,35,53.3,,,,,,,,,,,,,,,,,,,,,,,,,,,,,,,,2024-2025
18,Tammy Abraham,eng ENG,FW,Roma,it Serie A,26.0,1997.0,1,0,1,0.0,0,0,0,0,0,0,0,0,0.0,0.0,0.0,0.0,0.0,0.0,0,1,2,0,0,,0.0,0.0,,,,0,0,0,0.0,0.0,,0.0,0.0,1,3,33.3,44,32,0,0.0,0.0,0.0,0,1,0,0,1,3,0,0,0,0,0,0,0,0,0,0,1,0,0,0,0,0,1,0.0,1,0,0,0,0,0,0,0,0,0.0,0,0,0,0,0,0,0,0.0,4,0,0,2,2,1,4,0,0,,0,,3,2,1,0,0,0,1,0,4,2,0,0,0,0,0,0,0,0,0,0,0,0,0,1,0,100.0,,,,,,,,,,,,,,,,,,,,,,,,,,,,,,,,2024-2025
19,Tammy Abraham,eng ENG,FW,Milan,it Serie A,26.0,1997.0,28,12,1183,13.1,3,4,7,2,1,2,1,0,7.1,5.4,2.2,7.6,0.46,0.7,8,26,69,26,11,42.3,1.98,0.84,0.08,0.18,13.4,0,1,2,7.1,5.4,0.21,-4.1,-3.4,152,221,68.8,1956,534,4,2.2,1.3,1.8,14,13,10,0,26,203,17,0,5,0,3,0,0,0,0,0,152,17,11,2,10,5,8,75.0,2,13,0,13,2,19,16,0,33,2.51,28,0,0,4,1,0,9,0.68,367,20,46,172,149,57,365,14,4,28.6,10,71.4,158,572,205,8,6,4,22,13,241,69,1,0,0,23,12,7,3,2,11,1,0,0,12,36,33,52.2,,,,,,,,,,,,,,,,,,,,,,,,,,,,,,,,2024-2025
20,Federico Accornero,it ITA,MF,Genoa,it Serie A,20.0,2004.0,1,0,5,0.1,0,0,0,0,0,0,0,0,0.0,0.0,0.0,0.0,0.0,0.0,0,0,0,0,0,,0.0,0.0,,,,0,0,0,0.0,0.0,,0.0,0.0,4,6,66.7,55,19,0,0.0,0.0,0.0,0,0,0,0,0,6,0,0,0,0,1,0,0,0,0,0,4,0,0,0,0,0,0,,0,0,0,0,0,0,0,0,0,0.0,0,0,0,0,0,0,0,0.0,8,1,2,3,3,0,8,0,0,,0,,5,25,18,0,1,0,2,0,5,0,0,0,0,0,0,0,1,0,0,0,0,0,1,0,1,0.0,,,,,,,,,,,,,,,,,,,,,,,,,,,,,,,,2024-2025
21,Francesco Acerbi,it ITA,DF,Inter,it Serie A,36.0,1988.0,23,20,1710,19.0,0,1,1,0,0,0,0,0,0.4,0.4,0.6,1.0,0.05,0.05,19,62,22,5,1,20.0,0.26,0.05,0.0,0.0,11.5,0,0,0,0.4,0.4,0.08,-0.4,-0.4,1200,1297,92.5,22280,6158,1,0.6,1.4,0.4,9,59,8,5,62,1256,39,24,0,2,10,8,0,0,0,0,1200,23,19,16,7,0,17,64.7,6,22,16,6,26,49,81,0,20,1.05,20,0,0,0,0,0,1,0.05,1484,139,648,733,108,20,1484,4,3,75.0,1,25.0,915,4177,2128,19,20,1,7,2,1101,22,0,0,0,11,18,2,10,26,19,0,0,0,62,61,30,67.0,,,,,,,,,,,,,,,,,,,,,,,,,,,,,,,,2024-2025
22,Joshua Acheampong,eng ENG,DF,Chelsea,eng Premier League,18.0,2006.0,4,2,170,1.9,0,0,0,0,0,0,1,0,0.2,0.2,0.0,0.2,0.0,0.12,0,8,0,2,0,0.0,1.06,0.0,0.0,,8.9,0,0,0,0.2,0.2,0.11,-0.2,-0.2,104,124,83.9,2025,705,0,0.0,0.0,0.0,0,6,0,0,8,121,3,2,0,0,0,1,0,0,0,0,104,2,1,2,0,0,2,100.0,0,1,0,1,1,3,2,0,2,1.06,2,0,0,0,0,0,0,0.0,137,7,48,81,8,3,137,2,1,50.0,0,0.0,106,709,409,0,2,0,2,0,111,0,1,0,0,0,1,0,0,1,1,0,0,0,7,1,6,14.3,,,,,,,,,,,,,,,,,,,,,,,,,,,,,,,,2024-2025
23,Akor Adams,ng NGA,FW,Sevilla,es La Liga,24.0,2000.0,4,1,134,1.5,0,0,0,0,0,0,0,0,0.4,0.4,0.0,0.4,0.0,0.29,0,5,5,2,1,50.0,1.34,0.67,0.0,0.0,22.2,0,0,0,0.4,0.4,0.22,-0.4,-0.4,20,27,74.1,334,48,0,0.0,0.0,0.0,0,3,1,0,5,24,3,0,0,0,0,0,0,0,0,0,20,0,0,0,0,0,0,,0,1,0,1,0,0,1,0,0,0.0,0,0,0,0,0,0,0,0.0,34,1,4,18,12,1,34,1,1,100.0,0,0.0,5,18,0,0,0,0,2,0,20,5,0,0,0,1,0,1,0,0,0,0,0,0,4,6,10,37.5,,,,,,,,,,,,,,,,,,,,,,,,,,,,,,,,2024-2025
25,Che Adams,sct SCO,FW,Torino,it Serie A,28.0,1996.0,36,30,2652,29.5,9,3,12,9,0,1,2,0,9.0,8.2,2.0,10.2,0.41,0.37,23,40,153,63,25,39.7,2.14,0.85,0.14,0.36,15.7,0,0,1,9.0,8.2,0.13,0.0,0.8,414,557,74.3,6531,1184,3,2.0,2.9,1.0,26,32,7,0,40,513,43,3,4,5,10,1,0,0,0,0,414,12,6,2,4,6,7,14.3,6,13,6,7,2,14,18,0,63,2.14,49,1,0,8,5,0,5,0.17,802,19,53,387,371,104,801,37,11,29.7,22,59.5,509,2066,702,23,18,9,63,34,630,153,2,0,0,29,40,23,10,2,6,0,0,0,50,36,62,36.7,,,,,,,,,,,,,,,,,,,,,,,,,,,,,,,,2024-2025
26,Tyler Adams,us USA,MF,Bournemouth,eng Premier League,25.0,1999.0,28,21,1965,21.8,0,3,3,0,0,0,7,0,1.6,1.6,1.0,2.6,0.14,0.12,14,76,10,9,2,22.2,0.41,0.09,0.0,0.0,16.9,0,0,0,1.6,1.6,0.18,-1.6,-1.6,902,1069,84.4,14322,3525,3,1.0,0.8,2.0,18,67,4,1,76,1025,38,34,2,1,3,4,0,0,0,0,902,83,50,26,49,8,72,54.2,33,33,10,23,32,115,42,0,41,1.88,35,0,0,1,1,4,4,0.18,1337,62,349,779,224,18,1337,18,4,22.2,10,55.6,663,3337,1447,14,22,1,28,12,757,10,7,0,0,45,21,0,3,32,50,0,1,0,114,31,18,63.3,,,,,,,,,,,,,,,,,,,,,,,,,,,,,,,,2024-2025
28,Tosin Adarabioyo,eng ENG,DF,Chelsea,eng Premier League,26.0,1997.0,22,15,1409,15.7,1,1,2,1,0,0,4,0,0.9,0.9,0.2,1.2,0.13,0.07,5,42,1,13,2,15.4,0.83,0.13,0.08,0.5,12.5,0,0,0,0.9,0.9,0.07,0.1,0.1,1079,1184,91.1,19805,7144,1,0.2,0.2,0.8,1,62,1,0,42,1142,39,23,2,3,0,4,0,0,0,0,1079,17,13,11,6,0,12,66.7,4,9,7,2,11,28,80,0,15,0.96,8,0,0,6,0,1,1,0.06,1330,175,630,674,27,14,1330,6,4,66.7,1,16.7,777,3207,1809,5,2,0,4,0,1000,1,4,0,0,8,9,1,0,11,13,0,0,0,41,42,28,60.0,,,,,,,,,,,,,,,,,,,,,,,,,,,,,,,,2024-2025
31,Simon Adingra,ci CIV,"FW,MF",Brighton,eng Premier League,22.0,2002.0,29,12,1097,12.2,2,2,4,2,0,0,0,0,2.5,2.5,2.5,4.9,0.33,0.4,50,18,136,33,8,24.2,2.71,0.66,0.06,0.25,17.0,0,0,0,2.5,2.5,0.07,-0.5,-0.5,290,382,75.9,4148,820,2,2.5,2.8,-0.5,16,5,17,6,18,372,9,0,2,0,41,8,1,0,0,0,290,23,14,10,8,5,26,38.5,16,12,0,12,8,31,6,2,47,3.86,33,0,6,8,0,0,7,0.57,548,10,66,174,315,76,548,50,21,42.0,27,54.0,366,2514,1300,50,21,27,39,12,388,136,0,0,0,13,4,4,41,8,14,0,0,0,47,7,4,63.6,,,,,,,,,,,,,,,,,,,,,,,,,,,,,,,,2024-2025
33,Yacine Adli,fr FRA,MF,Fiorentina,it Serie A,24.0,2000.0,25,14,1219,13.5,4,6,10,4,0,0,3,1,1.0,1.0,2.4,3.4,0.74,0.25,24,103,30,14,5,35.7,1.03,0.37,0.29,0.8,21.3,2,0,0,1.0,1.0,0.07,3.0,3.0,718,890,80.7,14050,4602,6,2.4,2.2,3.6,23,84,16,4,103,795,90,44,3,14,63,6,39,17,19,0,718,32,19,11,16,5,39,43.6,22,13,1,12,6,38,19,0,50,3.64,35,10,2,2,1,0,10,0.73,1021,31,177,607,248,11,1021,32,12,37.5,16,50.0,618,3613,1680,24,28,3,19,8,690,30,3,1,1,9,20,0,63,6,19,0,0,0,77,5,16,23.8,,,,,,,,,,,,,,,,,,,,,,,,,,,,,,,,2024-2025
34,Adrián,es ESP,GK,Betis,es La Liga,37.0,1987.0,19,19,1710,19.0,0,0,0,0,0,0,3,0,0.0,0.0,0.0,0.0,0.0,0.0,0,0,0,0,0,,0.0,0.0,,,,0,0,0,0.0,0.0,,0.0,0.0,474,619,76.6,12206,8309,0,0.0,0.0,0.0,0,4,0,0,0,453,163,54,0,0,0,0,0,0,0,0,474,0,0,0,0,0,3,0.0,3,0,0,0,0,0,14,3,0,0.0,0,0,0,0,0,0,0,0.0,658,568,657,1,0,0,658,0,0,,0,,390,1788,1161,0,0,0,1,0,299,0,3,0,0,0,4,0,0,0,0,0,0,0,20,2,1,66.7,27.0,1.42,76.0,49.0,65.8,10.0,5.0,4.0,3.0,15.8,1.0,1.0,0.0,0.0,26.0,0.33,-1.0,-0.05,58.0,178.0,32.6,507.0,91.0,28.0,31.2,257.0,14.0,5.4,16.0,0.84,11.7,2024-2025
36,Vasilije Adžić,me MNE,"MF,FW",Juventus,it Serie A,18.0,2006.0,6,0,42,0.5,0,0,0,0,0,0,0,0,0.0,0.0,0.0,0.0,0.0,0.05,0,1,3,1,1,100.0,2.14,2.14,0.0,0.0,29.1,0,0,0,0.0,0.0,0.03,0.0,0.0,15,20,75.0,255,52,0,0.0,0.0,0.0,0,1,1,0,1,20,0,0,0,0,0,0,0,0,0,0,15,2,2,0,1,1,1,0.0,1,0,0,0,0,2,0,0,2,4.29,1,0,0,1,0,0,0,0.0,24,0,5,8,11,2,24,1,0,0.0,1,100.0,14,40,10,0,1,0,1,1,20,3,0,0,0,1,1,0,0,0,2,0,0,0,3,2,3,40.0,,,,,,,,,,,,,,,,,,,,,,,,,,,,,,,,2024-2025
37,Michel Aebischer,ch SUI,MF,Bologna,it Serie A,27.0,1997.0,14,9,724,8.0,0,0,0,0,0,0,2,0,0.4,0.4,0.4,0.8,0.0,0.09,8,33,17,10,5,50.0,1.24,0.62,0.0,0.0,22.0,1,0,0,0.4,0.4,0.04,-0.4,-0.4,366,419,87.4,6537,1452,0,0.4,0.6,-0.4,8,41,5,2,33,393,24,13,1,5,14,0,8,2,4,0,366,18,13,8,7,3,14,71.4,4,4,1,3,7,25,6,0,18,2.23,15,2,0,0,0,1,0,0.0,485,11,74,302,114,10,485,6,3,50.0,2,33.3,291,1201,508,8,12,2,5,7,346,17,2,0,0,16,16,0,14,7,13,0,0,0,35,5,9,35.7,,,,,,,,,,,,,,,,,,,,,,,,,,,,,,,,2024-2025
39,Emmanuel Agbadou,ci CIV,DF,Wolves,eng Premier League,27.0,1997.0,16,16,1410,15.7,1,0,1,1,0,0,3,0,0.8,0.8,0.2,1.1,0.06,0.07,6,31,2,7,2,28.6,0.45,0.13,0.14,0.5,27.6,1,0,0,0.8,0.8,0.12,0.2,0.2,855,1001,85.4,17344,6203,0,0.2,0.3,-0.2,4,40,1,0,31,955,43,28,1,11,2,0,0,0,0,0,855,30,19,21,9,0,20,65.0,7,19,13,6,12,42,90,0,17,1.09,15,2,0,0,0,0,3,0.19,1172,190,649,504,28,7,1172,13,10,76.9,2,15.4,758,3670,1752,6,4,0,6,4,796,2,3,0,0,7,4,1,2,12,19,0,0,0,83,26,20,56.5,,,,,,,,,,,,,,,,,,,,,,,,,,,,,,,,2024-2025
41,Asher Agbinone,eng ENG,MF,Crystal Palace,eng Premier League,18.0,2005.0,2,0,6,0.1,0,0,0,0,0,0,0,0,0.0,0.0,0.0,0.1,0.0,0.79,2,0,1,1,0,0.0,15.0,0.0,0.0,,26.3,0,0,0,0.0,0.0,0.02,0.0,0.0,2,3,66.7,32,0,0,0.0,0.0,0.0,1,0,0,0,0,3,0,0,0,0,1,0,0,0,0,0,2,2,1,0,2,0,0,,0,0,0,0,0,2,0,0,1,15.0,1,0,0,0,0,0,0,0.0,8,0,0,2,6,0,8,2,0,0.0,1,50.0,5,53,23,2,0,0,0,1,5,1,0,0,0,0,0,0,1,0,1,0,0,0,0,0,1,0.0,,,,,,,,,,,,,,,,,,,,,,,,,,,,,,,,2024-2025
43,Julen Agirrezabala,es ESP,GK,Athletic Club,es La Liga,23.0,2000.0,14,14,1206,13.4,0,0,0,0,0,0,1,1,0.0,0.0,0.0,0.0,0.0,0.0,0,0,0,0,0,,0.0,0.0,,,,0,0,0,0.0,0.0,,0.0,0.0,281,411,68.4,7681,5777,0,0.0,0.0,0.0,0,1,0,0,0,305,102,36,0,0,0,0,0,0,0,0,281,0,0,0,0,0,1,0.0,1,0,0,0,0,0,4,0,3,0.22,3,0,0,0,0,0,0,0.0,437,357,436,1,0,0,437,0,0,,0,,237,1238,682,0,0,0,1,0,211,0,1,1,0,3,1,0,0,0,0,0,2,0,21,5,0,100.0,9.0,0.67,34.0,24.0,76.5,9.0,4.0,1.0,5.0,35.7,2.0,1.0,1.0,0.0,10.5,0.27,1.5,0.11,57.0,178.0,32.0,341.0,51.0,37.5,33.9,143.0,20.0,14.0,17.0,1.27,14.2,2024-2025
44,Lucien Agoume,fr FRA,MF,Sevilla,es La Liga,22.0,2002.0,35,24,2114,23.5,1,3,4,1,0,0,5,1,0.9,0.9,2.5,3.3,0.17,0.14,29,135,23,10,2,20.0,0.43,0.09,0.1,0.5,15.0,0,0,0,0.9,0.9,0.09,0.1,0.1,1007,1236,81.5,15958,5460,3,2.5,1.6,0.5,27,126,19,3,135,1190,38,32,6,9,18,6,0,0,0,0,1007,70,32,23,37,10,39,69.2,12,30,11,19,41,111,42,0,60,2.55,57,0,1,1,0,1,5,0.21,1481,65,386,867,248,19,1481,30,22,73.3,7,23.3,689,3227,1597,29,23,2,26,13,928,23,5,1,0,49,6,2,18,41,32,0,1,0,136,42,40,51.2,,,,,,,,,,,,,,,,,,,,,,,,,,,,,,,,2024-2025
46,Álvaro Aguado,es ESP,MF,Espanyol,es La Liga,28.0,1996.0,16,4,443,4.9,0,1,1,0,0,0,3,0,0.6,0.6,0.6,1.2,0.2,0.24,15,37,4,10,1,10.0,2.03,0.2,0.0,0.0,23.0,1,0,0,0.6,0.6,0.06,-0.6,-0.6,193,248,77.8,3748,1187,1,0.6,0.4,0.4,4,31,8,3,37,230,17,10,1,3,12,3,3,1,1,0,193,5,2,3,2,0,9,33.3,6,7,1,6,4,9,5,1,16,3.25,13,1,1,1,0,0,1,0.2,303,7,68,161,78,6,303,8,5,62.5,2,25.0,175,1443,753,15,10,4,9,4,189,4,3,0,0,5,8,0,12,4,2,0,0,0,37,3,2,60.0,,,,,,,,,,,,,,,,,,,,,,,,,,,,,,,,2024-2025
47,Lorenzo Aguado,es ESP,DF,Real Madrid,es La Liga,21.0,2002.0,2,0,5,0.1,0,0,0,0,0,0,0,0,0.0,0.0,0.0,0.0,0.0,0.0,0,0,0,0,0,,0.0,0.0,,,,0,0,0,0.0,0.0,,0.0,0.0,1,1,100.0,34,0,0,0.0,0.0,0.0,0,0,0,0,0,0,1,0,0,0,0,1,0,0,0,0,1,0,0,0,0,0,0,,0,0,0,0,0,0,2,0,0,0.0,0,0,0,0,0,0,0,0.0,3,0,3,0,0,0,3,0,0,,0,,1,2,0,0,0,0,0,1,1,0,0,0,0,0,0,0,0,0,0,0,0,0,0,0,0,,,,,,,,,,,,,,,,,,,,,,,,,,,,,,,,,2024-2025
48,Nayef Aguerd,ma MAR,DF,Real Sociedad,es La Liga,28.0,1996.0,21,21,1760,19.6,0,0,0,0,0,0,5,0,2.4,2.4,0.1,2.5,0.0,0.13,26,75,1,15,5,33.3,0.77,0.26,0.0,0.0,11.5,0,0,0,2.4,2.4,0.16,-2.4,-2.4,1213,1389,87.3,23636,8366,0,0.1,0.3,-0.1,5,87,3,1,75,1330,53,38,0,34,2,3,0,0,0,0,1213,30,24,17,12,1,18,66.7,6,21,15,6,13,43,91,0,16,0.82,13,1,0,2,0,0,1,0.05,1594,132,729,815,53,16,1594,10,5,50.0,2,20.0,1019,6113,3798,26,18,0,7,3,1138,1,5,0,0,11,19,0,2,13,24,0,1,0,73,61,32,65.6,,,,,,,,,,,,,,,,,,,,,,,,,,,,,,,,2024-2025
51,Honest Ahanor,it ITA,"DF,MF",Genoa,it Serie A,16.0,2008.0,6,3,270,3.0,0,0,0,0,0,0,0,0,0.5,0.5,0.1,0.6,0.0,0.21,3,3,7,3,1,33.3,1.0,0.33,0.0,0.0,10.5,0,0,0,0.5,0.5,0.17,-0.5,-0.5,51,76,67.1,868,299,0,0.1,0.1,-0.1,2,0,0,0,3,64,12,1,0,0,4,10,1,1,0,0,51,7,5,2,3,2,10,70.0,3,4,0,4,1,8,9,0,5,1.67,3,0,0,0,1,1,0,0.0,106,8,27,43,38,7,106,1,0,0.0,0,0.0,52,282,119,3,1,0,7,2,50,7,0,0,0,2,8,0,4,1,5,0,0,0,14,5,3,62.5,,,,,,,,,,,,,,,,,,,,,,,,,,,,,,,,2024-2025
54,Joseph Aidoo,gh GHA,DF,Valladolid,es La Liga,28.0,1995.0,8,6,583,6.5,0,0,0,0,0,0,0,0,0.0,0.0,0.0,0.0,0.0,0.01,1,14,0,1,0,0.0,0.15,0.0,0.0,,10.3,0,0,0,0.0,0.0,0.04,0.0,0.0,337,378,89.2,7044,2518,0,0.0,0.1,0.0,0,9,2,0,14,363,15,9,0,2,0,1,0,0,0,0,337,5,5,3,2,0,3,66.7,1,8,4,4,5,10,26,1,1,0.15,1,0,0,0,0,0,0,0.0,431,61,265,168,2,1,431,1,1,100.0,0,0.0,259,1248,678,1,0,0,0,1,320,0,0,0,0,4,2,0,0,5,5,0,0,0,25,9,8,52.9,,,,,,,,,,,,,,,,,,,,,,,,,,,,,,,,2024-2025
55,Joseph Aidoo,gh GHA,DF,Celta Vigo,es La Liga,28.0,1995.0,1,0,2,0.0,0,0,0,0,0,0,0,0,0.0,0.0,0.0,0.0,0.0,0.0,0,1,0,0,0,,0.0,0.0,,,,0,0,0,0.0,0.0,,0.0,0.0,6,7,85.7,126,81,0,0.0,0.0,0.0,0,0,0,0,1,7,0,0,0,0,0,0,0,0,0,0,6,1,0,1,0,0,0,,0,0,0,0,0,1,0,0,0,0.0,0,0,0,0,0,0,0,0.0,8,0,4,4,0,0,8,0,0,,0,,7,9,8,0,0,0,0,1,6,0,0,0,0,0,0,0,0,0,0,0,0,0,1,0,0,,,,,,,,,,,,,,,,,,,,,,,,,,,,,,,,,2024-2025
57,Ola Aina,ng NGA,DF,Nott'ham Forest,eng Premier League,27.0,1996.0,35,35,2995,33.3,2,1,3,2,0,0,5,0,0.6,0.6,1.4,2.1,0.09,0.06,67,107,67,11,2,18.2,0.33,0.06,0.18,1.0,26.1,0,0,0,0.6,0.6,0.06,1.4,1.4,994,1352,73.5,15371,6297,1,1.4,2.2,-0.4,16,85,23,11,107,1071,279,15,0,4,59,264,0,0,0,0,994,55,42,39,15,1,64,56.3,28,34,12,22,33,88,115,4,62,1.86,49,5,3,1,3,1,4,0.12,1708,156,613,717,409,22,1708,72,33,45.8,27,37.5,749,4798,2787,67,46,10,44,22,822,67,5,0,0,23,35,2,59,33,42,0,1,0,190,13,19,40.6,,,,,,,,,,,,,,,,,,,,,,,,,,,,,,,,2024-2025
58,Rayan Aït-Nouri,dz ALG,DF,Wolves,eng Premier League,23.0,2001.0,37,37,3109,34.5,4,7,11,4,0,0,7,1,2.7,2.7,5.5,8.2,0.32,0.24,89,108,176,36,10,27.8,1.04,0.29,0.11,0.4,14.9,0,0,0,2.7,2.7,0.08,1.3,1.3,1449,1721,84.2,19837,5926,7,5.5,4.0,1.5,46,77,30,10,108,1397,320,44,3,4,94,246,30,24,1,0,1449,89,57,52,28,9,70,61.4,27,42,6,36,26,115,75,2,91,2.63,56,15,8,7,4,1,12,0.35,2148,96,577,916,685,96,2148,137,63,46.0,56,40.9,1129,6166,3205,89,62,28,52,47,1321,176,7,1,1,30,46,6,94,26,57,0,0,0,145,22,30,42.3,,,,,,,,,,,,,,,,,,,,,,,,,,,,,,,,2024-2025
59,Junior Ajayi,ci CIV,FW,Hellas Verona,it Serie A,19.0,2004.0,2,0,13,0.1,0,0,0,0,0,0,0,0,0.0,0.0,0.0,0.0,0.0,0.0,0,1,0,0,0,,0.0,0.0,,,,0,0,0,0.0,0.0,,0.0,0.0,4,4,100.0,74,18,0,0.0,0.0,0.0,0,0,0,0,1,4,0,0,0,0,0,0,0,0,0,0,4,0,0,0,0,0,0,,0,0,0,0,0,0,0,0,0,0.0,0,0,0,0,0,0,0,0.0,5,0,0,3,2,0,5,0,0,,0,,5,25,7,0,0,0,1,0,5,0,0,0,0,1,1,0,0,0,0,0,0,0,1,0,0,,,,,,,,,,,,,,,,,,,,,,,,,,,,,,,,,2024-2025
60,Kristoffer Ajer,no NOR,DF,Brentford,eng Premier League,26.0,1998.0,24,17,1438,16.0,0,0,0,0,0,0,5,0,1.0,1.0,1.2,2.2,0.0,0.14,27,56,44,9,3,33.3,0.56,0.19,0.0,0.0,9.5,0,0,0,1.0,1.0,0.11,-1.0,-1.0,504,644,78.3,7868,2831,0,1.2,0.5,-1.2,8,44,7,4,56,570,73,2,0,3,14,71,0,0,0,0,504,26,18,14,11,1,27,51.9,13,17,4,13,12,38,50,0,18,1.13,15,0,1,2,0,0,2,0.13,795,53,265,368,168,38,795,16,7,43.8,8,50.0,387,2098,1180,27,11,2,15,12,491,44,5,0,0,13,6,2,14,12,18,0,0,0,42,27,23,54.0,,,,,,,,,,,,,,,,,,,,,,,,,,,,,,,,2024-2025
62,Manuel Akanji,ch SUI,DF,Manchester City,eng Premier League,29.0,1995.0,26,23,2014,22.4,0,0,0,0,0,0,3,0,1.6,1.6,0.4,1.9,0.0,0.09,46,158,7,15,2,13.3,0.67,0.09,0.0,0.0,14.7,0,0,0,1.6,1.6,0.1,-1.6,-1.6,1632,1744,93.6,27046,7578,0,0.4,1.3,-0.4,9,177,11,2,158,1707,36,18,4,10,11,10,0,0,0,0,1632,19,12,12,4,3,17,64.7,6,11,8,3,9,28,64,3,37,1.65,37,0,0,0,0,0,3,0.13,1881,119,559,920,405,19,1881,2,2,100.0,0,0.0,1254,6953,4234,46,64,0,5,5,1483,7,3,0,0,17,9,0,11,9,12,0,0,0,103,30,33,47.6,,,,,,,,,,,,,,,,,,,,,,,,,,,,,,,,2024-2025
64,Nathan Aké,nl NED,DF,Manchester City,eng Premier League,29.0,1995.0,10,8,678,7.5,0,0,0,0,0,0,0,0,0.2,0.2,0.0,0.2,0.0,0.03,12,50,2,3,0,0.0,0.4,0.0,0.0,,10.0,0,0,0,0.2,0.2,0.07,-0.2,-0.2,509,542,93.9,8321,2950,0,0.0,0.2,0.0,1,42,1,0,50,514,26,13,0,0,1,7,0,0,0,0,509,9,7,7,2,0,6,66.7,2,7,2,5,3,12,22,1,8,1.06,8,0,0,0,0,0,0,0.0,596,51,205,331,61,5,596,1,1,100.0,0,0.0,403,2244,1501,12,12,1,4,3,449,2,0,0,0,2,0,0,1,3,7,0,0,0,24,13,10,56.5,,,,,,,,,,,,,,,,,,,,,,,,,,,,,,,,2024-2025
65,Ilias Akhomach,ma MAR,"MF,FW",Villarreal,es La Liga,20.0,2004.0,11,7,584,6.5,1,0,1,1,0,0,1,0,0.6,0.6,1.0,1.6,0.15,0.23,30,12,64,17,6,35.3,2.62,0.92,0.06,0.17,23.3,0,0,0,0.6,0.6,0.03,0.4,0.4,136,185,73.5,2161,534,0,1.0,1.7,-1.0,9,5,8,2,12,177,7,2,1,2,18,2,3,2,0,0,136,12,7,4,4,4,12,50.0,6,8,0,8,3,15,13,0,29,4.38,17,0,5,1,6,0,1,0.15,293,8,44,89,163,29,293,43,19,44.2,17,39.5,200,1310,759,30,18,20,15,10,209,64,1,0,0,9,21,1,18,3,7,0,0,0,30,6,6,50.0,,,,,,,,,,,,,,,,,,,,,,,,,,,,,,,,2024-2025
70,Jean-Daniel Akpa-Akpro,ci CIV,MF,Monza,it Serie A,31.0,1992.0,14,12,966,10.7,0,0,0,0,0,0,4,0,0.3,0.3,0.2,0.6,0.0,0.05,21,19,22,4,2,50.0,0.37,0.19,0.0,0.0,18.0,0,0,0,0.3,0.3,0.08,-0.3,-0.3,275,346,79.5,4054,1322,0,0.2,0.2,-0.2,3,19,2,1,19,327,17,4,0,1,6,13,0,0,0,0,275,30,18,15,14,1,21,42.9,12,19,6,13,13,43,16,1,12,1.12,8,0,1,1,1,1,1,0.09,505,29,157,258,99,7,505,38,12,31.6,19,50.0,306,1832,818,21,15,2,24,2,290,22,4,0,0,24,18,0,6,13,18,0,0,0,54,11,15,42.3,,,,,,,,,,,,,,,,,,,,,,,,,,,,,,,,2024-2025
71,David Akpan Ankeye,ng NGA,"FW,MF",Genoa,it Serie A,22.0,2002.0,4,0,45,0.5,0,0,0,0,0,0,0,0,0.0,0.0,0.0,0.0,0.0,0.0,0,1,3,0,0,,0.0,0.0,,,,0,0,0,0.0,0.0,,0.0,0.0,6,7,85.7,53,28,0,0.0,0.0,0.0,0,0,1,0,1,7,0,0,0,0,0,0,0,0,0,0,6,0,0,0,0,0,1,0.0,1,0,0,0,0,0,1,0,1,2.0,0,0,0,0,1,0,1,2.0,9,1,2,3,4,0,9,1,1,100.0,0,0.0,6,54,8,0,1,0,0,2,10,3,0,0,0,3,1,0,0,0,0,0,0,0,0,0,1,0.0,,,,,,,,,,,,,,,,,,,,,,,,,,,,,,,,2024-2025
74,David Alaba,at AUT,DF,Real Madrid,es La Liga,32.0,1992.0,7,4,317,3.5,0,0,0,0,0,0,1,0,0.0,0.0,0.1,0.1,0.0,0.02,2,7,4,0,0,,0.0,0.0,,,,0,0,0,0.0,0.0,,0.0,0.0,206,228,90.4,3522,1456,0,0.1,0.1,-0.1,1,11,1,0,7,214,13,4,0,2,3,2,0,0,0,0,206,1,0,1,0,0,0,,0,5,5,0,6,7,7,0,2,0.57,2,0,0,0,0,0,0,0.0,247,36,137,100,11,2,247,0,0,,0,,180,934,482,2,1,0,1,0,199,4,1,0,0,2,0,0,3,6,0,0,0,0,8,4,1,80.0,,,,,,,,,,,,,,,,,,,,,,,,,,,,,,,,2024-2025
75,Ibrahim Alani,ng NGA,MF,Valladolid,es La Liga,18.0,2006.0,3,1,160,1.8,0,0,0,0,0,0,0,0,0.0,0.0,0.0,0.0,0.0,0.01,2,5,1,1,0,0.0,0.56,0.0,0.0,,30.2,0,0,0,0.0,0.0,0.02,0.0,0.0,71,85,83.5,1385,298,0,0.0,0.0,0.0,0,7,0,0,5,82,2,0,0,1,0,1,0,0,0,0,71,12,7,8,4,0,6,66.7,2,3,1,2,1,13,1,0,0,0.0,0,0,0,0,0,0,0,0.0,113,8,36,74,4,0,113,1,1,100.0,0,0.0,54,305,130,2,0,0,1,2,65,1,0,0,0,2,5,0,0,1,7,0,0,0,13,3,1,75.0,,,,,,,,,,,,,,,,,,,,,,,,,,,,,,,,2024-2025
77,Raúl Albiol,es ESP,DF,Villarreal,es La Liga,38.0,1985.0,15,14,1188,13.2,0,0,0,0,0,0,5,0,0.1,0.1,0.0,0.1,0.0,0.01,3,34,0,2,0,0.0,0.15,0.0,0.0,,9.6,0,0,0,0.1,0.1,0.05,-0.1,-0.1,727,813,89.4,14582,6006,0,0.0,0.1,0.0,0,26,1,0,34,778,33,25,1,4,0,0,0,0,0,0,727,10,9,9,1,0,10,60.0,4,10,9,1,6,16,69,1,5,0.38,4,0,0,1,0,0,3,0.23,915,157,533,369,14,3,915,0,0,,0,,514,2346,1226,3,1,0,3,1,652,0,5,0,0,11,6,0,0,6,9,0,2,1,44,29,14,67.4,,,,,,,,,,,,,,,,,,,,,,,,,,,,,,,,2024-2025
78,Carlos Alcaraz,ar ARG,MF,Southampton,eng Premier League,21.0,2002.0,1,0,10,0.1,0,0,0,0,0,0,0,0,0.1,0.1,0.1,0.2,0.0,1.48,4,6,1,1,1,100.0,9.0,9.0,0.0,0.0,9.7,0,0,0,0.1,0.1,0.07,-0.1,-0.1,13,13,100.0,221,66,0,0.1,0.0,-0.1,1,4,1,1,6,11,2,0,0,0,1,1,1,0,0,0,13,0,0,0,0,0,0,,0,0,0,0,1,1,0,0,1,9.0,1,0,0,0,0,0,0,0.0,17,0,1,8,9,2,17,2,0,0.0,2,100.0,12,112,98,4,1,0,0,0,12,1,0,0,0,1,0,0,1,1,0,0,0,0,2,1,0,100.0,,,,,,,,,,,,,,,,,,,,,,,,,,,,,,,,2024-2025
79,Carlos Alcaraz,ar ARG,"FW,MF",Everton,eng Premier League,21.0,2002.0,15,7,764,8.5,2,3,5,2,0,0,4,0,1.7,1.7,1.6,3.4,0.59,0.4,19,42,21,26,11,42.3,3.06,1.3,0.08,0.18,20.3,1,0,0,1.7,1.7,0.07,0.3,0.3,224,278,80.6,3963,1007,3,1.6,0.7,1.4,13,20,18,3,42,265,12,2,1,2,11,6,3,2,1,0,224,11,5,5,3,3,11,27.3,8,9,2,7,5,16,10,0,33,3.89,24,2,3,3,1,0,6,0.71,378,15,63,168,156,19,378,18,9,50.0,7,38.9,211,1331,707,19,21,2,14,13,247,21,4,0,0,13,12,1,11,5,5,0,0,0,37,14,8,63.6,,,,,,,,,,,,,,,,,,,,,,,,,,,,,,,,2024-2025
80,Omar Alderete,py PAR,DF,Getafe,es La Liga,27.0,1996.0,34,34,2971,33.0,1,0,1,1,0,0,8,0,1.7,1.7,0.9,2.6,0.03,0.08,25,112,7,38,10,26.3,1.15,0.3,0.03,0.1,21.9,7,0,0,1.7,1.7,0.04,-0.7,-0.7,724,1106,65.5,16992,7859,0,0.9,0.9,-0.9,11,132,15,2,112,1026,67,61,3,29,6,0,0,0,0,0,724,43,29,30,11,2,30,66.7,10,38,22,16,40,83,241,1,37,1.12,28,1,1,5,1,1,4,0.12,1585,192,681,796,122,39,1585,28,18,64.3,10,35.7,633,4014,2546,25,20,2,30,9,658,7,8,0,0,33,12,8,6,40,29,1,4,0,115,101,51,66.4,,,,,,,,,,,,,,,,,,,,,,,,,,,,,,,,2024-2025
81,Carles Aleñá,es ESP,"MF,FW",Getafe,es La Liga,26.0,1998.0,10,5,452,5.0,0,0,0,0,0,0,1,0,0.9,0.9,0.1,1.0,0.0,0.2,3,12,10,5,1,20.0,1.0,0.2,0.0,0.0,13.7,0,0,0,0.9,0.9,0.18,-0.9,-0.9,93,117,79.5,1504,299,0,0.1,0.1,-0.1,3,9,3,1,12,105,12,6,0,0,6,1,1,1,0,0,93,6,3,2,3,1,13,30.8,9,9,1,8,0,6,7,0,8,1.6,7,0,0,0,1,0,0,0.0,163,5,26,84,56,10,163,4,3,75.0,1,25.0,88,427,169,3,2,1,3,6,98,10,1,0,0,8,11,2,6,0,3,0,0,0,12,10,9,52.6,,,,,,,,,,,,,,,,,,,,,,,,,,,,,,,,2024-2025
82,Carles Aleñá,es ESP,"MF,FW",Alavés,es La Liga,26.0,1998.0,14,13,1090,12.1,0,2,2,0,0,0,1,0,0.7,0.7,1.3,2.0,0.17,0.17,18,58,43,15,4,26.7,1.24,0.33,0.0,0.0,19.8,1,0,0,0.7,0.7,0.05,-0.7,-0.7,359,472,76.1,5385,1500,2,1.3,1.3,0.7,19,35,14,2,58,450,22,8,6,0,31,2,11,5,5,0,359,19,12,6,7,6,17,41.2,10,11,0,11,2,21,4,0,44,3.64,27,7,3,3,4,0,4,0.33,590,2,63,290,243,22,590,24,12,50.0,5,20.8,330,1428,671,18,25,2,23,14,409,43,1,0,0,11,24,0,31,2,12,0,0,0,47,9,6,60.0,,,,,,,,,,,,,,,,,,,,,,,,,,,,,,,,2024-2025
84,Trent Alexander-Arnold,eng ENG,DF,Liverpool,eng Premier League,25.0,1998.0,33,28,2365,26.3,3,6,9,3,0,0,5,0,1.9,1.9,7.3,9.2,0.34,0.35,51,232,94,45,8,17.8,1.71,0.3,0.07,0.38,23.6,3,0,0,1.9,1.9,0.04,1.1,1.1,1448,1971,73.5,27901,11363,6,7.3,7.4,-1.3,52,207,65,20,232,1651,310,63,12,32,153,192,55,34,12,1,1448,72,50,44,19,9,105,46.7,56,26,9,17,31,103,55,4,98,3.73,74,15,5,4,0,0,10,0.38,2252,88,593,1013,660,44,2252,37,17,45.9,17,45.9,1183,5353,2860,51,36,9,19,15,1436,94,5,0,0,11,9,1,153,31,50,0,0,0,132,3,13,18.8,,,,,,,,,,,,,,,,,,,,,,,,,,,,,,,,2024-2025
85,Alfon,es ESP,"FW,MF",Celta Vigo,es La Liga,25.0,1999.0,26,14,1371,15.2,5,2,7,5,0,0,1,1,4.6,4.6,2.6,7.2,0.46,0.47,89,22,170,46,19,41.3,3.02,1.25,0.11,0.26,17.3,0,0,0,4.6,4.6,0.1,0.4,0.4,263,377,69.8,3844,521,2,2.6,2.1,-0.6,24,8,7,1,22,370,4,1,1,3,40,3,0,0,0,0,263,8,3,3,2,3,12,33.3,8,8,0,8,5,13,5,1,59,3.87,32,0,12,9,6,0,7,0.46,551,2,44,139,374,114,551,63,25,39.7,31,49.2,374,2856,1693,89,39,47,29,20,428,170,1,1,0,15,31,6,40,5,3,1,0,0,37,3,14,17.6,,,,,,,,,,,,,,,,,,,,,,,,,,,,,,,,2024-2025
87,Faride Alidou,de GER,"FW,MF",Hellas Verona,it Serie A,23.0,2001.0,3,0,71,0.8,0,0,0,0,0,0,0,0,0.0,0.0,0.0,0.0,0.0,0.03,1,1,2,1,0,0.0,1.27,0.0,0.0,,32.2,0,0,0,0.0,0.0,0.01,0.0,0.0,16,20,80.0,198,42,0,0.0,0.0,0.0,1,0,1,1,1,18,2,1,0,0,3,0,1,1,0,0,16,0,0,0,0,0,0,,0,1,0,1,1,1,3,1,2,2.54,1,0,1,0,0,0,0,0.0,31,2,5,11,17,0,31,4,2,50.0,2,50.0,17,98,44,1,3,0,1,1,19,2,0,0,0,1,0,0,3,1,0,0,0,0,0,1,0,100.0,,,,,,,,,,,,,,,,,,,,,,,,,,,,,,,,2024-2025
88,Alisson,br BRA,GK,Liverpool,eng Premier League,31.0,1992.0,28,28,2508,27.9,0,0,0,0,0,0,0,0,0.0,0.0,0.6,0.6,0.0,0.02,0,1,0,0,0,,0.0,0.0,,,,0,0,0,0.0,0.0,,0.0,0.0,794,959,82.8,17555,11360,0,0.6,0.2,-0.6,1,12,0,0,1,836,121,41,1,1,0,0,0,0,0,0,794,1,0,1,0,0,1,0.0,1,0,0,0,0,1,13,1,7,0.25,7,0,0,0,0,0,1,0.04,1011,742,991,20,0,0,1011,1,1,100.0,0,0.0,658,2625,1586,0,0,0,1,0,618,0,0,0,0,0,2,0,0,0,0,0,0,0,47,7,0,100.0,29.0,1.04,100.0,73.0,72.0,18.0,7.0,3.0,9.0,32.1,1.0,1.0,0.0,0.0,30.5,0.3,3.5,0.13,68.0,203.0,33.5,877.0,128.0,19.7,26.6,255.0,11.0,4.3,49.0,1.76,16.0,2024-2025
89,Tadeo Allende,ar ARG,FW,Celta Vigo,es La Liga,25.0,1999.0,1,0,2,0.0,0,0,0,0,0,0,1,0,0.0,0.0,0.0,0.0,0.0,0.0,0,0,0,0,0,,0.0,0.0,,,,0,0,0,0.0,0.0,,0.0,0.0,1,3,33.3,7,1,0,0.0,0.0,0.0,0,0,0,0,0,3,0,0,0,0,0,0,0,0,0,0,1,0,0,0,0,0,0,,0,0,0,0,0,0,0,0,0,0.0,0,0,0,0,0,0,0,0.0,4,1,1,3,0,0,4,1,0,0.0,1,100.0,3,13,4,0,0,0,0,0,3,0,1,0,0,0,0,0,0,0,0,0,0,0,1,0,0,,,,,,,,,,,,,,,,,,,,,,,,,,,,,,,,,2024-2025
91,Dele Alli,eng ENG,MF,Como,it Serie A,28.0,1996.0,1,0,9,0.1,0,0,0,0,0,0,0,1,0.0,0.0,0.0,0.0,0.0,0.0,0,0,1,0,0,,0.0,0.0,,,,0,0,0,0.0,0.0,,0.0,0.0,3,3,100.0,21,4,0,0.0,0.0,0.0,0,0,0,0,0,3,0,0,0,0,0,0,0,0,0,0,3,0,0,0,0,0,0,,0,0,0,0,0,0,0,0,0,0.0,0,0,0,0,0,0,0,0.0,4,0,0,2,2,0,4,0,0,,0,,3,7,4,0,0,0,1,0,4,1,0,1,0,1,0,0,0,0,0,0,0,0,0,0,0,,,,,,,,,,,,,,,,,,,,,,,,,,,,,,,,,2024-2025
93,Domingos André Ribeiro Almeida,pt POR,"MF,FW",Valencia,es La Liga,24.0,2000.0,34,24,1977,22.0,0,4,4,0,0,0,2,0,1.2,1.2,3.2,4.4,0.18,0.2,45,142,77,18,5,27.8,0.82,0.23,0.0,0.0,24.1,2,0,0,1.2,1.2,0.07,-1.2,-1.2,798,947,84.3,13067,3738,4,3.2,4.9,0.8,43,96,24,5,142,854,85,27,7,7,67,10,34,8,18,0,798,48,32,18,21,9,39,35.9,25,21,3,18,8,56,14,1,86,3.92,54,17,1,3,9,2,6,0.27,1162,15,150,596,428,43,1162,54,22,40.7,22,40.7,676,3596,1810,45,48,11,37,38,836,77,2,0,0,28,38,2,67,8,32,0,0,0,89,5,15,25.0,,,,,,,,,,,,,,,,,,,,,,,,,,,,,,,,2024-2025
94,Iker Almena,es ESP,"FW,DF",Girona,es La Liga,20.0,2004.0,2,0,48,0.5,0,1,1,0,0,0,0,0,0.0,0.0,0.7,0.7,1.87,1.33,6,2,10,1,0,0.0,1.87,0.0,0.0,,24.7,0,0,0,0.0,0.0,0.03,0.0,0.0,23,32,71.9,328,34,1,0.7,0.4,0.3,2,0,0,0,2,30,2,0,0,0,4,2,0,0,0,0,23,0,0,0,0,0,1,0.0,1,1,0,1,0,0,2,0,3,5.63,2,0,1,0,0,0,2,3.75,39,2,4,6,30,1,39,3,2,66.7,1,33.3,32,233,152,6,3,1,1,0,31,10,0,0,0,0,1,0,4,0,0,0,0,0,2,0,0,,,,,,,,,,,,,,,,,,,,,,,,,,,,,,,,,2024-2025
95,Miguel Almirón,py PAR,FW,Newcastle Utd,eng Premier League,30.0,1994.0,9,1,157,1.7,0,0,0,0,0,0,0,0,0.5,0.5,0.3,0.8,0.0,0.45,3,6,18,6,2,33.3,3.44,1.15,0.0,0.0,14.2,0,0,0,0.5,0.5,0.09,-0.5,-0.5,54,66,81.8,707,219,0,0.3,0.2,-0.3,3,3,1,0,6,64,1,0,1,0,0,1,0,0,0,0,54,3,2,2,0,1,3,66.7,1,2,0,2,0,3,0,0,8,4.59,6,0,1,1,0,0,0,0.0,81,1,10,35,36,9,81,2,1,50.0,1,50.0,54,284,93,3,3,2,0,2,59,18,0,0,0,1,3,2,0,0,2,0,0,0,4,0,2,0.0,,,,,,,,,,,,,,,,,,,,,,,,,,,,,,,,2024-2025
96,Pontus Almqvist,se SWE,"FW,MF",Parma,it Serie A,25.0,1999.0,29,10,1112,12.4,1,1,2,1,0,0,5,0,2.1,2.1,1.3,3.5,0.16,0.28,42,12,85,26,9,34.6,2.1,0.73,0.04,0.11,17.4,0,0,0,2.1,2.1,0.08,-1.1,-1.1,215,297,72.4,2758,504,1,1.3,0.9,-0.3,10,4,4,1,12,290,6,1,0,0,11,5,0,0,0,0,215,17,13,7,7,3,17,47.1,9,13,0,13,19,36,8,0,26,2.1,15,0,5,3,3,0,2,0.16,462,11,67,154,253,53,462,50,20,40.0,28,56.0,298,2165,1059,42,18,22,31,13,320,85,5,0,0,15,15,2,11,19,13,1,0,0,40,9,15,37.5,,,,,,,,,,,,,,,,,,,,,,,,,,,,,,,,2024-2025
97,Marcos Alonso,es ESP,DF,Celta Vigo,es La Liga,33.0,1990.0,31,29,2647,29.4,3,0,3,0,3,3,10,2,4.0,1.6,1.3,2.9,0.0,0.18,64,215,49,31,10,32.3,1.05,0.34,0.0,0.0,20.3,7,3,3,4.0,1.6,0.05,-1.0,-1.6,2139,2397,89.2,38937,14018,0,1.3,2.0,-1.3,21,226,21,6,215,2236,158,81,2,25,42,54,15,10,3,0,2139,35,21,19,13,3,44,56.8,19,22,7,15,34,69,126,4,46,1.56,38,3,1,3,0,1,6,0.2,2683,211,1022,1399,298,35,2680,25,16,64.0,8,32.0,1733,10524,6481,64,48,2,20,9,1901,49,10,2,1,31,28,2,42,34,21,0,1,0,176,70,42,62.5,,,,,,,,,,,,,,,,,,,,,,,,,,,,,,,,2024-2025
98,Giorgio Altare,it ITA,DF,Venezia,it Serie A,25.0,1998.0,12,8,753,8.4,0,0,0,0,0,0,2,0,0.2,0.2,0.1,0.3,0.0,0.04,4,20,5,3,1,33.3,0.36,0.12,0.0,0.0,15.2,0,0,0,0.2,0.2,0.05,-0.2,-0.2,283,389,72.8,5113,1998,0,0.1,0.2,-0.1,1,15,2,1,20,319,68,13,0,2,7,55,0,0,0,0,283,13,12,8,3,2,15,53.3,7,21,11,10,17,30,49,0,5,0.6,3,0,1,0,0,1,0,0.0,505,60,235,216,57,6,505,6,5,83.3,1,16.7,235,990,404,4,10,0,5,5,252,5,2,0,0,10,2,0,7,17,12,0,0,1,27,19,17,52.8,,,,,,,,,,,,,,,,,,,,,,,,,,,,,,,,2024-2025
99,Adrià Altimira,es ESP,"DF,FW",Leganés,es La Liga,23.0,2001.0,22,19,1630,18.1,0,0,0,0,0,0,6,0,0.3,0.3,0.5,0.8,0.0,0.04,23,42,69,7,2,28.6,0.39,0.11,0.0,0.0,24.1,0,0,0,0.3,0.3,0.04,-0.3,-0.3,483,615,78.5,7731,2148,0,0.5,0.7,-0.5,11,34,10,2,42,516,97,4,2,3,28,93,0,0,0,0,483,41,24,26,12,3,40,60.0,16,15,6,9,15,56,54,2,21,1.16,14,1,1,0,5,0,1,0.06,826,57,248,380,209,8,826,31,10,32.3,12,38.7,370,1917,1049,23,23,4,28,7,432,69,6,0,0,27,28,3,28,15,24,0,1,0,71,12,19,38.7,,,,,,,,,,,,,,,,,,,,,,,,,,,,,,,,2024-2025
100,Sergi Altimira,es ESP,MF,Betis,es La Liga,22.0,2001.0,32,22,1972,21.9,0,1,1,0,0,0,4,0,1.7,1.6,1.7,3.3,0.05,0.16,25,99,30,21,4,19.0,0.96,0.18,0.0,0.0,21.2,0,0,0,1.7,1.6,0.08,-1.7,-1.6,1123,1258,89.3,18063,4176,1,1.7,1.2,-0.7,22,91,13,0,99,1231,26,22,4,16,5,3,0,0,0,0,1123,61,37,17,38,6,60,60.0,24,28,1,27,24,85,43,3,52,2.37,40,0,3,2,1,6,1,0.05,1521,53,321,940,272,18,1521,24,16,66.7,7,29.2,908,3871,1635,25,14,1,27,21,1064,30,4,0,0,35,33,0,5,24,37,1,0,0,117,11,22,33.3,,,,,,,,,,,,,,,,,,,,,,,,,,,,,,,,2024-2025
101,Olabade Aluko,,DF,Leicester City,eng Premier League,,,1,0,2,0.0,0,0,0,0,0,0,0,0,0.0,0.0,0.0,0.0,0.0,0.0,0,0,0,0,0,,0.0,0.0,,,,0,0,0,0.0,0.0,,0.0,0.0,3,5,60.0,39,0,0,0.0,0.0,0.0,0,0,0,0,0,4,1,1,0,0,0,0,0,0,0,0,3,1,1,0,0,1,1,100.0,0,0,0,0,0,1,0,0,0,0.0,0,0,0,0,0,0,0,0.0,6,0,0,6,1,0,6,1,0,0.0,1,100.0,2,1,0,0,0,0,0,1,2,0,0,0,0,0,0,0,0,0,1,0,0,0,0,0,0,,,,,,,,,,,,,,,,,,,,,,,,,,,,,,,,,2024-2025
102,Edson Álvarez,mx MEX,MF,West Ham,eng Premier League,26.0,1997.0,28,20,1772,19.7,0,1,1,0,0,0,9,1,0.4,0.4,0.8,1.2,0.05,0.06,24,85,18,12,1,8.3,0.61,0.05,0.0,0.0,26.3,0,0,0,0.4,0.4,0.03,-0.4,-0.4,861,1003,85.8,14393,4200,1,0.8,0.9,0.2,12,92,12,3,85,980,16,12,3,12,6,3,0,0,0,0,861,50,27,27,15,8,35,48.6,18,23,8,15,18,68,46,1,28,1.42,24,0,2,1,1,0,2,0.1,1239,67,361,693,194,12,1239,33,14,42.4,14,42.4,687,3783,1714,24,22,2,27,15,830,18,9,1,1,42,18,4,6,18,27,0,0,0,88,30,23,56.6,,,,,,,,,,,,,,,,,,,,,,,,,,,,,,,,2024-2025
103,Hugo Álvarez,es ESP,"MF,DF",Celta Vigo,es La Liga,21.0,2003.0,26,16,1572,17.5,4,3,7,4,0,0,6,0,2.5,2.5,1.1,3.6,0.4,0.21,74,60,171,25,9,36.0,1.43,0.52,0.16,0.44,16.2,1,0,0,2.5,2.5,0.1,1.5,1.5,799,1013,78.9,12210,3255,3,1.1,2.1,1.9,17,35,15,3,60,856,151,16,0,2,31,125,10,4,1,0,799,26,9,12,10,4,19,52.6,9,19,2,17,8,34,29,1,46,2.63,38,0,5,3,0,0,9,0.52,1214,26,262,471,489,82,1214,72,32,44.4,38,52.8,726,3910,2266,74,38,41,33,12,817,171,6,0,0,25,16,3,31,8,9,0,1,0,78,6,12,33.3,,,,,,,,,,,,,,,,,,,,,,,,,,,,,,,,2024-2025
104,Julián Álvarez,ar ARG,FW,Atlético Madrid,es La Liga,24.0,2000.0,37,30,2509,27.9,17,4,21,13,4,4,5,0,14.1,11.0,5.3,16.3,0.61,0.7,79,92,162,70,36,51.4,2.51,1.29,0.19,0.36,18.3,5,4,4,14.1,11.0,0.16,2.9,2.0,717,966,74.2,10651,2652,4,5.3,5.3,-1.3,41,45,38,5,92,879,85,8,14,12,69,6,50,21,15,0,717,25,17,5,11,9,30,26.7,22,14,0,14,2,27,12,1,108,3.87,76,9,9,9,2,3,15,0.54,1238,9,105,501,649,116,1234,65,34,52.3,28,43.1,776,4621,2198,79,51,29,62,40,892,162,5,0,0,26,9,9,69,2,17,0,0,0,75,13,31,29.5,,,,,,,,,,,,,,,,,,,,,,,,,,,,,,,,2024-2025
105,Yeray Álvarez,es ESP,DF,Athletic Club,es La Liga,29.0,1995.0,21,20,1781,19.8,1,0,1,1,0,0,4,0,0.5,0.5,0.2,0.7,0.05,0.04,19,105,0,9,2,22.2,0.45,0.1,0.11,0.5,15.5,0,0,0,0.5,0.5,0.05,0.5,0.5,994,1182,84.1,20211,7016,0,0.2,0.4,-0.2,4,80,3,2,105,1126,52,40,1,16,3,2,0,0,0,0,994,25,13,14,9,2,22,68.2,7,10,6,4,34,59,129,1,18,0.91,15,0,0,0,0,3,2,0.1,1425,100,554,825,55,14,1425,9,6,66.7,3,33.3,792,4934,3165,19,8,0,11,7,903,0,4,0,0,15,15,0,3,34,13,0,0,0,83,49,42,53.8,,,,,,,,,,,,,,,,,,,,,,,,,,,,,,,,2024-2025
107,Will Alves,eng ENG,FW,Leicester City,eng Premier League,19.0,2005.0,1,0,1,0.0,0,0,0,0,0,0,0,0,0.0,0.0,0.0,0.0,0.0,0.0,0,0,1,0,0,,0.0,0.0,,,,0,0,0,0.0,0.0,,0.0,0.0,1,1,100.0,12,0,0,0.0,0.0,0.0,0,0,0,0,0,1,0,0,0,0,0,0,0,0,0,0,1,0,0,0,0,0,0,,0,0,0,0,0,0,0,0,0,0.0,0,0,0,0,0,0,0,0.0,1,0,0,0,1,0,1,0,0,,0,,1,5,5,0,0,0,0,0,1,1,0,0,0,0,0,0,0,0,0,0,0,0,0,0,0,,,,,,,,,,,,,,,,,,,,,,,,,,,,,,,,,2024-2025
108,Selim Amallah,ma MAR,MF,Valladolid,es La Liga,27.0,1996.0,24,18,1376,15.3,3,1,4,2,1,1,6,0,3.5,2.7,1.1,3.8,0.2,0.3,24,57,27,21,7,33.3,1.37,0.46,0.1,0.29,22.9,1,1,1,3.5,2.7,0.13,-0.5,-0.7,318,406,78.3,5560,1659,1,1.1,1.1,-0.1,13,42,11,0,57,352,48,18,3,7,31,1,18,8,8,0,318,30,18,10,18,2,18,55.6,8,24,2,22,14,44,5,1,32,2.09,16,8,6,1,0,1,1,0.07,607,7,101,334,184,18,606,68,33,48.5,27,39.7,308,1860,836,24,17,6,35,25,353,27,6,0,0,32,28,1,31,14,18,0,0,0,73,5,16,23.8,,,,,,,,,,,,,,,,,,,,,,,,,,,,,,,,2024-2025
109,Harry Amass,eng ENG,DF,Manchester Utd,eng Premier League,17.0,2007.0,5,4,346,3.8,0,0,0,0,0,0,0,0,0.1,0.1,0.0,0.1,0.0,0.02,9,7,23,3,0,0.0,0.78,0.0,0.0,,21.7,0,0,0,0.1,0.1,0.02,-0.1,-0.1,149,181,82.3,1920,387,0,0.0,0.1,0.0,1,5,0,0,7,150,31,2,0,0,9,29,0,0,0,0,149,6,2,5,1,0,8,25.0,6,11,1,10,2,8,11,0,8,2.08,7,0,0,1,0,0,0,0.0,250,13,82,88,84,5,250,8,3,37.5,4,50.0,132,705,376,9,6,2,18,5,124,23,0,0,0,2,4,1,9,2,2,0,0,0,26,7,6,53.8,,,,,,,,,,,,,,,,,,,,,,,,,,,,,,,,2024-2025
110,Amath,sn SEN,"FW,DF",Valladolid,es La Liga,28.0,1996.0,13,5,375,4.2,0,1,1,0,0,0,1,0,0.4,0.4,0.5,0.9,0.24,0.21,10,12,29,5,1,20.0,1.2,0.24,0.0,0.0,13.7,0,0,0,0.4,0.4,0.07,-0.4,-0.4,86,112,76.8,1337,301,1,0.5,0.5,0.5,6,4,4,2,12,106,6,1,1,2,7,5,0,0,0,0,86,2,0,2,0,0,8,12.5,7,7,1,6,2,4,6,0,13,3.11,10,0,2,1,0,0,1,0.24,166,4,24,71,73,12,166,16,7,43.8,9,56.3,103,616,318,10,9,4,10,4,119,29,1,0,0,4,7,2,7,2,0,0,0,0,13,1,6,14.3,,,,,,,,,,,,,,,,,,,,,,,,,,,,,,,,2024-2025
116,Samuel Amo-Ameyaw,eng ENG,"FW,DF",Southampton,eng Premier League,18.0,2006.0,2,0,28,0.3,0,0,0,0,0,0,1,0,0.0,0.0,0.1,0.1,0.0,0.29,1,0,3,1,0,0.0,3.21,0.0,0.0,,20.7,0,0,0,0.0,0.0,0.02,0.0,0.0,8,9,88.9,107,13,0,0.1,0.1,-0.1,1,0,1,1,0,8,1,0,0,0,2,0,1,0,0,0,8,1,0,0,1,0,1,100.0,0,0,0,0,0,1,0,0,2,6.43,1,0,0,0,1,0,0,0.0,16,0,5,5,7,1,16,4,0,0.0,3,75.0,11,98,68,1,0,1,0,2,11,3,1,0,0,1,2,0,2,0,0,0,0,0,1,0,1,0.0,,,,,,,,,,,,,,,,,,,,,,,,,,,,,,,,2024-2025
118,Mathis Amougou,fr FRA,MF,Chelsea,eng Premier League,18.0,2006.0,1,0,8,0.1,0,0,0,0,0,0,0,0,0.0,0.0,0.0,0.0,0.0,0.0,0,1,0,0,0,,0.0,0.0,,,,0,0,0,0.0,0.0,,0.0,0.0,7,7,100.0,69,30,0,0.0,0.0,0.0,0,2,0,0,1,7,0,0,0,0,0,0,0,0,0,0,7,0,0,0,0,0,0,,0,0,0,0,0,0,0,0,0,0.0,0,0,0,0,0,0,0,0.0,9,1,2,4,3,0,9,0,0,,0,,7,25,5,0,1,0,0,1,6,0,0,0,0,0,0,0,0,0,0,0,0,0,2,0,0,,,,,,,,,,,,,,,,,,,,,,,,,,,,,,,,,2024-2025
121,Sofyan Amrabat,ma MAR,MF,Fiorentina,it Serie A,27.0,1996.0,2,2,180,2.0,0,0,0,0,0,0,0,0,0.0,0.0,0.1,0.1,0.0,0.03,2,14,1,0,0,,0.0,0.0,,,,0,0,0,0.0,0.0,,0.0,0.0,112,133,84.2,2140,528,0,0.1,0.1,-0.1,2,10,0,0,14,122,11,10,0,4,3,1,0,0,0,0,112,3,2,1,2,0,2,100.0,0,1,1,0,0,3,2,0,4,2.0,4,0,0,0,0,0,0,0.0,140,6,24,103,14,0,140,0,0,,0,,84,388,196,2,0,0,1,2,103,1,0,0,0,4,1,0,3,0,2,0,0,0,7,1,1,50.0,,,,,,,,,,,,,,,,,,,,,,,,,,,,,,,,2024-2025
122,Joachim Andersen,dk DEN,DF,Crystal Palace,eng Premier League,28.0,1996.0,1,1,90,1.0,0,0,0,0,0,0,1,0,0.0,0.0,0.0,0.0,0.0,0.04,1,4,1,1,1,100.0,1.0,1.0,0.0,0.0,25.2,0,0,0,0.0,0.0,0.04,0.0,0.0,61,83,73.5,1227,526,0,0.0,0.0,0.0,0,9,1,0,4,81,2,1,0,0,1,0,1,0,0,0,61,1,1,1,0,0,2,50.0,1,0,0,0,0,1,7,0,1,1.0,1,0,0,0,0,0,0,0.0,93,14,38,50,5,0,93,0,0,,0,,49,189,103,1,1,0,0,1,67,1,1,0,0,2,0,0,1,0,1,0,0,0,7,2,0,100.0,,,,,,,,,,,,,,,,,,,,,,,,,,,,,,,,2024-2025
123,Joachim Andersen,dk DEN,DF,Fulham,eng Premier League,28.0,1996.0,29,29,2583,28.7,0,0,0,0,0,0,6,1,1.0,1.0,0.5,1.5,0.0,0.05,16,112,2,19,4,21.1,0.66,0.14,0.0,0.0,15.1,0,0,0,1.0,1.0,0.05,-1.0,-1.0,1654,2000,82.7,36471,14436,0,0.5,0.5,-0.5,4,196,6,3,112,1891,102,81,0,35,12,9,0,0,0,0,1654,27,18,20,6,1,24,62.5,9,37,28,9,34,61,188,1,35,1.23,27,1,0,7,0,0,2,0.07,2336,340,1233,1013,102,22,2336,6,4,66.7,0,0.0,1350,6505,3435,16,14,1,6,3,1621,2,6,1,0,18,19,0,12,34,18,0,1,1,122,70,39,64.2,,,,,,,,,,,,,,,,,,,,,,,,,,,,,,,,2024-2025
124,Elliot Anderson,eng ENG,MF,Nott'ham Forest,eng Premier League,21.0,2002.0,37,33,2728,30.3,2,6,8,2,0,0,10,0,2.1,2.1,3.3,5.4,0.26,0.18,52,143,94,40,7,17.5,1.32,0.23,0.05,0.29,18.8,0,0,0,2.1,2.1,0.05,-0.1,-0.1,1085,1386,78.3,17458,5922,6,3.3,3.6,2.7,37,121,19,2,143,1292,85,26,7,4,86,2,48,17,28,0,1085,92,56,54,29,9,111,43.2,63,48,9,39,31,123,76,4,87,2.87,43,20,7,8,4,5,10,0.33,1831,102,424,890,547,72,1831,75,36,48.0,30,40.0,932,5071,2366,52,32,21,60,49,1088,94,10,0,0,49,58,4,86,31,56,0,0,0,207,56,30,65.1,,,,,,,,,,,,,,,,,,,,,,,,,,,,,,,,2024-2025
125,André,br BRA,MF,Wolves,eng Premier League,23.0,2001.0,33,31,2472,27.5,0,0,0,0,0,0,7,0,0.4,0.4,0.8,1.3,0.0,0.05,10,109,11,10,1,10.0,0.36,0.04,0.0,0.0,25.5,0,0,0,0.4,0.4,0.04,-0.4,-0.4,1247,1342,92.9,19660,5471,0,0.8,0.7,-0.8,18,111,5,0,109,1308,32,28,5,15,0,2,0,0,0,0,1247,91,55,41,41,9,63,58.7,26,42,8,34,37,128,30,1,49,1.78,41,3,1,0,0,4,3,0.11,1623,89,439,1046,155,3,1623,32,16,50.0,12,37.5,912,3764,1688,10,17,0,30,21,1093,11,7,0,0,36,34,0,0,37,55,0,1,0,194,2,6,25.0,,,,,,,,,,,,,,,,,,,,,,,,,,,,,,,,2024-2025
127,Marcos André,br BRA,FW,Valladolid,es La Liga,27.0,1996.0,22,14,1188,13.2,1,2,3,1,0,0,5,0,2.7,2.7,0.8,3.5,0.23,0.27,11,16,39,22,2,9.1,1.67,0.15,0.05,0.5,14.0,0,0,0,2.7,2.7,0.12,-1.7,-1.7,138,210,65.7,2358,395,2,0.8,0.3,1.2,9,13,3,0,16,185,22,2,3,6,1,1,0,0,0,0,138,10,6,3,5,2,13,38.5,8,18,2,16,3,13,10,0,19,1.44,15,0,3,0,1,0,1,0.08,372,13,46,208,128,32,372,41,17,41.5,18,43.9,195,1010,345,11,9,5,40,23,255,39,5,0,0,12,28,5,1,3,6,0,0,0,44,47,44,51.6,,,,,,,,,,,,,,,,,,,,,,,,,,,,,,,,2024-2025
129,Angeliño,es ESP,DF,Roma,it Serie A,27.0,1997.0,38,36,3177,35.3,2,1,3,2,0,0,1,0,1.4,1.4,3.7,5.1,0.08,0.15,66,172,172,24,6,25.0,0.68,0.17,0.08,0.33,20.0,0,0,0,1.4,1.4,0.06,0.6,0.6,1544,1969,78.4,28294,9958,1,3.7,4.0,-2.7,50,135,58,22,172,1669,294,49,3,18,116,233,11,3,8,0,1544,46,24,20,24,2,34,50.0,17,33,9,24,28,74,98,0,89,2.52,68,14,2,1,4,0,7,0.2,2266,102,640,1041,602,47,2266,27,11,40.7,11,40.7,1202,5724,3048,66,52,11,27,9,1476,172,1,0,0,32,33,5,116,28,24,1,0,0,101,30,27,52.6,,,,,,,,,,,,,,,,,,,,,,,,,,,,,,,,2024-2025
130,Lorenzo Anghelè,it ITA,FW,Juventus,it Serie A,19.0,2005.0,1,0,6,0.1,0,0,0,0,0,0,0,0,0.0,0.0,0.0,0.0,0.0,0.0,0,1,0,0,0,,0.0,0.0,,,,0,0,0,0.0,0.0,,0.0,0.0,4,4,100.0,82,12,0,0.0,0.0,0.0,0,0,0,0,1,4,0,0,0,0,0,0,0,0,0,0,4,0,0,0,0,0,0,,0,0,0,0,0,0,0,0,0,0.0,0,0,0,0,0,0,0,0.0,5,0,0,5,1,0,5,1,1,100.0,0,0.0,3,19,3,0,1,0,0,0,4,0,0,0,0,0,0,0,0,0,0,0,0,0,0,0,2,0.0,,,,,,,,,,,,,,,,,,,,,,,,,,,,,,,,2024-2025
131,Faustino Anjorin,eng ENG,MF,Empoli,it Serie A,22.0,2001.0,22,14,1114,12.4,2,3,5,2,0,0,3,0,0.9,0.9,1.7,2.5,0.4,0.21,28,55,35,23,7,30.4,1.86,0.57,0.09,0.29,25.6,1,0,0,0.9,0.9,0.04,1.1,1.1,355,441,80.5,6247,2157,3,1.7,1.1,1.3,17,44,13,1,55,418,22,8,2,4,17,1,8,4,2,0,355,29,13,9,14,6,18,50.0,9,18,3,15,13,42,20,0,32,2.59,24,1,3,1,2,1,5,0.4,628,25,132,357,153,17,628,41,16,39.0,22,53.7,327,1839,1043,28,17,6,25,11,385,35,3,0,0,24,19,0,17,13,13,0,1,0,65,9,15,37.5,,,,,,,,,,,,,,,,,,,,,,,,,,,,,,,,2024-2025
133,Leandro Antonetti,pr PUR,FW,Sevilla,es La Liga,21.0,2003.0,2,0,28,0.3,0,0,0,0,0,0,0,0,0.1,0.1,0.0,0.2,0.0,0.54,1,0,3,1,1,100.0,3.21,3.21,0.0,0.0,26.9,0,0,0,0.1,0.1,0.14,-0.1,-0.1,2,4,50.0,19,6,0,0.0,0.0,0.0,1,0,0,0,0,4,0,0,0,0,0,0,0,0,0,0,2,0,0,0,0,0,0,,0,0,0,0,0,0,0,0,0,0.0,0,0,0,0,0,0,0,0.0,12,0,2,4,7,0,12,1,0,0.0,1,100.0,5,52,43,1,1,0,2,1,8,3,0,0,0,0,0,0,0,0,0,0,0,0,3,0,0,,,,,,,,,,,,,,,,,,,,,,,,,,,,,,,,,2024-2025
135,Michail Antonio,jm JAM,FW,West Ham,eng Premier League,34.0,1990.0,14,11,836,9.3,1,1,2,1,0,0,1,0,2.2,2.2,1.6,3.8,0.22,0.41,29,18,59,19,4,21.1,2.05,0.43,0.05,0.25,12.6,0,0,0,2.2,2.2,0.12,-1.2,-1.2,114,188,60.6,2183,424,1,1.6,0.9,-0.6,9,11,6,2,18,175,11,0,3,6,25,7,0,0,0,0,114,2,2,0,1,1,3,66.7,1,6,0,6,0,2,2,0,22,2.37,14,0,1,5,1,1,4,0.43,296,3,26,124,151,36,296,27,9,33.3,13,48.1,173,1177,695,29,13,9,35,19,221,59,1,0,0,12,7,4,25,0,2,0,0,0,22,17,22,43.6,,,,,,,,,,,,,,,,,,,,,,,,,,,,,,,,2024-2025
136,Antoniu,es ESP,"FW,MF",Espanyol,es La Liga,21.0,2002.0,26,13,1022,11.4,0,1,1,0,0,0,3,0,0.9,0.9,1.1,1.9,0.09,0.17,35,28,63,10,4,40.0,0.88,0.35,0.0,0.0,19.7,0,0,0,0.9,0.9,0.09,-0.9,-0.9,148,221,67.0,2071,636,1,1.1,1.1,-0.1,7,10,7,3,28,214,4,1,4,0,20,3,0,0,0,0,148,21,10,9,8,4,21,42.9,12,14,2,12,8,29,11,1,24,2.11,11,0,6,0,5,2,1,0.09,369,10,74,150,158,20,369,54,29,53.7,17,31.5,215,1556,966,35,23,5,27,12,225,63,3,0,0,19,23,4,20,8,10,0,0,0,39,6,18,25.0,,,,,,,,,,,,,,,,,,,,,,,,,,,,,,,,2024-2025
137,Antony,br BRA,"DF,MF",Manchester Utd,eng Premier League,24.0,2000.0,8,0,141,1.6,0,0,0,0,0,0,0,0,1.0,1.0,0.1,1.1,0.0,0.73,5,6,7,6,3,50.0,3.83,1.91,0.0,0.0,15.8,0,0,0,1.0,1.0,0.17,-1.0,-1.0,56,69,81.2,688,111,0,0.1,0.2,-0.1,3,1,5,2,6,62,7,2,0,0,5,5,0,0,0,0,56,6,3,4,2,0,5,40.0,3,2,0,2,2,8,0,0,8,5.11,6,0,1,0,1,0,0,0.0,101,2,22,26,54,8,101,11,4,36.4,6,54.5,60,317,182,5,6,1,5,1,69,7,0,0,0,2,5,0,5,2,3,0,0,0,11,0,1,0.0,,,,,,,,,,,,,,,,,,,,,,,,,,,,,,,,2024-2025
138,Antony,br BRA,FW,Betis,es La Liga,24.0,2000.0,17,15,1362,15.1,5,2,7,5,0,0,2,1,2.9,2.9,3.5,6.3,0.46,0.42,94,67,157,43,17,39.5,2.84,1.12,0.12,0.29,19.9,1,0,0,2.9,2.9,0.07,2.1,2.1,622,768,81.0,8403,2211,2,3.5,2.9,-1.5,36,34,43,7,67,722,45,11,7,5,40,20,14,4,4,0,622,25,11,6,9,10,22,36.4,14,12,1,11,10,35,9,1,77,5.09,61,4,5,4,3,0,9,0.6,982,9,100,315,585,63,982,63,24,38.1,33,52.4,663,4570,2729,94,77,30,53,20,751,157,2,1,0,15,27,1,40,10,11,1,0,0,73,5,14,26.3,,,,,,,,,,,,,,,,,,,,,,,,,,,,,,,,2024-2025
139,Anuar,ma MAR,"MF,FW",Valladolid,es La Liga,29.0,1995.0,26,21,1720,19.1,2,0,2,2,0,0,7,0,1.7,1.7,1.2,2.9,0.1,0.15,24,30,68,11,5,45.5,0.58,0.26,0.18,0.4,12.8,0,0,0,1.7,1.7,0.15,0.3,0.3,411,505,81.4,6137,1132,0,1.2,0.7,-1.2,7,19,3,2,30,466,39,10,1,0,22,25,1,0,0,0,411,38,27,21,12,5,28,53.6,13,24,8,16,18,56,26,1,25,1.31,17,1,2,0,5,0,4,0.21,705,31,214,324,173,28,705,24,7,29.2,12,50.0,359,2145,834,24,15,6,25,14,430,68,7,0,0,30,48,10,22,18,27,1,0,0,71,23,35,39.7,,,,,,,,,,,,,,,,,,,,,,,,,,,,,,,,2024-2025
141,Aritz Arambarri,es ESP,DF,Leganés,es La Liga,26.0,1998.0,2,2,177,2.0,0,0,0,0,0,0,0,0,0.0,0.0,0.0,0.0,0.0,0.01,0,2,0,1,0,0.0,0.51,0.0,0.0,,15.7,0,0,0,0.0,0.0,0.02,0.0,0.0,49,67,73.1,1025,258,0,0.0,0.0,0.0,0,1,0,0,2,65,2,2,0,1,0,0,0,0,0,0,49,1,1,1,0,0,1,100.0,0,2,2,0,3,4,8,0,1,0.51,1,0,0,0,0,0,0,0.0,86,12,59,26,1,1,86,0,0,,0,,44,253,137,0,0,0,1,0,48,0,0,0,0,0,0,0,0,3,1,0,0,0,4,6,8,42.9,,,,,,,,,,,,,,,,,,,,,,,,,,,,,,,,2024-2025
142,Mauro Arambarri,uy URU,MF,Getafe,es La Liga,28.0,1995.0,35,31,2661,29.6,10,0,10,7,3,3,10,0,8.2,5.8,0.6,6.5,0.24,0.3,17,75,55,53,16,30.2,1.79,0.54,0.13,0.44,18.2,1,3,3,8.2,5.8,0.11,1.8,1.2,586,800,73.3,10098,2457,0,0.6,0.6,-0.6,17,74,4,1,75,775,21,13,2,9,14,0,1,1,0,0,586,48,29,10,33,5,48,45.8,26,35,6,29,15,63,46,0,54,1.83,34,0,3,6,9,2,3,0.1,1146,45,203,693,264,72,1143,34,18,52.9,12,35.3,534,2364,863,17,8,3,60,29,622,55,10,0,0,51,52,3,14,15,29,0,0,0,137,59,54,52.2,,,,,,,,,,,,,,,,,,,,,,,,,,,,,,,,2024-2025
143,Jon Aramburu,ve VEN,DF,Real Sociedad,es La Liga,22.0,2002.0,35,28,2460,27.3,1,1,2,1,0,0,8,0,0.4,0.4,1.1,1.6,0.07,0.06,26,97,53,11,3,27.3,0.4,0.11,0.09,0.33,20.8,0,0,0,0.4,0.4,0.04,0.6,0.6,1190,1518,78.4,17685,7225,1,1.1,1.4,-0.1,15,82,11,6,97,1211,305,37,0,3,45,268,0,0,0,0,1190,102,70,61,30,11,100,66.0,34,40,8,32,30,132,98,0,33,1.21,26,3,1,0,1,2,2,0.07,1887,105,630,936,336,20,1887,37,8,21.6,26,70.3,847,3104,1502,26,20,0,34,12,979,53,8,0,0,50,42,3,45,30,70,0,1,0,127,40,33,54.8,,,,,,,,,,,,,,,,,,,,,,,,,,,,,,,,2024-2025
144,Julian Araujo,mx MEX,DF,Bournemouth,eng Premier League,22.0,2001.0,12,7,497,5.5,0,0,0,0,0,0,2,0,0.0,0.0,0.1,0.1,0.0,0.01,4,14,22,0,0,,0.0,0.0,,,,0,0,0,0.0,0.0,,0.0,0.0,178,225,79.1,3006,890,0,0.1,0.1,-0.1,1,17,3,2,14,198,27,2,0,0,9,25,0,0,0,0,178,10,5,4,6,0,12,41.7,7,3,0,3,6,16,18,0,5,0.91,5,0,0,0,0,0,0,0.0,275,20,90,136,55,2,275,1,0,0.0,1,100.0,126,482,258,4,3,0,5,2,149,22,2,0,0,7,2,1,9,6,5,0,0,0,29,3,9,25.0,,,,,,,,,,,,,,,,,,,,,,,,,,,,,,,,2024-2025
145,Ronald Araújo,uy URU,DF,Barcelona,es La Liga,25.0,1999.0,12,11,754,8.4,1,1,2,1,0,0,3,0,1.0,1.0,0.4,1.4,0.24,0.17,6,49,3,4,2,50.0,0.48,0.24,0.25,0.5,11.8,0,0,0,1.0,1.0,0.24,0.0,0.0,666,725,91.9,12408,3957,1,0.4,0.2,0.6,4,51,3,0,49,697,27,20,0,1,0,6,0,0,0,0,666,12,9,6,5,1,5,80.0,1,6,4,2,9,21,25,0,12,1.43,11,0,0,1,0,0,2,0.24,798,33,227,542,32,9,798,1,0,0.0,1,100.0,515,2800,1731,6,4,0,2,1,596,3,3,0,0,9,4,0,0,9,9,0,0,0,27,33,20,62.3,,,,,,,,,,,,,,,,,,,,,,,,,,,,,,,,2024-2025
146,Cameron Archer,eng ENG,FW,Southampton,eng Premier League,23.0,2001.0,35,13,1441,16.0,2,0,2,2,0,1,0,0,5.7,4.9,0.5,5.4,0.12,0.39,22,14,66,28,10,35.7,1.75,0.62,0.07,0.2,12.8,0,0,1,5.7,4.9,0.18,-3.7,-2.9,205,251,81.7,2612,367,0,0.5,0.7,-0.5,5,7,7,0,14,231,19,0,2,0,3,0,0,0,0,0,205,13,8,8,3,2,9,22.2,7,5,1,4,2,15,11,0,20,1.25,10,0,4,5,1,0,0,0.0,398,16,69,179,154,52,397,37,15,40.5,20,54.1,226,1182,564,22,10,14,40,26,274,66,0,0,0,16,13,8,3,2,8,0,0,0,35,9,30,23.1,,,,,,,,,,,,,,,,,,,,,,,,,,,,,,,,2024-2025
148,Alphonse Areola,fr FRA,GK,West Ham,eng Premier League,31.0,1993.0,26,25,2260,25.1,0,0,0,0,0,0,0,0,0.0,0.0,0.0,0.0,0.0,0.0,0,1,0,0,0,,0.0,0.0,,,,0,0,0,0.0,0.0,,0.0,0.0,688,989,69.6,18224,12284,0,0.0,0.0,0.0,0,11,0,0,1,716,268,72,0,3,0,0,0,0,0,0,688,2,2,2,0,0,3,66.7,1,0,0,0,0,2,15,3,3,0.12,2,1,0,0,0,0,0,0.0,1049,833,1038,12,0,0,1049,0,0,,0,,601,2480,1348,0,0,0,0,0,555,0,0,0,0,0,0,0,0,0,2,0,0,1,29,2,0,100.0,41.0,1.63,115.0,77.0,64.3,5.0,7.0,13.0,5.0,20.0,0.0,0.0,0.0,0.0,35.4,0.31,-2.6,-0.1,135.0,384.0,35.2,788.0,119.0,34.4,32.1,394.0,15.0,3.8,30.0,1.19,15.0,2024-2025
149,Adu Ares,es ESP,FW,Athletic Club,es La Liga,22.0,2001.0,1,0,19,0.2,0,0,0,0,0,0,0,0,0.0,0.0,0.0,0.0,0.0,0.0,1,3,2,0,0,,0.0,0.0,,,,0,0,0,0.0,0.0,,0.0,0.0,5,9,55.6,64,15,0,0.0,0.0,0.0,0,0,1,0,3,9,0,0,0,0,1,0,0,0,0,0,5,0,0,0,0,0,1,0.0,1,0,0,0,0,0,0,0,1,4.74,1,0,0,0,0,0,0,0.0,11,0,2,3,6,1,11,1,0,0.0,1,100.0,8,44,29,1,1,0,0,2,11,2,0,0,0,0,0,0,1,0,0,0,0,0,1,0,0,,,,,,,,,,,,,,,,,,,,,,,,,,,,,,,,,2024-2025
150,Jesús Areso,es ESP,DF,Osasuna,es La Liga,25.0,1999.0,36,35,3079,34.2,0,3,3,0,0,0,9,0,0.2,0.2,3.5,3.7,0.09,0.11,101,106,203,8,0,0.0,0.23,0.0,0.0,,21.4,0,0,0,0.2,0.2,0.03,-0.2,-0.2,1139,1573,72.4,19266,8143,3,3.5,3.1,-0.5,30,96,50,30,106,1203,366,3,0,4,169,362,1,0,0,0,1139,53,38,31,14,8,56,69.6,17,26,4,22,8,61,92,0,73,2.13,55,12,2,1,3,0,9,0.26,1902,104,423,767,730,23,1902,64,24,37.5,32,50.0,904,5490,2869,101,66,9,62,29,1075,203,9,0,0,31,20,8,169,8,38,0,0,0,118,27,19,58.7,,,,,,,,,,,,,,,,,,,,,,,,,,,,,,,,2024-2025
151,David Argüelles,es ESP,MF,Getafe,es La Liga,22.0,2002.0,1,0,7,0.1,0,0,0,0,0,0,0,0,0.0,0.0,0.0,0.0,0.0,0.0,1,0,0,0,0,,0.0,0.0,,,,0,0,0,0.0,0.0,,0.0,0.0,3,5,60.0,25,2,0,0.0,0.0,0.0,0,0,0,0,0,5,0,0,0,0,0,0,0,0,0,0,3,0,0,0,0,0,0,,0,2,0,2,0,0,0,0,0,0.0,0,0,0,0,0,0,0,0.0,7,0,2,2,3,0,7,0,0,,0,,3,30,12,1,0,0,0,0,3,0,0,0,0,0,0,0,0,0,0,0,0,0,0,0,0,,,,,,,,,,,,,,,,,,,,,,,,,,,,,,,,,2024-2025
152,Joe Aribo,ng NGA,"MF,DF",Southampton,eng Premier League,28.0,1996.0,32,21,2013,22.4,3,0,3,3,0,0,1,0,2.7,2.7,1.6,4.3,0.13,0.19,36,75,65,17,7,41.2,0.76,0.31,0.18,0.43,14.0,0,0,0,2.7,2.7,0.16,0.3,0.3,929,1046,88.8,13689,2630,0,1.6,1.3,-1.6,16,51,4,1,75,1032,13,4,2,1,10,4,0,0,0,0,929,47,33,17,24,6,35,48.6,18,28,11,17,20,67,32,3,37,1.66,32,0,2,1,2,0,1,0.04,1271,52,313,670,299,44,1271,49,21,42.9,22,44.9,745,4068,2021,36,29,12,27,19,925,65,1,0,0,20,28,1,10,20,33,0,1,0,112,25,24,51.0,,,,,,,,,,,,,,,,,,,,,,,,,,,,,,,,2024-2025
153,Adam Armstrong,eng ENG,"FW,MF",Southampton,eng Premier League,27.0,1997.0,20,15,1248,13.9,2,2,4,2,0,1,4,0,3.3,2.3,1.2,3.5,0.29,0.32,25,21,79,25,7,28.0,1.8,0.5,0.08,0.29,16.6,0,0,1,3.3,2.3,0.09,-1.3,-0.3,231,288,80.2,3320,446,2,1.2,0.6,0.8,9,10,8,2,21,268,18,0,0,1,14,3,0,0,0,0,231,12,3,2,7,3,14,21.4,11,6,1,5,3,15,8,0,19,1.37,12,1,2,4,0,0,4,0.29,377,11,44,143,192,49,376,14,6,42.9,8,57.1,235,1324,599,25,13,6,11,18,286,79,4,0,0,12,5,9,14,3,3,0,0,0,23,5,9,35.7,,,,,,,,,,,,,,,,,,,,,,,,,,,,,,,,2024-2025
154,Harrison Armstrong,eng ENG,MF,Everton,eng Premier League,17.0,2007.0,3,0,48,0.5,0,0,0,0,0,0,1,0,0.4,0.4,0.1,0.4,0.0,0.82,1,1,0,1,0,0.0,1.87,0.0,0.0,,5.8,0,0,0,0.4,0.4,0.37,-0.4,-0.4,7,15,46.7,149,15,0,0.1,0.0,-0.1,1,1,0,0,1,13,1,0,0,0,1,0,0,0,0,0,7,0,0,0,0,0,1,0.0,1,0,0,0,0,0,1,0,1,1.87,1,0,0,0,0,0,0,0.0,20,0,3,12,7,2,20,1,1,100.0,0,0.0,15,110,43,1,2,0,2,3,14,0,1,0,0,2,2,0,1,0,0,0,0,0,2,0,2,0.0,,,,,,,,,,,,,,,,,,,,,,,,,,,,,,,,2024-2025
155,José Arnaiz,es ESP,"FW,MF",Osasuna,es La Liga,29.0,1995.0,15,1,133,1.5,0,0,0,0,0,0,0,0,0.3,0.3,0.1,0.5,0.0,0.32,6,4,20,6,3,50.0,4.06,2.03,0.0,0.0,23.1,2,0,0,0.3,0.3,0.05,-0.3,-0.3,52,77,67.5,720,249,0,0.1,0.4,-0.1,3,2,4,3,4,66,11,3,0,1,18,1,7,5,1,0,52,7,5,3,3,1,7,57.1,3,2,0,2,5,12,1,0,9,6.04,6,1,0,1,1,0,0,0.0,117,4,17,44,58,11,117,5,1,20.0,2,40.0,55,296,171,6,2,3,5,5,59,20,0,0,0,0,5,4,18,5,5,0,0,0,16,1,3,25.0,,,,,,,,,,,,,,,,,,,,,,,,,,,,,,,,2024-2025
157,Marko Arnautović,at AUT,FW,Inter,it Serie A,35.0,1989.0,17,5,527,5.9,4,2,6,4,0,0,1,0,3.3,3.3,1.2,4.4,1.02,0.73,4,16,61,13,6,46.2,2.22,1.02,0.31,0.67,8.7,0,0,0,3.3,3.3,0.23,0.7,0.7,113,158,71.5,1462,257,2,1.2,0.9,0.8,7,6,8,0,16,148,8,0,2,0,5,0,0,0,0,0,113,7,5,1,3,3,5,60.0,2,3,0,3,1,8,1,0,15,2.46,15,0,0,0,0,0,2,0.33,198,1,6,64,128,39,198,3,2,66.7,1,33.3,99,364,119,4,3,2,13,3,155,61,1,0,0,3,6,8,5,1,5,0,0,0,10,12,7,63.2,,,,,,,,,,,,,,,,,,,,,,,,,,,,,,,,2024-2025
160,Sergio Arribas,es ESP,DF,Betis,es La Liga,21.0,2003.0,1,1,90,1.0,0,0,0,0,0,0,0,0,0.0,0.0,0.0,0.0,0.0,0.0,0,1,4,0,0,,0.0,0.0,,,,0,0,0,0.0,0.0,,0.0,0.0,37,54,68.5,533,210,0,0.0,0.0,0.0,0,1,0,0,1,40,13,1,0,0,0,12,0,0,0,0,37,7,4,4,3,0,7,85.7,1,2,2,0,3,10,4,0,0,0.0,0,0,0,0,0,0,0,0.0,71,5,24,43,4,0,71,0,0,,0,,33,128,75,0,0,0,0,0,35,4,0,0,0,0,0,0,0,3,4,0,0,0,3,1,0,100.0,,,,,,,,,,,,,,,,,,,,,,,,,,,,,,,,2024-2025
161,Kepa Arrizabalaga,es ESP,GK,Bournemouth,eng Premier League,29.0,1994.0,31,31,2790,31.0,0,0,0,0,0,0,3,0,0.1,0.1,0.0,0.1,0.0,0.0,0,2,0,1,0,0.0,0.03,0.0,0.0,,9.7,0,0,0,0.1,0.1,0.06,-0.1,-0.1,752,1027,73.2,20531,13943,0,0.0,0.0,0.0,1,10,0,0,2,728,295,103,0,0,0,0,0,0,0,0,752,1,0,1,0,0,2,0.0,2,2,0,2,0,1,15,3,4,0.13,2,2,0,0,0,0,0,0.0,1087,800,1057,29,1,1,1087,1,1,100.0,0,0.0,621,3129,1797,0,0,0,0,0,486,0,3,0,0,2,6,0,0,0,0,0,2,0,56,7,1,87.5,39.0,1.26,134.0,95.0,73.9,13.0,7.0,11.0,8.0,25.8,4.0,4.0,0.0,0.0,41.0,0.28,2.0,0.07,132.0,365.0,36.2,831.0,122.0,33.2,32.9,367.0,22.0,6.0,54.0,1.74,16.0,2024-2025
163,Takuma Asano,jp JPN,"FW,MF",Mallorca,es La Liga,29.0,1994.0,21,13,1054,11.7,2,1,3,2,0,0,0,0,2.7,2.7,0.7,3.4,0.26,0.29,28,20,76,28,8,28.6,2.39,0.68,0.07,0.25,13.6,0,0,0,2.7,2.7,0.1,-0.7,-0.7,148,219,67.6,2071,485,1,0.7,0.6,0.3,6,8,3,2,20,217,2,1,0,3,20,0,0,0,0,0,148,13,9,5,7,1,11,54.5,5,7,0,7,6,19,9,0,22,1.88,16,0,2,2,2,0,2,0.17,356,8,53,141,169,53,356,25,6,24.0,16,64.0,207,1312,589,28,12,12,27,12,226,76,0,0,0,5,15,6,20,6,9,0,0,0,42,5,26,16.1,,,,,,,,,,,,,,,,,,,,,,,,,,,,,,,,2024-2025
164,Raúl Asencio,es ESP,DF,Real Madrid,es La Liga,21.0,2003.0,23,18,1670,18.6,0,1,1,0,0,0,3,0,0.1,0.1,0.6,0.7,0.05,0.04,5,27,4,3,1,33.3,0.16,0.05,0.0,0.0,21.4,0,0,0,0.1,0.1,0.04,-0.1,-0.1,927,988,93.8,15881,5389,1,0.6,0.4,0.4,6,47,3,0,27,926,61,33,1,8,0,8,0,0,0,0,927,22,16,18,4,0,13,76.9,3,11,6,5,16,38,88,2,12,0.65,11,0,1,0,0,0,1,0.05,1149,156,623,501,37,11,1149,9,6,66.7,0,0.0,720,3559,1874,5,5,1,5,6,807,4,3,0,0,12,19,1,0,16,16,0,0,0,75,30,15,66.7,,,,,,,,,,,,,,,,,,,,,,,,,,,,,,,,2024-2025
165,Marco Asensio,es ESP,MF,Aston Villa,eng Premier League,28.0,1996.0,13,9,743,8.3,3,1,4,3,0,2,2,0,4.4,2.9,1.0,3.8,0.48,0.66,22,45,38,22,9,40.9,2.66,1.09,0.14,0.33,19.6,1,0,2,4.4,2.9,0.13,-1.4,0.1,242,313,77.3,3581,1081,1,1.0,1.2,0.0,16,20,11,2,45,271,39,14,2,1,38,0,23,11,1,0,242,7,5,0,7,0,9,33.3,6,7,1,6,2,9,3,0,35,4.24,22,7,1,1,3,1,3,0.36,386,6,38,158,200,30,384,19,12,63.2,5,26.3,242,1466,682,22,21,5,9,8,265,38,2,0,0,11,8,2,38,2,5,0,0,0,28,0,1,0.0,,,,,,,,,,,,,,,,,,,,,,,,,,,,,,,,2024-2025
167,Kristjan Asllani,al ALB,MF,Inter,it Serie A,22.0,2002.0,21,10,980,10.9,2,2,4,0,2,2,4,0,2.5,0.9,1.9,2.8,0.18,0.39,7,55,20,14,3,21.4,1.29,0.28,0.0,0.0,25.0,2,2,2,2.5,0.9,0.06,-0.5,-0.9,868,973,89.2,16269,4554,2,1.9,1.9,0.1,15,74,18,8,55,913,57,26,6,8,43,1,29,7,15,0,868,14,3,8,4,2,22,36.4,14,8,1,7,9,23,13,1,31,2.82,23,6,0,1,1,0,3,0.27,1061,25,258,638,167,9,1059,6,1,16.7,4,66.7,700,3112,1231,7,14,1,5,2,859,20,4,0,0,8,18,0,43,9,3,0,0,0,49,4,3,57.1,,,,,,,,,,,,,,,,,,,,,,,,,,,,,,,,2024-2025
168,Iago Aspas,es ESP,"FW,MF",Celta Vigo,es La Liga,36.0,1987.0,30,19,1745,19.4,10,5,15,5,5,6,6,1,8.7,4.0,4.6,8.6,0.52,0.69,50,132,143,46,18,39.1,2.37,0.93,0.11,0.28,21.3,3,5,6,8.7,4.0,0.09,1.3,1.0,661,877,75.4,10703,3064,5,4.6,3.9,0.4,38,74,35,4,132,849,20,3,20,8,15,9,4,0,1,0,661,13,8,4,5,4,20,40.0,12,18,1,17,8,21,5,0,74,3.82,66,1,2,3,2,0,13,0.67,1038,4,75,510,466,67,1032,27,15,55.6,8,29.6,724,3480,1573,50,39,15,35,20,876,143,6,1,1,16,34,5,15,8,8,1,0,0,55,7,8,46.7,,,,,,,,,,,,,,,,,,,,,,,,,,,,,,,,2024-2025
169,Yaser Asprilla,co COL,"FW,MF",Girona,es La Liga,20.0,2003.0,27,15,1405,15.6,3,1,4,3,0,0,2,0,2.1,2.1,2.8,4.9,0.26,0.31,72,77,140,38,11,28.9,2.43,0.7,0.08,0.27,22.9,2,0,0,2.1,2.1,0.05,0.9,0.9,471,653,72.1,8613,2194,1,2.8,3.4,-1.8,24,35,38,9,77,591,56,15,6,10,93,10,24,16,4,0,471,22,12,6,8,8,23,34.8,15,14,0,14,7,29,7,1,61,3.91,45,7,7,1,1,0,7,0.45,831,11,69,319,453,48,831,64,29,45.3,25,39.1,534,3762,1860,72,37,29,45,17,607,140,2,0,0,12,23,1,93,7,12,0,1,0,62,4,3,57.1,,,,,,,,,,,,,,,,,,,,,,,,,,,,,,,,2024-2025
173,Arthur Atta,fr FRA,"MF,FW",Udinese,it Serie A,21.0,2003.0,27,12,1251,13.9,0,1,1,0,0,0,5,0,1.3,1.3,1.4,2.8,0.07,0.2,31,57,77,26,7,26.9,1.87,0.5,0.0,0.0,20.6,0,0,0,1.3,1.3,0.05,-1.3,-1.3,509,633,80.4,7890,1920,1,1.4,1.4,-0.4,18,42,8,2,57,609,22,6,1,5,24,11,3,1,2,0,509,20,12,9,10,1,15,66.7,5,9,5,4,7,27,15,1,46,3.31,40,2,1,2,1,0,2,0.14,813,21,125,417,289,39,813,61,27,44.3,30,49.2,515,3228,1219,31,31,10,34,22,593,77,5,0,0,16,14,1,24,7,12,0,0,0,57,14,20,41.2,,,,,,,,,,,,,,,,,,,,,,,,,,,,,,,,2024-2025
175,Emil Audero,id IDN,GK,Como,it Serie A,27.0,1997.0,8,8,720,8.0,0,0,0,0,0,0,0,0,0.0,0.0,0.0,0.0,0.0,0.0,0,0,0,0,0,,0.0,0.0,,,,0,0,0,0.0,0.0,,0.0,0.0,209,253,82.6,4830,3117,0,0.0,0.0,0.0,0,1,0,0,0,217,36,15,0,0,0,0,0,0,0,0,209,0,0,0,0,0,1,0.0,1,0,0,0,0,0,4,1,0,0.0,0,0,0,0,0,0,0,0.0,269,219,268,1,0,0,269,0,0,,0,,177,821,476,0,0,0,0,0,162,0,0,0,0,0,1,0,0,0,0,0,0,0,12,2,1,66.7,18.0,2.25,34.0,16.0,58.8,2.0,2.0,4.0,0.0,0.0,4.0,4.0,0.0,0.0,12.4,0.27,-5.6,-0.7,17.0,55.0,30.9,232.0,30.0,22.0,28.6,95.0,5.0,5.3,8.0,1.0,12.9,2024-2025
176,Tommaso Augello,it ITA,DF,Cagliari,it Serie A,29.0,1994.0,38,30,2713,30.1,0,7,7,0,0,0,3,0,0.3,0.3,4.6,4.9,0.23,0.16,58,118,113,8,0,0.0,0.27,0.0,0.0,,22.8,0,0,0,0.3,0.3,0.03,-0.3,-0.3,1179,1640,71.9,20383,8524,7,4.6,4.8,2.4,39,79,38,26,118,1264,366,48,0,6,207,261,57,5,51,0,1179,49,28,28,17,4,43,69.8,13,23,8,15,16,65,109,2,73,2.42,48,21,3,1,0,0,11,0.36,1902,103,657,697,569,12,1902,43,24,55.8,18,41.9,882,4179,2239,58,37,3,27,18,1020,113,3,0,0,15,11,3,207,16,28,0,0,0,135,49,22,69.0,,,,,,,,,,,,,,,,,,,,,,,,,,,,,,,,2024-2025
177,Carlos Augusto,br BRA,DF,Inter,it Serie A,25.0,1999.0,28,15,1625,18.1,3,2,5,3,0,0,1,0,2.8,2.8,1.6,4.4,0.28,0.23,31,80,83,24,6,25.0,1.33,0.33,0.13,0.5,11.1,0,0,0,2.8,2.8,0.12,0.2,0.2,1083,1227,88.3,17582,4524,2,1.6,1.5,0.4,9,61,12,3,80,1116,109,22,2,2,19,83,0,0,0,0,1083,29,14,12,11,6,19,63.2,7,21,9,12,9,38,50,0,24,1.28,18,1,0,1,2,2,3,0.16,1413,88,466,678,280,43,1413,12,7,58.3,5,41.7,837,4189,1960,31,26,4,18,13,997,83,1,0,0,9,12,2,19,9,14,0,0,0,70,57,35,62.0,,,,,,,,,,,,,,,,,,,,,,,,,,,,,,,,2024-2025
178,Yann Aurel Bisseck,de GER,DF,Inter,it Serie A,23.0,2000.0,26,16,1553,17.3,3,2,5,3,0,0,4,0,2.6,2.6,0.9,3.4,0.29,0.19,32,93,44,21,5,23.8,1.22,0.29,0.14,0.6,11.2,0,0,0,2.6,2.6,0.12,0.4,0.4,1179,1284,91.8,19786,5328,2,0.9,1.2,1.1,7,77,7,1,93,1241,43,20,2,1,8,20,0,0,0,0,1179,17,11,11,4,2,16,68.8,5,23,12,11,17,34,64,1,20,1.1,16,0,0,2,1,1,4,0.22,1465,122,509,778,181,43,1465,15,3,20.0,10,66.7,998,5759,2687,32,27,3,16,7,1136,44,4,0,0,15,9,1,8,17,11,0,2,0,66,47,15,75.8,,,,,,,,,,,,,,,,,,,,,,,,,,,,,,,,2024-2025
179,Brandon Austin,eng ENG,GK,Tottenham,eng Premier League,25.0,1999.0,1,1,90,1.0,0,0,0,0,0,0,0,0,0.0,0.0,0.0,0.0,0.0,0.0,0,0,0,0,0,,0.0,0.0,,,,0,0,0,0.0,0.0,,0.0,0.0,22,32,68.8,526,386,0,0.0,0.0,0.0,0,0,0,0,0,24,8,2,0,0,0,0,0,0,0,0,22,0,0,0,0,0,0,,0,0,0,0,0,0,1,0,0,0.0,0,0,0,0,0,0,0,0.0,36,30,36,0,0,0,36,0,0,,0,,22,104,46,0,0,0,0,0,16,0,0,0,0,0,2,0,0,0,0,0,0,0,1,2,0,100.0,2.0,2.0,4.0,2.0,50.0,0.0,0.0,1.0,0.0,0.0,0.0,0.0,0.0,0.0,2.2,0.55,0.2,0.2,3.0,11.0,27.3,26.0,5.0,38.5,32.3,15.0,5.0,33.3,2.0,2.0,12.4,2024-2025
180,Ezequiel Ávila,ar ARG,FW,Betis,es La Liga,30.0,1994.0,19,6,677,7.5,2,0,2,2,0,0,5,1,1.5,1.5,1.0,2.5,0.27,0.34,12,18,48,20,10,50.0,2.66,1.33,0.1,0.2,17.9,0,0,0,1.5,1.5,0.08,0.5,0.5,166,238,69.7,2762,614,0,1.0,1.0,-1.0,15,1,11,6,18,215,21,3,0,2,29,10,2,1,1,0,166,8,3,2,2,4,10,40.0,6,4,0,4,2,10,8,0,31,4.12,24,0,1,2,4,0,3,0.4,323,7,34,131,163,34,323,11,5,45.5,5,45.5,173,767,334,12,7,4,23,7,216,48,5,1,0,13,18,5,29,2,3,0,0,0,28,6,8,42.9,,,,,,,,,,,,,,,,,,,,,,,,,,,,,,,,2024-2025
181,Taiwo Awoniyi,ng NGA,FW,Nott'ham Forest,eng Premier League,26.0,1997.0,26,3,416,4.6,1,0,1,1,0,0,0,0,2.1,2.1,0.1,2.2,0.22,0.48,6,7,20,10,4,40.0,2.16,0.87,0.1,0.25,12.6,0,0,0,2.1,2.1,0.21,-1.1,-1.1,61,96,63.5,705,157,0,0.1,0.1,-0.1,2,5,2,0,7,96,0,0,1,0,2,0,0,0,0,0,61,6,3,0,3,3,5,80.0,1,1,0,1,0,6,7,0,9,1.95,5,0,1,2,1,0,1,0.22,167,5,16,78,74,21,167,9,4,44.4,5,55.6,90,402,183,6,5,2,19,19,113,20,0,0,0,8,10,1,2,0,3,0,0,0,18,13,38,25.5,,,,,,,,,,,,,,,,,,,,,,,,,,,,,,,,2024-2025
182,Yasin Ayari,se SWE,MF,Brighton,eng Premier League,20.0,2003.0,34,22,1965,21.8,2,1,3,2,0,0,3,0,2.4,2.4,2.3,4.8,0.14,0.22,30,75,61,28,8,28.6,1.28,0.37,0.07,0.25,18.7,2,0,0,2.4,2.4,0.09,-0.4,-0.4,793,973,81.5,11915,3328,1,2.3,2.6,-1.3,30,55,18,4,75,880,92,34,10,1,69,3,37,27,6,1,793,59,32,15,31,13,56,46.4,30,24,6,18,20,79,26,0,61,2.79,36,13,3,3,4,2,6,0.27,1233,58,275,624,354,45,1233,45,18,40.0,18,40.0,655,3244,1466,30,25,6,38,22,801,61,3,0,0,37,26,3,69,20,32,0,1,0,118,16,20,44.4,,,,,,,,,,,,,,,,,,,,,,,,,,,,,,,,2024-2025
185,Jordan Ayew,gh GHA,"FW,MF",Crystal Palace,eng Premier League,32.0,1991.0,1,0,21,0.2,0,0,0,0,0,0,1,0,0.5,0.5,0.0,0.5,0.0,2.17,0,0,1,1,0,0.0,4.29,0.0,0.0,,5.5,0,0,0,0.5,0.5,0.46,-0.5,-0.5,8,10,80.0,167,4,0,0.0,0.0,0.0,1,0,0,0,0,8,2,0,0,1,1,0,1,1,0,0,8,1,0,0,0,1,0,,0,0,0,0,0,1,0,0,1,4.29,1,0,0,0,0,0,0,0.0,12,0,0,7,5,1,12,0,0,,0,,6,25,12,0,0,0,0,1,9,1,1,0,0,1,0,0,1,0,0,0,0,0,1,1,1,50.0,,,,,,,,,,,,,,,,,,,,,,,,,,,,,,,,2024-2025
186,Jordan Ayew,gh GHA,"FW,MF",Leicester City,eng Premier League,32.0,1991.0,30,19,1638,18.2,5,0,5,4,1,1,5,0,3.2,2.4,1.1,3.5,0.22,0.24,49,46,86,31,8,25.8,1.7,0.44,0.13,0.5,18.8,4,1,1,3.2,2.4,0.08,1.8,1.6,401,540,74.3,5942,1216,0,1.1,1.5,-1.1,16,25,14,7,46,490,49,13,3,2,60,5,28,15,8,3,401,27,15,8,14,5,23,30.4,16,21,2,19,12,39,19,0,41,2.25,24,8,3,4,1,1,2,0.11,798,21,103,407,312,55,797,64,26,40.6,32,50.0,479,3374,1540,49,37,11,63,40,540,86,5,0,0,30,59,7,60,12,15,0,0,0,93,37,80,31.6,,,,,,,,,,,,,,,,,,,,,,,,,,,,,,,,2024-2025
189,Adam Aznou,ma MAR,DF,Valladolid,es La Liga,18.0,2006.0,13,10,876,9.7,0,0,0,0,0,0,1,0,0.3,0.3,0.3,0.6,0.0,0.06,16,25,26,4,1,25.0,0.41,0.1,0.0,0.0,17.7,0,0,0,0.3,0.3,0.07,-0.3,-0.3,245,343,71.4,3660,1261,0,0.3,0.4,-0.3,6,17,4,2,25,263,76,9,0,0,12,65,2,2,0,0,245,28,21,20,8,0,43,48.8,22,24,8,16,10,38,30,0,16,1.64,11,3,2,0,0,0,0,0.0,508,39,191,241,89,12,508,41,19,46.3,15,36.6,219,1349,804,16,6,3,28,12,228,26,1,0,0,14,17,0,12,10,21,0,0,0,56,11,4,73.3,,,,,,,,,,,,,,,,,,,,,,,,,,,,,,,,2024-2025
191,César Azpilicueta,es ESP,DF,Atlético Madrid,es La Liga,34.0,1989.0,14,10,875,9.7,1,0,1,1,0,0,1,0,0.2,0.2,0.1,0.3,0.1,0.03,13,66,20,5,2,40.0,0.51,0.21,0.2,0.5,17.8,0,0,0,0.2,0.2,0.05,0.8,0.8,581,671,86.6,9034,3451,0,0.1,0.4,-0.1,3,46,4,1,66,580,91,8,1,3,5,83,0,0,0,0,581,25,14,12,9,4,23,73.9,6,10,2,8,5,30,32,0,8,0.82,5,2,0,0,0,1,1,0.1,759,41,232,393,137,11,759,2,1,50.0,1,50.0,432,1914,1318,13,18,1,8,1,516,20,1,0,0,8,6,3,5,5,14,0,0,0,28,14,14,50.0,,,,,,,,,,,,,,,,,,,,,,,,,,,,,,,,2024-2025
192,Paulo Azzi,br BRA,DF,Cagliari,it Serie A,30.0,1994.0,6,5,426,4.7,0,0,0,0,0,0,2,0,0.5,0.5,0.9,1.4,0.0,0.3,15,13,26,8,3,37.5,1.69,0.63,0.0,0.0,16.8,0,0,0,0.5,0.5,0.07,-0.5,-0.5,126,180,70.0,2228,889,0,0.9,0.7,-0.9,5,7,6,4,13,161,19,1,1,0,22,18,0,0,0,0,126,11,9,3,6,2,9,55.6,4,5,2,3,5,16,11,0,15,3.17,9,2,1,2,0,1,0,0.0,242,19,66,97,84,8,242,13,8,61.5,4,30.8,119,804,450,15,10,3,3,4,135,26,2,0,0,5,3,0,22,5,9,0,0,0,24,6,5,54.5,,,,,,,,,,,,,,,,,,,,,,,,,,,,,,,,2024-2025
193,Oussama El Azzouzi,ma MAR,MF,Bologna,it Serie A,23.0,2001.0,2,0,19,0.2,0,0,0,0,0,0,0,0,0.0,0.0,0.0,0.0,0.0,0.0,0,4,0,0,0,,0.0,0.0,,,,0,0,0,0.0,0.0,,0.0,0.0,17,18,94.4,304,98,0,0.0,0.0,0.0,0,2,0,0,4,17,1,1,0,0,0,0,0,0,0,0,17,0,0,0,0,0,0,,0,0,0,0,2,2,0,0,2,9.47,1,0,0,0,0,1,0,0.0,20,0,3,15,2,0,20,0,0,,0,,14,81,20,0,0,0,0,0,18,0,0,0,0,0,2,0,0,2,0,0,0,0,1,0,0,,,,,,,,,,,,,,,,,,,,,,,,,,,,,,,,,2024-2025
194,Papa Ba,es ESP,MF,Girona,es La Liga,19.0,2004.0,1,0,48,0.5,0,0,0,0,0,0,0,0,0.0,0.0,0.0,0.0,0.0,0.06,1,0,2,1,0,0.0,1.87,0.0,0.0,,9.8,0,0,0,0.0,0.0,0.03,0.0,0.0,5,13,38.5,79,7,0,0.0,0.0,0.0,0,1,0,0,0,13,0,0,0,0,1,0,0,0,0,0,5,1,1,1,0,0,0,,0,1,0,1,0,1,1,0,2,3.75,1,0,1,0,0,0,0,0.0,20,1,5,10,5,1,20,2,1,50.0,1,50.0,9,69,24,1,0,1,1,1,14,2,0,0,0,1,4,0,1,0,1,0,0,0,1,0,0,,,,,,,,,,,,,,,,,,,,,,,,,,,,,,,,,2024-2025
196,Jacopo Bacci,it ITA,MF,Empoli,it Serie A,19.0,2005.0,3,0,31,0.3,0,0,0,0,0,0,0,0,0.0,0.0,0.0,0.0,0.0,0.0,0,1,0,0,0,,0.0,0.0,,,,0,0,0,0.0,0.0,,0.0,0.0,6,11,54.5,113,46,0,0.0,0.0,0.0,0,1,0,0,1,10,0,0,0,0,0,0,0,0,0,0,6,1,0,1,0,0,1,100.0,0,0,0,0,1,2,1,0,0,0.0,0,0,0,0,0,0,0,0.0,14,1,4,10,0,0,14,0,0,,0,,5,25,1,0,0,0,0,0,5,0,0,0,0,0,1,0,0,1,0,0,0,0,0,1,0,100.0,,,,,,,,,,,,,,,,,,,,,,,,,,,,,,,,2024-2025
198,Loïc Bade,fr FRA,DF,Sevilla,es La Liga,24.0,2000.0,32,31,2686,29.8,1,1,2,1,0,0,7,1,0.6,0.6,0.7,1.3,0.07,0.04,11,62,6,13,4,30.8,0.44,0.13,0.08,0.25,15.0,0,0,0,0.6,0.6,0.05,0.4,0.4,1562,1822,85.7,31207,11821,1,0.7,0.2,0.3,4,94,3,0,62,1752,62,48,1,18,8,6,0,0,0,0,1562,47,27,37,10,0,31,74.2,8,22,13,9,29,76,162,2,23,0.77,20,0,1,2,0,0,2,0.07,2135,284,1298,799,54,20,2135,22,17,77.3,2,9.1,1173,5710,2853,11,10,1,17,8,1463,6,7,1,0,26,10,0,8,29,27,0,1,0,138,65,30,68.4,,,,,,,,,,,,,,,,,,,,,,,,,,,,,,,,2024-2025
199,Milan Badelj,hr CRO,MF,Genoa,it Serie A,35.0,1989.0,23,21,1472,16.4,1,0,1,1,0,0,2,0,1.0,1.0,1.1,2.1,0.06,0.13,8,83,14,14,2,14.3,0.86,0.12,0.07,0.5,21.0,0,0,0,1.0,1.0,0.07,0.0,0.0,681,836,81.5,11772,3955,0,1.1,0.9,-1.1,12,73,10,0,83,794,37,31,4,7,5,3,2,0,0,0,681,29,16,14,10,5,35,42.9,20,19,7,12,20,49,43,0,26,1.59,20,0,0,4,2,0,1,0.06,1014,58,268,623,129,13,1014,20,9,45.0,9,45.0,499,1952,803,8,8,2,19,11,658,14,2,0,0,18,19,0,5,20,16,0,0,0,74,10,6,62.5,,,,,,,,,,,,,,,,,,,,,,,,,,,,,,,,2024-2025
200,Benoît Badiashile,fr FRA,DF,Chelsea,eng Premier League,23.0,2001.0,5,3,334,3.7,0,0,0,0,0,0,0,0,0.0,0.0,0.0,0.0,0.0,0.0,3,17,2,0,0,,0.0,0.0,,,,0,0,0,0.0,0.0,,0.0,0.0,273,304,89.8,4820,1473,0,0.0,0.1,0.0,0,37,1,0,17,288,15,5,0,1,0,0,0,0,0,0,273,9,6,5,4,0,5,80.0,1,2,2,0,6,15,12,2,0,0.0,0,0,0,0,0,0,0,0.0,336,31,138,186,13,0,336,1,0,0.0,1,100.0,177,660,340,3,5,0,1,0,247,2,0,0,0,6,2,0,0,6,6,0,0,0,18,8,2,80.0,,,,,,,,,,,,,,,,,,,,,,,,,,,,,,,,2024-2025
201,Alex Baena,es ESP,"MF,FW",Villarreal,es La Liga,23.0,2001.0,32,30,2595,28.8,7,9,16,7,0,1,9,0,7.1,6.3,11.7,18.1,0.55,0.65,91,189,154,69,17,24.6,2.39,0.59,0.1,0.41,21.0,8,0,1,7.1,6.3,0.09,-0.1,0.7,857,1287,66.6,17433,6579,9,11.7,12.6,-2.7,95,95,72,19,189,1082,192,52,22,20,207,24,107,43,42,0,857,28,15,6,14,8,39,25.6,29,29,2,27,22,50,22,2,169,5.86,108,41,4,11,4,1,21,0.73,1569,23,209,634,762,89,1568,56,21,37.5,27,48.2,895,5493,3201,91,93,15,42,32,1044,154,9,0,0,43,47,5,207,22,15,0,0,0,140,16,19,45.7,,,,,,,,,,,,,,,,,,,,,,,,,,,,,,,,2024-2025
202,Juma Bah,sl SLE,DF,Valladolid,es La Liga,18.0,2006.0,12,10,864,9.6,0,0,0,0,0,0,1,0,0.3,0.3,0.0,0.3,0.0,0.03,0,13,1,3,1,33.3,0.31,0.1,0.0,0.0,9.1,0,0,0,0.3,0.3,0.09,-0.3,-0.3,330,407,81.1,6294,2123,0,0.0,0.0,0.0,1,15,0,0,13,393,12,11,0,1,0,0,0,0,0,0,330,10,7,7,3,0,5,60.0,2,15,8,7,12,22,60,0,2,0.21,2,0,0,0,0,0,0,0.0,523,85,321,194,10,8,523,4,3,75.0,1,25.0,265,1091,459,0,1,0,3,5,316,1,1,0,0,6,6,0,0,12,7,0,0,0,35,31,13,70.5,,,,,,,,,,,,,,,,,,,,,,,,,,,,,,,,2024-2025
204,Leon Bailey,jm JAM,"FW,MF",Aston Villa,eng Premier League,26.0,1997.0,24,14,1139,12.7,1,2,3,1,0,0,3,0,1.7,1.7,1.5,3.3,0.24,0.26,58,35,121,28,6,21.4,2.21,0.47,0.04,0.17,17.3,2,0,0,1.7,1.7,0.06,-0.7,-0.7,277,390,71.0,4313,1055,2,1.5,3.0,0.5,16,16,20,2,35,369,18,0,5,1,34,1,17,9,0,0,277,7,5,2,3,2,11,27.3,8,6,0,6,3,10,12,0,38,3.01,23,1,8,3,3,0,4,0.32,545,18,77,155,323,70,545,57,22,38.6,24,42.1,348,2582,1371,58,23,34,35,25,390,121,3,0,0,12,18,3,34,3,5,1,0,0,59,6,9,40.0,,,,,,,,,,,,,,,,,,,,,,,,,,,,,,,,2024-2025
205,Eric Bailly,ci CIV,DF,Villarreal,es La Liga,30.0,1994.0,12,8,617,6.9,0,0,0,0,0,0,2,1,0.3,0.3,0.0,0.3,0.0,0.05,1,18,0,4,0,0.0,0.58,0.0,0.0,,7.8,0,0,0,0.3,0.3,0.08,-0.3,-0.3,280,320,87.5,5019,1914,0,0.0,0.0,0.0,0,18,0,0,18,300,19,11,0,0,0,2,0,0,0,0,280,12,4,6,6,0,4,75.0,1,12,6,6,6,18,29,0,2,0.29,1,0,0,1,0,0,0,0.0,394,57,196,186,13,5,394,3,3,100.0,0,0.0,200,1048,519,1,4,0,6,1,251,0,2,1,0,7,1,0,0,6,4,0,1,0,19,11,7,61.1,,,,,,,,,,,,,,,,,,,,,,,,,,,,,,,,2024-2025
207,Stefan Bajcetic,es ESP,"MF,DF",Las Palmas,es La Liga,19.0,2004.0,14,12,969,10.8,1,0,1,1,0,0,4,0,0.3,0.3,0.2,0.5,0.09,0.05,8,39,9,5,2,40.0,0.46,0.19,0.2,0.5,23.1,0,0,0,0.3,0.3,0.05,0.7,0.7,300,418,71.8,5892,1599,0,0.2,0.3,-0.2,7,28,8,0,39,397,18,14,0,9,4,2,1,1,0,0,300,29,14,13,13,3,28,42.9,16,25,4,21,15,44,26,1,14,1.3,10,0,0,2,2,0,1,0.09,570,33,148,339,90,6,570,24,11,45.8,9,37.5,238,1175,538,8,9,0,21,6,293,9,4,0,0,21,14,0,4,15,14,0,1,0,61,17,13,56.7,,,,,,,,,,,,,,,,,,,,,,,,,,,,,,,,2024-2025
208,Cédric Bakambu,cd COD,FW,Betis,es La Liga,33.0,1991.0,25,6,710,7.9,2,2,4,2,0,0,4,0,3.2,3.2,0.6,3.7,0.51,0.47,9,14,43,24,11,45.8,3.04,1.39,0.08,0.18,13.7,0,0,0,3.2,3.2,0.13,-1.2,-1.2,84,126,66.7,967,218,2,0.6,0.8,1.4,8,9,5,0,14,120,5,0,1,0,2,0,0,0,0,0,84,6,4,0,5,1,7,42.9,4,13,2,11,0,6,5,0,11,1.39,9,0,0,1,1,0,3,0.38,226,6,16,97,115,33,226,7,1,14.3,5,71.4,113,505,274,9,4,7,28,11,157,43,4,0,0,23,7,12,2,0,4,1,0,0,25,12,26,31.6,,,,,,,,,,,,,,,,,,,,,,,,,,,,,,,,2024-2025
209,Mitchel Bakker,nl NED,MF,Atalanta,it Serie A,24.0,2000.0,1,0,22,0.2,0,0,0,0,0,0,0,0,0.0,0.0,0.0,0.0,0.0,0.0,0,1,1,0,0,,0.0,0.0,,,,0,0,0,0.0,0.0,,0.0,0.0,7,9,77.8,109,22,0,0.0,0.0,0.0,0,1,0,0,1,8,1,0,0,0,1,0,1,0,1,0,7,1,0,1,0,0,1,100.0,0,0,0,0,0,1,0,0,0,0.0,0,0,0,0,0,0,0,0.0,10,0,2,5,3,0,10,0,0,,0,,6,23,15,0,0,0,0,0,7,1,0,0,0,1,0,0,1,0,0,0,0,0,2,1,1,50.0,,,,,,,,,,,,,,,,,,,,,,,,,,,,,,,,2024-2025
215,Tommaso Baldanzi,it ITA,"MF,FW",Roma,it Serie A,21.0,2003.0,31,5,832,9.2,1,1,2,1,0,0,2,0,1.4,1.4,1.0,2.4,0.22,0.26,39,23,57,20,4,20.0,2.16,0.43,0.05,0.25,18.6,0,0,0,1.4,1.4,0.07,-0.4,-0.4,305,363,84.0,3953,740,1,1.0,0.8,0.0,10,22,6,0,23,344,17,2,4,1,7,10,0,0,0,0,305,12,4,5,4,3,12,33.3,8,4,0,4,6,18,8,0,36,3.89,23,0,6,4,2,1,4,0.43,472,5,43,191,248,38,472,39,17,43.6,21,53.8,292,1963,994,39,31,10,16,9,335,57,2,0,0,7,16,0,7,6,4,0,0,0,48,1,3,25.0,,,,,,,,,,,,,,,,,,,,,,,,,,,,,,,,2024-2025
216,Alejandro Balde,es ESP,DF,Barcelona,es La Liga,20.0,2003.0,32,26,2284,25.4,0,4,4,0,0,0,2,0,0.5,0.5,3.4,3.9,0.16,0.15,107,93,246,12,3,25.0,0.47,0.12,0.0,0.0,22.0,0,0,0,0.5,0.5,0.04,-0.5,-0.5,1306,1484,88.0,19158,3986,4,3.4,2.8,0.6,26,51,39,11,93,1287,193,32,3,2,67,161,0,0,0,0,1306,18,10,10,5,3,17,64.7,6,24,5,19,5,23,27,0,76,2.99,60,3,3,3,7,0,12,0.47,1721,38,310,843,596,47,1721,110,46,41.8,44,40.0,1075,6639,3463,107,68,16,44,27,1245,246,2,0,0,16,37,0,67,5,10,0,0,0,122,16,9,64.0,,,,,,,,,,,,,,,,,,,,,,,,,,,,,,,,2024-2025
217,Keita Baldé,sn SEN,FW,Monza,it Serie A,29.0,1995.0,11,8,638,7.1,2,0,2,2,0,0,2,0,1.1,1.1,0.2,1.2,0.28,0.18,19,35,29,14,5,35.7,1.97,0.71,0.14,0.4,15.5,0,0,0,1.1,1.1,0.08,0.9,0.9,199,223,89.2,2878,575,0,0.2,0.4,-0.2,4,19,8,3,35,215,8,2,0,0,6,1,1,0,0,0,199,1,1,0,1,0,2,50.0,1,4,0,4,2,3,0,0,21,2.97,14,0,2,3,2,0,0,0.0,289,0,17,163,111,17,289,16,5,31.3,8,50.0,216,1250,631,19,15,2,20,15,255,29,2,0,0,7,23,3,6,2,1,0,0,0,12,5,11,31.3,,,,,,,,,,,,,,,,,,,,,,,,,,,,,,,,2024-2025
218,Carlos Baleba,cm CMR,MF,Brighton,eng Premier League,20.0,2004.0,34,31,2661,29.6,3,1,4,3,0,0,8,1,3.1,3.1,1.3,4.4,0.14,0.15,43,118,29,44,11,25.0,1.49,0.37,0.07,0.27,25.5,1,0,0,3.1,3.1,0.07,-0.1,-0.1,1149,1314,87.4,19305,4741,1,1.3,1.2,-0.3,21,109,23,3,118,1289,23,10,7,3,9,3,0,0,0,0,1149,79,46,26,37,16,80,60.0,32,47,11,36,46,125,44,1,66,2.23,55,0,2,5,1,3,4,0.14,1697,94,410,994,339,12,1697,57,33,57.9,20,35.1,971,5692,2810,43,45,3,39,42,1035,29,8,1,1,40,48,0,9,46,46,0,2,0,197,39,26,60.0,,,,,,,,,,,,,,,,,,,,,,,,,,,,,,,,2024-2025
220,Iván Balliu,al ALB,DF,Rayo Vallecano,es La Liga,32.0,1992.0,25,12,1200,13.3,0,0,0,0,0,0,3,0,0.0,0.0,0.5,0.5,0.0,0.04,8,46,21,1,0,0.0,0.07,0.0,0.0,,30.9,0,0,0,0.0,0.0,0.01,0.0,0.0,492,649,75.8,8082,3338,0,0.5,0.4,-0.5,7,38,6,4,46,471,176,12,0,1,19,164,0,0,0,0,492,17,14,8,5,4,18,33.3,12,16,4,12,13,30,39,0,19,1.43,14,3,0,1,1,0,1,0.08,762,42,262,340,166,10,762,6,3,50.0,1,16.7,326,1014,441,8,6,2,12,2,379,21,3,0,0,19,15,1,19,13,14,0,0,0,39,14,26,35.0,,,,,,,,,,,,,,,,,,,,,,,,,,,,,,,,2024-2025
222,Botond Balogh,hu HUN,DF,Parma,it Serie A,22.0,2002.0,29,23,2053,22.8,0,1,1,0,0,0,5,0,0.4,0.4,0.1,0.5,0.04,0.02,7,37,1,3,0,0.0,0.13,0.0,0.0,,5.3,0,0,0,0.4,0.4,0.14,-0.4,-0.4,861,964,89.3,16914,4970,1,0.1,0.3,0.9,2,24,0,0,37,891,72,43,0,1,1,5,0,0,0,0,861,36,16,22,13,1,28,71.4,8,34,26,8,25,61,141,2,8,0.35,7,0,0,0,0,1,2,0.09,1228,250,731,476,25,8,1228,0,0,,0,,621,2737,1401,7,3,0,9,1,725,1,5,0,0,17,7,0,1,25,16,0,2,0,64,34,29,54.0,,,,,,,,,,,,,,,,,,,,,,,,,,,,,,,,2024-2025
224,Mario Balotelli,it ITA,"FW,MF",Genoa,it Serie A,33.0,1990.0,6,0,62,0.7,0,0,0,0,0,0,2,0,0.0,0.0,0.0,0.0,0.0,0.07,0,1,5,2,0,0.0,2.9,0.0,0.0,,30.5,1,0,0,0.0,0.0,0.02,0.0,0.0,4,15,26.7,102,18,0,0.0,0.0,0.0,0,0,0,0,1,14,0,0,0,1,3,0,0,0,0,0,4,0,0,0,0,0,0,,0,0,0,0,0,0,1,0,0,0.0,0,0,0,0,0,0,0,0.0,23,1,4,7,12,1,23,0,0,,0,,10,46,23,0,1,0,1,0,16,5,2,0,0,2,2,0,3,0,0,0,0,0,1,2,2,50.0,,,,,,,,,,,,,,,,,,,,,,,,,,,,,,,,2024-2025
226,Jonathan Bamba,ci CIV,"FW,MF",Celta Vigo,es La Liga,28.0,1996.0,12,10,811,9.0,0,1,1,0,0,0,1,0,0.8,0.8,1.8,2.6,0.11,0.29,31,30,71,13,6,46.2,1.44,0.67,0.0,0.0,18.4,0,0,0,0.8,0.8,0.06,-0.8,-0.8,287,364,78.8,4015,1041,1,1.8,1.6,-0.8,12,20,13,6,30,347,14,2,3,1,25,11,1,0,0,0,287,12,7,4,6,2,12,41.7,7,6,0,6,5,17,6,0,28,3.11,24,0,2,2,0,0,4,0.44,468,7,74,235,170,21,468,38,15,39.5,19,50.0,307,1885,936,31,15,8,20,13,351,71,1,0,0,7,17,4,25,5,7,0,0,0,52,5,10,33.3,,,,,,,,,,,,,,,,,,,,,,,,,,,,,,,,2024-2025
229,Lameck Banda,zm ZAM,"FW,MF",Lecce,it Serie A,23.0,2001.0,15,6,610,6.8,0,1,1,0,0,0,1,0,1.2,1.2,1.1,2.3,0.15,0.34,27,7,46,17,4,23.5,2.51,0.59,0.0,0.0,19.7,0,0,0,1.2,1.2,0.07,-1.2,-1.2,125,162,77.2,1873,408,1,1.1,0.8,-0.1,11,3,8,6,7,155,7,2,2,1,26,3,2,1,1,0,125,8,5,4,2,2,12,25.0,9,7,0,7,2,10,8,1,23,3.39,15,1,3,1,3,0,1,0.15,252,5,39,100,120,21,252,28,10,35.7,14,50.0,169,1620,859,27,10,17,17,9,171,46,1,0,0,10,20,2,26,2,5,0,0,0,30,2,13,13.3,,,,,,,,,,,,,,,,,,,,,,,,,,,,,,,,2024-2025
230,Daniel Bandeira,pt POR,MF,Hellas Verona,it Serie A,24.0,2000.0,11,4,407,4.5,0,0,0,0,0,0,1,0,0.0,0.0,0.1,0.2,0.0,0.04,1,25,4,2,1,50.0,0.44,0.22,0.0,0.0,31.1,0,0,0,0.0,0.0,0.02,0.0,0.0,194,235,82.6,3055,966,0,0.1,0.1,-0.1,3,18,1,0,25,221,14,7,0,1,8,0,7,4,3,0,194,4,0,1,3,0,6,50.0,3,2,1,1,6,10,8,0,6,1.33,5,1,0,0,0,0,0,0.0,266,12,75,171,24,0,266,1,1,100.0,0,0.0,148,750,352,1,2,0,4,6,167,4,1,0,0,4,4,0,8,6,0,0,0,0,36,7,3,70.0,,,,,,,,,,,,,,,,,,,,,,,,,,,,,,,,2024-2025
231,Mattia Bani,it ITA,DF,Genoa,it Serie A,30.0,1993.0,20,19,1507,16.7,0,0,0,0,0,0,3,0,1.2,1.2,0.2,1.4,0.0,0.08,6,25,3,8,3,37.5,0.48,0.18,0.0,0.0,9.2,0,0,0,1.2,1.2,0.15,-1.2,-1.2,768,879,87.4,15516,5490,0,0.2,0.2,-0.2,2,18,2,1,25,844,32,30,0,3,4,1,0,0,0,0,768,19,10,11,6,2,11,63.6,4,13,8,5,22,41,85,2,7,0.42,6,0,0,1,0,0,2,0.12,1048,180,689,340,24,10,1048,5,2,40.0,0,0.0,558,2317,1013,6,1,0,4,3,699,3,3,0,0,7,11,1,4,22,10,0,0,0,60,22,23,48.9,,,,,,,,,,,,,,,,,,,,,,,,,,,,,,,,2024-2025
234,Adrian Baquerin,es ESP,FW,Valladolid,es La Liga,17.0,2007.0,5,0,49,0.5,0,0,0,0,0,0,0,0,0.4,0.4,0.0,0.4,0.0,0.71,0,1,0,3,0,0.0,5.51,0.0,0.0,,11.0,0,0,0,0.4,0.4,0.13,-0.4,-0.4,9,10,90.0,122,11,0,0.0,0.0,0.0,0,0,1,0,1,9,1,1,0,0,0,0,0,0,0,0,9,1,1,0,1,0,0,,0,0,0,0,0,1,1,0,1,1.87,1,0,0,0,0,0,0,0.0,18,1,2,8,8,3,18,2,0,0.0,1,50.0,10,21,4,0,0,0,1,1,11,0,0,0,0,0,2,0,0,0,1,0,0,0,1,1,0,100.0,,,,,,,,,,,,,,,,,,,,,,,,,,,,,,,,2024-2025
235,Antonín Barák,cz CZE,MF,Fiorentina,it Serie A,29.0,1994.0,1,1,54,0.6,0,0,0,0,0,0,0,0,0.1,0.1,0.3,0.4,0.0,0.6,2,2,5,2,2,100.0,3.33,3.33,0.0,0.0,25.7,0,0,0,0.1,0.1,0.04,-0.1,-0.1,17,20,85.0,228,77,0,0.3,0.1,-0.3,3,1,1,0,2,20,0,0,0,0,1,0,0,0,0,0,17,2,0,0,2,0,2,0.0,2,1,1,0,0,2,0,0,3,5.0,3,0,0,0,0,0,0,0.0,25,1,2,11,12,3,25,1,0,0.0,1,100.0,20,117,35,2,1,0,1,0,20,5,0,0,0,0,0,0,1,0,0,0,0,0,2,0,1,0.0,,,,,,,,,,,,,,,,,,,,,,,,,,,,,,,,2024-2025
236,Federico Barba,it ITA,DF,Como,it Serie A,30.0,1993.0,7,5,431,4.8,0,0,0,0,0,0,0,0,0.2,0.2,0.0,0.2,0.0,0.04,5,25,5,2,1,50.0,0.42,0.21,0.0,0.0,8.9,0,0,0,0.2,0.2,0.1,-0.2,-0.2,258,292,88.4,4163,1406,0,0.0,0.0,0.0,0,18,2,0,25,263,29,12,0,1,3,9,0,0,0,0,258,2,2,1,1,0,4,25.0,3,2,2,0,4,6,15,0,3,0.63,3,0,0,0,0,0,0,0.0,320,33,155,144,21,5,320,0,0,,0,,201,999,567,5,2,0,1,1,215,5,0,0,0,3,1,0,3,4,2,0,0,0,19,5,8,38.5,,,,,,,,,,,,,,,,,,,,,,,,,,,,,,,,2024-2025
237,Valentín Barco,ar ARG,"DF,FW",Sevilla,es La Liga,20.0,2004.0,7,3,288,3.2,0,0,0,0,0,0,0,0,0.3,0.3,0.6,0.9,0.0,0.28,4,13,13,7,0,0.0,2.19,0.0,0.0,,27.8,2,0,0,0.3,0.3,0.04,-0.3,-0.3,139,191,72.8,2139,895,0,0.6,0.3,-0.6,6,12,3,0,13,141,48,9,2,2,24,30,9,0,5,0,139,15,9,8,3,4,15,80.0,3,0,0,0,2,17,5,0,10,3.12,5,4,0,1,0,0,0,0.0,236,4,45,92,100,3,236,13,3,23.1,9,69.2,124,546,254,4,4,0,6,4,142,13,0,0,0,7,5,0,24,2,9,0,0,0,16,0,2,0.0,,,,,,,,,,,,,,,,,,,,,,,,,,,,,,,,2024-2025
241,Nicolò Barella,it ITA,MF,Inter,it Serie A,27.0,1997.0,32,28,2456,27.3,3,6,9,3,0,0,4,0,2.2,2.2,4.5,6.7,0.33,0.24,63,235,133,42,9,21.4,1.54,0.33,0.07,0.33,24.8,1,0,0,2.2,2.2,0.05,0.8,0.8,1484,1808,82.1,26231,7745,6,4.5,5.1,1.5,55,172,54,12,235,1742,48,31,18,23,68,7,10,1,8,0,1484,50,31,19,20,11,59,44.1,33,26,3,23,12,62,16,1,112,4.07,89,7,5,5,4,2,15,0.54,2064,43,332,1121,634,42,2064,57,23,40.4,27,47.4,1393,6866,3158,63,47,8,29,42,1612,133,4,0,0,25,33,4,68,12,31,0,0,0,165,26,25,51.0,,,,,,,,,,,,,,,,,,,,,,,,,,,,,,,,2024-2025
243,Borna Barišić,hr CRO,DF,Leganés,es La Liga,31.0,1992.0,1,1,9,0.1,0,0,0,0,0,0,0,0,0.0,0.0,0.0,0.0,0.0,0.0,0,0,0,0,0,,0.0,0.0,,,,0,0,0,0.0,0.0,,0.0,0.0,3,4,75.0,48,2,0,0.0,0.0,0.0,0,0,0,0,0,2,1,0,0,0,0,1,0,0,0,0,3,0,0,0,0,0,0,,0,0,0,0,0,0,0,0,0,0.0,0,0,0,0,0,0,0,0.0,4,0,0,2,2,0,4,0,0,,0,,2,6,1,0,0,0,0,0,3,0,0,0,0,0,0,0,0,0,0,0,0,0,0,0,0,,,,,,,,,,,,,,,,,,,,,,,,,,,,,,,,,2024-2025
245,Kike Barja,es ESP,"FW,MF",Osasuna,es La Liga,27.0,1997.0,15,3,315,3.5,0,1,1,0,0,0,3,0,0.2,0.2,1.2,1.4,0.29,0.39,22,4,39,4,1,25.0,1.14,0.29,0.0,0.0,18.8,0,0,0,0.2,0.2,0.05,-0.2,-0.2,74,114,64.9,1428,431,1,1.2,1.3,-0.2,10,3,8,7,4,99,13,2,0,1,37,3,8,0,7,0,74,5,4,1,3,1,4,50.0,2,5,0,5,3,8,4,0,18,5.14,9,4,3,0,2,0,2,0.57,167,1,24,46,98,17,167,16,7,43.8,8,50.0,102,831,384,22,9,5,16,5,111,39,3,0,0,9,4,1,37,3,4,0,0,0,10,5,8,38.5,,,,,,,,,,,,,,,,,,,,,,,,,,,,,,,,2024-2025
246,Ross Barkley,eng ENG,MF,Aston Villa,eng Premier League,30.0,1993.0,20,3,581,6.5,3,1,4,3,0,0,3,0,1.8,1.8,0.6,2.4,0.62,0.37,15,36,10,16,5,31.3,2.48,0.77,0.19,0.6,14.2,0,0,0,1.8,1.8,0.11,1.2,1.2,337,395,85.3,5232,1260,1,0.6,0.4,0.4,9,32,6,0,36,381,13,11,0,3,1,1,0,0,0,0,337,14,3,4,10,0,14,64.3,5,9,3,6,10,24,5,0,18,2.78,15,1,2,0,0,0,3,0.46,464,17,75,275,121,19,464,16,12,75.0,4,25.0,277,1560,733,15,15,2,7,8,328,10,3,0,0,8,3,0,1,10,3,0,0,0,43,6,4,60.0,,,,,,,,,,,,,,,,,,,,,,,,,,,,,,,,2024-2025
248,Harvey Barnes,eng ENG,FW,Newcastle Utd,eng Premier League,26.0,1997.0,33,17,1755,19.5,9,4,13,9,0,0,0,0,7.2,7.2,4.0,11.2,0.67,0.57,93,83,192,63,20,31.7,3.23,1.03,0.14,0.45,15.1,0,0,0,7.2,7.2,0.11,1.8,1.8,474,607,78.1,6642,1989,4,4.0,4.6,0.0,26,25,41,9,83,590,15,3,5,1,47,10,2,0,0,0,474,16,9,4,6,6,11,27.3,8,8,2,6,6,22,15,1,64,3.27,44,1,7,6,6,0,9,0.46,810,17,97,257,462,128,810,64,24,37.5,33,51.6,561,4196,2467,93,48,47,33,23,647,192,0,0,0,15,22,5,47,6,9,0,0,0,55,6,15,28.6,,,,,,,,,,,,,,,,,,,,,,,,,,,,,,,,2024-2025
249,Enzo Barrenechea,ar ARG,MF,Valencia,es La Liga,23.0,2001.0,30,26,2191,24.3,1,2,3,1,0,0,6,0,1.3,1.3,0.9,2.3,0.12,0.09,21,126,16,16,3,18.8,0.66,0.12,0.06,0.33,18.5,0,0,0,1.3,1.3,0.08,-0.3,-0.3,1170,1352,86.5,20141,5421,2,0.9,1.1,1.1,15,143,7,0,126,1292,55,54,3,22,3,1,0,0,0,0,1170,57,30,22,29,6,46,69.6,14,30,8,22,28,85,48,1,44,1.81,35,1,0,1,3,4,8,0.33,1601,68,378,1038,198,14,1601,31,11,35.5,15,48.4,762,3275,1515,21,17,0,23,18,1068,16,6,0,0,25,45,0,3,28,30,1,0,0,117,37,24,60.7,,,,,,,,,,,,,,,,,,,,,,,,,,,,,,,,2024-2025
250,Ander Barrenetxea,es ESP,"MF,FW",Real Sociedad,es La Liga,22.0,2001.0,30,14,1263,14.0,1,3,4,1,0,0,6,0,1.6,1.6,1.9,3.6,0.29,0.26,43,48,152,25,8,32.0,1.78,0.57,0.04,0.13,16.2,0,0,0,1.6,1.6,0.07,-0.6,-0.6,375,529,70.9,6235,1409,3,1.9,2.5,1.1,16,23,22,4,48,506,19,1,1,11,54,11,7,4,0,0,375,26,19,7,14,5,23,26.1,17,15,0,15,11,37,16,1,42,2.99,31,1,2,5,1,2,6,0.43,751,11,102,263,402,63,751,69,26,37.7,40,58.0,470,2996,1239,43,26,19,47,26,522,152,6,0,0,33,13,6,54,11,19,0,1,0,88,7,14,33.3,,,,,,,,,,,,,,,,,,,,,,,,,,,,,,,,2024-2025
251,Pablo Barrios,es ESP,MF,Atlético Madrid,es La Liga,21.0,2003.0,31,28,2330,25.9,1,4,5,1,0,0,4,1,1.3,1.3,2.4,3.7,0.19,0.14,29,142,69,29,8,27.6,1.12,0.31,0.03,0.13,23.1,0,0,0,1.3,1.3,0.05,-0.3,-0.3,1299,1511,86.0,20821,5648,4,2.4,2.0,1.6,26,148,24,5,142,1478,30,23,5,11,26,5,0,0,0,0,1299,46,26,23,20,3,47,48.9,24,18,5,13,34,80,33,9,66,2.55,58,1,1,3,1,2,11,0.43,1784,51,415,1001,378,29,1784,42,25,59.5,14,33.3,1119,5204,2315,29,35,6,49,23,1308,69,4,1,0,28,27,0,26,34,26,0,0,0,131,35,21,62.5,,,,,,,,,,,,,,,,,,,,,,,,,,,,,,,,2024-2025
252,Thierno Barry,fr FRA,FW,Villarreal,es La Liga,21.0,2002.0,35,25,2323,25.8,11,4,15,10,1,1,4,0,12.5,11.7,2.9,14.6,0.54,0.6,44,27,124,71,24,33.8,2.75,0.93,0.14,0.42,12.0,0,1,1,12.5,11.7,0.17,-1.5,-1.7,209,337,62.0,2946,546,4,2.9,2.0,1.1,23,14,12,1,27,328,9,0,4,1,5,0,0,0,0,0,209,11,8,2,5,4,10,40.0,6,15,2,13,0,11,19,0,46,1.78,32,0,3,6,3,2,6,0.23,624,22,44,246,346,126,623,50,18,36.0,25,50.0,347,2237,1041,44,35,25,86,27,485,124,4,0,0,47,51,20,5,0,8,1,1,0,36,99,48,67.3,,,,,,,,,,,,,,,,,,,,,,,,,,,,,,,,2024-2025
253,Davide Bartesaghi,it ITA,DF,Milan,it Serie A,18.0,2005.0,4,1,118,1.3,0,0,0,0,0,0,0,1,0.0,0.0,0.1,0.1,0.0,0.09,2,2,17,1,1,100.0,0.76,0.76,0.0,0.0,24.6,0,0,0,0.0,0.0,0.01,0.0,0.0,65,76,85.5,938,308,0,0.1,0.2,-0.1,2,1,3,3,2,69,7,1,0,0,10,5,1,0,0,0,65,4,2,1,1,2,4,100.0,0,1,1,0,3,7,1,0,2,1.53,2,0,0,0,0,0,0,0.0,89,2,14,36,40,2,89,2,0,0.0,2,100.0,55,228,121,2,3,0,0,1,61,17,0,1,0,1,0,1,10,3,2,0,0,0,2,1,0,100.0,,,,,,,,,,,,,,,,,,,,,,,,,,,,,,,,2024-2025
254,Marc Bartra,es ESP,DF,Betis,es La Liga,33.0,1991.0,25,23,2099,23.3,2,1,3,2,0,0,2,0,1.2,1.2,0.2,1.4,0.13,0.06,7,68,1,18,5,27.8,0.77,0.21,0.11,0.4,20.8,1,0,0,1.2,1.2,0.07,0.8,0.8,945,1163,81.3,19271,6573,1,0.2,0.3,0.8,4,64,5,1,68,1093,63,50,3,19,1,5,0,0,0,0,945,33,19,20,13,0,26,57.7,11,41,25,16,33,66,148,0,13,0.56,10,0,1,2,0,0,3,0.13,1483,219,862,561,70,18,1483,15,7,46.7,8,53.3,804,3902,2534,7,15,1,12,5,903,1,2,0,0,15,14,2,1,33,19,0,1,0,88,50,42,54.3,,,,,,,,,,,,,,,,,,,,,,,,,,,,,,,,2024-2025
255,Federico Baschirotto,it ITA,DF,Lecce,it Serie A,27.0,1996.0,38,38,3420,38.0,2,0,2,2,0,0,3,0,1.2,1.2,0.2,1.4,0.05,0.04,13,71,5,22,8,36.4,0.58,0.21,0.09,0.25,11.8,0,0,0,1.2,1.2,0.06,0.8,0.8,1409,1635,86.2,28512,9707,0,0.2,0.5,-0.2,4,51,5,0,71,1462,170,78,0,15,5,9,0,0,0,0,1409,37,25,30,5,2,28,78.6,6,44,32,12,23,60,237,2,17,0.45,13,2,0,2,0,0,1,0.03,2043,370,1242,736,73,36,2043,5,4,80.0,0,0.0,940,4670,2500,13,9,0,13,1,1157,5,3,0,0,31,7,0,5,23,25,0,3,0,93,104,55,65.4,,,,,,,,,,,,,,,,,,,,,,,,,,,,,,,,2024-2025
256,Daniele Baselli,it ITA,MF,Como,it Serie A,32.0,1992.0,2,1,22,0.2,0,0,0,0,0,0,0,0,0.0,0.0,0.0,0.0,0.0,0.0,2,4,0,0,0,,0.0,0.0,,,,0,0,0,0.0,0.0,,0.0,0.0,24,27,88.9,437,123,0,0.0,0.0,0.0,0,2,0,0,4,26,1,1,0,0,0,0,0,0,0,0,24,0,0,0,0,0,0,,0,0,0,0,1,1,1,0,0,0.0,0,0,0,0,0,0,0,0.0,31,1,6,23,2,0,31,0,0,,0,,22,134,45,2,0,0,1,0,24,0,0,0,0,0,1,0,0,1,0,0,0,0,0,0,1,0.0,,,,,,,,,,,,,,,,,,,,,,,,,,,,,,,,2024-2025
257,Calvin Bassey,ng NGA,DF,Fulham,eng Premier League,24.0,1999.0,35,34,3074,34.2,1,0,1,1,0,0,7,0,1.0,1.0,0.1,1.2,0.03,0.03,39,116,15,14,4,28.6,0.41,0.12,0.07,0.25,15.3,0,0,0,1.0,1.0,0.07,0.0,0.0,1934,2155,89.7,34171,11961,0,0.1,0.4,-0.1,3,152,3,0,116,2025,128,48,0,10,8,8,0,0,0,0,1934,54,34,35,19,0,31,71.0,9,40,17,23,20,74,118,8,23,0.67,19,1,2,0,0,1,3,0.09,2463,324,1205,1151,132,19,2463,33,15,45.5,11,33.3,1571,8212,4940,39,20,5,34,8,1716,15,7,0,0,26,32,2,8,20,34,0,0,0,168,43,33,56.6,,,,,,,,,,,,,,,,,,,,,,,,,,,,,,,,2024-2025
258,Aboubacar Bassinga,ci CIV,MF,Las Palmas,es La Liga,19.0,2005.0,1,0,4,0.0,0,0,0,0,0,0,0,0,0.0,0.0,0.0,0.0,0.0,0.0,0,0,0,0,0,,0.0,0.0,,,,0,0,0,0.0,0.0,,0.0,0.0,2,4,50.0,53,0,0,0.0,0.0,0.0,0,0,0,0,0,4,0,0,1,0,0,0,0,0,0,0,2,0,0,0,0,0,0,,0,0,0,0,0,0,0,0,0,0.0,0,0,0,0,0,0,0,0.0,4,0,0,4,0,0,4,0,0,,0,,3,11,4,0,0,0,0,1,3,0,0,0,0,1,0,0,0,0,0,0,0,0,0,0,0,,,,,,,,,,,,,,,,,,,,,,,,,,,,,,,,,2024-2025
259,Alessandro Bastoni,it ITA,DF,Inter,it Serie A,25.0,1999.0,32,30,2333,25.9,1,5,6,1,0,0,6,1,0.8,0.8,2.3,3.2,0.23,0.12,62,162,83,12,2,16.7,0.46,0.08,0.08,0.5,13.3,0,0,0,0.8,0.8,0.06,0.2,0.2,1966,2225,88.4,36493,11275,5,2.3,2.8,2.7,27,128,49,24,162,1990,223,74,3,22,61,115,0,0,0,0,1966,46,23,26,14,6,30,66.7,10,25,13,12,21,67,52,1,71,2.66,61,4,0,1,3,2,11,0.41,2446,196,824,1181,454,28,2446,16,7,43.8,5,31.3,1633,8290,4995,62,72,5,26,5,1815,83,6,1,1,43,38,0,61,21,23,0,0,0,96,44,24,64.7,,,,,,,,,,,,,,,,,,,,,,,,,,,,,,,,2024-2025
260,Augusto Batalla,ar ARG,GK,Rayo Vallecano,es La Liga,28.0,1996.0,32,32,2880,32.0,0,0,0,0,0,0,6,0,0.0,0.0,0.0,0.0,0.0,0.0,0,2,0,0,0,,0.0,0.0,,,,0,0,0,0.0,0.0,,0.0,0.0,784,1177,66.6,23121,17259,0,0.0,0.1,0.0,1,25,1,0,2,882,291,107,0,2,0,0,0,0,0,0,784,4,2,4,0,0,6,66.7,2,0,0,0,0,4,15,4,7,0.22,6,1,0,0,0,0,0,0.0,1260,1034,1245,15,0,0,1260,6,6,100.0,0,0.0,769,3644,2275,0,0,0,1,0,628,0,6,0,0,1,6,0,0,0,2,0,0,0,49,9,0,100.0,39.0,1.22,133.0,93.0,75.2,10.0,12.0,10.0,8.0,25.0,8.0,6.0,2.0,0.0,40.0,0.25,2.0,0.06,177.0,534.0,33.1,989.0,129.0,42.3,38.2,453.0,35.0,7.7,38.0,1.19,14.4,2024-2025
266,Rafael Bauza,es ESP,MF,Espanyol,es La Liga,19.0,2005.0,5,2,183,2.0,0,0,0,0,0,0,1,0,0.1,0.1,0.0,0.1,0.0,0.04,1,7,3,3,0,0.0,1.48,0.0,0.0,,23.3,0,0,0,0.1,0.1,0.03,-0.1,-0.1,46,54,85.2,779,192,0,0.0,0.0,0.0,0,3,1,0,7,52,2,2,1,1,0,0,0,0,0,0,46,5,3,3,1,1,7,57.1,3,3,1,2,0,5,5,0,1,0.49,0,0,1,0,0,0,0,0.0,74,6,22,39,14,1,74,2,1,50.0,1,50.0,37,193,102,1,2,0,1,0,42,3,1,0,0,8,0,0,0,0,3,0,0,0,4,3,2,60.0,,,,,,,,,,,,,,,,,,,,,,,,,,,,,,,,2024-2025
267,Altay Bayındır,tr TUR,GK,Manchester Utd,eng Premier League,26.0,1998.0,4,4,360,4.0,0,0,0,0,0,0,0,0,0.0,0.0,0.0,0.0,0.0,0.0,0,0,0,0,0,,0.0,0.0,,,,0,0,0,0.0,0.0,,0.0,0.0,92,152,60.5,2444,1386,0,0.0,0.0,0.0,0,1,0,0,0,121,31,7,0,0,0,0,0,0,0,0,92,0,0,0,0,0,1,0.0,1,0,0,0,0,0,9,1,0,0.0,0,0,0,0,0,0,0,0.0,168,145,166,2,0,0,168,0,0,,0,,110,432,196,0,0,0,0,0,103,0,0,0,0,0,1,0,0,0,0,0,0,0,3,1,1,50.0,10.0,2.5,17.0,8.0,41.2,1.0,0.0,3.0,1.0,25.0,0.0,0.0,0.0,0.0,10.1,0.59,1.1,0.27,13.0,62.0,21.0,128.0,12.0,34.4,34.1,56.0,4.0,7.1,7.0,1.75,12.0,2024-2025
270,Sheraldo Becker,sr SUR,"FW,MF",Real Sociedad,es La Liga,29.0,1995.0,22,11,995,11.1,2,1,3,2,0,0,1,1,2.0,2.0,2.0,4.0,0.27,0.36,51,23,110,22,13,59.1,1.99,1.18,0.09,0.15,19.1,0,0,0,2.0,2.0,0.09,0.0,0.0,200,313,63.9,3391,742,1,2.0,1.7,-1.0,8,6,17,5,23,304,8,0,0,1,64,4,2,0,0,0,200,3,2,0,3,0,2,0.0,2,4,0,4,1,4,10,0,21,1.9,17,0,2,1,1,0,1,0.09,384,10,41,113,236,36,384,11,4,36.4,4,36.4,242,1882,1038,51,16,14,17,4,300,110,1,1,0,8,15,9,64,1,2,0,0,0,30,7,16,30.4,,,,,,,,,,,,,,,,,,,,,,,,,,,,,,,,2024-2025
272,Jan Bednarek,pl POL,DF,Southampton,eng Premier League,28.0,1996.0,30,30,2531,28.1,2,0,2,2,0,0,7,0,0.7,0.7,0.5,1.2,0.07,0.04,5,60,2,5,2,40.0,0.18,0.07,0.4,1.0,16.0,0,0,0,0.7,0.7,0.13,1.3,1.3,1564,1687,92.7,27781,8925,0,0.5,0.9,-0.5,5,72,1,0,60,1606,79,33,0,7,1,1,0,0,0,0,1564,36,19,23,13,0,31,51.6,15,47,36,11,56,92,190,5,16,0.57,15,0,0,1,0,0,0,0.0,2049,386,1091,924,41,15,2049,3,3,100.0,0,0.0,1046,3845,1742,5,5,1,9,3,1307,2,7,0,0,31,13,0,1,56,19,0,1,0,106,71,37,65.7,,,,,,,,,,,,,,,,,,,,,,,,,,,,,,,,2024-2025
273,Donny van de Beek,nl NED,MF,Girona,es La Liga,27.0,1997.0,26,16,1421,15.8,2,2,4,2,0,0,5,0,1.5,1.5,3.2,4.7,0.25,0.3,17,45,85,18,5,27.8,1.14,0.32,0.11,0.4,14.7,0,0,0,1.5,1.5,0.08,0.5,0.5,365,447,81.7,5265,1056,2,3.2,3.6,-1.2,18,21,11,0,45,438,9,0,2,2,11,0,0,0,0,0,365,29,18,17,7,5,26,50.0,13,19,3,16,10,39,12,0,28,1.77,27,0,0,1,0,0,2,0.13,580,14,113,246,230,61,580,13,6,46.2,7,53.8,281,1412,588,17,15,2,13,15,387,85,5,0,0,22,8,3,11,10,18,0,0,0,48,10,9,52.6,,,,,,,,,,,,,,,,,,,,,,,,,,,,,,,,2024-2025
277,Luken Beitia,es ESP,DF,Real Sociedad,es La Liga,20.0,2004.0,1,0,8,0.1,0,0,0,0,0,0,0,0,0.0,0.0,0.0,0.0,0.0,0.0,0,0,0,0,0,,0.0,0.0,,,,0,0,0,0.0,0.0,,0.0,0.0,5,5,100.0,108,22,0,0.0,0.0,0.0,0,0,0,0,0,5,0,0,0,0,0,0,0,0,0,0,5,1,1,1,0,0,1,100.0,0,0,0,0,0,1,2,0,0,0.0,0,0,0,0,0,0,0,0.0,7,2,6,1,0,0,7,0,0,,0,,6,12,1,0,0,0,0,0,5,0,0,0,0,0,0,0,0,0,1,0,0,0,1,1,0,100.0,,,,,,,,,,,,,,,,,,,,,,,,,,,,,,,,2024-2025
278,Ismael Bekhoucha,ma MAR,"MF,DF",Getafe,es La Liga,19.0,2004.0,5,0,69,0.8,0,0,0,0,0,0,2,0,0.0,0.0,0.0,0.0,0.0,0.0,1,1,1,0,0,,0.0,0.0,,,,0,0,0,0.0,0.0,,0.0,0.0,17,24,70.8,224,74,0,0.0,0.0,0.0,0,1,0,0,1,19,4,2,0,0,1,2,0,0,0,0,17,1,1,1,0,0,2,50.0,1,2,1,1,2,3,2,0,1,1.3,1,0,0,0,0,0,0,0.0,35,7,14,13,9,0,35,3,2,66.7,1,33.3,16,71,35,1,0,0,2,0,16,1,2,0,0,3,3,0,1,2,1,0,0,0,6,1,1,50.0,,,,,,,,,,,,,,,,,,,,,,,,,,,,,,,,2024-2025
279,Reda Belahyane,ma MAR,MF,Hellas Verona,it Serie A,20.0,2004.0,22,17,1658,18.4,0,2,2,0,0,0,6,1,0.2,0.2,1.0,1.3,0.11,0.07,22,73,13,6,2,33.3,0.33,0.11,0.0,0.0,23.9,0,0,0,0.2,0.2,0.04,-0.2,-0.2,587,701,83.7,8987,2976,2,1.0,0.6,1.0,16,71,10,0,73,685,15,14,1,3,3,1,0,0,0,0,587,36,26,16,13,7,17,76.5,4,20,9,11,10,46,22,1,41,2.23,34,0,3,1,1,2,3,0.16,884,49,251,526,126,8,884,52,33,63.5,17,32.7,551,3272,1498,22,17,5,34,21,591,13,6,1,1,31,9,0,3,10,26,0,0,0,109,5,15,25.0,,,,,,,,,,,,,,,,,,,,,,,,,,,,,,,,2024-2025
280,Reda Belahyane,ma MAR,MF,Lazio,it Serie A,20.0,2004.0,6,1,198,2.2,0,0,0,0,0,0,0,1,0.0,0.0,0.0,0.0,0.0,0.0,4,10,1,0,0,,0.0,0.0,,,,0,0,0,0.0,0.0,,0.0,0.0,85,94,90.4,1301,352,0,0.0,0.0,0.0,0,9,0,0,10,93,1,0,0,0,0,1,0,0,0,0,85,8,6,8,0,0,6,100.0,0,3,2,1,1,9,5,0,0,0.0,0,0,0,0,0,0,0,0.0,118,11,45,66,10,0,118,6,3,50.0,2,33.3,76,378,215,4,1,0,6,2,82,1,0,1,0,4,1,0,0,1,6,0,0,0,13,2,0,100.0,,,,,,,,,,,,,,,,,,,,,,,,,,,,,,,,2024-2025
284,Armel Bella Kotchap,de GER,DF,Southampton,eng Premier League,22.0,2001.0,4,2,331,3.7,0,0,0,0,0,0,0,0,0.3,0.3,0.0,0.3,0.0,0.09,0,5,0,1,0,0.0,0.27,0.0,0.0,,9.1,0,0,0,0.3,0.3,0.32,-0.3,-0.3,202,224,90.2,3829,956,0,0.0,0.0,0.0,0,6,0,0,5,219,4,4,0,0,0,0,0,0,0,0,202,7,5,5,2,0,6,50.0,3,2,2,0,5,12,21,1,2,0.54,1,0,0,0,0,1,0,0.0,263,33,147,115,3,1,263,1,0,0.0,1,100.0,186,936,326,0,0,0,1,0,192,0,0,0,0,3,2,0,0,5,5,0,0,0,19,6,5,54.5,,,,,,,,,,,,,,,,,,,,,,,,,,,,,,,,2024-2025
285,Raoul Bellanova,it ITA,DF,Torino,it Serie A,24.0,2000.0,1,1,87,1.0,0,0,0,0,0,0,0,0,0.0,0.0,0.1,0.1,0.0,0.11,4,0,5,1,0,0.0,1.03,0.0,0.0,,8.4,0,0,0,0.0,0.0,0.03,0.0,0.0,31,43,72.1,541,130,0,0.1,0.0,-0.1,1,1,0,0,0,35,7,0,0,0,5,7,0,0,0,0,31,0,0,0,0,0,1,0.0,1,0,0,0,0,0,4,0,1,1.03,1,0,0,0,0,0,0,0.0,51,5,19,19,13,1,51,1,0,0.0,1,100.0,34,228,127,4,3,0,1,0,33,5,0,0,0,1,1,0,5,0,0,0,0,0,4,1,0,100.0,,,,,,,,,,,,,,,,,,,,,,,,,,,,,,,,2024-2025
286,Raoul Bellanova,it ITA,DF,Atalanta,it Serie A,24.0,2000.0,34,27,2402,26.7,0,9,9,0,0,0,3,0,1.1,1.1,4.7,5.8,0.34,0.22,83,87,191,18,5,27.8,0.67,0.19,0.0,0.0,15.2,0,0,0,1.1,1.1,0.06,-1.1,-1.1,977,1264,77.3,15685,4507,9,4.7,5.1,4.3,34,45,28,22,87,1048,214,10,0,3,156,182,22,0,22,0,977,24,14,8,13,3,21,61.9,8,12,3,9,18,42,45,0,56,2.1,45,8,2,0,1,0,11,0.41,1469,46,334,582,570,48,1469,48,21,43.8,23,47.9,822,5166,2770,83,51,8,29,11,940,191,3,0,0,15,34,0,156,18,14,0,0,0,117,23,23,50.0,,,,,,,,,,,,,,,,,,,,,,,,,,,,,,,,2024-2025
287,Jean-Ricner Bellegarde,fr FRA,"MF,FW",Wolves,eng Premier League,26.0,1998.0,35,20,1677,18.6,2,7,9,2,0,0,3,0,1.5,1.5,3.8,5.3,0.48,0.29,52,43,89,22,5,22.7,1.18,0.27,0.09,0.4,21.2,2,0,0,1.5,1.5,0.07,0.5,0.5,475,599,79.3,7404,1436,7,3.8,2.8,3.2,27,30,18,8,43,575,23,9,5,4,44,3,5,4,0,0,475,39,24,17,19,3,20,70.0,6,19,3,16,10,49,18,1,57,3.06,35,5,4,4,7,2,11,0.59,843,24,148,394,318,48,843,61,14,23.0,31,50.8,528,3269,1573,52,38,11,42,29,592,89,3,0,0,31,47,1,44,10,24,0,0,0,62,10,19,34.5,,,,,,,,,,,,,,,,,,,,,,,,,,,,,,,,2024-2025
288,Héctor Bellerín,es ESP,DF,Betis,es La Liga,29.0,1995.0,9,6,580,6.4,0,2,2,0,0,0,1,0,0.2,0.2,2.0,2.2,0.31,0.35,3,24,22,1,1,100.0,0.16,0.16,0.0,0.0,14.6,0,0,0,0.2,0.2,0.2,-0.2,-0.2,270,328,82.3,4167,1594,2,2.0,2.1,0.0,8,16,4,2,24,277,51,6,2,0,10,45,0,0,0,0,270,13,7,7,4,2,17,58.8,7,5,3,2,6,19,21,0,12,1.86,11,0,1,0,0,0,2,0.31,384,25,122,190,73,11,384,8,6,75.0,2,25.0,212,729,344,3,4,0,6,1,242,22,1,0,0,6,0,0,10,6,7,0,0,0,13,6,7,46.2,,,,,,,,,,,,,,,,,,,,,,,,,,,,,,,,2024-2025
289,Jude Bellingham,eng ENG,MF,Real Madrid,es La Liga,21.0,2003.0,31,29,2488,27.6,9,8,17,8,1,2,5,1,11.4,9.9,3.9,13.7,0.58,0.55,74,199,143,60,22,36.7,2.17,0.8,0.13,0.36,15.6,0,1,2,11.4,9.9,0.17,-2.4,-1.9,1333,1548,86.1,21413,4654,8,3.9,4.5,4.1,42,130,31,0,199,1490,48,21,22,19,18,11,1,0,0,0,1333,61,33,20,27,14,42,66.7,14,37,2,35,28,89,23,1,105,3.8,85,1,5,8,3,3,13,0.47,1881,32,239,910,752,110,1879,75,41,54.7,28,37.3,1229,6054,2818,74,61,14,54,43,1542,143,5,1,0,33,64,9,18,28,33,1,0,0,97,30,31,49.2,,,,,,,,,,,,,,,,,,,,,,,,,,,,,,,,2024-2025
291,Andrea Belotti,it ITA,FW,Como,it Serie A,30.0,1993.0,18,7,593,6.6,2,0,2,2,0,0,1,0,2.5,2.5,0.4,2.8,0.3,0.43,9,9,33,19,3,15.8,2.88,0.46,0.11,0.67,12.7,0,0,0,2.5,2.5,0.13,-0.5,-0.5,90,120,75.0,1072,178,0,0.4,0.1,-0.4,7,5,1,0,9,108,12,0,1,0,5,0,0,0,0,0,90,7,5,1,4,2,4,25.0,3,4,0,4,1,8,8,0,14,2.13,9,0,0,3,2,0,0,0.0,185,7,23,82,82,28,185,6,2,33.3,2,33.3,106,477,203,9,5,3,10,10,131,33,1,0,0,9,19,5,5,1,5,0,0,0,17,18,26,40.9,,,,,,,,,,,,,,,,,,,,,,,,,,,,,,,,2024-2025
292,Fran Beltrán,es ESP,MF,Celta Vigo,es La Liga,25.0,1999.0,34,29,2421,26.9,2,1,3,2,0,0,3,0,1.0,1.0,1.8,2.8,0.11,0.1,28,152,29,23,4,17.4,0.86,0.15,0.09,0.5,23.1,0,0,0,1.0,1.0,0.04,1.0,1.0,1313,1482,88.6,23296,6476,1,1.8,1.8,-0.8,15,132,14,1,152,1428,50,46,7,14,5,2,1,0,1,0,1313,50,35,24,21,5,56,42.9,32,26,6,20,26,76,34,4,43,1.6,38,0,1,4,0,0,4,0.15,1711,58,385,1088,246,14,1711,19,10,52.6,8,42.1,951,4555,2137,28,29,2,23,22,1209,29,3,0,0,34,12,0,5,26,35,0,1,0,119,19,27,41.3,,,,,,,,,,,,,,,,,,,,,,,,,,,,,,,,2024-2025
293,Lucas Beltrán,ar ARG,"FW,MF",Fiorentina,it Serie A,23.0,2001.0,32,20,1864,20.7,5,4,9,3,2,3,6,0,5.4,3.1,3.0,6.1,0.34,0.39,23,64,94,26,6,23.1,1.26,0.29,0.12,0.5,15.9,0,2,3,5.4,3.1,0.12,-0.4,-0.1,459,591,77.7,6934,1421,4,3.0,1.9,1.0,29,38,17,3,64,556,31,2,4,5,7,6,0,0,0,0,459,23,10,10,7,6,21,33.3,14,15,2,13,5,28,14,0,63,2.9,55,1,1,2,2,2,9,0.41,791,15,91,423,285,51,788,30,15,50.0,14,46.7,468,2320,853,23,18,7,41,41,592,94,6,0,0,31,48,4,7,5,10,1,0,0,59,32,53,37.6,,,,,,,,,,,,,,,,,,,,,,,,,,,,,,,,2024-2025
295,Carlos Benavídez,uy URU,MF,Alavés,es La Liga,26.0,1998.0,18,6,487,5.4,1,1,2,1,0,0,3,0,0.3,0.3,0.6,0.9,0.37,0.16,4,26,5,5,2,40.0,0.92,0.37,0.2,0.5,21.4,0,0,0,0.3,0.3,0.05,0.7,0.7,161,232,69.4,3074,931,1,0.6,0.6,0.4,3,23,4,0,26,225,5,2,5,1,1,1,0,0,0,0,161,19,14,10,6,3,11,54.5,5,5,2,3,8,27,14,1,11,2.04,9,0,1,0,0,1,3,0.56,292,18,83,167,47,2,292,6,4,66.7,1,16.7,147,625,283,4,2,1,5,0,161,5,3,0,0,18,6,1,1,8,14,0,0,0,32,8,7,53.3,,,,,,,,,,,,,,,,,,,,,,,,,,,,,,,,2024-2025
296,Adrian Benedyczak,pl POL,"FW,MF",Parma,it Serie A,23.0,2000.0,9,2,214,2.4,0,0,0,0,0,0,0,0,0.3,0.3,0.1,0.3,0.0,0.13,3,3,12,3,0,0.0,1.26,0.0,0.0,,18.4,0,0,0,0.3,0.3,0.08,-0.3,-0.3,35,52,67.3,577,144,0,0.1,0.0,-0.1,2,2,0,0,3,50,2,1,0,1,1,0,0,0,0,0,35,0,0,0,0,0,1,0.0,1,3,1,2,0,0,8,0,3,1.26,3,0,0,0,0,0,0,0.0,79,7,17,35,27,4,79,2,0,0.0,2,100.0,44,176,80,3,2,0,5,3,60,12,0,0,0,4,5,1,1,0,0,0,0,0,3,9,12,42.9,,,,,,,,,,,,,,,,,,,,,,,,,,,,,,,,2024-2025
298,Iker Benito,es ESP,"FW,MF",Osasuna,es La Liga,21.0,2002.0,2,0,37,0.4,0,0,0,0,0,0,0,0,0.0,0.0,0.0,0.0,0.0,0.09,2,0,4,0,0,,0.0,0.0,,,,0,0,0,0.0,0.0,,0.0,0.0,9,13,69.2,128,7,0,0.0,0.0,0.0,1,0,0,0,0,13,0,0,0,0,2,0,0,0,0,0,9,0,0,0,0,0,1,0.0,1,0,0,0,1,1,2,0,1,2.43,1,0,0,0,0,0,0,0.0,18,1,4,11,4,0,18,1,0,0.0,1,100.0,8,60,25,2,1,0,1,0,13,4,0,0,0,1,1,0,2,1,0,0,0,0,3,0,1,0.0,,,,,,,,,,,,,,,,,,,,,,,,,,,,,,,,2024-2025
299,Ismaël Bennacer,dz ALG,MF,Milan,it Serie A,26.0,1997.0,6,4,300,3.3,0,0,0,0,0,0,2,0,0.1,0.1,0.1,0.2,0.0,0.07,8,23,12,3,2,66.7,0.9,0.6,0.0,0.0,31.1,0,0,0,0.1,0.1,0.03,-0.1,-0.1,197,221,89.1,3629,937,0,0.1,0.3,-0.1,4,22,4,1,23,210,11,7,0,5,6,1,3,2,0,0,197,5,4,1,3,1,7,14.3,6,5,3,2,3,8,1,0,12,3.6,9,2,1,0,0,0,1,0.3,249,7,48,151,50,1,249,10,9,90.0,1,10.0,156,971,406,8,4,0,3,3,199,12,2,0,0,5,5,0,6,3,4,0,0,0,17,3,1,75.0,,,,,,,,,,,,,,,,,,,,,,,,,,,,,,,,2024-2025
304,Rodrigo Bentancur,uy URU,MF,Tottenham,eng Premier League,27.0,1997.0,26,21,1645,18.3,2,0,2,2,0,0,9,0,1.3,1.3,0.4,1.7,0.11,0.1,28,100,34,22,5,22.7,1.2,0.27,0.09,0.4,17.4,0,0,0,1.3,1.3,0.06,0.7,0.7,946,1076,87.9,15392,3700,0,0.4,1.0,-0.4,10,109,13,2,100,1036,38,31,4,2,4,2,0,0,0,0,946,40,22,19,17,4,40,47.5,21,25,8,17,40,80,38,1,45,2.46,36,0,1,5,1,2,3,0.16,1302,76,323,774,216,24,1302,19,9,47.4,8,42.1,764,3568,1502,28,24,5,19,20,848,34,9,0,0,34,10,1,4,40,22,0,0,0,121,36,30,54.5,,,,,,,,,,,,,,,,,,,,,,,,,,,,,,,,2024-2025
305,Daniel Bentley,eng ENG,GK,Wolves,eng Premier League,31.0,1993.0,2,2,180,2.0,0,0,0,0,0,0,0,0,0.0,0.0,0.0,0.0,0.0,0.0,0,0,0,0,0,,0.0,0.0,,,,0,0,0,0.0,0.0,,0.0,0.0,49,65,75.4,1252,851,0,0.0,0.0,0.0,0,1,0,0,0,45,20,7,0,0,0,0,0,0,0,0,49,0,0,0,0,0,0,,0,0,0,0,0,0,1,0,0,0.0,0,0,0,0,0,0,0,0.0,69,50,68,1,0,0,69,0,0,,0,,39,218,134,0,0,0,0,0,26,0,0,0,0,0,0,0,0,0,0,0,0,0,4,2,0,100.0,4.0,2.0,12.0,8.0,66.7,1.0,0.0,1.0,1.0,50.0,0.0,0.0,0.0,0.0,3.9,0.33,-0.1,-0.04,7.0,21.0,33.3,52.0,6.0,25.0,28.1,25.0,0.0,0.0,3.0,1.5,16.4,2024-2025
307,Yuri Berchiche,es ESP,DF,Athletic Club,es La Liga,34.0,1990.0,30,22,2044,22.7,0,2,2,0,0,0,5,0,0.6,0.6,2.2,2.8,0.09,0.12,43,161,66,16,4,25.0,0.7,0.18,0.0,0.0,25.2,2,0,0,0.6,0.6,0.04,-0.6,-0.6,1174,1398,84.0,20944,7612,2,2.2,2.2,-0.2,18,129,15,8,161,1149,246,27,0,19,42,219,0,0,0,0,1174,33,21,19,11,3,33,57.6,14,25,5,20,27,60,72,3,40,1.76,33,3,0,1,1,2,2,0.09,1631,74,454,884,305,16,1631,16,6,37.5,8,50.0,775,3774,2158,43,29,3,18,2,926,66,5,0,0,18,19,4,42,27,21,0,1,0,121,28,20,58.3,,,,,,,,,,,,,,,,,,,,,,,,,,,,,,,,2024-2025
308,Álex Berenguer,es ESP,"FW,MF",Athletic Club,es La Liga,29.0,1995.0,36,28,2339,26.0,6,7,13,6,0,1,5,0,6.8,6.0,5.0,11.0,0.5,0.45,65,78,216,51,18,35.3,1.96,0.69,0.12,0.33,18.4,3,0,1,6.8,6.0,0.12,-0.8,0.0,628,954,65.8,10110,2537,7,5.0,4.4,2.0,46,49,28,11,78,769,178,57,7,3,178,15,101,42,36,1,628,32,16,6,16,10,31,45.2,17,23,2,21,10,42,18,0,98,3.77,64,19,9,2,2,2,14,0.54,1250,18,98,462,713,86,1249,82,33,40.2,41,50.0,643,4310,2050,65,40,27,52,50,809,216,5,0,0,29,30,5,178,10,16,2,0,0,113,27,50,35.1,,,,,,,,,,,,,,,,,,,,,,,,,,,,,,,,2024-2025
309,Sander Berge,no NOR,MF,Fulham,eng Premier League,26.0,1998.0,31,26,2224,24.7,0,0,0,0,0,0,6,0,0.4,0.4,0.6,1.0,0.0,0.04,29,124,9,3,1,33.3,0.12,0.04,0.0,0.0,8.7,0,0,0,0.4,0.4,0.12,-0.4,-0.4,1091,1193,91.5,19377,4626,0,0.6,0.6,-0.6,18,116,5,0,124,1152,41,40,3,7,3,1,0,0,0,0,1091,50,30,23,23,4,39,69.2,12,27,8,19,21,71,38,1,48,1.94,43,1,1,1,0,2,2,0.08,1384,81,374,799,217,14,1384,20,11,55.0,6,30.0,804,4467,2065,29,25,2,15,16,892,9,6,0,0,31,10,0,3,21,30,0,0,0,126,28,22,56.0,,,,,,,,,,,,,,,,,,,,,,,,,,,,,,,,2024-2025
310,Lucas Bergvall,se SWE,MF,Tottenham,eng Premier League,18.0,2006.0,27,11,1212,13.5,0,1,1,0,0,0,3,0,0.7,0.7,0.6,1.3,0.07,0.09,33,49,31,12,2,16.7,0.89,0.15,0.0,0.0,19.9,0,0,0,0.7,0.7,0.06,-0.7,-0.7,629,720,87.4,10567,2202,1,0.6,0.8,0.4,11,53,7,3,49,675,44,21,0,8,21,10,8,5,2,0,629,39,19,14,20,5,32,53.1,15,18,8,10,24,63,22,3,22,1.63,16,4,0,2,0,0,4,0.3,885,36,188,478,232,22,885,45,21,46.7,20,44.4,531,3392,1634,33,21,4,20,19,586,31,3,0,0,20,17,0,21,24,19,0,0,0,73,9,8,52.9,,,,,,,,,,,,,,,,,,,,,,,,,,,,,,,,2024-2025
311,Medon Berisha,al ALB,MF,Lecce,it Serie A,20.0,2003.0,17,7,716,8.0,0,1,1,0,0,0,5,0,0.7,0.7,0.6,1.3,0.13,0.17,13,42,17,24,6,25.0,3.02,0.75,0.0,0.0,26.7,2,0,0,0.7,0.7,0.03,-0.7,-0.7,312,400,78.0,6425,2111,1,0.6,0.8,0.4,11,46,6,1,42,346,52,29,2,6,29,5,15,5,10,0,312,12,8,7,3,2,8,50.0,4,6,0,6,11,23,5,2,29,3.64,17,6,1,2,2,1,2,0.25,486,14,96,271,128,7,486,9,3,33.3,4,44.4,279,1600,877,13,7,3,10,1,315,17,5,0,0,16,11,0,29,11,8,0,0,0,36,7,7,50.0,,,,,,,,,,,,,,,,,,,,,,,,,,,,,,,,2024-2025
314,Adrian Bernabe,es ESP,MF,Parma,it Serie A,23.0,2001.0,21,18,1453,16.1,1,1,2,1,0,0,1,0,1.3,1.3,1.1,2.4,0.12,0.15,37,115,20,27,5,18.5,1.67,0.31,0.04,0.2,26.2,7,0,0,1.3,1.3,0.05,-0.3,-0.3,823,984,83.6,15635,5378,1,1.1,1.5,-0.1,22,103,17,4,115,880,102,63,5,14,29,2,22,11,5,0,823,29,18,16,9,4,32,43.8,18,22,9,13,7,36,26,1,58,3.59,45,6,1,2,4,0,4,0.25,1140,40,253,655,247,8,1140,33,15,45.5,13,39.4,738,3703,2220,37,39,3,12,14,818,20,1,0,0,9,36,0,29,7,18,0,0,0,72,4,4,50.0,,,,,,,,,,,,,,,,,,,,,,,,,,,,,,,,2024-2025
315,Marc Bernal,es ESP,MF,Barcelona,es La Liga,17.0,2007.0,3,3,242,2.7,0,0,0,0,0,0,2,0,0.1,0.1,0.0,0.1,0.0,0.03,0,8,2,2,1,50.0,0.74,0.37,0.0,0.0,26.0,0,0,0,0.1,0.1,0.03,-0.1,-0.1,148,160,92.5,2634,623,0,0.0,0.1,0.0,1,12,0,0,8,154,6,6,0,1,0,0,0,0,0,0,148,8,6,2,5,1,8,87.5,1,5,1,4,1,9,4,0,1,0.37,0,1,0,0,0,0,0,0.0,184,4,47,116,21,1,184,3,2,66.7,1,33.3,97,461,150,0,2,0,2,2,137,2,2,0,0,4,3,0,0,1,6,0,0,0,9,1,6,14.3,,,,,,,,,,,,,,,,,,,,,,,,,,,,,,,,2024-2025
317,Juan Bernat,es ESP,"DF,MF",Villarreal,es La Liga,31.0,1993.0,10,1,212,2.4,0,1,1,0,0,0,0,0,0.3,0.3,0.4,0.7,0.42,0.29,4,8,23,2,1,50.0,0.85,0.42,0.0,0.0,17.6,0,0,0,0.3,0.3,0.14,-0.3,-0.3,101,130,77.7,1479,244,1,0.4,0.4,0.6,4,4,1,1,8,110,18,2,0,0,9,14,2,1,1,0,101,9,7,7,1,1,5,80.0,1,3,1,2,1,10,4,0,8,3.4,7,0,0,1,0,0,1,0.42,160,10,42,63,56,13,160,8,3,37.5,5,62.5,83,347,168,4,3,1,3,2,100,23,0,0,0,0,2,1,9,1,7,0,0,0,13,5,2,71.4,,,,,,,,,,,,,,,,,,,,,,,,,,,,,,,,2024-2025
318,Juan Bernat,es ESP,"MF,DF",Getafe,es La Liga,31.0,1993.0,14,9,699,7.8,0,1,1,0,0,0,0,0,0.1,0.1,0.7,0.8,0.13,0.11,2,14,36,4,0,0.0,0.52,0.0,0.0,,22.1,0,0,0,0.1,0.1,0.03,-0.1,-0.1,142,198,71.7,1831,507,1,0.7,0.4,0.3,7,10,7,3,14,182,14,0,0,0,13,14,0,0,0,0,142,19,13,9,5,5,12,58.3,5,9,3,6,2,21,12,0,10,1.29,10,0,0,0,0,0,1,0.13,291,12,62,132,103,15,291,23,12,52.2,11,47.8,148,636,190,2,6,2,17,15,158,36,0,0,0,11,6,1,13,2,13,0,0,0,26,11,13,45.8,,,,,,,,,,,,,,,,,,,,,,,,,,,,,,,,2024-2025
320,Antoine Bernede,fr FRA,MF,Hellas Verona,it Serie A,25.0,1999.0,14,7,594,6.6,1,0,1,1,0,0,2,0,0.8,0.8,0.5,1.2,0.15,0.19,7,29,22,4,2,50.0,0.61,0.3,0.25,0.5,21.0,0,0,0,0.8,0.8,0.19,0.2,0.2,178,242,73.6,2975,1116,0,0.5,0.4,-0.5,10,25,6,1,29,231,11,2,0,3,13,4,4,2,2,0,178,15,8,4,9,2,16,62.5,6,6,1,5,5,20,3,0,22,3.33,16,2,1,1,0,2,1,0.15,297,4,47,171,83,3,297,4,2,50.0,2,50.0,156,753,282,7,6,1,14,6,179,22,2,0,0,16,4,0,13,5,8,0,0,0,38,6,8,42.9,,,,,,,,,,,,,,,,,,,,,,,,,,,,,,,,2024-2025
322,Victor Bernth Kristiansen,dk DEN,DF,Leicester City,eng Premier League,21.0,2002.0,30,29,2482,27.6,0,1,1,0,0,0,1,0,0.3,0.3,1.4,1.7,0.04,0.06,40,70,78,3,0,0.0,0.11,0.0,0.0,,17.7,0,0,0,0.3,0.3,0.11,-0.3,-0.3,1023,1321,77.4,16420,5859,1,1.4,1.7,-0.4,18,76,23,18,70,1067,246,40,1,2,97,189,17,14,2,0,1023,87,51,56,26,5,91,53.8,42,38,15,23,42,129,75,3,42,1.52,33,6,1,0,2,0,3,0.11,1614,115,577,722,329,17,1614,18,8,44.4,9,50.0,816,3948,1866,40,26,5,15,13,887,78,1,0,0,19,18,3,97,42,51,0,1,1,99,22,42,34.4,,,,,,,,,,,,,,,,,,,,,,,,,,,,,,,,2024-2025
324,Juan Berrocal,es ESP,DF,Getafe,es La Liga,25.0,1999.0,19,11,1063,11.8,0,0,0,0,0,0,8,1,0.4,0.4,0.0,0.4,0.0,0.03,1,25,1,4,0,0.0,0.34,0.0,0.0,,11.0,0,0,0,0.4,0.4,0.09,-0.4,-0.4,287,377,76.1,5950,2289,0,0.0,0.1,0.0,1,21,2,0,25,358,19,17,0,3,0,0,0,0,0,0,287,14,7,10,4,0,14,71.4,4,6,3,3,15,29,59,0,6,0.51,4,1,0,0,0,1,1,0.08,498,51,246,238,16,8,498,0,0,,0,,196,833,390,1,1,0,3,0,201,1,8,1,1,17,1,0,0,15,7,0,1,0,35,30,17,63.8,,,,,,,,,,,,,,,,,,,,,,,,,,,,,,,,2024-2025
327,Beto,gw GNB,FW,Everton,eng Premier League,26.0,1998.0,30,15,1534,17.0,8,0,8,8,0,0,2,0,8.2,8.2,1.2,9.4,0.47,0.55,15,16,77,49,23,46.9,2.87,1.35,0.16,0.35,13.1,0,0,0,8.2,8.2,0.17,-0.2,-0.2,156,268,58.2,2060,282,0,1.2,0.5,-1.2,12,7,8,1,16,264,4,0,1,2,4,0,1,0,0,0,156,14,6,2,8,4,8,62.5,3,12,2,10,4,18,24,1,26,1.52,16,0,3,3,4,0,1,0.06,520,29,51,233,242,86,520,38,19,50.0,17,44.7,267,1242,478,15,12,9,71,37,378,77,2,0,0,33,23,16,4,4,6,0,0,0,40,99,105,48.5,,,,,,,,,,,,,,,,,,,,,,,,,,,,,,,,2024-2025
328,Sam Beukema,nl NED,DF,Bologna,it Serie A,25.0,1998.0,35,33,3012,33.5,0,1,1,0,0,0,1,0,1.5,1.5,0.9,2.4,0.03,0.07,27,153,9,15,4,26.7,0.45,0.12,0.0,0.0,10.6,0,0,0,1.5,1.5,0.1,-1.5,-1.5,1826,2114,86.4,36806,11130,1,0.9,1.0,0.1,10,169,11,3,153,2034,76,69,3,19,8,6,0,0,0,0,1826,54,29,27,24,3,41,53.7,19,36,21,15,30,84,111,0,36,1.08,31,2,0,3,0,0,6,0.18,2419,158,920,1363,147,32,2419,2,1,50.0,0,0.0,1519,9080,4593,27,33,1,12,8,1625,9,1,0,0,28,36,2,8,30,29,0,1,0,135,93,71,56.7,,,,,,,,,,,,,,,,,,,,,,,,,,,,,,,,2024-2025
329,Alessandro Bianco,it ITA,MF,Monza,it Serie A,21.0,2002.0,34,29,2600,28.9,1,0,1,1,0,0,9,0,1.3,1.3,1.2,2.5,0.03,0.09,35,125,24,26,6,23.1,0.9,0.21,0.04,0.17,23.7,0,0,0,1.3,1.3,0.05,-0.3,-0.3,1314,1525,86.2,25818,6439,0,1.2,1.3,-1.2,18,139,16,3,125,1438,80,69,4,13,23,4,0,0,0,0,1314,51,28,26,17,8,41,65.9,14,40,14,26,22,73,53,4,38,1.32,33,1,0,4,0,0,0,0.0,1818,97,535,1055,246,14,1818,41,17,41.5,19,46.3,1186,5758,2527,35,32,4,40,24,1289,24,9,0,0,43,55,3,23,22,28,0,1,0,122,16,28,36.4,,,,,,,,,,,,,,,,,,,,,,,,,,,,,,,,2024-2025
330,Alessandro Bianco,it ITA,MF,Fiorentina,it Serie A,21.0,2002.0,1,0,18,0.2,0,0,0,0,0,0,0,0,0.0,0.0,0.0,0.0,0.0,0.0,0,0,1,0,0,,0.0,0.0,,,,0,0,0,0.0,0.0,,0.0,0.0,9,12,75.0,191,17,0,0.0,0.0,0.0,0,1,0,0,0,11,0,0,0,1,0,0,0,0,0,0,9,0,0,0,0,0,1,0.0,1,0,0,0,0,0,0,0,0,0.0,0,0,0,0,0,0,0,0.0,14,0,2,11,1,0,14,0,0,,0,,8,48,30,0,0,0,1,0,8,1,0,0,0,0,0,0,0,0,0,0,0,0,3,0,0,,,,,,,,,,,,,,,,,,,,,,,,,,,,,,,,,2024-2025
332,Jaka Bijol,si SVN,DF,Udinese,it Serie A,25.0,1999.0,34,34,2963,32.9,1,0,1,1,0,0,13,1,2.0,2.0,0.6,2.6,0.03,0.08,22,98,10,19,6,31.6,0.58,0.18,0.05,0.17,11.8,0,0,0,2.0,2.0,0.1,-1.0,-1.0,1432,1712,83.6,30455,10665,0,0.6,0.7,-0.6,12,109,8,2,98,1642,66,41,2,12,3,4,0,0,0,0,1432,43,25,32,10,1,40,52.5,19,38,18,20,38,81,182,1,30,0.91,26,1,0,3,0,0,1,0.03,2083,264,1057,959,86,49,2083,3,2,66.7,1,33.3,1211,7149,4292,22,12,1,17,2,1339,10,13,1,1,49,8,2,3,38,25,0,1,1,101,109,52,67.7,,,,,,,,,,,,,,,,,,,,,,,,,,,,,,,,2024-2025
334,Philip Billing,dk DEN,MF,Bournemouth,eng Premier League,28.0,1996.0,10,1,184,2.0,0,0,0,0,0,0,1,0,0.6,0.6,1.1,1.7,0.0,0.82,3,15,13,5,1,20.0,2.45,0.49,0.0,0.0,17.9,0,0,0,0.6,0.6,0.11,-0.6,-0.6,70,102,68.6,1023,400,0,1.1,1.0,-1.1,9,9,7,2,15,91,10,1,1,1,10,1,6,2,2,1,70,14,5,7,6,1,4,75.0,1,3,0,3,5,19,2,0,16,7.83,13,0,0,1,0,2,0,0.0,148,5,20,72,57,12,148,3,1,33.3,0,0.0,58,254,163,3,1,1,7,4,75,13,1,0,0,3,2,0,10,5,5,0,0,0,14,6,4,60.0,,,,,,,,,,,,,,,,,,,,,,,,,,,,,,,,2024-2025
335,Philip Billing,dk DEN,MF,Napoli,it Serie A,28.0,1996.0,10,1,197,2.2,1,0,1,1,0,0,1,0,1.5,1.5,0.1,1.7,0.46,0.76,1,5,8,6,3,50.0,2.74,1.37,0.17,0.33,14.5,2,0,0,1.5,1.5,0.27,-0.5,-0.5,79,101,78.2,1283,347,0,0.1,0.2,-0.1,3,6,1,0,5,100,0,0,1,0,2,0,0,0,0,0,79,9,6,4,4,1,4,25.0,3,4,1,3,4,13,6,0,8,3.65,4,0,0,2,1,1,1,0.46,136,7,27,72,39,5,136,3,1,33.3,1,33.3,62,271,92,1,0,0,1,2,90,8,1,0,0,10,1,0,2,4,6,0,1,0,8,11,10,52.4,,,,,,,,,,,,,,,,,,,,,,,,,,,,,,,,2024-2025
336,Cristiano Biraghi,it ITA,DF,Torino,it Serie A,31.0,1992.0,15,13,1158,12.9,0,0,0,0,0,0,0,0,0.5,0.5,2.7,3.1,0.0,0.24,24,36,49,10,1,10.0,0.78,0.08,0.0,0.0,25.9,3,0,0,0.5,0.5,0.05,-0.5,-0.5,513,717,71.5,9175,3789,0,2.7,2.2,-2.7,25,45,19,12,36,536,178,38,0,5,107,100,40,23,15,0,513,16,10,9,3,4,18,61.1,7,15,4,11,8,24,44,0,41,3.19,23,14,0,2,1,1,0,0.0,832,48,220,365,254,12,832,8,1,12.5,6,75.0,390,1789,928,24,18,1,11,2,462,49,0,0,0,9,12,2,107,8,10,0,0,1,39,8,11,42.1,,,,,,,,,,,,,,,,,,,,,,,,,,,,,,,,2024-2025
337,Cristiano Biraghi,it ITA,DF,Fiorentina,it Serie A,31.0,1992.0,8,5,433,4.8,1,0,1,1,0,0,1,0,0.2,0.2,0.3,0.5,0.21,0.1,3,15,17,5,2,40.0,1.04,0.42,0.2,0.5,26.2,3,0,0,0.2,0.2,0.03,0.8,0.8,259,309,83.8,4734,1698,0,0.3,0.5,-0.3,6,16,3,2,15,246,60,28,0,3,30,8,22,7,8,1,259,4,4,1,3,0,7,28.6,5,2,0,2,4,8,11,0,8,1.66,3,5,0,0,0,0,0,0.0,335,28,120,150,65,1,335,0,0,,0,,178,695,296,3,2,1,3,0,229,17,1,0,0,4,7,0,30,4,4,0,0,0,10,2,3,40.0,,,,,,,,,,,,,,,,,,,,,,,,,,,,,,,,2024-2025
338,Samuele Birindelli,it ITA,"DF,MF",Monza,it Serie A,25.0,1999.0,21,18,1468,16.3,3,0,3,3,0,0,2,0,2.1,2.1,1.4,3.5,0.18,0.22,40,35,100,16,10,62.5,0.98,0.61,0.19,0.3,15.4,0,0,0,2.1,2.1,0.13,0.9,0.9,470,621,75.7,7630,1959,0,1.4,1.1,-1.4,18,24,21,11,35,534,85,5,0,1,64,80,0,0,0,0,470,22,15,13,4,5,14,42.9,8,15,2,13,10,32,34,2,35,2.15,30,2,0,2,1,0,2,0.12,757,35,181,311,272,29,757,10,5,50.0,3,30.0,457,2547,1325,40,27,13,28,13,494,100,2,0,0,16,15,5,64,10,15,0,0,0,47,5,15,25.0,,,,,,,,,,,,,,,,,,,,,,,,,,,,,,,,2024-2025
340,Yves Bissouma,ml MLI,MF,Tottenham,eng Premier League,27.0,1996.0,28,16,1408,15.6,2,0,2,2,0,0,7,0,0.6,0.6,0.3,0.9,0.13,0.06,15,75,3,11,4,36.4,0.7,0.26,0.18,0.5,23.4,0,0,0,0.6,0.6,0.06,1.4,1.4,755,852,88.6,11376,2858,0,0.3,0.6,-0.3,6,61,10,1,75,807,42,41,2,2,2,1,0,0,0,0,755,49,31,20,25,4,34,55.9,15,11,6,5,18,67,40,4,16,1.02,15,0,0,0,0,1,0,0.0,1039,71,304,584,159,5,1039,22,7,31.8,15,68.2,610,3602,1611,15,17,0,25,15,704,3,7,0,0,28,18,0,2,18,31,0,2,0,85,7,7,50.0,,,,,,,,,,,,,,,,,,,,,,,,,,,,,,,,2024-2025
344,Bjarki Bjarkason,is ISL,"DF,MF",Venezia,it Serie A,24.0,2000.0,9,1,165,1.8,0,0,0,0,0,0,2,0,0.0,0.0,0.1,0.1,0.0,0.04,6,10,13,0,0,,0.0,0.0,,,,0,0,0,0.0,0.0,,0.0,0.0,78,89,87.6,1208,331,0,0.1,0.2,-0.1,1,5,4,4,10,83,6,0,1,1,7,6,0,0,0,0,78,3,2,2,1,0,2,50.0,1,1,0,1,2,5,4,0,1,0.55,1,0,0,0,0,0,0,0.0,111,3,30,45,36,0,111,6,1,16.7,3,50.0,71,356,209,6,2,0,2,0,79,13,2,0,0,2,8,0,7,2,2,0,0,0,9,0,0,,,,,,,,,,,,,,,,,,,,,,,,,,,,,,,,,2024-2025
345,Antonio Blanco,es ESP,MF,Alavés,es La Liga,24.0,2000.0,35,32,2727,30.3,0,1,1,0,0,0,11,1,0.8,0.8,1.6,2.4,0.03,0.08,13,146,19,25,3,12.0,0.83,0.1,0.0,0.0,27.1,0,0,0,0.8,0.8,0.03,-0.8,-0.8,1013,1278,79.3,18498,6593,1,1.6,1.8,-0.6,15,142,19,9,146,1207,63,53,5,23,29,7,0,0,0,0,1013,67,40,23,37,7,83,38.6,51,30,7,23,42,109,48,1,45,1.49,38,3,0,1,1,2,1,0.03,1543,63,353,991,216,6,1543,21,15,71.4,6,28.6,762,3175,1407,13,17,0,29,26,889,19,11,1,1,66,27,0,29,42,40,0,0,0,164,28,35,44.4,,,,,,,,,,,,,,,,,,,,,,,,,,,,,,,,2024-2025
347,Daley Blind,nl NED,DF,Girona,es La Liga,34.0,1990.0,34,31,2780,30.9,0,2,2,0,0,0,2,0,0.5,0.5,1.6,2.1,0.06,0.07,71,272,61,10,4,40.0,0.32,0.13,0.0,0.0,19.0,0,0,0,0.5,0.5,0.05,-0.5,-0.5,2318,2610,88.8,42632,14890,2,1.6,2.5,0.4,19,310,26,8,272,2402,198,65,4,32,42,119,1,0,0,0,2318,49,27,26,19,4,48,64.6,17,32,9,23,32,81,94,2,47,1.52,43,2,0,0,0,2,7,0.23,2860,172,910,1600,364,21,2860,28,15,53.6,11,39.3,1862,10086,5550,71,67,3,16,12,2151,61,2,0,0,19,16,1,42,32,27,0,0,0,116,17,24,41.5,,,,,,,,,,,,,,,,,,,,,,,,,,,,,,,,2024-2025
350,Oscar Bobb,no NOR,FW,Manchester City,eng Premier League,21.0,2003.0,3,0,16,0.2,0,0,0,0,0,0,0,0,0.0,0.0,0.1,0.1,0.0,0.41,1,1,1,0,0,,0.0,0.0,,,,0,0,0,0.0,0.0,,0.0,0.0,13,15,86.7,169,33,0,0.1,0.0,-0.1,1,0,1,0,1,14,1,0,0,0,0,0,0,0,0,0,13,0,0,0,0,0,0,,0,0,0,0,0,0,0,0,2,11.25,1,0,1,0,0,0,0,0.0,15,0,2,6,7,0,15,2,2,100.0,0,0.0,10,67,32,1,0,0,0,0,13,1,0,0,0,0,1,0,0,0,0,0,0,0,2,0,0,,,,,,,,,,,,,,,,,,,,,,,,,,,,,,,,,2024-2025
354,Lamare Bogarde,nl NED,"DF,MF",Aston Villa,eng Premier League,20.0,2004.0,8,5,476,5.3,0,0,0,0,0,0,2,0,0.0,0.0,0.1,0.2,0.0,0.03,12,14,9,1,1,100.0,0.19,0.19,0.0,0.0,20.2,0,0,0,0.0,0.0,0.04,0.0,0.0,240,272,88.2,3682,1154,0,0.1,0.1,-0.1,2,24,1,0,14,239,31,14,0,0,0,17,0,0,0,0,240,14,6,6,6,2,16,62.5,6,5,3,2,1,15,13,0,10,1.89,8,1,0,0,0,1,1,0.19,325,16,95,191,40,4,325,4,2,50.0,1,25.0,173,1031,599,12,6,1,6,8,212,9,2,0,0,8,11,0,0,1,6,0,0,0,13,6,6,50.0,,,,,,,,,,,,,,,,,,,,,,,,,,,,,,,,2024-2025
355,Emil Bohinen,no NOR,MF,Genoa,it Serie A,25.0,1999.0,3,1,166,1.8,0,0,0,0,0,0,0,0,0.1,0.1,0.1,0.2,0.0,0.09,6,5,2,2,0,0.0,1.08,0.0,0.0,,28.6,1,0,0,0.1,0.1,0.05,-0.1,-0.1,69,86,80.2,1180,161,0,0.1,0.0,-0.1,3,1,0,0,5,85,1,1,0,1,0,0,0,0,0,0,69,4,4,3,0,1,5,40.0,3,2,0,2,1,5,6,0,5,2.69,4,0,0,0,1,0,0,0.0,109,12,30,52,28,3,109,0,0,,0,,51,463,224,6,3,0,4,2,72,2,0,0,0,3,3,0,0,1,4,0,0,0,9,2,1,66.7,,,,,,,,,,,,,,,,,,,,,,,,,,,,,,,,2024-2025
356,Adama Boiro,es ESP,"DF,FW",Athletic Club,es La Liga,22.0,2002.0,18,13,1101,12.2,0,0,0,0,0,0,3,0,0.3,0.3,0.5,0.7,0.0,0.06,25,46,36,5,0,0.0,0.41,0.0,0.0,,14.4,0,0,0,0.3,0.3,0.05,-0.3,-0.3,401,502,79.9,6196,1937,0,0.5,0.6,-0.5,5,44,8,4,46,397,105,6,0,0,31,99,0,0,0,0,401,20,11,11,7,2,15,66.7,5,10,3,7,12,32,27,1,16,1.31,12,1,1,1,1,0,0,0.0,627,25,158,309,165,14,627,26,8,30.8,16,61.5,288,1675,890,25,21,5,23,15,332,36,3,0,0,13,8,1,31,12,11,0,0,0,45,16,9,64.0,,,,,,,,,,,,,,,,,,,,,,,,,,,,,,,,2024-2025
357,Willy Boly,ci CIV,DF,Nott'ham Forest,eng Premier League,33.0,1991.0,6,1,150,1.7,0,0,0,0,0,0,1,0,0.1,0.1,0.0,0.1,0.0,0.04,0,2,0,1,1,100.0,0.6,0.6,0.0,0.0,10.2,0,0,0,0.1,0.1,0.07,-0.1,-0.1,55,70,78.6,1010,477,0,0.0,0.0,0.0,0,3,0,0,2,69,1,1,0,0,0,0,0,0,0,0,55,6,1,5,1,0,4,100.0,0,4,2,2,3,9,12,0,0,0.0,0,0,0,0,0,0,0,0.0,97,22,63,32,2,1,97,0,0,,0,,35,128,45,0,0,0,1,0,46,0,1,0,0,1,0,0,0,3,1,0,0,0,5,6,2,75.0,,,,,,,,,,,,,,,,,,,,,,,,,,,,,,,,2024-2025
359,Warren Bondo,fr FRA,MF,Monza,it Serie A,20.0,2003.0,20,19,1618,18.0,0,0,0,0,0,0,5,1,0.4,0.4,0.3,0.7,0.0,0.04,25,39,21,13,1,7.7,0.72,0.06,0.0,0.0,25.9,0,0,0,0.4,0.4,0.03,-0.4,-0.4,547,615,88.9,8867,1641,0,0.3,0.5,-0.3,5,35,7,2,39,595,19,14,0,4,7,3,0,0,0,0,547,35,24,19,12,4,19,68.4,6,16,6,10,5,40,8,4,26,1.45,20,0,2,0,4,0,1,0.06,741,27,179,440,140,7,741,40,20,50.0,12,30.0,511,3240,1464,25,19,2,20,30,521,21,5,1,1,31,36,1,7,5,24,0,0,0,91,5,8,38.5,,,,,,,,,,,,,,,,,,,,,,,,,,,,,,,,2024-2025
360,Warren Bondo,fr FRA,MF,Milan,it Serie A,20.0,2003.0,4,3,162,1.8,0,0,0,0,0,0,1,0,0.0,0.0,0.1,0.1,0.0,0.06,2,7,0,1,1,100.0,0.56,0.56,0.0,0.0,24.6,0,0,0,0.0,0.0,0.03,0.0,0.0,77,84,91.7,1248,261,0,0.1,0.1,-0.1,1,9,1,1,7,82,2,2,0,0,1,0,0,0,0,0,77,5,3,4,1,0,3,100.0,0,1,0,1,0,5,2,0,1,0.56,1,0,0,0,0,0,0,0.0,97,3,19,65,16,0,97,1,1,100.0,0,0.0,66,287,129,2,3,0,2,1,68,0,1,0,0,1,4,0,1,0,3,0,0,0,12,1,1,50.0,,,,,,,,,,,,,,,,,,,,,,,,,,,,,,,,2024-2025
362,Kevin Bonifazi,it ITA,DF,Lecce,it Serie A,28.0,1996.0,3,0,65,0.7,0,0,0,0,0,0,0,0,0.0,0.0,0.0,0.0,0.0,0.0,0,1,1,0,0,,0.0,0.0,,,,0,0,0,0.0,0.0,,0.0,0.0,37,42,88.1,645,238,0,0.0,0.0,0.0,0,2,0,0,1,38,4,3,0,1,0,0,0,0,0,0,37,1,1,1,0,0,1,100.0,0,1,1,0,2,3,3,0,0,0.0,0,0,0,0,0,0,0,0.0,54,6,28,27,0,0,54,2,1,50.0,1,50.0,28,204,53,0,0,0,2,0,31,1,0,0,0,0,0,0,0,2,1,0,0,0,7,1,1,50.0,,,,,,,,,,,,,,,,,,,,,,,,,,,,,,,,2024-2025
363,Ange-Yoan Bonny,fr FRA,FW,Parma,it Serie A,20.0,2003.0,37,30,2529,28.1,6,4,10,4,2,3,2,0,9.4,7.1,2.9,9.9,0.28,0.44,41,53,163,61,19,31.1,2.17,0.68,0.07,0.21,16.7,0,2,3,9.4,7.1,0.12,-3.4,-3.1,431,573,75.2,6282,1251,4,2.9,2.2,1.1,30,31,15,2,53,520,52,2,3,3,14,1,3,0,0,0,431,34,16,4,23,7,14,57.1,6,17,2,15,3,37,17,0,67,2.39,44,1,11,6,5,0,8,0.28,898,14,70,412,435,112,895,67,33,49.3,28,41.8,527,2690,1112,41,35,17,86,70,647,163,2,0,0,21,47,14,14,3,16,1,0,0,64,23,70,24.7,,,,,,,,,,,,,,,,,,,,,,,,,,,,,,,,2024-2025
365,Sven Botman,nl NED,DF,Newcastle Utd,eng Premier League,24.0,2000.0,8,6,412,4.6,0,0,0,0,0,0,1,0,0.5,0.5,0.5,1.1,0.0,0.24,0,7,0,5,2,40.0,1.09,0.44,0.0,0.0,7.1,0,0,0,0.5,0.5,0.12,-0.5,-0.5,220,246,89.4,3768,1437,0,0.5,0.2,-0.5,2,13,0,0,7,238,8,7,1,2,0,1,0,0,0,0,220,12,9,6,5,1,9,77.8,2,5,4,1,5,17,25,1,4,0.87,1,0,0,3,0,0,0,0.0,304,40,132,160,16,11,304,3,1,33.3,1,33.3,145,670,337,0,1,0,5,1,197,0,1,0,0,5,4,0,0,5,9,0,0,0,14,17,9,65.4,,,,,,,,,,,,,,,,,,,,,,,,,,,,,,,,2024-2025
374,Edoardo Bove,it ITA,"MF,FW",Fiorentina,it Serie A,22.0,2002.0,11,10,836,9.3,1,2,3,1,0,0,3,0,0.6,0.6,1.5,2.1,0.32,0.22,12,37,24,7,2,28.6,0.75,0.22,0.14,0.5,14.6,0,0,0,0.6,0.6,0.08,0.4,0.4,282,344,82.0,4672,1058,2,1.5,0.8,0.5,11,18,4,0,37,321,19,15,1,3,2,3,1,0,0,0,282,24,17,7,14,3,28,50.0,14,12,0,12,6,30,8,0,31,3.27,24,1,1,1,3,1,7,0.74,437,12,80,244,117,21,437,16,7,43.8,7,43.8,251,1288,531,12,19,2,13,11,286,24,3,0,0,15,21,0,2,6,17,1,0,0,45,11,15,42.3,,,,,,,,,,,,,,,,,,,,,,,,,,,,,,,,2024-2025
375,Jarrod Bowen,eng ENG,"FW,MF",West Ham,eng Premier League,27.0,1996.0,34,34,2973,33.0,13,8,21,12,1,1,1,0,8.6,7.8,6.8,14.7,0.61,0.47,109,91,212,86,36,41.9,2.6,1.09,0.14,0.33,17.4,1,1,1,8.6,7.8,0.09,4.4,4.2,584,815,71.7,9476,2687,8,6.8,6.5,1.2,51,41,46,8,91,722,87,6,7,4,106,3,44,28,15,0,584,41,26,13,12,16,40,47.5,21,22,4,18,16,57,25,0,113,3.42,70,13,6,13,9,2,15,0.45,1252,28,132,466,678,171,1251,130,44,33.8,76,58.5,741,5306,2501,109,46,61,70,77,834,212,1,0,0,20,51,10,106,16,26,0,0,0,129,12,48,20.0,,,,,,,,,,,,,,,,,,,,,,,,,,,,,,,,2024-2025
376,Enzo Boyomo,cm CMR,DF,Osasuna,es La Liga,22.0,2001.0,34,33,2987,33.2,2,0,2,2,0,0,5,0,1.5,1.5,0.9,2.4,0.06,0.07,16,111,7,12,3,25.0,0.36,0.09,0.17,0.67,12.4,0,0,0,1.5,1.5,0.12,0.5,0.5,1220,1402,87.0,23483,9044,0,0.9,0.7,-0.9,4,86,6,0,111,1326,74,50,4,6,2,18,0,0,0,0,1220,68,43,46,18,4,39,76.9,9,34,19,15,44,112,137,3,13,0.39,12,0,0,1,0,0,1,0.03,1723,192,821,850,69,21,1723,16,9,56.3,6,37.5,965,4884,2884,16,6,1,19,10,1064,7,5,0,0,43,8,0,2,44,43,0,0,0,121,29,35,45.3,,,,,,,,,,,,,,,,,,,,,,,,,,,,,,,,2024-2025
377,Enzo Boyomo,cm CMR,DF,Valladolid,es La Liga,22.0,2001.0,3,3,270,3.0,0,0,0,0,0,0,0,0,0.1,0.1,0.0,0.1,0.0,0.02,1,7,0,2,0,0.0,0.67,0.0,0.0,,11.7,0,0,0,0.1,0.1,0.03,-0.1,-0.1,174,190,91.6,3007,1118,0,0.0,0.0,0.0,0,2,0,0,7,182,8,4,0,1,0,0,0,0,0,0,174,6,2,4,2,0,3,100.0,0,4,3,1,1,7,7,0,1,0.33,1,0,0,0,0,0,0,0.0,215,23,131,79,6,4,215,1,1,100.0,0,0.0,128,563,282,1,0,0,0,0,159,0,0,0,0,3,0,0,0,1,2,0,0,0,11,3,5,37.5,,,,,,,,,,,,,,,,,,,,,,,,,,,,,,,,2024-2025
378,Domagoj Bradarić,hr CRO,DF,Hellas Verona,it Serie A,24.0,1999.0,28,24,1933,21.5,1,0,1,1,0,0,6,0,0.8,0.8,2.2,3.0,0.05,0.14,30,46,83,9,4,44.4,0.42,0.19,0.11,0.25,19.6,0,0,0,0.8,0.8,0.08,0.2,0.2,565,780,72.4,9528,3093,0,2.2,2.1,-2.2,25,28,16,10,46,571,208,21,0,5,78,162,25,12,10,0,565,36,28,21,11,4,29,62.1,11,17,4,13,15,51,49,1,47,2.19,30,12,3,1,1,0,1,0.05,988,39,258,409,340,23,988,37,15,40.5,18,48.6,426,2554,1313,30,32,3,30,11,459,83,6,0,0,21,14,3,78,15,28,0,0,0,80,16,21,43.2,,,,,,,,,,,,,,,,,,,,,,,,,,,,,,,,2024-2025
379,Conor Bradley,nir NIR,DF,Liverpool,eng Premier League,21.0,2003.0,19,7,754,8.4,0,2,2,0,0,0,4,0,0.7,0.7,1.4,2.1,0.24,0.25,35,33,39,10,3,30.0,1.19,0.36,0.0,0.0,14.2,0,0,0,0.7,0.7,0.07,-0.7,-0.7,456,544,83.8,6875,1711,2,1.4,1.4,0.6,7,26,3,1,33,471,71,13,0,2,7,58,0,0,0,0,456,14,10,7,5,2,22,50.0,11,9,2,7,4,18,31,0,19,2.27,13,0,5,0,1,0,4,0.48,663,32,197,299,178,43,663,25,10,40.0,12,48.0,369,2332,1356,35,22,9,13,5,411,39,4,0,0,12,14,1,7,4,10,0,0,0,51,11,7,61.1,,,,,,,,,,,,,,,,,,,,,,,,,,,,,,,,2024-2025
382,Jarrad Branthwaite,eng ENG,DF,Everton,eng Premier League,22.0,2002.0,30,28,2511,27.9,0,1,1,0,0,0,4,0,1.2,1.2,0.7,1.9,0.04,0.07,10,66,2,10,3,30.0,0.36,0.11,0.0,0.0,8.2,0,0,0,1.2,1.2,0.12,-1.2,-1.2,984,1198,82.1,19285,7699,1,0.7,0.6,0.3,3,86,3,0,66,1141,51,38,1,17,5,3,0,0,0,0,984,36,20,26,10,0,28,71.4,8,31,23,8,27,63,191,4,13,0.47,11,1,0,0,1,0,2,0.07,1520,211,783,676,69,28,1520,6,3,50.0,2,33.3,747,4143,2515,10,14,2,8,4,894,2,4,0,0,12,18,1,5,27,20,0,0,0,93,61,42,59.2,,,,,,,,,,,,,,,,,,,,,,,,,,,,,,,,2024-2025
383,Darko Brašanac,rs SRB,MF,Leganés,es La Liga,32.0,1992.0,30,15,1617,18.0,1,2,3,1,0,0,4,0,1.8,1.8,0.4,2.2,0.17,0.12,6,43,53,12,3,25.0,0.67,0.17,0.08,0.33,13.1,0,0,0,1.8,1.8,0.15,-0.8,-0.8,380,502,75.7,5339,1356,2,0.4,0.5,1.6,9,28,2,0,43,482,19,1,1,1,11,3,0,0,0,0,380,26,11,5,15,6,17,52.9,8,24,11,13,16,42,34,0,34,1.89,28,0,1,3,2,0,2,0.11,672,49,169,307,197,28,672,7,2,28.6,5,71.4,268,987,414,6,12,1,16,9,356,53,4,0,0,38,13,4,11,16,11,1,0,0,61,20,38,34.5,,,,,,,,,,,,,,,,,,,,,,,,,,,,,,,,2024-2025
386,Matthias Braunöder,at AUT,MF,Como,it Serie A,22.0,2002.0,8,3,268,3.0,0,0,0,0,0,0,3,1,0.1,0.1,0.0,0.1,0.0,0.03,2,18,0,2,0,0.0,0.67,0.0,0.0,,24.8,0,0,0,0.1,0.1,0.05,-0.1,-0.1,128,146,87.7,2154,616,0,0.0,0.0,0.0,0,13,0,0,18,143,3,3,0,0,0,0,0,0,0,0,128,10,4,6,3,1,11,63.6,4,3,0,3,2,12,4,1,4,1.34,2,0,0,1,1,0,0,0.0,175,4,43,108,25,3,175,4,1,25.0,2,50.0,88,362,187,2,4,1,3,2,112,0,3,1,1,10,5,0,0,2,4,0,0,0,8,1,4,20.0,,,,,,,,,,,,,,,,,,,,,,,,,,,,,,,,2024-2025
387,Iker Bravo,es ESP,"FW,MF",Udinese,it Serie A,19.0,2005.0,29,4,682,7.6,2,1,3,2,0,0,3,0,0.9,0.9,0.4,1.3,0.4,0.18,7,18,39,13,3,23.1,1.72,0.4,0.15,0.67,17.2,0,0,0,0.9,0.9,0.07,1.1,1.1,159,196,81.1,2278,412,1,0.4,0.4,0.6,7,10,6,0,18,176,18,5,1,0,8,3,6,2,2,0,159,10,6,3,5,2,9,55.6,4,4,1,3,1,11,4,0,14,1.85,10,2,1,1,0,0,0,0.0,294,4,27,131,140,28,294,29,11,37.9,18,62.1,157,852,281,7,5,6,31,14,190,39,3,0,0,12,10,2,8,1,6,0,0,0,30,12,28,30.0,,,,,,,,,,,,,,,,,,,,,,,,,,,,,,,,2024-2025
388,James Bree,eng ENG,DF,Southampton,eng Premier League,26.0,1997.0,17,13,1075,11.9,0,1,1,0,0,0,0,0,0.1,0.1,0.9,1.0,0.08,0.08,13,34,43,4,1,25.0,0.33,0.08,0.0,0.0,22.7,0,0,0,0.1,0.1,0.03,-0.1,-0.1,500,599,83.5,7922,2204,1,0.9,0.7,0.1,10,29,7,6,34,549,49,9,0,0,29,36,3,2,0,0,500,19,14,8,10,1,25,40.0,15,10,3,7,9,28,29,0,16,1.34,13,2,0,1,0,0,1,0.08,694,49,221,308,170,11,694,8,4,50.0,2,25.0,363,1586,808,13,12,1,9,5,443,43,0,0,0,4,5,0,29,9,14,0,0,0,65,12,7,63.2,,,,,,,,,,,,,,,,,,,,,,,,,,,,,,,,2024-2025
390,Gleison Bremer,br BRA,DF,Juventus,it Serie A,27.0,1997.0,6,6,540,6.0,0,0,0,0,0,0,2,0,0.1,0.1,0.0,0.1,0.0,0.02,2,21,0,3,0,0.0,0.5,0.0,0.0,,18.1,0,0,0,0.1,0.1,0.04,-0.1,-0.1,468,504,92.9,9245,3225,0,0.0,0.1,0.0,0,26,0,0,21,496,8,6,0,1,0,1,0,0,0,0,468,15,7,9,5,1,5,80.0,1,15,11,4,6,21,16,0,3,0.5,2,0,1,0,0,0,0,0.0,569,63,286,268,15,3,569,4,3,75.0,1,25.0,352,1760,985,2,1,0,4,2,445,0,2,0,0,9,5,0,0,6,7,0,0,0,23,11,7,61.1,,,,,,,,,,,,,,,,,,,,,,,,,,,,,,,,2024-2025
391,Brenner,br BRA,"MF,FW",Udinese,it Serie A,24.0,2000.0,9,5,386,4.3,1,2,3,1,0,0,0,0,0.6,0.6,0.5,1.1,0.7,0.26,5,7,16,7,4,57.1,1.63,0.93,0.14,0.25,19.8,0,0,0,0.6,0.6,0.09,0.4,0.4,87,114,76.3,1480,357,2,0.5,0.1,1.5,5,5,1,1,7,100,13,6,1,1,11,1,6,3,3,0,87,6,4,2,3,1,8,37.5,5,4,0,4,1,7,6,0,11,2.56,8,3,0,0,0,0,1,0.23,151,5,28,74,53,6,151,5,3,60.0,2,40.0,94,502,210,5,4,1,5,9,107,16,0,0,0,0,5,0,11,1,4,0,0,0,16,2,3,40.0,,,,,,,,,,,,,,,,,,,,,,,,,,,,,,,,2024-2025
392,Ben Brereton,cl CHI,FW,Southampton,eng Premier League,25.0,1999.0,10,4,449,5.0,0,0,0,0,0,0,1,0,0.9,0.9,0.1,1.0,0.0,0.2,12,9,42,11,1,9.1,2.2,0.2,0.0,0.0,17.3,0,0,0,0.9,0.9,0.08,-0.9,-0.9,128,166,77.1,1836,383,0,0.1,0.1,-0.1,3,9,2,1,9,163,2,1,1,0,5,1,0,0,0,0,128,3,2,0,2,1,9,11.1,8,2,1,1,0,3,4,0,9,1.8,7,0,0,0,2,0,0,0.0,206,4,19,76,112,20,206,4,1,25.0,2,50.0,136,791,394,12,13,4,9,4,171,42,1,0,0,4,8,1,5,0,2,0,0,0,16,9,7,56.3,,,,,,,,,,,,,,,,,,,,,,,,,,,,,,,,2024-2025
393,Marco Brescianini,it ITA,MF,Atalanta,it Serie A,24.0,2000.0,29,9,991,11.0,4,2,6,4,0,0,1,0,3.1,3.1,1.0,4.1,0.54,0.37,46,36,69,20,8,40.0,1.82,0.73,0.2,0.5,13.4,0,0,0,3.1,3.1,0.16,0.9,0.9,334,420,79.5,4756,1060,2,1.0,0.7,1.0,7,27,9,2,36,410,9,2,4,2,18,5,2,1,0,0,334,18,11,5,9,4,10,80.0,2,15,2,13,2,20,6,0,26,2.37,22,0,2,2,0,0,6,0.55,547,8,68,261,226,38,547,26,8,30.8,15,57.7,355,2337,1219,46,30,13,28,19,417,69,1,0,0,22,9,2,18,2,11,0,0,0,50,12,10,54.5,,,,,,,,,,,,,,,,,,,,,,,,,,,,,,,,2024-2025
396,Nathan Broadhead,wls WAL,"MF,FW",Ipswich Town,eng Premier League,26.0,1998.0,18,7,702,7.8,2,0,2,2,0,0,1,0,1.7,1.7,0.7,2.4,0.26,0.31,20,14,33,13,8,61.5,1.67,1.03,0.15,0.25,15.8,0,0,0,1.7,1.7,0.13,0.3,0.3,178,228,78.1,2473,457,0,0.7,1.1,-0.7,7,12,6,0,14,218,10,0,3,1,9,2,3,3,0,0,178,9,4,3,6,0,12,25.0,9,8,1,7,4,13,5,0,22,2.82,15,0,6,1,0,0,2,0.26,317,7,41,161,126,21,317,34,17,50.0,15,44.1,174,1238,584,20,16,5,19,15,222,33,1,0,0,4,13,2,9,4,4,0,0,0,32,1,10,9.1,,,,,,,,,,,,,,,,,,,,,,,,,,,,,,,,2024-2025
397,Armando Broja,al ALB,FW,Everton,eng Premier League,22.0,2001.0,10,4,334,3.7,0,0,0,0,0,0,1,0,0.1,0.1,0.2,0.3,0.0,0.08,12,2,26,4,0,0.0,1.08,0.0,0.0,,17.3,0,0,0,0.1,0.1,0.03,-0.1,-0.1,53,73,72.6,594,101,0,0.2,0.1,-0.2,4,3,0,0,2,72,0,0,0,0,1,0,0,0,0,0,53,3,1,1,1,1,0,,0,3,0,3,1,4,4,0,7,1.89,7,0,0,0,0,0,0,0.0,127,4,14,47,72,18,127,16,8,50.0,7,43.8,64,577,281,12,8,3,16,13,94,26,1,0,0,6,4,3,1,1,1,0,0,0,9,18,21,46.2,,,,,,,,,,,,,,,,,,,,,,,,,,,,,,,,2024-2025
398,David Brooks,wls WAL,"FW,MF",Bournemouth,eng Premier League,27.0,1997.0,29,9,960,10.7,2,0,2,2,0,0,3,0,2.5,2.5,1.9,4.4,0.19,0.41,35,35,83,25,12,48.0,2.34,1.13,0.08,0.17,16.3,0,0,0,2.5,2.5,0.1,-0.5,-0.5,310,411,75.4,4795,1429,0,1.9,2.0,-1.9,20,22,18,6,35,366,44,14,3,0,52,10,17,7,4,0,310,14,6,2,8,4,16,12.5,14,18,2,16,5,19,9,1,46,4.31,36,6,2,2,0,0,2,0.19,545,15,59,207,289,39,545,34,11,32.4,20,58.8,342,2344,1115,35,25,10,30,14,375,83,3,0,0,11,18,0,52,5,6,0,0,0,50,7,10,41.2,,,,,,,,,,,,,,,,,,,,,,,,,,,,,,,,2024-2025
399,Arvid Brorsson,se SWE,DF,Monza,it Serie A,25.0,1999.0,6,3,362,4.0,0,0,0,0,0,0,0,0,0.0,0.0,0.0,0.0,0.0,0.0,1,9,1,0,0,,0.0,0.0,,,,0,0,0,0.0,0.0,,0.0,0.0,224,247,90.7,4098,1147,0,0.0,0.0,0.0,0,5,0,0,9,236,10,7,0,0,0,1,0,0,0,0,224,4,3,2,2,0,5,40.0,3,9,8,1,2,6,35,1,1,0.25,0,1,0,0,0,0,0,0.0,303,56,201,93,10,0,303,1,1,100.0,0,0.0,185,749,364,1,1,0,1,1,202,1,0,0,0,1,4,0,0,2,3,0,0,0,14,7,6,53.8,,,,,,,,,,,,,,,,,,,,,,,,,,,,,,,,2024-2025
404,Tajon Buchanan,ca CAN,"DF,FW",Inter,it Serie A,25.0,1999.0,6,0,95,1.1,0,0,0,0,0,0,0,0,0.0,0.0,0.1,0.1,0.0,0.13,6,2,8,0,0,,0.0,0.0,,,,0,0,0,0.0,0.0,,0.0,0.0,40,48,83.3,509,151,0,0.1,0.1,-0.1,1,2,0,0,2,41,7,2,0,0,3,5,0,0,0,0,40,3,0,2,0,1,2,50.0,1,0,0,0,0,3,3,0,3,2.84,1,0,2,0,0,0,0,0.0,64,3,18,29,19,2,64,9,3,33.3,4,44.4,42,403,259,6,3,0,2,2,44,8,0,0,0,2,4,0,3,0,0,0,0,0,6,1,0,100.0,,,,,,,,,,,,,,,,,,,,,,,,,,,,,,,,2024-2025
405,Tajon Buchanan,ca CAN,MF,Villarreal,es La Liga,25.0,1999.0,13,4,416,4.6,1,2,3,1,0,0,2,0,0.9,0.9,0.5,1.4,0.65,0.31,19,5,45,7,2,28.6,1.51,0.43,0.14,0.5,18.6,0,0,0,0.9,0.9,0.13,0.1,0.1,106,144,73.6,1431,338,2,0.5,0.5,1.5,5,2,4,1,5,136,7,1,0,0,16,6,0,0,0,0,106,10,5,6,4,0,9,66.7,3,6,0,6,1,11,1,0,13,2.8,9,1,1,1,1,0,2,0.43,223,2,41,69,119,25,223,22,10,45.5,7,31.8,133,973,499,19,9,6,18,7,138,45,2,0,0,12,20,5,16,1,5,0,0,0,26,3,3,50.0,,,,,,,,,,,,,,,,,,,,,,,,,,,,,,,,2024-2025
406,Ante Budimir,hr CRO,FW,Osasuna,es La Liga,33.0,1991.0,38,34,2952,32.8,21,4,25,13,8,8,4,0,18.3,12.3,1.7,13.9,0.52,0.61,23,24,134,91,29,31.9,2.77,0.88,0.14,0.45,13.3,0,8,8,18.3,12.3,0.14,2.7,0.7,239,426,56.1,3022,503,4,1.7,1.2,2.3,16,12,7,0,24,399,24,1,1,0,6,1,0,0,0,0,239,20,9,3,11,6,13,23.1,10,19,4,15,2,22,26,0,46,1.4,25,0,3,9,9,0,14,0.43,788,31,52,335,407,170,780,43,10,23.3,29,67.4,380,1566,541,23,15,8,83,44,540,134,4,0,0,47,35,15,6,2,9,6,0,0,54,136,132,50.7,,,,,,,,,,,,,,,,,,,,,,,,,,,,,,,,2024-2025
407,Emi Buendía,ar ARG,"MF,FW",Aston Villa,eng Premier League,27.0,1996.0,12,0,98,1.1,0,0,0,0,0,0,1,0,0.7,0.7,0.0,0.7,0.0,0.62,3,7,6,5,0,0.0,4.59,0.0,0.0,,19.1,1,0,0,0.7,0.7,0.13,-0.7,-0.7,49,60,81.7,624,166,0,0.0,0.0,0.0,1,4,1,0,7,59,1,1,1,0,0,0,0,0,0,0,49,6,6,3,2,1,5,0.0,5,5,1,4,0,6,2,0,3,2.76,2,0,0,1,0,0,0,0.0,82,0,17,35,31,3,82,2,0,0.0,2,100.0,53,185,119,3,5,0,4,3,64,6,1,0,0,4,6,0,0,0,6,0,0,0,8,0,2,0.0,,,,,,,,,,,,,,,,,,,,,,,,,,,,,,,,2024-2025
409,Manu Bueno,es ESP,"MF,FW",Sevilla,es La Liga,20.0,2004.0,9,1,140,1.6,1,0,1,1,0,0,0,0,0.1,0.1,0.0,0.1,0.64,0.08,2,5,5,4,1,25.0,2.57,0.64,0.25,1.0,26.8,0,0,0,0.1,0.1,0.03,0.9,0.9,67,74,90.5,1082,110,0,0.0,0.1,0.0,0,4,1,0,5,72,2,2,0,0,1,0,0,0,0,0,67,4,3,0,1,3,2,50.0,1,0,0,0,0,4,2,0,1,0.64,1,0,0,0,0,0,0,0.0,91,2,15,43,33,2,91,2,1,50.0,1,50.0,56,277,121,2,3,0,2,2,74,5,0,0,0,2,3,0,1,0,3,0,0,0,6,0,1,0.0,,,,,,,,,,,,,,,,,,,,,,,,,,,,,,,,2024-2025
410,Santiago Bueno,uy URU,DF,Wolves,eng Premier League,25.0,1998.0,29,18,1687,18.7,0,0,0,0,0,0,2,0,0.4,0.4,0.0,0.4,0.0,0.02,1,28,1,6,3,50.0,0.32,0.16,0.0,0.0,14.0,0,0,0,0.4,0.4,0.07,-0.4,-0.4,741,842,88.0,13598,4177,0,0.0,0.1,0.0,0,24,2,0,28,807,34,21,1,3,0,4,0,0,0,0,741,41,21,22,18,1,22,77.3,5,36,21,15,15,56,70,0,12,0.64,10,1,0,0,0,1,4,0.21,1025,170,522,485,21,6,1025,4,0,0.0,4,100.0,555,2727,1430,1,2,0,2,2,660,1,2,0,0,26,5,0,0,15,21,0,0,0,43,35,31,53.0,,,,,,,,,,,,,,,,,,,,,,,,,,,,,,,,2024-2025
411,Endika Buján,es ESP,FW,Athletic Club,es La Liga,21.0,2003.0,1,0,7,0.1,0,0,0,0,0,0,0,0,0.0,0.0,0.0,0.0,0.0,0.0,1,0,0,0,0,,0.0,0.0,,,,0,0,0,0.0,0.0,,0.0,0.0,4,5,80.0,41,12,0,0.0,0.0,0.0,0,0,0,0,0,5,0,0,0,0,1,0,0,0,0,0,4,0,0,0,0,0,1,0.0,1,0,0,0,0,0,0,0,0,0.0,0,0,0,0,0,0,0,0.0,7,0,0,0,7,2,7,2,1,50.0,1,50.0,5,26,13,1,0,0,0,0,5,0,0,0,0,0,0,0,1,0,0,0,0,0,0,0,0,,,,,,,,,,,,,,,,,,,,,,,,,,,,,,,,,2024-2025
413,Facundo Buonanotte,ar ARG,"FW,MF",Leicester City,eng Premier League,19.0,2004.0,31,14,1523,16.9,5,2,7,5,0,0,8,0,3.9,3.9,3.1,7.0,0.41,0.41,39,54,74,36,12,33.3,2.13,0.71,0.14,0.42,17.6,0,0,0,3.9,3.9,0.11,1.1,1.1,437,572,76.4,6930,1757,2,3.1,2.3,-1.1,24,41,13,2,54,501,67,24,7,4,43,10,26,19,1,0,437,53,32,17,22,14,67,31.3,46,34,6,28,12,65,14,0,51,3.01,27,11,9,1,3,0,5,0.3,874,26,128,452,307,39,874,83,28,33.7,49,59.0,479,2997,1347,39,26,9,58,39,528,74,8,0,0,37,35,3,43,12,32,0,0,0,79,18,36,33.3,,,,,,,,,,,,,,,,,,,,,,,,,,,,,,,,2024-2025
414,Alessandro Buongiorno,it ITA,DF,Napoli,it Serie A,25.0,1999.0,22,22,1924,21.4,1,0,1,1,0,0,2,0,0.8,0.8,0.6,1.4,0.05,0.07,27,82,8,8,4,50.0,0.37,0.19,0.13,0.25,11.0,0,0,0,0.8,0.8,0.1,0.2,0.2,1161,1279,90.8,20369,6363,0,0.6,0.6,-0.6,5,67,3,0,82,1223,53,39,0,2,1,3,0,0,0,0,1161,39,23,26,12,1,32,75.0,8,30,18,12,35,74,73,2,19,0.89,18,0,0,1,0,0,2,0.09,1489,125,655,788,55,15,1489,7,1,14.3,3,42.9,902,4549,2741,27,7,1,13,8,1059,8,2,0,0,17,21,1,1,35,23,0,0,0,84,43,21,67.2,,,,,,,,,,,,,,,,,,,,,,,,,,,,,,,,2024-2025
415,Cameron Burgess,au AUS,DF,Ipswich Town,eng Premier League,28.0,1995.0,18,16,1541,17.1,0,2,2,0,0,0,0,0,1.1,1.1,0.5,1.6,0.12,0.09,2,42,4,10,2,20.0,0.58,0.12,0.0,0.0,9.6,0,0,0,1.1,1.1,0.11,-1.1,-1.1,626,774,80.9,11461,5485,2,0.5,0.4,1.5,7,47,4,0,42,710,60,28,1,1,0,0,0,0,0,0,626,17,12,14,3,0,11,81.8,2,20,15,5,14,31,128,3,14,0.82,14,0,0,0,0,0,3,0.18,982,248,609,327,48,24,982,0,0,,0,,430,1965,1002,2,4,0,3,0,573,4,0,0,0,6,4,1,0,14,12,0,0,0,44,44,22,66.7,,,,,,,,,,,,,,,,,,,,,,,,,,,,,,,,2024-2025
418,Dan Burn,eng ENG,DF,Newcastle Utd,eng Premier League,32.0,1992.0,37,37,3330,37.0,1,1,2,1,0,0,11,0,2.0,2.0,0.9,2.8,0.05,0.08,12,75,14,23,7,30.4,0.62,0.19,0.04,0.14,9.7,0,0,0,2.0,2.0,0.09,-1.0,-1.0,1774,2006,88.4,32347,11375,1,0.9,1.1,0.1,9,50,9,0,75,1968,37,25,0,12,3,8,0,0,0,0,1774,39,24,22,15,2,36,55.6,16,36,26,10,27,66,197,4,27,0.73,21,1,0,4,1,0,4,0.11,2386,366,1305,959,130,52,2386,4,3,75.0,1,25.0,1346,6322,2798,12,8,1,24,3,1615,14,11,0,0,34,12,5,3,27,24,0,0,2,103,146,75,66.1,,,,,,,,,,,,,,,,,,,,,,,,,,,,,,,,2024-2025
419,Rareș-Cătălin Burnete,ro ROU,FW,Lecce,it Serie A,20.0,2004.0,4,0,28,0.3,0,0,0,0,0,0,0,0,0.1,0.1,0.0,0.1,0.0,0.25,0,0,4,1,0,0.0,3.21,0.0,0.0,,16.0,0,0,0,0.1,0.1,0.08,-0.1,-0.1,7,11,63.6,70,10,0,0.0,0.0,0.0,0,0,0,0,0,9,2,0,0,0,0,0,0,0,0,0,7,0,0,0,0,0,1,0.0,1,0,0,0,0,0,0,0,0,0.0,0,0,0,0,0,0,0,0.0,22,0,0,12,10,4,22,2,1,50.0,1,50.0,12,26,2,0,0,0,6,4,15,4,0,0,0,2,2,0,0,0,0,0,0,0,3,0,1,0.0,,,,,,,,,,,,,,,,,,,,,,,,,,,,,,,,2024-2025
420,Wes Burns,wls WAL,"FW,DF",Ipswich Town,eng Premier League,29.0,1994.0,18,12,926,10.3,0,1,1,0,0,0,1,0,0.5,0.5,1.6,2.2,0.1,0.21,38,8,65,7,1,14.3,0.68,0.1,0.0,0.0,18.3,0,0,0,0.5,0.5,0.07,-0.5,-0.5,153,253,60.5,2416,597,1,1.6,1.2,-0.6,10,8,8,7,8,244,9,1,0,1,46,8,0,0,0,0,153,13,11,1,9,3,10,40.0,6,7,2,5,10,23,13,2,16,1.55,12,0,1,1,2,0,1,0.1,350,21,69,129,160,18,350,24,9,37.5,14,58.3,216,1458,696,38,13,10,17,13,220,65,1,0,0,4,11,0,46,10,11,0,0,0,50,8,21,27.6,,,,,,,,,,,,,,,,,,,,,,,,,,,,,,,,2024-2025
422,Gianluca Busio,us USA,MF,Venezia,it Serie A,22.0,2002.0,33,28,2518,28.0,2,0,2,2,0,0,4,0,2.4,2.4,1.6,4.0,0.07,0.14,60,95,135,36,7,19.4,1.29,0.25,0.06,0.29,17.7,0,0,0,2.4,2.4,0.07,-0.4,-0.4,696,917,75.9,10896,2655,0,1.6,1.8,-1.6,28,46,25,4,95,895,19,9,3,8,29,5,1,1,0,0,696,46,31,24,12,10,47,42.6,27,36,8,28,19,65,52,0,65,2.33,54,0,1,5,5,0,2,0.07,1250,58,217,635,417,56,1250,48,15,31.3,28,58.3,747,4377,2249,60,57,5,54,32,842,135,4,0,0,26,44,4,29,19,31,1,0,0,107,32,34,48.5,,,,,,,,,,,,,,,,,,,,,,,,,,,,,,,,2024-2025
424,Jean Butez,fr FRA,GK,Como,it Serie A,29.0,1995.0,19,18,1666,18.5,0,0,0,0,0,0,0,0,0.0,0.0,0.0,0.0,0.0,0.0,0,1,0,0,0,,0.0,0.0,,,,0,0,0,0.0,0.0,,0.0,0.0,588,752,78.2,15581,11219,0,0.0,0.0,0.0,1,20,1,0,1,666,86,43,0,0,0,0,0,0,0,0,588,0,0,0,0,0,2,0.0,2,0,0,0,0,0,18,1,5,0.27,5,0,0,0,0,0,0,0.0,799,641,791,9,0,0,799,0,0,,0,,534,2755,1559,0,0,0,1,0,447,0,0,0,0,1,2,0,0,0,0,0,1,0,43,6,0,100.0,20.0,1.08,68.0,48.0,73.5,8.0,4.0,6.0,5.0,27.8,2.0,2.0,0.0,0.0,20.1,0.27,0.1,0.0,90.0,235.0,38.3,709.0,92.0,30.2,32.0,190.0,22.0,11.6,51.0,2.76,18.2,2024-2025
425,Nathan Butler-Oyedeji,eng ENG,FW,Arsenal,eng Premier League,21.0,2003.0,1,0,7,0.1,0,0,0,0,0,0,0,0,0.1,0.1,0.0,0.1,0.0,0.94,0,0,0,1,1,100.0,12.86,12.86,0.0,0.0,15.6,0,0,0,0.1,0.1,0.07,-0.1,-0.1,0,0,,0,0,0,0.0,0.0,0.0,0,0,0,0,0,0,0,0,0,0,0,0,0,0,0,0,0,0,0,0,0,0,0,,0,0,0,0,0,0,0,0,0,0.0,0,0,0,0,0,0,0,0.0,1,0,0,0,1,1,1,0,0,,0,,0,0,0,0,0,0,0,0,0,0,0,0,0,0,0,0,0,0,0,0,0,0,0,0,0,,,,,,,,,,,,,,,,,,,,,,,,,,,,,,,,,2024-2025
427,Pau Cabanes,es ESP,"MF,FW",Villarreal,es La Liga,19.0,2005.0,10,0,163,1.8,1,0,1,1,0,0,0,0,0.5,0.5,0.4,0.9,0.55,0.47,10,11,33,4,2,50.0,2.21,1.1,0.25,0.5,14.2,0,0,0,0.5,0.5,0.12,0.5,0.5,60,84,71.4,897,192,0,0.4,0.2,-0.4,4,1,3,0,11,83,1,0,1,0,6,0,1,0,0,0,60,4,4,0,3,1,4,75.0,1,5,0,5,3,7,2,1,12,6.63,8,0,1,0,3,0,2,1.1,122,2,17,35,71,11,122,12,5,41.7,6,50.0,74,467,245,10,9,5,8,3,89,33,0,0,0,4,7,0,6,3,4,1,0,0,6,1,2,33.3,,,,,,,,,,,,,,,,,,,,,,,,,,,,,,,,2024-2025
428,Pau Cabanes,es ESP,"MF,FW",Alavés,es La Liga,19.0,2005.0,6,2,188,2.1,0,0,0,0,0,0,1,0,0.0,0.0,0.0,0.1,0.0,0.03,15,5,15,2,1,50.0,0.96,0.48,0.0,0.0,26.6,0,0,0,0.0,0.0,0.02,0.0,0.0,59,84,70.2,751,101,0,0.0,0.1,0.0,1,3,1,0,5,79,4,1,0,0,12,3,0,0,0,0,59,8,2,4,3,1,13,46.2,7,2,0,2,0,8,1,0,6,2.87,4,0,1,0,1,0,0,0.0,125,1,16,49,63,7,125,13,4,30.8,7,53.8,83,493,309,15,9,3,10,3,82,15,1,0,0,5,5,0,12,0,2,0,0,0,11,1,3,25.0,,,,,,,,,,,,,,,,,,,,,,,,,,,,,,,,2024-2025
430,Leandro Cabrera,uy URU,DF,Espanyol,es La Liga,33.0,1991.0,33,32,2869,31.9,4,2,6,4,0,0,4,1,1.1,1.1,0.9,2.1,0.19,0.06,9,69,6,19,6,31.6,0.6,0.19,0.21,0.67,12.2,0,0,0,1.1,1.1,0.06,2.9,2.9,1084,1442,75.2,22270,10095,2,0.9,0.7,1.1,9,90,15,3,69,1274,157,58,1,16,17,12,0,0,0,0,1084,40,23,29,8,3,33,57.6,14,35,25,10,30,70,199,2,21,0.66,17,0,0,2,1,1,7,0.22,1796,332,1047,681,76,33,1796,2,1,50.0,1,50.0,833,3674,2284,9,9,0,9,1,1009,6,4,1,0,24,8,0,17,30,23,1,1,0,83,77,42,64.7,,,,,,,,,,,,,,,,,,,,,,,,,,,,,,,,2024-2025
431,Liberato Cacace,nz NZL,"MF,DF",Empoli,it Serie A,23.0,2000.0,33,24,2230,24.8,2,4,6,2,0,0,6,0,2.6,2.6,1.7,4.3,0.24,0.17,53,70,97,29,9,31.0,1.17,0.36,0.07,0.22,17.4,2,0,0,2.6,2.6,0.09,-0.6,-0.6,619,912,67.9,10590,4309,4,1.7,1.5,2.3,25,54,18,6,70,730,176,25,1,5,102,67,54,16,22,0,619,37,25,20,13,4,31,71.0,9,26,9,17,22,59,59,0,54,2.18,33,14,4,2,1,0,4,0.16,1187,81,343,485,381,56,1187,51,14,27.5,34,66.7,542,3590,1884,53,34,7,40,21,635,97,6,0,0,27,17,5,102,22,25,0,0,0,98,41,51,44.6,,,,,,,,,,,,,,,,,,,,,,,,,,,,,,,,2024-2025
432,Alessio Cacciamani,it ITA,"MF,DF",Torino,it Serie A,17.0,2007.0,2,0,31,0.3,0,0,0,0,0,0,0,0,0.0,0.0,0.0,0.0,0.0,0.0,2,1,2,0,0,,0.0,0.0,,,,0,0,0,0.0,0.0,,0.0,0.0,12,15,80.0,185,37,0,0.0,0.0,0.0,0,0,1,0,1,15,0,0,0,0,3,0,0,0,0,0,12,0,0,0,0,0,0,,0,0,0,0,1,1,0,0,1,2.9,1,0,0,0,0,0,0,0.0,18,0,4,4,10,1,18,1,1,100.0,0,0.0,14,138,75,2,1,1,1,0,12,2,0,0,0,0,0,0,3,1,0,0,0,0,1,1,1,50.0,,,,,,,,,,,,,,,,,,,,,,,,,,,,,,,,2024-2025
435,Moisés Caicedo,ec ECU,"MF,DF",Chelsea,eng Premier League,22.0,2001.0,38,38,3351,37.2,1,2,3,1,0,0,11,0,0.8,0.8,3.0,3.8,0.08,0.1,43,215,37,20,3,15.0,0.54,0.08,0.05,0.33,25.3,0,0,0,0.8,0.8,0.04,0.2,0.2,1967,2194,89.7,33834,8949,2,3.0,2.8,-1.0,30,235,34,2,215,2116,74,47,12,13,10,27,0,0,0,0,1967,114,73,44,54,16,86,62.8,32,49,10,39,49,163,60,1,98,2.63,86,0,2,0,3,7,9,0.24,2579,95,562,1570,476,15,2579,64,29,45.3,22,34.4,1409,6882,3384,43,38,2,37,25,1780,37,11,0,0,70,58,0,10,49,73,2,1,0,229,35,16,68.6,,,,,,,,,,,,,,,,,,,,,,,,,,,,,,,,2024-2025
436,Tom Cairney,sct SCO,MF,Fulham,eng Premier League,33.0,1991.0,25,3,628,7.0,2,0,2,2,0,0,3,1,0.8,0.8,1.1,1.8,0.29,0.26,18,53,33,11,4,36.4,1.58,0.57,0.18,0.5,20.4,2,0,0,0.8,0.8,0.07,1.2,1.2,569,627,90.7,9151,1910,0,1.1,1.2,-1.1,11,53,7,3,53,602,25,11,0,2,20,1,8,3,3,0,569,13,5,5,2,6,7,57.1,3,7,1,6,4,17,3,1,33,4.71,28,2,0,2,1,0,3,0.43,683,12,123,347,223,18,683,13,5,38.5,4,30.8,456,2179,1047,18,17,4,6,4,553,33,3,1,0,8,19,0,20,4,5,0,0,0,52,5,9,35.7,,,,,,,,,,,,,,,,,,,,,,,,,,,,,,,,2024-2025
437,Jens Cajuste,se SWE,MF,Ipswich Town,eng Premier League,24.0,1999.0,30,25,1959,21.8,1,1,2,1,0,0,2,0,0.7,0.7,0.8,1.5,0.09,0.07,26,59,20,12,1,8.3,0.55,0.05,0.08,1.0,19.7,0,0,0,0.7,0.7,0.05,0.3,0.3,647,783,82.6,10596,2229,1,0.8,0.7,0.2,13,51,6,1,59,719,64,23,1,5,10,41,0,0,0,0,647,44,22,19,23,2,49,42.9,28,25,10,15,28,72,33,2,36,1.65,28,2,4,0,1,1,2,0.09,1017,61,286,530,217,15,1017,53,28,52.8,19,35.8,481,2609,1329,26,23,3,23,17,594,20,2,0,0,24,22,0,10,28,22,0,0,0,107,13,22,37.1,,,,,,,,,,,,,,,,,,,,,,,,,,,,,,,,2024-2025
438,Davide Calabria,it ITA,DF,Bologna,it Serie A,27.0,1996.0,11,7,632,7.0,0,1,1,0,0,0,3,0,0.1,0.1,1.3,1.4,0.14,0.19,7,40,20,3,0,0.0,0.43,0.0,0.0,,28.4,0,0,0,0.1,0.1,0.03,-0.1,-0.1,354,429,82.5,6167,2065,1,1.3,0.5,-0.3,13,26,11,6,40,348,80,16,1,1,17,64,0,0,0,0,354,12,8,5,5,2,12,41.7,7,4,0,4,3,15,22,1,24,3.42,22,1,0,0,0,1,3,0.43,490,10,141,243,111,4,490,3,0,0.0,3,100.0,271,1208,586,7,7,0,10,3,285,20,3,0,0,7,5,0,17,3,8,0,0,0,30,9,9,50.0,,,,,,,,,,,,,,,,,,,,,,,,,,,,,,,,2024-2025
439,Davide Calabria,it ITA,DF,Milan,it Serie A,27.0,1996.0,7,4,316,3.5,0,0,0,0,0,0,0,0,0.3,0.3,0.2,0.5,0.0,0.14,8,24,31,2,0,0.0,0.57,0.0,0.0,,16.6,0,0,0,0.3,0.3,0.15,-0.3,-0.3,193,223,86.5,3258,767,0,0.2,0.2,-0.2,1,23,2,2,24,204,19,5,1,1,16,14,0,0,0,0,193,10,7,10,0,0,7,57.1,3,1,0,1,8,18,8,0,9,2.56,6,1,0,1,1,0,0,0.0,258,9,56,137,69,4,258,5,3,60.0,1,20.0,159,727,358,8,5,0,1,1,174,31,0,0,0,3,4,0,16,8,7,0,0,0,16,2,0,100.0,,,,,,,,,,,,,,,,,,,,,,,,,,,,,,,,2024-2025
440,Riccardo Calafiori,it ITA,DF,Arsenal,eng Premier League,22.0,2002.0,19,11,983,10.9,2,1,3,2,0,0,4,0,0.9,0.9,0.3,1.1,0.27,0.11,22,54,29,10,6,60.0,0.92,0.55,0.2,0.33,14.1,0,0,0,0.9,0.9,0.09,1.1,1.1,470,549,85.6,6903,1705,1,0.3,0.7,0.7,6,41,9,1,54,483,65,7,0,2,11,58,0,0,0,0,470,27,19,15,10,2,29,62.1,11,12,6,6,9,36,25,0,13,1.19,11,0,1,1,0,0,2,0.18,653,30,164,264,229,30,653,13,9,69.2,3,23.1,308,1655,889,22,15,3,12,5,394,29,4,0,0,16,6,3,11,9,19,0,0,0,35,22,14,61.1,,,,,,,,,,,,,,,,,,,,,,,,,,,,,,,,2024-2025
441,Luca Caldirola,it ITA,DF,Monza,it Serie A,33.0,1991.0,14,10,876,9.7,0,0,0,0,0,0,5,0,0.3,0.3,0.1,0.4,0.0,0.04,5,22,4,4,2,50.0,0.41,0.21,0.0,0.0,19.6,1,0,0,0.3,0.3,0.07,-0.3,-0.3,556,615,90.4,10352,4162,0,0.1,0.2,-0.1,2,25,1,0,22,567,48,29,0,0,1,2,0,0,0,0,556,11,7,8,3,0,7,57.1,3,9,6,3,11,22,43,1,5,0.51,5,0,0,0,0,0,0,0.0,699,86,362,315,23,4,699,1,1,100.0,0,0.0,461,2278,1223,5,5,0,2,1,498,4,5,0,0,18,16,1,1,11,7,0,0,0,19,13,13,50.0,,,,,,,,,,,,,,,,,,,,,,,,,,,,,,,,2024-2025
442,Fernando Calero,es ESP,"DF,MF",Espanyol,es La Liga,28.0,1995.0,21,6,715,7.9,1,0,1,1,0,0,1,0,0.3,0.3,0.0,0.3,0.13,0.04,0,17,2,2,1,50.0,0.25,0.13,0.5,1.0,9.1,0,0,0,0.3,0.3,0.14,0.7,0.7,325,381,85.3,6408,2520,0,0.0,0.1,0.0,3,17,1,1,17,362,18,9,0,4,2,4,0,0,0,0,325,18,10,13,4,1,12,66.7,4,16,9,7,16,34,50,1,6,0.76,5,0,0,0,0,1,0,0.0,498,66,288,187,24,2,498,0,0,,0,,236,947,525,0,2,0,6,0,286,2,1,0,0,6,8,0,2,16,10,0,0,0,26,12,17,41.4,,,,,,,,,,,,,,,,,,,,,,,,,,,,,,,,2024-2025
444,Hakan Çalhanoğlu,tr TUR,MF,Inter,it Serie A,30.0,1994.0,28,25,1879,20.9,5,6,11,2,3,4,5,0,4.4,1.3,5.6,6.9,0.38,0.46,52,173,51,41,12,29.3,1.96,0.57,0.05,0.17,27.2,6,3,4,4.4,1.3,0.03,0.6,0.7,1464,1690,86.6,27437,8326,6,5.6,5.6,0.4,49,144,28,11,173,1532,155,62,7,17,112,4,88,30,47,1,1464,43,22,7,23,13,36,58.3,15,17,8,9,17,60,24,0,99,4.58,58,33,1,5,0,2,14,0.65,1881,45,380,1010,500,23,1877,7,3,42.9,4,57.1,1150,5984,3106,52,53,6,21,9,1353,51,5,0,0,20,13,0,112,17,22,0,1,0,110,16,18,47.1,,,,,,,,,,,,,,,,,,,,,,,,,,,,,,,,2024-2025
445,Dominic Calvert-Lewin,eng ENG,FW,Everton,eng Premier League,27.0,1997.0,26,19,1609,17.9,3,1,4,3,0,0,2,0,6.7,6.7,0.6,7.4,0.22,0.41,23,20,112,50,19,38.0,2.8,1.06,0.06,0.16,12.3,0,0,0,6.7,6.7,0.14,-3.7,-3.7,181,289,62.6,2113,498,1,0.6,0.7,0.4,7,20,5,1,20,287,2,0,0,1,6,1,0,0,0,0,181,9,7,1,4,4,6,33.3,4,7,2,5,7,16,23,0,26,1.46,14,0,4,3,3,2,4,0.22,520,26,45,215,265,88,520,25,10,40.0,13,52.0,280,1445,463,23,8,17,77,33,417,112,2,0,0,27,23,27,6,7,7,0,0,0,35,85,81,51.2,,,,,,,,,,,,,,,,,,,,,,,,,,,,,,,,2024-2025
446,Drissa Camara,ci CIV,"MF,FW",Parma,it Serie A,22.0,2002.0,21,1,447,5.0,0,0,0,0,0,0,3,0,1.2,1.2,0.8,2.0,0.0,0.4,18,27,35,15,5,33.3,3.02,1.01,0.0,0.0,19.8,0,0,0,1.2,1.2,0.08,-1.2,-1.2,133,182,73.1,2076,550,0,0.8,0.5,-0.8,5,15,5,0,27,164,15,4,2,1,5,0,9,2,1,0,133,9,7,2,6,1,10,10.0,9,8,0,8,3,12,1,0,15,3.01,8,2,1,2,2,0,2,0.4,251,1,30,120,113,24,251,27,17,63.0,10,37.0,174,1222,648,18,10,10,14,3,173,35,3,0,0,17,17,1,5,3,7,1,0,0,29,3,9,25.0,,,,,,,,,,,,,,,,,,,,,,,,,,,,,,,,2024-2025
451,Francesco Camarda,it ITA,"FW,MF",Milan,it Serie A,16.0,2008.0,10,1,206,2.3,0,0,0,0,0,0,0,0,0.6,0.6,0.5,1.1,0.0,0.48,2,1,16,8,1,12.5,3.5,0.44,0.0,0.0,14.2,0,0,0,0.6,0.6,0.07,-0.6,-0.6,37,44,84.1,434,40,0,0.5,0.2,-0.5,5,1,0,0,1,41,3,0,0,0,1,0,0,0,0,0,37,5,2,0,2,3,6,33.3,4,2,1,1,0,5,3,0,7,3.04,4,0,0,2,0,1,1,0.43,80,5,10,32,39,17,80,7,2,28.6,4,57.1,34,191,66,2,1,0,7,3,51,16,0,0,0,8,1,2,1,0,2,0,0,0,6,6,6,50.0,,,,,,,,,,,,,,,,,,,,,,,,,,,,,,,,2024-2025
452,Eduardo Camavinga,fr FRA,"MF,DF",Real Madrid,es La Liga,21.0,2002.0,19,11,1102,12.2,1,2,3,1,0,0,2,0,0.4,0.4,0.8,1.2,0.25,0.1,26,61,31,8,2,25.0,0.65,0.16,0.13,0.5,18.5,0,0,0,0.4,0.4,0.05,0.6,0.6,700,793,88.3,11361,3012,2,0.8,0.7,1.2,11,61,5,0,61,746,42,17,4,4,2,25,0,0,0,0,700,42,26,23,16,3,33,57.6,14,24,8,16,18,60,23,0,31,2.54,25,1,2,0,3,0,2,0.16,957,49,272,494,207,15,957,31,15,48.4,10,32.3,565,3051,1699,26,27,7,7,11,643,31,2,0,0,21,31,1,2,18,26,0,1,0,90,20,18,52.6,,,,,,,,,,,,,,,,,,,,,,,,,,,,,,,,2024-2025
453,Nicolò Cambiaghi,it ITA,FW,Bologna,it Serie A,23.0,2000.0,18,4,620,6.9,1,3,4,1,0,0,0,0,0.8,0.8,1.9,2.7,0.58,0.39,45,25,63,14,4,28.6,2.03,0.58,0.07,0.25,17.1,0,0,0,0.8,0.8,0.06,0.2,0.2,177,245,72.2,2543,589,3,1.9,2.2,1.1,12,9,11,6,25,240,3,0,0,0,47,3,0,0,0,0,177,16,10,6,7,3,10,50.0,5,9,0,9,2,18,2,0,30,4.36,22,0,2,2,4,0,8,1.16,334,1,38,106,195,36,334,25,11,44.0,8,32.0,241,1731,884,45,9,15,16,11,257,63,0,0,0,9,34,0,47,2,10,1,0,0,29,3,8,27.3,,,,,,,,,,,,,,,,,,,,,,,,,,,,,,,,2024-2025
454,Andrea Cambiaso,it ITA,"DF,FW",Juventus,it Serie A,24.0,2000.0,33,25,2221,24.7,2,3,5,2,0,0,4,0,0.7,0.7,2.6,3.3,0.2,0.13,78,111,122,17,6,35.3,0.69,0.24,0.12,0.33,22.1,0,0,0,0.7,0.7,0.04,1.3,1.3,1476,1667,88.5,24469,5281,3,2.6,2.1,0.4,34,82,31,9,111,1479,187,24,2,12,66,149,14,6,4,0,1476,46,30,27,13,6,44,61.4,17,24,4,20,16,62,34,5,85,3.45,67,7,4,3,2,2,9,0.36,1911,55,474,939,517,42,1911,50,27,54.0,18,36.0,1195,7318,3868,78,63,13,45,21,1364,122,4,0,0,28,23,6,66,16,30,0,0,0,116,6,11,35.3,,,,,,,,,,,,,,,,,,,,,,,,,,,,,,,,2024-2025
456,Sergio Camello,es ESP,FW,Rayo Vallecano,es La Liga,23.0,2001.0,23,14,1134,12.6,3,2,5,3,0,0,2,0,4.1,4.1,2.0,6.1,0.4,0.48,20,27,68,32,9,28.1,2.54,0.71,0.09,0.33,16.3,0,0,0,4.1,4.1,0.13,-1.1,-1.1,207,263,78.7,2869,452,2,2.0,1.1,0.0,19,12,7,0,27,248,13,0,7,2,6,2,0,0,0,0,207,9,3,2,5,2,6,66.7,2,8,1,7,4,13,16,0,38,3.02,27,0,7,2,1,1,5,0.4,398,17,39,173,196,46,398,23,13,56.5,8,34.8,222,1128,554,20,16,8,38,23,308,68,2,0,0,11,10,2,6,4,3,0,0,0,32,11,26,29.7,,,,,,,,,,,,,,,,,,,,,,,,,,,,,,,,2024-2025
457,José Campaña,es ESP,MF,Las Palmas,es La Liga,31.0,1993.0,25,15,1189,13.2,0,3,3,0,0,0,5,0,0.1,0.1,0.9,1.1,0.23,0.08,11,87,15,5,3,60.0,0.38,0.23,0.0,0.0,37.0,2,0,0,0.1,0.1,0.02,-0.1,-0.1,703,834,84.3,12424,4339,3,0.9,1.0,2.1,14,72,12,4,87,749,82,55,4,12,34,4,23,9,10,0,703,21,16,8,11,2,20,55.0,9,9,1,8,19,40,19,2,39,2.95,34,5,0,0,0,0,4,0.3,946,40,224,577,153,5,946,18,8,44.4,8,44.4,478,2164,988,11,12,1,17,15,605,15,5,0,0,7,20,0,34,19,16,0,1,0,84,15,4,78.9,,,,,,,,,,,,,,,,,,,,,,,,,,,,,,,,2024-2025
458,Thomas Campaniello,it ITA,FW,Empoli,it Serie A,16.0,2008.0,3,0,25,0.3,0,0,0,0,0,0,0,0,0.5,0.5,0.0,0.5,0.0,1.83,0,0,6,1,0,0.0,3.6,0.0,0.0,,10.8,0,0,0,0.5,0.5,0.51,-0.5,-0.5,9,14,64.3,127,0,0,0.0,0.0,0.0,0,0,0,0,0,13,1,0,0,0,0,0,0,0,0,0,9,0,0,0,0,0,2,0.0,2,0,0,0,0,0,0,0,0,0.0,0,0,0,0,0,0,0,0.0,17,0,1,6,10,1,17,0,0,,0,,5,20,2,0,0,0,1,0,13,6,0,0,0,0,1,0,0,0,0,0,0,0,0,1,3,25.0,,,,,,,,,,,,,,,,,,,,,,,,,,,,,,,,2024-2025
461,Peio Canales,es ESP,"MF,FW",Athletic Club,es La Liga,19.0,2005.0,8,2,259,2.9,0,0,0,0,0,0,0,0,0.2,0.2,0.2,0.4,0.0,0.15,6,6,11,3,0,0.0,1.04,0.0,0.0,,21.5,0,0,0,0.2,0.2,0.06,-0.2,-0.2,89,112,79.5,1488,243,0,0.2,0.2,-0.2,6,6,2,0,6,96,16,3,0,1,16,0,11,1,9,0,89,3,2,0,1,2,1,100.0,0,3,0,3,2,5,2,0,10,3.47,5,4,0,0,0,1,0,0.0,140,3,14,63,64,3,140,11,5,45.5,5,45.5,74,472,221,6,4,2,4,3,86,11,0,0,0,1,2,1,16,2,2,0,0,0,17,0,3,0.0,,,,,,,,,,,,,,,,,,,,,,,,,,,,,,,,2024-2025
462,Matteo Cancellieri,it ITA,"FW,MF",Parma,it Serie A,22.0,2002.0,27,19,1424,15.8,3,0,3,3,0,0,2,1,2.7,2.7,0.7,3.4,0.19,0.21,40,24,79,22,7,31.8,1.39,0.44,0.14,0.43,17.6,0,0,0,2.7,2.7,0.12,0.3,0.3,211,313,67.4,2943,842,0,0.7,0.7,-0.7,11,16,7,5,24,298,15,2,4,4,21,3,2,1,0,0,211,26,16,15,9,2,32,34.4,21,15,1,14,13,39,30,0,27,1.71,15,2,4,1,5,0,3,0.19,531,20,103,210,230,40,531,70,28,40.0,33,47.1,314,2108,1025,40,20,16,34,24,348,79,2,1,0,26,41,2,21,13,16,0,0,0,55,29,28,50.9,,,,,,,,,,,,,,,,,,,,,,,,,,,,,,,,2024-2025
463,Fali Candé,gw GNB,DF,Venezia,it Serie A,26.0,1998.0,17,17,1530,17.0,1,1,2,1,0,0,4,0,1.1,1.1,0.6,1.7,0.12,0.1,5,47,3,5,2,40.0,0.29,0.12,0.2,0.5,11.7,1,0,0,1.1,1.1,0.23,-0.1,-0.1,761,939,81.0,13092,5240,1,0.6,0.2,0.4,4,59,3,1,47,748,187,44,0,7,7,80,0,0,0,0,761,25,19,14,10,1,23,69.6,7,21,15,6,15,40,90,2,14,0.82,10,2,0,1,1,0,3,0.18,1131,164,591,496,55,8,1131,10,9,90.0,0,0.0,557,2582,1115,5,9,0,12,8,572,3,4,0,0,24,21,0,7,15,19,0,0,0,79,37,41,47.4,,,,,,,,,,,,,,,,,,,,,,,,,,,,,,,,2024-2025
464,Antonio Candela,it ITA,DF,Venezia,it Serie A,24.0,2000.0,14,12,1008,11.2,0,1,1,0,0,0,2,0,0.3,0.3,0.8,1.2,0.09,0.11,12,27,25,5,0,0.0,0.45,0.0,0.0,,19.1,0,0,0,0.3,0.3,0.07,-0.3,-0.3,299,403,74.2,4708,1990,1,0.8,0.5,0.2,9,26,6,6,27,350,51,3,0,1,22,48,0,0,0,0,299,31,21,13,11,7,26,69.2,8,7,5,2,8,39,22,2,17,1.52,13,1,1,0,0,2,1,0.09,505,38,198,201,112,13,505,12,6,50.0,5,41.7,250,1430,700,12,5,2,17,10,285,25,2,0,0,14,4,0,22,8,21,0,2,1,38,14,13,51.9,,,,,,,,,,,,,,,,,,,,,,,,,,,,,,,,2024-2025
465,Antonio Candela,it ITA,DF,Valladolid,es La Liga,24.0,2000.0,12,12,906,10.1,0,0,0,0,0,0,1,0,0.0,0.0,0.8,0.9,0.0,0.08,16,22,29,1,0,0.0,0.1,0.0,0.0,,16.5,0,0,0,0.0,0.0,0.04,0.0,0.0,342,443,77.2,5886,1919,0,0.8,0.7,-0.8,6,17,6,6,22,368,74,9,1,2,20,65,0,0,0,0,342,9,6,6,2,1,11,36.4,7,11,6,5,6,15,33,0,8,0.79,7,1,0,0,0,0,0,0.0,528,39,239,216,80,7,528,15,6,40.0,9,60.0,261,1618,841,16,8,1,8,5,332,29,1,0,0,5,7,2,20,6,6,0,0,0,23,3,8,27.3,,,,,,,,,,,,,,,,,,,,,,,,,,,,,,,,2024-2025
466,Sergi Canós,es ESP,"MF,FW",Valencia,es La Liga,27.0,1997.0,17,2,370,4.1,0,1,1,0,0,0,3,0,0.5,0.5,0.2,0.7,0.24,0.17,7,9,47,11,3,27.3,2.68,0.73,0.0,0.0,19.8,0,0,0,0.5,0.5,0.05,-0.5,-0.5,92,158,58.2,1502,418,1,0.2,0.2,0.8,4,9,3,3,9,149,8,1,0,1,18,3,4,0,3,0,92,11,7,3,4,4,10,40.0,6,6,1,5,5,16,5,0,19,4.6,13,1,0,4,1,0,1,0.24,231,6,34,76,122,20,231,13,1,7.7,12,92.3,124,540,279,7,6,4,13,5,164,47,3,0,0,12,6,1,18,5,7,0,0,0,20,4,8,33.3,,,,,,,,,,,,,,,,,,,,,,,,,,,,,,,,2024-2025
469,Gianluca Caprari,it ITA,"MF,FW",Monza,it Serie A,31.0,1993.0,34,18,1651,18.3,3,2,5,1,2,2,3,0,4.2,2.6,2.4,5.0,0.16,0.36,43,81,104,28,9,32.1,1.53,0.49,0.04,0.11,22.0,2,2,2,4.2,2.6,0.09,-1.2,-1.6,579,732,79.1,9227,2016,2,2.4,2.1,-0.4,30,39,21,2,81,644,84,20,8,4,80,4,42,15,24,0,579,19,11,8,8,3,14,50.0,7,14,0,14,8,27,2,1,63,3.43,43,13,1,4,1,1,5,0.27,912,3,70,450,399,39,910,40,10,25.0,23,57.5,629,3384,1544,43,37,12,38,31,686,104,3,0,0,18,42,5,80,8,11,0,0,0,57,4,14,22.2,,,,,,,,,,,,,,,,,,,,,,,,,,,,,,,,2024-2025
470,Elia Caprile,it ITA,GK,Cagliari,it Serie A,22.0,2001.0,18,18,1620,18.0,0,0,0,0,0,0,0,0,0.0,0.0,0.0,0.0,0.0,0.0,0,0,0,0,0,,0.0,0.0,,,,0,0,0,0.0,0.0,,0.0,0.0,482,706,68.3,15126,11822,0,0.0,0.0,0.0,0,6,0,0,0,490,215,56,0,0,0,0,0,0,0,0,482,1,0,1,0,0,2,0.0,2,0,0,0,0,1,9,1,0,0.0,0,0,0,0,0,0,0,0.0,756,620,754,2,0,0,756,0,0,,0,,408,1899,1065,0,0,0,1,0,335,0,0,0,0,0,6,0,0,0,0,0,0,0,16,4,0,100.0,22.0,1.22,66.0,44.0,68.2,5.0,4.0,9.0,5.0,27.8,1.0,1.0,0.0,0.0,23.5,0.35,1.5,0.08,132.0,332.0,39.8,546.0,93.0,44.1,36.8,266.0,18.0,6.8,23.0,1.28,15.6,2024-2025
471,Elia Caprile,it ITA,GK,Napoli,it Serie A,22.0,2001.0,4,3,325,3.6,0,0,0,0,0,0,0,0,0.0,0.0,0.0,0.0,0.0,0.0,0,0,0,0,0,,0.0,0.0,,,,0,0,0,0.0,0.0,,0.0,0.0,81,98,82.7,2186,1425,0,0.0,0.0,0.0,0,2,0,0,0,77,20,5,0,0,0,0,0,0,0,0,81,0,0,0,0,0,0,,0,0,0,0,0,0,2,0,0,0.0,0,0,0,0,0,0,0,0.0,105,79,105,0,0,0,105,0,0,,0,,44,234,161,0,0,0,0,0,62,0,0,0,0,0,0,0,0,0,0,0,0,0,3,1,0,100.0,1.0,0.28,8.0,7.0,87.5,3.0,0.0,0.0,3.0,100.0,0.0,0.0,0.0,0.0,2.2,0.27,1.2,0.32,11.0,25.0,44.0,82.0,9.0,25.6,31.7,31.0,3.0,9.7,3.0,0.83,13.7,2024-2025
473,Francesco Caputo,it ITA,FW,Empoli,it Serie A,36.0,1987.0,1,0,6,0.1,0,0,0,0,0,0,0,0,0.0,0.0,0.0,0.0,0.0,0.0,0,0,1,0,0,,0.0,0.0,,,,0,0,0,0.0,0.0,,0.0,0.0,2,2,100.0,26,0,0,0.0,0.0,0.0,0,0,0,0,0,2,0,0,0,0,0,0,0,0,0,0,2,0,0,0,0,0,0,,0,0,0,0,0,0,0,0,0,0.0,0,0,0,0,0,0,0,0.0,2,0,0,1,1,0,2,0,0,,0,,1,1,0,0,0,0,0,0,1,1,0,0,0,0,0,0,0,0,0,0,0,0,1,0,0,,,,,,,,,,,,,,,,,,,,,,,,,,,,,,,,,2024-2025
474,Maxence Caqueret,fr FRA,MF,Como,it Serie A,24.0,2000.0,18,15,1087,12.1,2,3,5,2,0,0,4,0,0.8,0.8,1.5,2.4,0.41,0.2,15,76,46,8,3,37.5,0.66,0.25,0.25,0.67,18.6,0,0,0,0.8,0.8,0.1,1.2,1.2,472,568,83.1,7456,2619,3,1.5,1.1,1.5,19,67,17,1,76,550,15,11,1,2,16,1,3,0,2,0,472,36,21,14,18,4,38,52.6,18,15,1,14,7,43,4,1,41,3.4,34,1,3,2,1,0,8,0.66,698,9,134,368,205,24,698,33,14,42.4,15,45.5,455,2082,883,15,17,1,29,17,512,46,4,0,0,17,11,1,16,7,21,0,0,0,69,3,10,23.1,,,,,,,,,,,,,,,,,,,,,,,,,,,,,,,,2024-2025
477,Andrea Carboni,it ITA,DF,Monza,it Serie A,23.0,2001.0,26,25,2191,24.3,0,1,1,0,0,0,5,0,0.3,0.3,0.3,0.6,0.04,0.03,9,51,32,8,1,12.5,0.33,0.04,0.0,0.0,18.3,0,0,0,0.3,0.3,0.04,-0.3,-0.3,989,1157,85.5,16502,4918,1,0.3,0.2,0.7,4,51,3,3,51,1080,70,27,0,8,15,14,0,0,0,0,989,60,35,39,17,4,53,66.0,18,31,16,15,27,87,106,4,11,0.45,11,0,0,0,0,0,2,0.08,1412,155,681,614,120,18,1412,9,5,55.6,4,44.4,822,3143,1502,9,13,0,15,5,925,32,5,0,0,29,17,0,15,27,35,0,1,0,62,38,42,47.5,,,,,,,,,,,,,,,,,,,,,,,,,,,,,,,,2024-2025
478,Franco Carboni,it ITA,DF,Venezia,it Serie A,21.0,2003.0,8,3,226,2.5,0,0,0,0,0,0,2,0,0.0,0.0,0.1,0.1,0.0,0.04,2,6,11,1,0,0.0,0.4,0.0,0.0,,28.0,0,0,0,0.0,0.0,0.01,0.0,0.0,61,92,66.3,931,351,0,0.1,0.2,-0.1,2,3,3,2,6,82,10,0,0,1,8,10,0,0,0,0,61,5,3,5,0,0,8,62.5,3,1,1,0,0,5,11,0,5,2.0,4,0,0,0,1,0,1,0.4,128,11,62,39,29,2,128,6,2,33.3,3,50.0,70,303,184,2,1,0,4,3,68,11,2,0,0,3,2,0,8,0,3,1,0,0,13,2,3,40.0,,,,,,,,,,,,,,,,,,,,,,,,,,,,,,,,2024-2025
480,Dani Cárdenas,es ESP,GK,Rayo Vallecano,es La Liga,27.0,1997.0,6,6,540,6.0,0,0,0,0,0,0,0,0,0.0,0.0,0.0,0.0,0.0,0.0,0,0,0,0,0,,0.0,0.0,,,,0,0,0,0.0,0.0,,0.0,0.0,94,179,52.5,3014,2377,0,0.0,0.0,0.0,0,2,0,0,0,111,67,21,0,0,0,0,0,0,0,0,94,0,0,0,0,0,0,,0,0,0,0,0,0,3,0,1,0.17,0,1,0,0,0,0,0,0.0,190,165,189,1,0,0,190,0,0,,0,,95,468,246,0,0,0,0,0,71,0,0,0,0,0,1,0,0,0,0,0,0,0,6,0,0,,6.0,1.0,20.0,14.0,70.0,3.0,1.0,2.0,2.0,33.3,0.0,0.0,0.0,0.0,5.6,0.29,-0.4,-0.06,26.0,106.0,24.5,132.0,21.0,56.8,44.3,79.0,2.0,2.5,1.0,0.17,10.2,2024-2025
481,Irvin Cardona,fr FRA,"FW,MF",Espanyol,es La Liga,26.0,1997.0,16,5,606,6.7,1,1,2,1,0,0,1,0,1.1,1.1,0.6,1.7,0.3,0.25,14,15,43,10,3,30.0,1.49,0.45,0.1,0.33,17.3,1,0,0,1.1,1.1,0.11,-0.1,-0.1,100,161,62.1,1428,432,1,0.6,1.2,0.4,9,9,11,4,15,154,6,0,1,2,14,4,0,0,0,0,100,8,5,2,4,2,16,37.5,10,5,1,4,4,12,10,0,20,2.97,16,1,0,2,1,0,3,0.45,246,7,27,98,123,23,246,13,3,23.1,8,61.5,114,874,460,14,14,6,22,4,167,43,1,0,0,8,8,5,14,4,5,0,0,0,19,8,11,42.1,,,,,,,,,,,,,,,,,,,,,,,,,,,,,,,,2024-2025
483,Marc Cardona,es ESP,"FW,DF",Las Palmas,es La Liga,29.0,1995.0,11,0,132,1.5,0,0,0,0,0,0,2,0,0.4,0.4,0.0,0.4,0.0,0.26,2,3,12,4,0,0.0,2.73,0.0,0.0,,15.0,0,0,0,0.4,0.4,0.09,-0.4,-0.4,38,48,79.2,542,79,0,0.0,0.1,0.0,0,4,0,0,3,45,3,0,1,1,1,0,1,0,0,0,38,4,2,1,3,0,1,0.0,1,0,0,0,0,4,0,0,4,2.73,2,0,0,2,0,0,0,0.0,73,0,16,34,23,6,73,7,1,14.3,6,85.7,45,151,55,2,0,0,2,4,53,12,2,0,0,2,3,0,1,0,2,0,0,0,8,0,6,0.0,,,,,,,,,,,,,,,,,,,,,,,,,,,,,,,,2024-2025
484,Sergi Cardona,es ESP,DF,Villarreal,es La Liga,25.0,1999.0,35,34,2945,32.7,1,7,8,1,0,0,11,0,2.4,2.4,5.8,8.2,0.24,0.25,52,77,198,20,6,30.0,0.61,0.18,0.05,0.17,13.7,0,0,0,2.4,2.4,0.12,-1.4,-1.4,1126,1457,77.3,18658,6599,7,5.8,4.6,1.2,45,62,46,26,77,1206,245,23,2,2,111,221,1,0,0,0,1126,71,48,44,20,7,79,62.0,30,52,7,45,40,111,122,1,79,2.41,71,3,1,4,0,0,13,0.4,1842,131,711,632,506,63,1842,30,10,33.3,16,53.3,813,3721,2057,52,34,10,24,11,952,198,11,0,0,38,28,3,111,40,48,0,1,0,131,41,27,60.3,,,,,,,,,,,,,,,,,,,,,,,,,,,,,,,,2024-2025
485,Johnny Cardoso,us USA,MF,Betis,es La Liga,22.0,2001.0,28,24,2144,23.8,3,1,4,3,0,0,4,0,2.0,2.0,0.9,3.0,0.17,0.12,19,71,28,19,7,36.8,0.8,0.29,0.16,0.43,14.9,0,0,0,2.0,2.0,0.11,1.0,1.0,950,1109,85.7,14556,3689,1,0.9,0.8,0.1,9,63,4,0,71,1083,24,23,2,10,3,1,0,0,0,0,950,55,31,12,35,8,52,38.5,32,27,12,15,48,103,64,1,35,1.47,29,0,5,0,0,1,1,0.04,1427,91,397,846,201,26,1427,42,26,61.9,15,35.7,752,3374,1557,19,16,1,36,23,890,28,4,0,0,38,27,0,3,48,31,0,0,0,138,29,18,61.7,,,,,,,,,,,,,,,,,,,,,,,,,,,,,,,,2024-2025
488,Diego Carlos,br BRA,DF,Aston Villa,eng Premier League,31.0,1993.0,10,8,830,9.2,0,0,0,0,0,0,1,0,0.6,0.6,0.0,0.6,0.0,0.07,3,34,0,4,1,25.0,0.43,0.11,0.0,0.0,6.7,0,0,0,0.6,0.6,0.16,-0.6,-0.6,534,603,88.6,10941,4103,0,0.0,0.1,0.0,0,23,1,0,34,575,25,17,0,6,0,0,0,0,0,0,534,8,3,6,1,1,6,66.7,2,13,7,6,5,13,36,2,4,0.43,3,0,0,1,0,0,0,0.0,674,86,331,330,15,6,674,2,2,100.0,0,0.0,419,2133,1162,3,3,0,1,2,481,0,1,0,0,11,1,1,0,5,3,0,0,0,36,11,10,52.4,,,,,,,,,,,,,,,,,,,,,,,,,,,,,,,,2024-2025
489,José Carlos González,es ESP,DF,Las Palmas,es La Liga,18.0,2006.0,1,0,11,0.1,0,0,0,0,0,0,0,0,0.0,0.0,0.0,0.0,0.0,0.0,0,0,1,0,0,,0.0,0.0,,,,0,0,0,0.0,0.0,,0.0,0.0,8,9,88.9,92,22,0,0.0,0.0,0.0,0,1,0,0,0,9,0,0,0,0,0,0,0,0,0,0,8,0,0,0,0,0,0,,0,0,0,0,0,0,0,0,0,0.0,0,0,0,0,0,0,0,0.0,9,0,1,5,3,0,9,0,0,,0,,4,17,8,0,0,0,0,0,7,1,0,0,0,0,0,0,0,0,0,0,0,0,0,0,0,,,,,,,,,,,,,,,,,,,,,,,,,,,,,,,,,2024-2025
490,Carmona,es ESP,DF,Sevilla,es La Liga,22.0,2002.0,35,35,2942,32.7,0,0,0,0,0,0,11,0,0.5,0.5,2.0,2.5,0.0,0.08,45,109,57,19,4,21.1,0.58,0.12,0.0,0.0,24.7,0,0,0,0.5,0.5,0.03,-0.5,-0.5,1448,1798,80.5,23524,8789,0,2.0,0.9,-2.0,19,99,14,6,109,1432,361,48,1,14,41,313,0,0,0,0,1448,83,59,53,21,9,77,53.2,36,37,11,26,68,151,92,3,54,1.65,38,6,3,2,3,2,1,0.03,2192,111,726,1149,346,20,2192,50,19,38.0,25,50.0,894,4958,2754,45,25,8,37,18,1138,57,11,0,0,49,43,1,41,68,59,0,0,0,164,33,20,62.3,,,,,,,,,,,,,,,,,,,,,,,,,,,,,,,,2024-2025
491,Marco Carnesecchi,it ITA,GK,Atalanta,it Serie A,24.0,2000.0,34,34,3060,34.0,0,0,0,0,0,0,1,0,0.0,0.0,0.2,0.2,0.0,0.01,0,0,0,0,0,,0.0,0.0,,,,0,0,0,0.0,0.0,,0.0,0.0,811,1082,75.0,22450,14922,0,0.2,0.0,-0.2,1,9,0,0,0,821,258,57,0,0,0,0,0,0,0,0,811,0,0,0,0,0,0,,0,1,0,1,0,0,26,2,5,0.15,4,1,0,0,0,0,1,0.03,1178,1034,1175,3,0,0,1178,0,0,,0,,678,3476,1966,0,0,0,0,0,578,0,1,0,0,0,5,0,0,0,0,0,0,0,57,7,0,100.0,34.0,1.0,129.0,97.0,75.2,19.0,7.0,8.0,13.0,38.2,2.0,2.0,0.0,0.0,36.1,0.28,4.1,0.12,121.0,374.0,32.4,878.0,177.0,28.2,32.3,319.0,21.0,6.6,45.0,1.32,14.5,2024-2025
492,Sergio Carreira,es ESP,"MF,DF",Celta Vigo,es La Liga,23.0,2000.0,23,19,1656,18.4,0,4,4,0,0,0,1,0,0.6,0.6,3.1,3.7,0.22,0.2,39,53,140,13,3,23.1,0.71,0.16,0.0,0.0,15.6,0,0,0,0.6,0.6,0.05,-0.6,-0.6,681,895,76.1,11545,3606,4,3.1,2.4,0.9,16,35,24,8,53,745,147,3,2,4,41,143,1,0,0,0,681,28,16,16,6,6,26,53.8,12,20,2,18,17,45,37,0,36,1.96,32,1,3,0,0,0,4,0.22,1057,36,277,408,380,52,1057,30,14,46.7,13,43.3,571,3064,1421,39,22,16,16,14,672,140,1,0,0,19,7,3,41,17,16,0,0,0,66,3,14,17.6,,,,,,,,,,,,,,,,,,,,,,,,,,,,,,,,2024-2025
493,Dani Carvajal,es ESP,DF,Real Madrid,es La Liga,32.0,1992.0,8,7,609,6.8,1,0,1,1,0,0,1,0,1.3,1.3,0.2,1.5,0.15,0.22,13,27,48,3,1,33.3,0.44,0.15,0.33,1.0,3.4,0,0,0,1.3,1.3,0.44,-0.3,-0.3,399,463,86.2,6523,1419,0,0.2,0.3,-0.2,5,20,5,0,27,409,53,7,0,0,14,46,0,0,0,0,399,12,8,7,3,2,12,75.0,3,8,3,5,10,22,19,1,12,1.77,10,2,0,0,0,0,2,0.3,532,26,126,232,176,12,532,5,2,40.0,3,60.0,278,1288,513,13,5,0,8,6,376,48,1,0,0,3,6,0,14,10,8,0,0,0,21,7,5,58.3,,,,,,,,,,,,,,,,,,,,,,,,,,,,,,,,2024-2025
494,Fabio Carvalho,pt POR,"FW,MF",Brentford,eng Premier League,21.0,2002.0,19,3,455,5.1,2,1,3,2,0,0,1,0,2.5,2.5,0.7,3.2,0.59,0.62,9,17,23,12,5,41.7,2.37,0.99,0.17,0.4,14.7,0,0,0,2.5,2.5,0.21,-0.5,-0.5,126,178,70.8,1755,442,1,0.7,0.6,0.3,4,11,5,1,17,163,14,4,2,0,10,1,7,3,0,0,126,13,9,4,4,5,13,46.2,7,6,1,5,3,16,2,0,10,1.97,7,0,1,2,0,0,1,0.2,247,4,44,91,113,22,247,14,2,14.3,10,71.4,137,698,356,9,3,0,13,8,145,23,1,0,0,5,10,1,10,3,9,0,0,0,30,2,6,25.0,,,,,,,,,,,,,,,,,,,,,,,,,,,,,,,,2024-2025
495,William Carvalho,pt POR,MF,Betis,es La Liga,32.0,1992.0,14,6,484,5.4,0,0,0,0,0,0,1,0,0.2,0.2,0.2,0.5,0.0,0.09,5,45,10,4,1,25.0,0.74,0.19,0.0,0.0,16.7,0,0,0,0.2,0.2,0.06,-0.2,-0.2,343,395,86.8,5141,1591,0,0.2,0.7,-0.2,6,44,4,0,45,383,10,10,0,4,2,0,0,0,0,0,343,9,6,3,6,0,6,66.7,2,6,2,4,3,12,6,0,14,2.6,14,0,0,0,0,0,0,0.0,432,11,94,255,87,6,432,5,3,60.0,1,20.0,294,1213,592,5,9,0,6,6,342,10,1,0,0,7,3,0,2,3,6,0,0,0,29,6,5,54.5,,,,,,,,,,,,,,,,,,,,,,,,,,,,,,,,2024-2025
496,Cesare Casadei,it ITA,MF,Torino,it Serie A,21.0,2003.0,15,13,1017,11.3,1,1,2,1,0,0,1,0,1.2,1.2,0.4,1.5,0.18,0.14,14,36,12,14,7,50.0,1.24,0.62,0.07,0.14,13.3,0,0,0,1.2,1.2,0.08,-0.2,-0.2,323,406,79.6,5338,1082,1,0.4,0.4,0.6,7,35,6,1,36,404,2,2,0,3,2,0,0,0,0,0,323,12,5,4,8,0,10,50.0,5,4,2,2,5,17,26,0,19,1.68,16,0,0,1,1,1,2,0.18,508,30,107,303,102,22,508,10,7,70.0,2,20.0,259,1609,640,14,8,0,20,9,352,12,1,0,0,16,10,0,2,5,5,0,1,0,41,64,25,71.9,,,,,,,,,,,,,,,,,,,,,,,,,,,,,,,,2024-2025
497,Marc Casado,es ESP,MF,Barcelona,es La Liga,20.0,2003.0,23,20,1611,17.9,1,3,4,1,0,0,4,1,1.1,1.1,1.4,2.4,0.22,0.13,12,107,24,14,1,7.1,0.78,0.06,0.07,1.0,22.4,0,0,0,1.1,1.1,0.08,-0.1,-0.1,1221,1367,89.3,18725,4279,3,1.4,1.8,1.6,9,138,6,0,107,1330,37,34,4,7,9,3,0,0,0,0,1221,44,25,7,30,7,41,48.8,21,20,5,15,22,66,22,1,45,2.51,40,0,0,1,2,2,6,0.34,1536,25,223,1040,276,9,1536,9,4,44.4,4,44.4,870,3523,1540,12,22,0,17,9,1172,24,4,1,1,26,36,0,9,22,25,0,0,0,90,8,23,25.8,,,,,,,,,,,,,,,,,,,,,,,,,,,,,,,,2024-2025
498,Nicolò Casale,it ITA,DF,Bologna,it Serie A,26.0,1998.0,15,9,900,10.0,0,1,1,0,0,0,1,0,0.5,0.5,0.5,0.9,0.1,0.09,3,29,2,4,1,25.0,0.4,0.1,0.0,0.0,9.7,0,0,0,0.5,0.5,0.12,-0.5,-0.5,448,512,87.5,8803,3003,1,0.5,0.5,0.5,3,22,2,0,29,485,26,20,3,4,0,2,0,0,0,0,448,11,5,4,6,1,10,50.0,5,15,7,8,17,28,43,3,12,1.2,10,0,0,2,0,0,2,0.2,615,62,296,307,20,9,615,3,3,100.0,0,0.0,328,1545,675,3,1,0,9,1,353,2,1,0,0,23,8,0,0,17,5,0,0,1,43,32,23,58.2,,,,,,,,,,,,,,,,,,,,,,,,,,,,,,,,2024-2025
499,Nicolò Casale,it ITA,DF,Lazio,it Serie A,26.0,1998.0,2,2,135,1.5,0,0,0,0,0,0,0,0,0.0,0.0,0.0,0.0,0.0,0.03,0,6,0,1,1,100.0,0.67,0.67,0.0,0.0,11.4,0,0,0,0.0,0.0,0.04,0.0,0.0,100,110,90.9,2040,595,0,0.0,0.0,0.0,0,12,0,0,6,110,0,0,0,0,0,0,0,0,0,0,100,5,3,4,1,0,0,,0,4,3,1,1,6,2,0,0,0.0,0,0,0,0,0,0,0,0.0,124,9,39,83,2,2,124,0,0,,0,,83,375,211,0,1,1,1,0,99,0,0,0,0,2,0,0,0,1,3,0,0,0,1,6,0,100.0,,,,,,,,,,,,,,,,,,,,,,,,,,,,,,,,2024-2025
500,Casemiro,br BRA,MF,Manchester Utd,eng Premier League,32.0,1992.0,24,18,1494,16.6,1,0,1,1,0,0,5,0,1.9,1.9,2.3,4.2,0.06,0.25,4,84,28,32,10,31.3,1.93,0.6,0.03,0.1,19.5,0,0,0,1.9,1.9,0.06,-0.9,-0.9,780,990,78.8,13010,4069,0,2.3,2.0,-2.3,22,81,23,6,84,963,19,17,9,9,20,2,0,0,0,0,780,83,50,50,23,10,74,60.8,29,39,10,29,14,97,51,3,53,3.19,49,1,0,3,0,0,4,0.24,1250,75,374,633,251,43,1250,6,3,50.0,3,50.0,660,2047,934,4,10,0,12,10,800,28,5,0,0,20,19,4,20,14,50,0,0,0,103,36,19,65.5,,,,,,,,,,,,,,,,,,,,,,,,,,,,,,,,2024-2025
501,Kaelan Casey,eng ENG,DF,West Ham,eng Premier League,19.0,2004.0,1,0,1,0.0,0,0,0,0,0,0,0,0,0.0,0.0,0.0,0.0,0.0,0.0,0,0,0,0,0,,0.0,0.0,,,,0,0,0,0.0,0.0,,0.0,0.0,0,0,,0,0,0,0.0,0.0,0.0,0,0,0,0,0,0,0,0,0,0,0,0,0,0,0,0,0,0,0,0,0,0,0,,0,0,0,0,0,0,1,0,0,0.0,0,0,0,0,0,0,0,0.0,1,1,1,0,0,0,1,0,0,,0,,0,0,0,0,0,0,0,0,0,0,0,0,0,0,0,0,0,0,0,0,0,0,0,1,0,100.0,,,,,,,,,,,,,,,,,,,,,,,,,,,,,,,,2024-2025
502,Matty Cash,pl POL,DF,Aston Villa,eng Premier League,26.0,1997.0,27,24,2070,23.0,1,1,2,1,0,0,7,0,0.5,0.5,1.1,1.6,0.09,0.07,48,42,90,13,6,46.2,0.57,0.26,0.08,0.17,18.8,0,0,0,0.5,0.5,0.04,0.5,0.5,732,945,77.5,12171,3259,1,1.1,1.3,-0.1,10,39,10,5,42,781,162,23,0,1,40,139,0,0,0,0,732,56,32,29,21,6,43,72.1,12,22,8,14,23,79,70,2,25,1.09,22,1,1,0,0,1,4,0.17,1186,90,432,463,304,42,1186,40,19,47.5,16,40.0,595,3700,1864,48,38,4,20,10,654,90,7,0,0,27,20,1,40,23,32,0,2,0,81,20,20,50.0,,,,,,,,,,,,,,,,,,,,,,,,,,,,,,,,2024-2025
503,Eiran Cashin,ie IRL,DF,Brighton,eng Premier League,22.0,2001.0,2,0,20,0.2,0,0,0,0,0,0,0,0,0.0,0.0,0.0,0.0,0.0,0.0,0,6,1,0,0,,0.0,0.0,,,,0,0,0,0.0,0.0,,0.0,0.0,23,28,82.1,407,196,0,0.0,0.0,0.0,0,5,0,0,6,28,0,0,0,0,1,0,0,0,0,0,23,0,0,0,0,0,1,0.0,1,0,0,0,0,0,2,0,1,4.5,1,0,0,0,0,0,0,0.0,32,2,10,20,2,0,32,1,0,0.0,1,100.0,21,133,99,0,0,0,0,0,25,1,0,0,0,0,0,0,1,0,0,0,0,0,1,2,1,66.7,,,,,,,,,,,,,,,,,,,,,,,,,,,,,,,,2024-2025
505,Federico Cassa,it ITA,"MF,FW",Atalanta,it Serie A,18.0,2006.0,2,0,14,0.2,0,0,0,0,0,0,0,0,0.0,0.0,0.0,0.0,0.0,0.0,1,1,2,0,0,,0.0,0.0,,,,0,0,0,0.0,0.0,,0.0,0.0,5,6,83.3,54,9,0,0.0,0.0,0.0,0,0,0,0,1,6,0,0,0,0,0,0,0,0,0,0,5,0,0,0,0,0,0,,0,1,0,1,0,0,0,0,1,6.43,0,0,0,0,1,0,0,0.0,9,0,1,2,6,0,9,1,0,0.0,1,100.0,9,61,41,1,2,1,0,0,8,2,0,0,0,2,1,0,0,0,0,1,0,0,1,0,0,,,,,,,,,,,,,,,,,,,,,,,,,,,,,,,,,2024-2025
507,Timothy Castagne,be BEL,DF,Fulham,eng Premier League,28.0,1995.0,24,17,1649,18.3,0,1,1,0,0,0,1,0,0.4,0.4,1.2,1.6,0.05,0.09,17,62,67,8,3,37.5,0.44,0.16,0.0,0.0,14.0,0,0,0,0.4,0.4,0.05,-0.4,-0.4,780,953,81.8,12441,3910,1,1.2,0.6,-0.2,9,51,5,3,62,813,140,10,0,1,37,130,0,0,0,0,780,46,29,28,15,3,45,57.8,19,15,6,9,22,68,83,0,25,1.36,21,0,1,2,1,0,3,0.16,1164,92,449,462,259,32,1164,12,5,41.7,5,41.7,547,2191,1044,17,15,2,15,5,665,67,1,0,0,15,6,1,37,22,29,0,1,0,57,34,35,49.3,,,,,,,,,,,,,,,,,,,,,,,,,,,,,,,,2024-2025
508,Valentín Castellanos,ar ARG,FW,Lazio,it Serie A,25.0,1998.0,29,28,2384,26.5,10,3,13,8,2,3,9,1,13.4,11.3,3.6,14.9,0.42,0.64,27,66,149,105,36,34.3,3.96,1.36,0.08,0.22,16.8,3,2,3,13.4,11.3,0.11,-3.4,-3.3,366,541,67.7,5170,1247,3,3.6,2.6,-0.6,26,48,14,2,66,489,50,0,9,1,25,5,0,0,0,0,366,13,6,2,4,7,10,10.0,9,18,2,16,6,19,25,0,73,2.76,37,1,5,23,5,2,14,0.53,835,20,57,353,434,155,832,37,16,43.2,19,51.4,423,1889,848,27,22,15,55,29,618,149,9,1,0,38,42,17,25,6,6,1,0,0,51,68,60,53.1,,,,,,,,,,,,,,,,,,,,,,,,,,,,,,,,2024-2025
510,Santiago Castro,ar ARG,FW,Bologna,it Serie A,19.0,2004.0,36,27,2294,25.5,8,4,12,8,0,1,7,0,7.7,6.9,2.9,9.8,0.47,0.41,17,39,136,62,20,32.3,2.43,0.78,0.13,0.4,15.8,0,0,1,7.7,6.9,0.11,0.3,1.1,354,461,76.8,6386,993,4,2.9,1.5,1.1,28,23,8,0,39,401,57,1,5,9,8,9,0,0,0,0,354,18,10,4,9,5,17,35.3,11,13,2,11,3,21,20,0,69,2.71,45,1,6,7,8,2,11,0.43,722,23,55,312,363,101,721,43,18,41.9,22,51.2,428,1867,599,17,23,8,70,64,519,136,7,0,0,49,52,9,8,3,10,0,0,1,69,37,68,35.2,,,,,,,,,,,,,,,,,,,,,,,,,,,,,,,,2024-2025
511,Gaetano Castrovilli,it ITA,MF,Monza,it Serie A,27.0,1997.0,12,7,596,6.6,0,0,0,0,0,0,0,0,0.3,0.3,0.4,0.7,0.0,0.11,10,24,28,6,0,0.0,0.91,0.0,0.0,,17.7,1,0,0,0.3,0.3,0.05,-0.3,-0.3,188,238,79.0,2902,828,0,0.4,0.6,-0.4,7,12,5,0,24,218,20,10,1,1,14,4,6,2,2,0,188,12,7,10,2,0,11,36.4,7,8,2,6,2,14,9,0,15,2.27,9,2,1,2,0,1,2,0.3,305,15,65,151,92,10,305,11,5,45.5,5,45.5,187,906,487,10,8,0,9,9,192,28,0,0,0,8,7,2,14,2,7,0,0,0,27,1,6,14.3,,,,,,,,,,,,,,,,,,,,,,,,,,,,,,,,2024-2025
512,Gaetano Castrovilli,it ITA,"MF,FW",Lazio,it Serie A,27.0,1997.0,9,1,148,1.6,0,0,0,0,0,0,0,0,0.1,0.1,0.7,0.8,0.0,0.49,5,10,6,2,0,0.0,1.22,0.0,0.0,,19.0,0,0,0,0.1,0.1,0.04,-0.1,-0.1,66,78,84.6,1057,235,0,0.7,0.0,-0.7,2,7,0,0,10,76,2,0,1,2,0,1,0,0,0,0,66,5,2,3,1,1,4,50.0,2,3,0,3,3,8,1,0,3,1.84,3,0,0,0,0,0,0,0.0,99,2,18,57,24,6,99,2,1,50.0,1,50.0,58,333,176,5,1,1,2,4,68,6,0,0,0,4,1,0,0,3,2,0,0,0,8,0,0,,,,,,,,,,,,,,,,,,,,,,,,,,,,,,,,,2024-2025
513,Danilo Cataldi,it ITA,MF,Fiorentina,it Serie A,29.0,1994.0,24,22,1712,19.0,3,0,3,3,0,0,1,0,1.1,1.1,0.8,1.9,0.16,0.1,18,90,16,13,5,38.5,0.68,0.26,0.23,0.6,22.8,2,0,0,1.1,1.1,0.09,1.9,1.9,845,1000,84.5,14213,4507,0,0.8,0.8,-0.8,15,83,10,3,90,937,57,43,2,3,21,5,9,3,2,0,845,25,16,13,10,2,27,51.9,13,17,8,9,22,47,35,0,32,1.68,21,6,0,3,1,1,1,0.05,1147,55,284,720,151,7,1147,10,3,30.0,4,40.0,657,3018,1172,18,22,1,13,7,764,16,1,0,0,15,20,0,21,22,16,0,0,0,114,6,5,54.5,,,,,,,,,,,,,,,,,,,,,,,,,,,,,,,,2024-2025
514,Catena,es ESP,DF,Osasuna,es La Liga,29.0,1994.0,35,35,3074,34.2,1,3,4,1,0,0,11,0,2.2,2.2,2.3,4.5,0.12,0.13,9,89,4,20,5,25.0,0.59,0.15,0.05,0.2,10.9,0,0,0,2.2,2.2,0.11,-1.2,-1.2,1274,1521,83.8,27748,11023,3,2.3,1.9,0.7,10,68,5,1,89,1402,112,100,1,18,2,2,0,0,0,0,1274,46,28,34,10,2,44,61.4,17,40,25,15,35,81,221,2,29,0.85,23,3,0,1,2,0,6,0.18,1905,287,988,864,65,40,1905,11,8,72.7,2,18.2,984,4590,2558,9,3,0,11,1,1101,4,11,0,0,36,14,1,2,35,28,1,1,0,108,67,35,65.7,,,,,,,,,,,,,,,,,,,,,,,,,,,,,,,,2024-2025
515,Maximiliano Caufriez,be BEL,DF,Valencia,es La Liga,27.0,1997.0,1,1,90,1.0,0,0,0,0,0,0,0,0,0.0,0.0,0.0,0.0,0.0,0.0,0,1,0,0,0,,0.0,0.0,,,,0,0,0,0.0,0.0,,0.0,0.0,11,14,78.6,219,77,0,0.0,0.0,0.0,0,0,0,0,1,13,1,1,0,0,0,0,0,0,0,0,11,1,1,1,0,0,1,100.0,0,2,1,1,1,2,4,0,0,0.0,0,0,0,0,0,0,0,0.0,23,6,17,6,0,0,23,0,0,,0,,8,68,3,0,0,0,0,0,10,0,0,0,0,3,0,0,0,1,1,0,1,0,1,2,5,28.6,,,,,,,,,,,,,,,,,,,,,,,,,,,,,,,,2024-2025
517,Dani Ceballos,es ESP,MF,Real Madrid,es La Liga,27.0,1996.0,23,15,1215,13.5,0,0,0,0,0,0,4,0,0.4,0.4,1.6,2.0,0.0,0.15,42,150,17,7,2,28.6,0.52,0.15,0.0,0.0,22.5,0,0,0,0.4,0.4,0.05,-0.4,-0.4,1284,1361,94.3,20805,5972,0,1.6,2.0,-1.6,22,156,10,0,150,1306,52,30,4,7,14,14,7,4,2,0,1284,41,21,17,18,6,40,50.0,20,16,4,12,14,55,10,2,57,4.22,50,5,1,0,1,0,5,0.37,1473,35,267,940,277,9,1473,15,8,53.3,3,20.0,999,5186,2951,42,30,2,11,7,1206,17,4,0,0,13,30,0,14,14,21,0,0,0,87,2,1,66.7,,,,,,,,,,,,,,,,,,,,,,,,,,,,,,,,2024-2025
519,Zeki Çelik,tr TUR,DF,Roma,it Serie A,27.0,1997.0,31,27,2256,25.1,0,2,2,0,0,0,5,0,0.6,0.6,1.6,2.2,0.08,0.09,28,106,93,13,4,30.8,0.52,0.16,0.0,0.0,15.7,0,0,0,0.6,0.6,0.04,-0.6,-0.6,1121,1364,82.2,18553,6491,2,1.6,1.0,0.4,19,110,15,9,106,1191,171,18,0,5,42,153,0,0,0,0,1121,62,37,21,31,10,43,53.5,20,28,9,19,15,77,84,3,38,1.51,35,1,1,1,0,0,4,0.16,1627,98,469,818,352,40,1627,14,8,57.1,4,28.6,836,3758,1820,28,27,1,20,8,1011,93,5,0,0,31,10,0,42,15,37,0,1,0,75,30,26,53.6,,,,,,,,,,,,,,,,,,,,,,,,,,,,,,,,2024-2025
521,Alberto Cerri,it ITA,FW,Como,it Serie A,28.0,1996.0,5,0,87,1.0,0,0,0,0,0,0,0,0,1.0,1.0,0.0,1.0,0.0,1.05,0,0,11,4,1,25.0,4.14,1.03,0.0,0.0,11.2,0,0,0,1.0,1.0,0.25,-1.0,-1.0,15,23,65.2,184,7,0,0.0,0.1,0.0,0,0,0,0,0,22,1,0,0,0,0,0,0,0,0,0,15,0,0,0,0,0,0,,0,2,0,2,0,0,1,0,1,1.03,1,0,0,0,0,0,0,0.0,36,1,4,12,21,9,36,0,0,,0,,20,54,10,0,0,1,2,3,29,11,0,0,0,3,1,2,0,0,0,0,0,0,3,4,4,50.0,,,,,,,,,,,,,,,,,,,,,,,,,,,,,,,,2024-2025
522,Franco Cervi,ar ARG,"FW,MF",Celta Vigo,es La Liga,30.0,1994.0,7,4,273,3.0,0,0,0,0,0,0,1,0,0.0,0.0,0.3,0.3,0.0,0.11,3,14,21,0,0,,0.0,0.0,,,,0,0,0,0.0,0.0,,0.0,0.0,91,132,68.9,1667,587,0,0.3,0.3,-0.3,5,12,2,0,14,108,24,4,2,0,6,18,2,1,1,0,91,8,3,2,6,0,8,37.5,5,4,0,4,8,16,7,0,5,1.65,5,0,0,0,0,0,0,0.0,160,4,37,78,45,1,160,2,1,50.0,1,50.0,82,404,173,3,2,0,3,2,95,21,1,0,0,4,1,0,6,8,3,0,0,0,12,4,6,40.0,,,,,,,,,,,,,,,,,,,,,,,,,,,,,,,,2024-2025
526,Trevoh Chalobah,eng ENG,DF,Crystal Palace,eng Premier League,25.0,1999.0,12,12,1060,11.8,3,0,3,3,0,0,1,0,1.2,1.2,0.4,1.6,0.25,0.14,11,34,6,11,4,36.4,0.93,0.34,0.27,0.75,15.1,0,0,0,1.2,1.2,0.11,1.8,1.8,349,442,79.0,6831,2195,0,0.4,0.3,-0.4,4,27,2,1,34,426,16,11,1,2,7,5,0,0,0,0,349,20,16,7,12,1,23,52.2,11,19,9,10,19,39,57,3,11,0.93,10,0,1,0,0,0,0,0.0,594,66,275,276,51,14,594,10,6,60.0,2,20.0,278,1213,661,11,9,1,4,7,317,6,1,0,0,10,15,1,7,19,16,0,0,0,56,22,19,53.7,,,,,,,,,,,,,,,,,,,,,,,,,,,,,,,,2024-2025
527,Trevoh Chalobah,eng ENG,DF,Chelsea,eng Premier League,25.0,1999.0,13,11,910,10.1,0,1,1,0,0,0,2,0,0.8,0.8,1.2,2.0,0.1,0.19,4,37,2,7,2,28.6,0.69,0.2,0.0,0.0,11.1,0,0,0,0.8,0.8,0.11,-0.8,-0.8,609,677,90.0,10527,3326,1,1.2,0.3,-0.2,3,42,3,0,37,654,23,11,1,2,3,10,0,0,0,0,609,11,7,5,6,0,8,87.5,1,6,3,3,10,21,48,1,13,1.29,10,0,0,2,0,1,3,0.3,774,73,331,389,59,12,774,5,2,40.0,1,20.0,426,1753,772,4,5,1,3,2,574,2,2,0,0,9,7,0,3,10,7,0,0,0,29,23,12,65.7,,,,,,,,,,,,,,,,,,,,,,,,,,,,,,,,2024-2025
529,Conor Chaplin,eng ENG,"MF,FW",Ipswich Town,eng Premier League,27.0,1997.0,22,10,857,9.5,1,1,2,1,0,0,2,0,1.5,1.5,0.7,2.2,0.21,0.23,13,29,23,16,3,18.8,1.68,0.32,0.06,0.33,17.7,0,0,0,1.5,1.5,0.09,-0.5,-0.5,235,319,73.7,3800,927,1,0.7,0.6,0.3,8,21,7,2,29,282,37,3,10,1,9,4,0,0,0,0,235,15,5,6,6,3,14,42.9,8,8,1,7,4,19,3,0,22,2.32,19,3,0,0,0,0,1,0.11,390,7,74,183,138,18,390,8,4,50.0,4,50.0,179,910,467,13,9,0,12,5,264,23,2,0,0,11,7,0,9,4,5,0,0,0,27,3,9,25.0,,,,,,,,,,,,,,,,,,,,,,,,,,,,,,,,2024-2025
531,Gabriel Charpentier,cg CGO,FW,Parma,it Serie A,25.0,1999.0,10,0,271,3.0,1,2,3,1,0,0,1,0,1.3,1.3,0.9,2.3,1.0,0.75,6,7,16,9,4,44.4,2.99,1.33,0.11,0.25,17.6,0,0,0,1.3,1.3,0.15,-0.3,-0.3,33,55,60.0,508,188,2,0.9,0.3,1.1,7,3,2,0,7,51,4,0,1,0,2,2,0,0,0,0,33,4,3,2,1,1,4,75.0,1,3,0,3,0,4,9,0,11,3.64,8,0,0,0,2,1,3,0.99,111,7,22,35,58,12,111,6,2,33.3,3,50.0,55,337,138,6,4,2,16,4,64,16,1,0,0,13,10,0,2,0,3,1,0,0,12,9,14,39.1,,,,,,,,,,,,,,,,,,,,,,,,,,,,,,,,2024-2025
532,Raúl Chasco,es ESP,DF,Valladolid,es La Liga,20.0,2003.0,2,1,130,1.4,0,0,0,0,0,0,0,0,0.0,0.0,0.0,0.0,0.0,0.02,1,3,2,0,0,,0.0,0.0,,,,0,0,0,0.0,0.0,,0.0,0.0,35,58,60.3,730,329,0,0.0,0.1,0.0,1,5,1,0,3,37,21,5,1,1,3,16,0,0,0,0,35,4,1,3,1,0,4,50.0,2,1,0,1,2,6,2,0,2,1.38,2,0,0,0,0,0,1,0.69,74,2,36,32,7,0,74,2,0,0.0,2,100.0,28,103,54,1,0,0,3,1,28,2,0,0,0,3,0,0,3,2,1,0,0,0,2,0,0,,,,,,,,,,,,,,,,,,,,,,,,,,,,,,,,,2024-2025
534,Pep Chavarría,es ESP,"DF,FW",Rayo Vallecano,es La Liga,26.0,1998.0,34,28,2585,28.7,0,1,1,0,0,0,3,0,1.2,1.2,1.9,3.1,0.03,0.11,59,114,133,11,3,27.3,0.38,0.1,0.0,0.0,20.1,0,0,0,1.2,1.2,0.11,-1.2,-1.2,1244,1561,79.7,19853,6873,1,1.9,1.9,-0.9,24,75,27,10,114,1279,278,15,0,9,79,263,0,0,0,0,1244,46,36,30,14,2,45,62.2,17,35,9,26,30,76,108,1,61,2.12,50,4,1,3,2,1,2,0.07,1884,93,602,801,500,31,1884,32,10,31.3,18,56.3,887,4265,2300,59,34,6,39,6,1053,133,3,0,0,31,25,3,79,30,36,0,1,0,114,23,30,43.4,,,,,,,,,,,,,,,,,,,,,,,,,,,,,,,,2024-2025
537,Walid Cheddira,ma MAR,FW,Napoli,it Serie A,26.0,1998.0,1,0,12,0.1,0,0,0,0,0,0,0,0,0.0,0.0,0.0,0.0,0.0,0.2,0,1,1,0,0,,0.0,0.0,,,,0,0,0,0.0,0.0,,0.0,0.0,2,3,66.7,28,14,0,0.0,0.0,0.0,1,1,0,0,1,3,0,0,0,0,0,0,0,0,0,0,2,0,0,0,0,0,0,,0,0,0,0,0,0,0,0,1,7.5,1,0,0,0,0,0,0,0.0,3,0,0,1,2,0,3,0,0,,0,,1,3,0,0,0,0,0,0,2,1,0,0,0,0,0,0,0,0,0,0,0,0,0,0,1,0.0,,,,,,,,,,,,,,,,,,,,,,,,,,,,,,,,2024-2025
538,Walid Cheddira,ma MAR,FW,Espanyol,es La Liga,26.0,1998.0,22,5,640,7.1,1,1,2,1,0,0,3,0,1.0,1.0,1.2,2.2,0.28,0.31,8,12,34,13,4,30.8,1.83,0.56,0.08,0.25,12.7,0,0,0,1.0,1.0,0.08,0.0,0.0,73,103,70.9,1001,248,1,1.2,0.5,-0.2,6,3,1,0,12,94,9,0,0,0,2,0,0,0,0,0,73,5,0,1,1,3,1,0.0,1,4,0,4,1,6,6,0,20,2.81,10,0,2,4,4,0,5,0.7,203,5,21,99,86,33,203,20,4,20.0,14,70.0,108,516,219,8,6,8,25,9,141,34,3,0,0,30,27,11,2,1,0,1,0,0,19,15,25,37.5,,,,,,,,,,,,,,,,,,,,,,,,,,,,,,,,2024-2025
539,Chema,es ESP,MF,Real Madrid,es La Liga,19.0,2005.0,2,0,12,0.1,0,0,0,0,0,0,0,0,0.0,0.0,0.0,0.0,0.0,0.0,0,0,0,0,0,,0.0,0.0,,,,0,0,0,0.0,0.0,,0.0,0.0,1,1,100.0,16,0,0,0.0,0.0,0.0,0,0,0,0,0,1,0,0,0,0,0,0,0,0,0,0,1,0,0,0,0,0,0,,0,0,0,0,0,0,1,0,0,0.0,0,0,0,0,0,0,0,0.0,3,0,1,1,1,0,3,0,0,,0,,0,0,0,0,0,0,1,0,0,0,0,0,0,1,0,0,0,0,0,0,0,0,0,1,1,50.0,,,,,,,,,,,,,,,,,,,,,,,,,,,,,,,,2024-2025
543,Youssef Chermiti,pt POR,"FW,MF",Everton,eng Premier League,20.0,2004.0,4,0,45,0.5,0,0,0,0,0,0,1,0,0.1,0.1,0.0,0.1,0.0,0.22,0,1,6,3,1,33.3,6.0,2.0,0.0,0.0,13.2,0,0,0,0.1,0.1,0.04,-0.1,-0.1,6,11,54.5,78,14,0,0.0,0.0,0.0,0,1,0,0,1,11,0,0,0,0,1,0,0,0,0,0,6,0,0,0,0,0,1,0.0,1,0,0,0,0,0,0,0,0,0.0,0,0,0,0,0,0,0,0.0,15,0,0,6,9,3,15,1,1,100.0,0,0.0,7,21,2,0,0,0,0,1,13,6,1,0,0,1,1,2,1,0,0,0,0,0,0,2,1,66.7,,,,,,,,,,,,,,,,,,,,,,,,,,,,,,,,2024-2025
546,Julián Chicco,ar ARG,"MF,DF",Leganés,es La Liga,26.0,1998.0,14,2,302,3.4,0,1,1,0,0,0,0,0,0.5,0.5,0.2,0.6,0.3,0.19,8,16,7,3,1,33.3,0.89,0.3,0.0,0.0,19.7,0,0,0,0.5,0.5,0.16,-0.5,-0.5,113,143,79.0,1884,630,1,0.2,0.3,0.8,2,10,2,0,16,134,9,3,0,1,3,6,0,0,0,0,113,11,7,3,6,2,8,62.5,3,2,0,2,4,15,10,0,5,1.49,3,0,1,1,0,0,1,0.3,196,11,47,109,42,3,196,4,2,50.0,1,25.0,92,442,231,8,5,0,12,5,111,7,0,0,0,1,3,0,3,4,7,0,0,0,12,1,10,9.1,,,,,,,,,,,,,,,,,,,,,,,,,,,,,,,,2024-2025
547,Leandro Chichizola,ar ARG,GK,Parma,it Serie A,34.0,1990.0,1,1,90,1.0,0,0,0,0,0,0,0,0,0.0,0.0,0.0,0.0,0.0,0.0,0,1,0,0,0,,0.0,0.0,,,,0,0,0,0.0,0.0,,0.0,0.0,36,50,72.0,854,507,0,0.0,0.0,0.0,0,1,0,0,1,39,10,2,0,0,0,0,0,0,0,0,36,0,0,0,0,0,0,,0,0,0,0,0,0,2,0,2,2.0,1,1,0,0,0,0,0,0.0,54,45,53,1,0,0,54,0,0,,0,,30,156,107,0,0,0,0,0,31,0,0,0,0,0,0,0,0,0,0,0,0,0,0,1,0,100.0,3.0,3.0,6.0,3.0,50.0,0.0,0.0,1.0,0.0,0.0,0.0,0.0,0.0,0.0,2.5,0.43,-0.5,-0.54,3.0,16.0,18.8,41.0,5.0,31.7,33.9,21.0,2.0,9.5,2.0,2.0,16.3,2024-2025
548,Federico Chiesa,it ITA,FW,Liverpool,eng Premier League,26.0,1997.0,6,1,108,1.2,0,0,0,0,0,0,0,0,0.3,0.3,0.2,0.5,0.0,0.43,3,3,7,5,2,40.0,4.17,1.67,0.0,0.0,20.4,0,0,0,0.3,0.3,0.07,-0.3,-0.3,27,31,87.1,373,131,0,0.2,0.2,-0.2,2,4,1,0,3,30,1,0,0,0,2,1,0,0,0,0,27,1,0,0,1,0,2,0.0,2,1,0,1,0,1,1,1,6,5.0,6,0,0,0,0,0,1,0.83,46,2,10,15,21,4,46,2,0,0.0,2,100.0,31,130,58,3,1,1,3,4,33,7,0,0,0,3,2,0,2,0,0,0,0,0,6,0,4,0.0,,,,,,,,,,,,,,,,,,,,,,,,,,,,,,,,2024-2025
549,Ben Chilwell,eng ENG,DF,Crystal Palace,eng Premier League,27.0,1996.0,8,1,259,2.9,1,0,1,1,0,0,1,0,0.2,0.2,0.8,1.0,0.35,0.34,5,8,15,5,3,60.0,1.74,1.04,0.2,0.33,25.4,2,0,0,0.2,0.2,0.05,0.8,0.8,92,125,73.6,1512,497,0,0.8,0.9,-0.8,5,7,3,0,8,95,30,6,1,0,7,24,0,0,0,0,92,7,6,4,3,0,5,20.0,4,6,2,4,6,13,16,0,8,2.77,6,1,0,1,0,0,0,0.0,175,10,63,76,42,3,175,6,2,33.3,3,50.0,68,354,243,5,2,1,4,2,68,15,1,0,0,2,3,2,7,6,6,0,0,0,20,3,4,42.9,,,,,,,,,,,,,,,,,,,,,,,,,,,,,,,,2024-2025
550,Chiquinho,pt POR,MF,Wolves,eng Premier League,24.0,2000.0,1,0,7,0.1,0,0,0,0,0,0,0,0,0.0,0.0,0.0,0.0,0.0,0.42,0,0,0,0,0,,0.0,0.0,,,,0,0,0,0.0,0.0,,0.0,0.0,3,3,100.0,71,22,0,0.0,0.0,0.0,1,0,1,1,0,3,0,0,0,0,1,0,0,0,0,0,3,0,0,0,0,0,0,,0,0,0,0,0,0,0,0,2,25.71,2,0,0,0,0,0,0,0.0,3,0,0,1,2,1,3,0,0,,0,,1,13,5,0,0,0,0,0,2,0,0,0,0,1,0,0,1,0,0,0,0,0,1,0,0,,,,,,,,,,,,,,,,,,,,,,,,,,,,,,,,,2024-2025
551,Chiquinho,pt POR,"MF,FW",Mallorca,es La Liga,24.0,2000.0,8,1,146,1.6,0,0,0,0,0,0,2,0,0.3,0.3,0.0,0.3,0.0,0.21,4,1,12,4,2,50.0,2.47,1.23,0.0,0.0,15.4,0,0,0,0.3,0.3,0.08,-0.3,-0.3,22,34,64.7,299,87,0,0.0,0.1,0.0,2,0,0,0,1,25,9,3,1,0,9,2,4,1,3,0,22,1,0,0,1,0,7,0.0,7,3,0,3,2,3,0,0,7,4.29,0,2,3,1,1,0,1,0.61,76,0,6,23,48,9,76,13,5,38.5,7,53.8,43,305,96,4,2,1,17,8,49,12,2,0,0,6,8,0,9,2,0,0,0,0,10,0,5,0.0,,,,,,,,,,,,,,,,,,,,,,,,,,,,,,,,2024-2025
554,Hamza Choudhury,bd BAN,"MF,DF",Leicester City,eng Premier League,26.0,1997.0,4,1,131,1.5,0,0,0,0,0,0,0,0,0.0,0.0,0.4,0.4,0.0,0.27,4,3,6,0,0,,0.0,0.0,,,,0,0,0,0.0,0.0,,0.0,0.0,72,84,85.7,991,249,0,0.4,0.2,-0.4,2,10,1,1,3,81,3,0,0,0,5,3,0,0,0,0,72,1,1,1,0,0,3,33.3,2,4,2,2,5,6,2,0,3,2.05,2,0,1,0,0,0,0,0.0,100,4,19,61,20,3,100,4,3,75.0,1,25.0,63,246,130,4,2,2,1,0,71,6,0,0,0,1,0,0,5,5,1,0,0,0,2,0,0,,,,,,,,,,,,,,,,,,,,,,,,,,,,,,,,,2024-2025
555,Andreas Christensen,dk DEN,DF,Barcelona,es La Liga,28.0,1996.0,5,2,254,2.8,0,0,0,0,0,0,3,0,0.0,0.0,0.0,0.1,0.0,0.02,1,15,1,1,0,0.0,0.35,0.0,0.0,,12.3,0,0,0,0.0,0.0,0.02,0.0,0.0,202,220,91.8,3226,1247,0,0.0,0.1,0.0,1,23,0,0,15,218,2,2,0,0,0,0,0,0,0,0,202,6,4,4,1,1,4,100.0,0,2,0,2,4,10,9,0,1,0.35,1,0,0,0,0,0,0,0.0,246,14,75,160,12,1,246,0,0,,0,,163,791,362,1,3,0,1,0,181,1,3,0,0,5,0,0,0,4,4,0,0,0,14,11,3,78.6,,,,,,,,,,,,,,,,,,,,,,,,,,,,,,,,2024-2025
556,Ryan Christie,sct SCO,MF,Bournemouth,eng Premier League,29.0,1995.0,29,27,2117,23.5,2,3,5,2,0,0,9,0,1.8,1.8,3.5,5.4,0.21,0.23,34,137,44,33,12,36.4,1.4,0.51,0.06,0.17,19.6,0,0,0,1.8,1.8,0.06,0.2,0.2,837,1056,79.3,14882,4269,3,3.5,3.0,-0.5,41,118,33,5,137,990,60,21,8,9,48,3,26,17,3,2,837,54,33,19,27,8,64,42.2,37,44,11,33,30,84,51,3,85,3.62,72,7,0,3,2,1,9,0.38,1376,74,256,773,372,46,1376,48,23,47.9,22,45.8,726,3802,1773,34,40,8,44,25,777,44,9,0,0,43,31,1,48,30,33,0,0,0,182,20,28,41.7,,,,,,,,,,,,,,,,,,,,,,,,,,,,,,,,2024-2025
558,Samuel Chukwueze,ng NGA,"FW,MF",Milan,it Serie A,25.0,1999.0,26,9,925,10.3,3,2,5,3,0,0,0,0,2.7,2.7,3.0,5.7,0.49,0.56,48,36,116,32,8,25.0,3.11,0.78,0.09,0.38,19.5,0,0,0,2.7,2.7,0.08,0.3,0.3,320,422,75.8,5644,1164,2,3.0,2.4,-1.0,27,18,21,5,36,384,34,4,4,6,50,13,17,11,1,0,320,17,11,7,6,4,19,26.3,14,3,0,3,2,19,9,0,49,4.77,38,2,6,2,1,0,2,0.19,556,8,62,195,307,54,556,47,26,55.3,20,42.6,369,2763,1494,48,37,20,23,11,406,116,0,0,0,3,10,3,50,2,11,0,0,0,38,6,10,37.5,,,,,,,,,,,,,,,,,,,,,,,,,,,,,,,,2024-2025
559,Aaron Ciammaglichella,it ITA,MF,Torino,it Serie A,19.0,2005.0,1,0,1,0.0,0,0,0,0,0,0,0,0,0.0,0.0,0.0,0.0,0.0,0.0,0,0,0,0,0,,0.0,0.0,,,,0,0,0,0.0,0.0,,0.0,0.0,0,0,,0,0,0,0.0,0.0,0.0,0,0,0,0,0,0,0,0,0,0,0,0,0,0,0,0,0,0,0,0,0,0,0,,0,0,0,0,0,0,0,0,0,0.0,0,0,0,0,0,0,0,0.0,0,0,0,0,0,0,0,0,0,,0,,0,0,0,0,0,0,0,0,0,0,0,0,0,0,0,0,0,0,0,0,0,0,0,0,0,,,,,,,,,,,,,,,,,,,,,,,,,,,,,,,,,2024-2025
560,Jasper Cillessen,nl NED,GK,Las Palmas,es La Liga,35.0,1989.0,27,27,2335,25.9,0,0,0,0,0,0,1,0,0.0,0.0,0.0,0.0,0.0,0.0,0,0,0,0,0,,0.0,0.0,,,,0,0,0,0.0,0.0,,0.0,0.0,683,1002,68.2,18003,13417,0,0.0,0.0,0.0,0,15,0,0,0,727,272,93,0,0,0,0,0,0,0,0,683,1,0,1,0,0,4,25.0,3,0,0,0,0,1,11,2,1,0.04,1,0,0,0,0,0,0,0.0,1079,867,1066,13,0,0,1079,0,0,,0,,609,3115,2050,0,0,0,4,0,514,0,1,0,0,0,5,0,0,0,0,0,0,0,20,2,2,50.0,42.0,1.62,128.0,85.0,70.3,6.0,8.0,13.0,3.0,11.1,8.0,4.0,3.0,1.0,44.3,0.3,4.3,0.16,124.0,409.0,30.3,820.0,142.0,39.5,34.5,413.0,13.0,3.1,20.0,0.77,14.5,2024-2025
561,Giuseppe Ciocci,it ITA,GK,Cagliari,it Serie A,22.0,2002.0,1,0,9,0.1,0,0,0,0,0,0,0,0,0.0,0.0,0.0,0.0,0.0,0.0,0,0,0,0,0,,0.0,0.0,,,,0,0,0,0.0,0.0,,0.0,0.0,1,1,100.0,6,6,0,0.0,0.0,0.0,0,0,0,0,0,1,0,0,0,0,0,0,0,0,0,0,1,0,0,0,0,0,0,,0,0,0,0,0,0,0,0,0,0.0,0,0,0,0,0,0,0,0.0,1,0,1,0,0,0,1,0,0,,0,,1,3,2,0,0,0,0,0,1,0,0,0,0,0,1,0,0,0,0,0,0,0,0,0,0,,0.0,0.0,0.0,0.0,,0.0,0.0,0.0,0.0,,0.0,0.0,0.0,0.0,0.0,,0.0,0.0,0.0,0.0,,1.0,0.0,0.0,6.0,0.0,0.0,,1.0,10.0,21.0,2024-2025
562,Alessandro Circati,au AUS,DF,Parma,it Serie A,20.0,2003.0,6,6,540,6.0,0,0,0,0,0,0,1,0,0.3,0.3,0.0,0.3,0.0,0.06,1,10,0,2,0,0.0,0.33,0.0,0.0,,7.5,0,0,0,0.3,0.3,0.16,-0.3,-0.3,197,229,86.0,3773,1058,0,0.0,0.0,0.0,1,6,0,0,10,202,27,17,0,0,0,0,0,0,0,0,197,7,5,6,1,0,2,50.0,1,5,4,1,3,10,42,1,3,0.5,2,0,0,1,0,0,0,0.0,301,69,176,119,7,3,301,0,0,,0,,123,505,262,1,0,0,4,2,158,0,1,0,0,4,5,0,0,3,5,0,0,0,11,17,4,81.0,,,,,,,,,,,,,,,,,,,,,,,,,,,,,,,,2024-2025
563,Pathé Ciss,sn SEN,"MF,DF",Rayo Vallecano,es La Liga,30.0,1994.0,33,25,2140,23.8,4,1,5,4,0,0,12,0,1.8,1.7,1.1,2.8,0.21,0.12,19,128,12,21,6,28.6,0.88,0.25,0.19,0.67,15.2,0,0,0,1.8,1.7,0.09,2.2,2.3,999,1179,84.7,17666,5785,1,1.1,0.8,-0.1,16,102,8,0,128,1137,33,20,5,8,4,4,0,0,0,0,999,49,24,26,22,1,41,48.8,21,31,10,21,40,89,61,3,47,1.98,35,3,2,2,2,3,2,0.08,1449,106,453,854,154,18,1449,23,14,60.9,8,34.8,749,3105,1550,19,24,1,16,20,877,12,12,0,0,45,25,0,4,40,24,0,2,0,148,48,30,61.5,,,,,,,,,,,,,,,,,,,,,,,,,,,,,,,,2024-2025
564,Alphadjo Cissè,it ITA,"FW,MF",Hellas Verona,it Serie A,17.0,2006.0,2,0,9,0.1,0,0,0,0,0,0,0,0,0.0,0.0,0.0,0.0,0.0,0.46,0,1,0,2,2,100.0,20.0,20.0,0.0,0.0,26.5,0,0,0,0.0,0.0,0.02,0.0,0.0,6,8,75.0,90,18,0,0.0,0.0,0.0,0,1,0,0,1,8,0,0,0,0,0,0,0,0,0,0,6,0,0,0,0,0,0,,0,0,0,0,0,0,0,0,1,10.0,1,0,0,0,0,0,0,0.0,11,0,1,6,4,0,11,0,0,,0,,6,15,3,0,0,0,0,0,10,0,0,0,0,1,0,0,0,0,0,0,0,0,0,1,0,100.0,,,,,,,,,,,,,,,,,,,,,,,,,,,,,,,,2024-2025
566,Seydouba Cissé,gn GUI,MF,Leganés,es La Liga,23.0,2001.0,34,31,2435,27.1,3,1,4,3,0,0,3,1,3.0,3.0,1.0,4.0,0.15,0.15,26,110,42,24,5,20.8,0.89,0.18,0.13,0.6,20.0,0,0,0,3.0,3.0,0.13,0.0,0.0,972,1149,84.6,16137,3288,1,1.0,0.9,0.0,17,86,15,1,110,1114,31,13,2,10,10,8,3,1,0,0,972,59,37,18,27,14,50,46.0,27,25,1,24,12,71,45,1,47,1.74,38,1,1,2,5,0,5,0.18,1409,47,273,869,287,28,1409,45,30,66.7,10,22.2,787,3748,1797,26,34,3,32,33,920,42,3,1,0,39,25,2,10,12,37,1,1,0,154,25,38,39.7,,,,,,,,,,,,,,,,,,,,,,,,,,,,,,,,2024-2025
568,Patrick Ciurria,it ITA,"MF,DF",Monza,it Serie A,29.0,1995.0,21,12,1111,12.3,1,1,2,1,0,0,1,0,0.8,0.8,2.3,3.1,0.16,0.25,19,27,52,11,2,18.2,0.89,0.16,0.09,0.5,21.0,0,0,0,0.8,0.8,0.08,0.2,0.2,313,433,72.3,5274,1449,1,2.3,1.6,-1.3,13,19,8,5,27,352,78,19,1,2,61,33,25,6,12,0,313,22,14,11,7,4,11,36.4,7,13,3,10,6,28,22,0,26,2.11,20,5,0,1,0,0,2,0.16,542,22,103,241,202,17,542,12,5,41.7,7,58.3,306,1380,649,19,10,3,18,14,327,52,1,0,0,17,11,1,61,6,14,0,0,0,32,5,15,25.0,,,,,,,,,,,,,,,,,,,,,,,,,,,,,,,,2024-2025
569,Harry Clarke,eng ENG,DF,Ipswich Town,eng Premier League,23.0,2001.0,7,4,379,4.2,0,0,0,0,0,0,3,1,0.1,0.1,0.0,0.1,0.0,0.03,5,14,2,1,1,100.0,0.24,0.24,0.0,0.0,4.5,0,0,0,0.1,0.1,0.08,-0.1,-0.1,190,236,80.5,3442,1226,0,0.0,0.1,0.0,1,21,1,0,14,211,25,2,1,0,5,23,0,0,0,0,190,5,3,3,2,0,6,50.0,3,5,4,1,4,9,14,3,1,0.24,1,0,0,0,0,0,0,0.0,268,18,100,122,47,2,268,2,1,50.0,1,50.0,118,555,222,5,7,0,4,2,163,2,3,1,1,5,1,0,5,4,3,0,1,0,17,10,4,71.4,,,,,,,,,,,,,,,,,,,,,,,,,,,,,,,,2024-2025
570,Jack Clarke,eng ENG,"FW,MF",Ipswich Town,eng Premier League,23.0,2000.0,32,12,1181,13.1,0,4,4,0,0,0,2,0,1.2,1.2,2.3,3.5,0.3,0.26,39,44,57,17,2,11.8,1.3,0.15,0.0,0.0,18.9,0,0,0,1.2,1.2,0.07,-1.2,-1.2,302,393,76.8,4942,1242,4,2.3,1.2,1.7,28,27,9,0,44,372,19,2,1,3,13,8,7,5,0,0,302,32,20,11,10,11,34,50.0,17,9,0,9,7,39,29,2,50,3.81,42,2,3,0,0,3,5,0.38,553,24,125,229,215,38,553,50,25,50.0,18,36.0,311,2356,1217,39,21,12,25,22,338,57,2,0,0,15,23,3,13,7,20,0,0,0,75,7,18,28.0,,,,,,,,,,,,,,,,,,,,,,,,,,,,,,,,2024-2025
573,Silvi Clúa,es ESP,MF,Girona,es La Liga,19.0,2005.0,4,2,163,1.8,0,0,0,0,0,0,0,0,0.0,0.0,0.0,0.1,0.0,0.04,4,3,3,2,1,50.0,1.1,0.55,0.0,0.0,33.3,0,0,0,0.0,0.0,0.02,0.0,0.0,75,95,78.9,1302,271,0,0.0,0.0,0.0,1,3,0,0,3,91,2,2,0,0,0,0,0,0,0,0,75,8,7,4,3,1,6,66.7,2,1,0,1,2,10,6,0,2,1.1,1,0,0,0,0,1,0,0.0,116,8,32,72,16,3,116,4,2,50.0,2,50.0,61,495,217,4,3,1,1,0,77,3,0,0,0,5,0,0,0,2,7,0,0,0,4,6,3,66.7,,,,,,,,,,,,,,,,,,,,,,,,,,,,,,,,2024-2025
574,Nathaniel Clyne,eng ENG,"DF,MF",Crystal Palace,eng Premier League,33.0,1991.0,13,5,483,5.4,0,0,0,0,0,0,1,0,0.0,0.0,0.3,0.3,0.0,0.06,6,7,8,2,0,0.0,0.37,0.0,0.0,,31.4,0,0,0,0.0,0.0,0.01,0.0,0.0,171,225,76.0,3113,1102,0,0.3,0.2,-0.3,3,16,2,1,7,207,16,1,1,1,7,13,0,0,0,0,171,12,8,8,3,1,11,54.5,5,4,2,2,3,15,14,1,3,0.56,3,0,0,0,0,0,0,0.0,273,18,111,125,37,3,273,1,0,0.0,1,100.0,158,651,314,6,2,3,5,2,178,8,1,0,0,2,2,0,7,3,8,0,0,0,10,1,7,12.5,,,,,,,,,,,,,,,,,,,,,,,,,,,,,,,,2024-2025
575,Conor Coady,eng ENG,DF,Leicester City,eng Premier League,31.0,1993.0,22,19,1714,19.0,1,0,1,1,0,0,3,0,0.4,0.4,0.1,0.5,0.05,0.03,3,32,0,2,2,100.0,0.11,0.11,0.5,0.5,6.9,0,0,0,0.4,0.4,0.21,0.6,0.6,977,1072,91.1,17121,6371,0,0.1,0.5,-0.1,1,34,2,0,32,1010,58,29,2,3,0,1,0,0,0,0,977,13,9,6,6,1,6,50.0,3,32,24,8,13,26,71,2,6,0.32,6,0,0,0,0,0,0,0.0,1210,234,689,503,20,8,1210,2,1,50.0,1,50.0,789,3430,1820,3,3,1,4,3,878,0,3,0,0,8,2,1,0,13,9,0,2,0,62,13,22,37.1,,,,,,,,,,,,,,,,,,,,,,,,,,,,,,,,2024-2025
577,Saúl Coco,gq EQG,DF,Torino,it Serie A,25.0,1999.0,32,32,2845,31.6,2,0,2,2,0,0,10,0,1.2,1.2,0.0,1.2,0.06,0.04,17,70,3,20,5,25.0,0.63,0.16,0.1,0.4,18.7,3,0,0,1.2,1.2,0.06,0.8,0.8,1350,1529,88.3,24764,7402,0,0.0,0.2,0.0,1,74,2,1,70,1470,57,29,0,12,2,7,0,0,0,0,1350,46,26,31,14,1,30,63.3,11,49,31,18,38,84,157,4,16,0.51,12,0,0,3,1,0,1,0.03,1879,241,863,961,65,17,1879,9,7,77.8,2,22.2,1135,5790,3043,17,8,0,13,2,1227,3,10,0,0,53,19,0,2,38,26,0,0,1,87,62,58,51.7,,,,,,,,,,,,,,,,,,,,,,,,,,,,,,,,2024-2025
578,Séamus Coleman,ie IRL,DF,Everton,eng Premier League,35.0,1988.0,5,3,215,2.4,0,0,0,0,0,0,1,0,0.6,0.6,0.0,0.6,0.0,0.24,1,11,7,1,1,100.0,0.42,0.42,0.0,0.0,10.5,0,0,0,0.6,0.6,0.57,-0.6,-0.6,74,98,75.5,1299,642,0,0.0,0.0,0.0,0,8,2,0,11,78,19,0,0,0,4,19,0,0,0,0,74,3,2,2,1,0,4,75.0,1,5,3,2,1,4,8,0,2,0.84,1,0,1,0,0,0,1,0.42,121,12,42,54,26,3,121,5,4,80.0,1,20.0,54,310,177,1,2,0,1,1,68,7,1,0,0,0,1,0,4,1,2,0,0,0,7,2,1,66.7,,,,,,,,,,,,,,,,,,,,,,,,,,,,,,,,2024-2025
579,Nathan Collins,ie IRL,DF,Brentford,eng Premier League,23.0,2001.0,38,38,3420,38.0,2,3,5,2,0,0,5,0,2.5,2.5,1.8,4.3,0.13,0.11,32,127,18,17,6,35.3,0.45,0.16,0.12,0.33,10.7,0,0,0,2.5,2.5,0.15,-0.5,-0.5,1705,1985,85.9,32826,10799,3,1.8,1.6,1.2,10,111,7,2,127,1897,83,69,3,6,8,11,0,0,0,0,1705,40,24,23,12,5,36,61.1,14,77,57,20,34,74,226,3,30,0.79,22,2,1,3,2,0,8,0.21,2435,385,1275,1002,169,69,2435,12,6,50.0,5,41.7,1289,6994,4130,32,12,1,20,8,1490,18,5,0,0,29,31,6,8,34,24,2,0,0,162,117,69,62.9,,,,,,,,,,,,,,,,,,,,,,,,,,,,,,,,2024-2025
581,Toby Collyer,eng ENG,MF,Manchester Utd,eng Premier League,20.0,2004.0,6,0,179,2.0,0,0,0,0,0,0,0,0,0.2,0.2,0.3,0.4,0.0,0.22,0,5,2,1,0,0.0,0.5,0.0,0.0,,6.2,0,0,0,0.2,0.2,0.17,-0.2,-0.2,76,92,82.6,1127,121,0,0.3,0.4,-0.3,2,3,1,0,5,88,4,1,0,0,0,2,0,0,0,0,76,12,9,6,6,0,6,83.3,1,2,1,1,2,14,3,0,5,2.5,4,0,0,1,0,0,0,0.0,129,9,46,59,25,3,129,2,1,50.0,1,50.0,68,239,56,0,0,0,11,1,71,2,0,0,0,2,4,0,0,2,9,0,0,0,17,3,1,75.0,,,,,,,,,,,,,,,,,,,,,,,,,,,,,,,,2024-2025
582,Lorenzo Colombo,it ITA,"FW,MF",Empoli,it Serie A,22.0,2002.0,37,26,2233,24.8,6,2,8,5,1,1,5,1,5.9,5.1,2.9,8.0,0.28,0.35,27,48,116,55,18,32.7,2.22,0.73,0.09,0.28,18.1,0,1,1,5.9,5.1,0.09,0.1,-0.1,343,508,67.5,5088,1106,2,2.9,0.9,-0.9,21,25,12,2,48,472,35,0,3,6,10,3,0,0,0,0,343,31,14,7,16,8,21,33.3,14,33,2,31,2,33,16,1,55,2.21,33,0,5,8,8,1,3,0.12,837,18,77,417,355,83,836,50,24,48.0,25,50.0,438,2185,856,27,28,10,88,52,547,116,5,1,1,46,41,6,10,2,14,0,0,0,73,53,121,30.5,,,,,,,,,,,,,,,,,,,,,,,,,,,,,,,,2024-2025
583,Andrea Colpani,it ITA,"FW,MF",Fiorentina,it Serie A,25.0,1999.0,24,17,1432,15.9,2,1,3,2,0,0,1,0,2.7,2.7,1.3,3.9,0.19,0.24,37,57,129,35,12,34.3,2.2,0.75,0.06,0.17,18.5,2,0,0,2.7,2.7,0.07,-0.7,-0.7,376,466,80.7,5907,1206,1,1.3,1.3,-0.3,17,19,15,1,57,429,34,7,2,6,33,5,22,12,1,0,376,15,9,5,7,3,12,33.3,8,7,0,7,8,23,10,0,43,2.7,34,4,0,4,1,0,5,0.31,609,9,62,251,299,49,609,27,12,44.4,13,48.1,395,2413,1094,37,35,13,26,22,449,129,1,0,0,21,24,1,33,8,9,0,0,0,46,10,15,40.0,,,,,,,,,,,,,,,,,,,,,,,,,,,,,,,,2024-2025
584,Levi Colwill,eng ENG,DF,Chelsea,eng Premier League,21.0,2003.0,35,35,3149,35.0,2,1,3,2,0,0,9,0,1.9,1.9,1.1,3.0,0.09,0.09,14,131,12,17,4,23.5,0.49,0.11,0.12,0.5,9.5,0,0,0,1.9,1.9,0.11,0.1,0.1,2338,2619,89.3,42476,14955,1,1.1,1.2,-0.1,14,148,7,3,131,2418,197,91,3,7,13,7,0,0,0,0,2338,47,34,25,19,3,27,66.7,9,37,25,12,33,80,118,4,38,1.09,34,2,0,1,0,1,3,0.09,2904,383,1363,1417,140,36,2904,12,6,50.0,5,41.7,1621,7389,4028,14,12,1,14,8,2092,12,9,0,0,45,21,5,13,33,34,0,1,0,121,82,53,60.7,,,,,,,,,,,,,,,,,,,,,,,,,,,,,,,,2024-2025
585,Florinel Coman,ro ROU,"FW,MF",Cagliari,it Serie A,26.0,1998.0,9,2,263,2.9,1,0,1,1,0,0,2,0,0.2,0.2,0.0,0.2,0.34,0.08,5,5,22,4,1,25.0,1.37,0.34,0.25,1.0,19.9,1,0,0,0.2,0.2,0.06,0.8,0.8,67,82,81.7,941,247,0,0.0,0.1,0.0,1,4,2,0,5,80,2,0,0,2,2,0,2,0,2,0,67,5,3,3,1,1,2,100.0,0,2,0,2,1,6,3,0,4,1.37,3,0,0,0,1,0,1,0.34,121,2,23,50,50,8,121,5,2,40.0,2,40.0,84,472,178,5,8,2,12,6,98,22,2,0,0,8,9,0,2,1,3,0,0,0,12,4,2,66.7,,,,,,,,,,,,,,,,,,,,,,,,,,,,,,,,2024-2025
587,Eray Cömert,ch SUI,"DF,MF",Valladolid,es La Liga,26.0,1998.0,25,21,1779,19.8,0,0,0,0,0,0,6,0,0.9,0.9,0.0,0.9,0.0,0.04,9,48,5,9,1,11.1,0.46,0.05,0.0,0.0,21.4,1,0,0,0.9,0.9,0.1,-0.9,-0.9,805,918,87.7,16323,5359,0,0.0,0.1,0.0,0,47,1,0,48,855,61,50,0,13,0,2,0,0,0,0,805,24,14,15,9,0,21,57.1,9,28,15,13,24,48,75,2,12,0.61,12,0,0,0,0,0,0,0.0,1114,132,613,474,32,7,1114,4,4,100.0,0,0.0,599,3025,1543,9,3,0,16,2,728,5,6,0,0,18,16,0,0,24,14,0,0,0,51,18,22,45.0,,,,,,,,,,,,,,,,,,,,,,,,,,,,,,,,2024-2025
588,Santi Comesaña,es ESP,MF,Villarreal,es La Liga,27.0,1996.0,35,30,2560,28.4,4,2,6,4,0,0,7,0,4.6,4.6,2.0,6.6,0.21,0.23,39,154,58,39,8,20.5,1.37,0.28,0.1,0.5,13.1,0,0,0,4.6,4.6,0.12,-0.6,-0.6,1163,1374,84.6,19630,6350,2,2.0,2.6,0.0,27,143,30,3,154,1340,26,22,7,10,14,2,0,0,0,0,1163,85,49,44,32,9,76,55.3,34,56,22,34,19,104,56,1,78,2.74,69,2,1,2,0,4,11,0.39,1734,110,453,958,333,64,1734,34,18,52.9,14,41.2,903,4242,2451,39,30,6,35,44,1149,58,7,0,0,37,27,1,14,19,49,0,0,0,160,32,49,39.5,,,,,,,,,,,,,,,,,,,,,,,,,,,,,,,,2024-2025
589,Pietro Comuzzo,it ITA,DF,Fiorentina,it Serie A,19.0,2005.0,32,23,2110,23.4,1,0,1,1,0,0,5,0,0.5,0.5,0.6,1.1,0.04,0.05,14,75,12,5,2,40.0,0.21,0.09,0.2,0.5,13.0,0,0,0,0.5,0.5,0.1,0.5,0.5,1085,1266,85.7,22161,6285,0,0.6,0.2,-0.6,7,69,4,0,75,1221,42,25,0,3,3,17,0,0,0,0,1085,43,21,29,11,3,29,79.3,6,35,22,13,29,72,113,4,20,0.82,17,0,0,1,0,2,1,0.04,1533,170,730,744,63,9,1533,2,0,0.0,2,100.0,892,3728,1815,14,11,1,15,4,982,12,5,0,0,24,12,0,3,29,21,0,0,0,86,63,43,59.4,,,,,,,,,,,,,,,,,,,,,,,,,,,,,,,,2024-2025
590,Francisco Conceição,pt POR,"FW,MF",Juventus,it Serie A,21.0,2002.0,26,12,1340,14.9,3,3,6,3,0,0,5,1,2.3,2.3,4.3,6.6,0.4,0.45,95,35,143,40,13,32.5,2.69,0.87,0.08,0.23,18.1,1,0,0,2.3,2.3,0.06,0.7,0.7,427,545,78.3,7032,1122,3,4.3,4.4,-1.3,28,16,20,10,35,513,32,4,0,4,62,10,18,8,3,0,427,23,14,6,9,8,30,43.3,17,7,0,7,6,29,6,0,64,4.3,45,4,10,4,1,0,9,0.6,739,11,87,244,425,92,739,79,35,44.3,37,46.8,548,4309,2292,95,32,59,35,22,581,143,5,1,1,24,36,4,62,6,14,1,0,0,55,2,9,18.2,,,,,,,,,,,,,,,,,,,,,,,,,,,,,,,,2024-2025
591,Diego Conde,es ESP,GK,Villarreal,es La Liga,25.0,1998.0,22,22,1962,21.8,0,1,1,0,0,0,2,0,0.0,0.0,0.2,0.2,0.05,0.01,0,0,0,0,0,,0.0,0.0,,,,0,0,0,0.0,0.0,,0.0,0.0,519,640,81.1,12478,8097,1,0.2,0.0,0.8,2,7,1,0,0,500,139,32,0,0,0,0,0,0,0,0,519,2,2,2,0,0,4,50.0,2,0,0,0,1,3,9,2,3,0.14,1,2,0,0,0,0,1,0.05,696,602,691,5,0,0,696,0,0,,0,,393,1972,1157,0,0,0,1,0,347,0,2,0,0,0,1,0,0,1,2,0,0,0,30,1,0,100.0,33.0,1.51,94.0,62.0,68.1,11.0,6.0,5.0,2.0,9.1,4.0,3.0,0.0,1.0,26.3,0.26,-5.7,-0.26,61.0,161.0,37.9,532.0,111.0,22.7,28.2,323.0,18.0,5.6,16.0,0.73,11.9,2024-2025
592,Tomás Conechny,ar ARG,"FW,MF",Alavés,es La Liga,26.0,1998.0,22,9,847,9.4,1,0,1,1,0,0,8,0,2.4,2.4,0.3,2.7,0.11,0.29,14,23,61,22,10,45.5,2.34,1.06,0.05,0.1,18.3,2,0,0,2.4,2.4,0.11,-1.4,-1.4,210,329,63.8,3305,1037,0,0.3,0.8,-0.3,7,14,11,8,23,310,16,0,2,0,31,12,3,0,3,0,210,15,12,6,7,2,27,33.3,18,14,2,12,6,21,10,0,14,1.48,13,0,0,1,0,0,0,0.0,457,10,66,197,196,34,457,13,6,46.2,7,53.8,249,1056,413,14,18,2,31,9,307,61,8,0,0,28,11,5,31,6,12,0,0,0,45,23,20,53.5,,,,,,,,,,,,,,,,,,,,,,,,,,,,,,,,2024-2025
595,Lewis Cook,eng ENG,"MF,DF",Bournemouth,eng Premier League,27.0,1997.0,36,32,2978,33.1,1,3,4,1,0,0,8,1,0.9,0.9,4.1,5.1,0.12,0.15,33,158,52,14,4,28.6,0.42,0.12,0.07,0.25,23.4,1,0,0,0.9,0.9,0.07,0.1,0.1,1224,1585,77.2,21139,7153,3,4.1,3.8,-1.1,48,157,26,11,158,1358,225,71,3,2,132,73,77,65,3,0,1224,81,42,41,36,4,67,55.2,30,30,11,19,41,122,70,0,89,2.69,69,18,0,2,0,0,5,0.15,1900,87,440,1010,470,20,1900,20,13,65.0,7,35.0,825,4125,2159,33,29,4,31,18,965,52,8,1,0,49,10,3,132,41,42,0,1,0,187,41,34,54.7,,,,,,,,,,,,,,,,,,,,,,,,,,,,,,,,2024-2025
596,Copete,es ESP,DF,Mallorca,es La Liga,24.0,1999.0,25,16,1528,17.0,0,0,0,0,0,0,6,0,0.5,0.5,0.0,0.5,0.0,0.03,10,47,2,6,2,33.3,0.35,0.12,0.0,0.0,9.9,0,0,0,0.5,0.5,0.08,-0.5,-0.5,639,767,83.3,12173,4725,0,0.0,0.1,0.0,0,35,4,0,47,717,49,28,2,0,7,0,0,0,0,0,639,29,17,18,10,1,12,91.7,1,24,16,8,17,46,123,2,10,0.59,9,1,0,0,0,0,1,0.06,987,167,512,446,31,12,987,5,4,80.0,0,0.0,518,2416,1360,10,3,0,7,2,590,2,6,0,0,27,13,0,7,17,17,0,0,0,46,27,16,62.8,,,,,,,,,,,,,,,,,,,,,,,,,,,,,,,,2024-2025
597,Diego Coppola,it ITA,DF,Hellas Verona,it Serie A,20.0,2003.0,34,33,2927,32.5,2,0,2,2,0,0,10,0,0.7,0.7,0.1,0.8,0.06,0.02,4,48,3,10,4,40.0,0.31,0.12,0.2,0.5,9.1,0,0,0,0.7,0.7,0.07,1.3,1.3,920,1135,81.1,18186,6486,0,0.1,0.2,-0.1,3,32,0,0,48,1119,11,11,1,5,0,0,0,0,0,0,920,66,36,48,14,4,40,70.0,12,44,24,20,72,138,194,2,10,0.31,9,0,0,1,0,0,1,0.03,1576,185,839,708,40,23,1576,5,1,20.0,4,80.0,749,3707,1419,4,4,0,10,5,793,3,10,0,0,44,0,0,0,72,36,0,0,0,89,133,72,64.9,,,,,,,,,,,,,,,,,,,,,,,,,,,,,,,,2024-2025
599,Iker Córdoba,es ESP,DF,Valencia,es La Liga,18.0,2005.0,2,0,15,0.2,0,0,0,0,0,0,0,0,0.0,0.0,0.1,0.1,0.0,0.45,0,1,1,0,0,,0.0,0.0,,,,0,0,0,0.0,0.0,,0.0,0.0,9,11,81.8,169,91,0,0.1,0.0,-0.1,1,1,1,1,1,11,0,0,0,0,1,0,0,0,0,0,9,0,0,0,0,0,0,,0,0,0,0,0,0,1,0,1,6.43,1,0,0,0,0,0,0,0.0,12,2,5,6,1,0,12,0,0,,0,,7,36,27,0,0,0,0,0,10,1,0,0,0,0,0,0,1,0,0,0,0,0,1,1,0,100.0,,,,,,,,,,,,,,,,,,,,,,,,,,,,,,,,2024-2025
601,Maxwel Cornet,ci CIV,FW,Southampton,eng Premier League,27.0,1996.0,2,1,72,0.8,0,0,0,0,0,0,1,0,0.2,0.2,0.0,0.2,0.0,0.2,1,0,5,1,0,0.0,1.25,0.0,0.0,,18.8,0,0,0,0.2,0.2,0.16,-0.2,-0.2,17,22,77.3,262,37,0,0.0,0.0,0.0,0,0,0,0,0,20,2,0,0,0,3,0,2,2,0,0,17,5,5,1,4,0,4,0.0,4,0,0,0,0,5,2,0,0,0.0,0,0,0,0,0,0,0,0.0,34,1,8,14,13,2,34,1,0,0.0,1,100.0,16,73,26,1,0,1,3,0,23,5,1,0,0,0,1,1,3,0,5,0,0,0,2,3,0,100.0,,,,,,,,,,,,,,,,,,,,,,,,,,,,,,,,2024-2025
602,Maxwel Cornet,ci CIV,"FW,MF",Genoa,it Serie A,27.0,1996.0,7,2,246,2.7,2,1,3,2,0,0,0,0,1.0,1.0,0.6,1.6,1.1,0.59,8,4,26,5,3,60.0,1.83,1.1,0.4,0.67,12.3,0,0,0,1.0,1.0,0.2,1.0,1.0,49,71,69.0,752,162,1,0.6,0.7,0.4,5,2,3,2,4,70,1,0,0,1,8,1,0,0,0,0,49,2,1,1,0,1,1,0.0,1,1,1,0,2,4,2,0,8,2.93,6,0,2,0,0,0,1,0.37,97,2,11,42,45,13,97,9,3,33.3,5,55.6,54,307,154,8,7,5,5,3,72,26,0,0,0,0,1,1,8,2,1,0,0,0,14,1,9,10.0,,,,,,,,,,,,,,,,,,,,,,,,,,,,,,,,2024-2025
604,Ángel Correa,ar ARG,"FW,MF",Atlético Madrid,es La Liga,29.0,1995.0,31,3,805,8.9,4,1,5,4,0,0,3,1,4.5,4.5,2.1,6.6,0.56,0.74,30,25,85,34,14,41.2,3.8,1.57,0.12,0.29,13.9,0,0,0,4.5,4.5,0.13,-0.5,-0.5,206,280,73.6,2697,745,1,2.1,2.2,-1.1,14,19,10,1,25,266,11,0,1,2,24,1,7,1,1,0,206,9,3,4,1,4,15,33.3,10,10,0,10,4,13,8,0,35,3.92,21,1,4,4,3,2,5,0.56,419,4,54,129,243,82,419,38,13,34.2,24,63.2,276,1444,768,30,20,13,29,16,303,85,3,1,0,18,11,4,24,4,3,0,0,0,40,1,8,11.1,,,,,,,,,,,,,,,,,,,,,,,,,,,,,,,,2024-2025
605,Joaquín Correa,ar ARG,"FW,MF",Inter,it Serie A,29.0,1994.0,19,6,731,8.1,2,2,4,2,0,0,3,0,2.1,2.1,2.0,4.1,0.49,0.5,22,42,45,14,6,42.9,1.72,0.74,0.14,0.33,13.3,0,0,0,2.1,2.1,0.15,-0.1,-0.1,310,361,85.9,4766,1089,2,2.0,0.9,0.0,10,24,12,1,42,353,5,2,5,0,8,2,0,0,0,0,310,11,5,4,7,0,13,30.8,9,3,0,3,0,11,6,0,25,3.07,21,0,2,1,1,0,4,0.49,438,5,40,216,188,39,438,10,6,60.0,4,40.0,295,1432,680,22,17,4,13,5,353,45,3,0,0,8,14,2,8,0,5,0,0,0,31,6,18,25.0,,,,,,,,,,,,,,,,,,,,,,,,,,,,,,,,2024-2025
606,Thierry Correia,pt POR,DF,Valencia,es La Liga,25.0,1999.0,11,9,768,8.5,0,0,0,0,0,0,1,0,0.3,0.3,0.3,0.6,0.0,0.08,16,44,48,7,3,42.9,0.82,0.35,0.0,0.0,19.0,0,0,0,0.3,0.3,0.05,-0.3,-0.3,330,441,74.8,5750,2179,0,0.3,0.8,-0.3,5,23,12,3,44,349,91,7,0,1,18,84,0,0,0,0,330,27,18,19,5,3,23,56.5,10,10,1,9,4,31,18,0,16,1.87,12,1,2,0,1,0,0,0.0,555,29,177,215,170,12,555,23,8,34.8,12,52.2,240,1328,785,16,9,6,17,0,293,48,1,0,0,15,14,0,18,4,18,0,0,0,38,4,8,33.3,,,,,,,,,,,,,,,,,,,,,,,,,,,,,,,,2024-2025
607,Alberto costa,pt POR,DF,Juventus,it Serie A,20.0,2003.0,9,3,357,4.0,0,1,1,0,0,0,3,0,0.6,0.6,0.2,0.8,0.25,0.2,8,8,25,7,0,0.0,1.76,0.0,0.0,,15.7,0,0,0,0.6,0.6,0.09,-0.6,-0.6,176,212,83.0,2472,679,1,0.2,0.1,0.8,2,7,1,0,8,191,20,3,0,0,2,17,0,0,0,0,176,14,10,7,5,2,9,77.8,2,5,1,4,4,18,14,0,7,1.76,4,0,1,2,0,0,1,0.25,276,13,81,113,85,14,276,11,4,36.4,6,54.5,148,692,407,8,6,3,9,0,170,25,3,0,0,8,2,0,2,4,10,0,0,0,23,5,3,62.5,,,,,,,,,,,,,,,,,,,,,,,,,,,,,,,,2024-2025
608,Coba da Costa,es ESP,"MF,FW",Getafe,es La Liga,22.0,2002.0,19,12,1006,11.2,1,1,2,1,0,0,4,0,1.1,1.1,1.4,2.6,0.18,0.23,46,16,83,23,8,34.8,2.06,0.72,0.04,0.13,18.3,0,0,0,1.1,1.1,0.05,-0.1,-0.1,195,303,64.4,2952,707,1,1.4,1.5,-0.4,9,14,10,7,16,299,3,0,3,0,41,2,1,0,0,0,195,29,13,9,16,4,26,50.0,13,24,0,24,8,37,10,0,37,3.31,28,0,5,2,1,1,4,0.36,504,10,75,191,245,47,504,56,19,33.9,33,58.9,261,2137,1076,46,23,25,26,23,294,83,4,0,0,10,10,0,41,8,13,0,0,0,35,19,19,50.0,,,,,,,,,,,,,,,,,,,,,,,,,,,,,,,,2024-2025
611,Logan Costa,cv CPV,DF,Villarreal,es La Liga,23.0,2001.0,32,28,2587,28.7,2,1,3,2,0,0,3,0,0.7,0.7,0.6,1.3,0.1,0.05,25,116,10,12,5,41.7,0.42,0.17,0.17,0.4,15.9,0,0,0,0.7,0.7,0.05,1.3,1.3,1354,1544,87.7,26242,9795,1,0.6,0.5,0.4,4,107,6,0,116,1450,94,43,1,18,5,8,0,0,0,0,1354,38,21,25,12,1,29,82.8,5,25,14,11,21,59,115,2,22,0.76,20,0,0,1,1,0,2,0.07,1785,295,965,758,69,12,1785,2,0,0.0,2,100.0,1037,5478,2994,25,16,0,7,0,1209,10,3,0,0,19,3,2,5,21,21,1,2,0,104,46,37,55.4,,,,,,,,,,,,,,,,,,,,,,,,,,,,,,,,2024-2025
613,Samu Costa,pt POR,MF,Mallorca,es La Liga,23.0,2000.0,32,31,2649,29.4,0,2,2,0,0,0,10,1,1.8,1.8,1.2,3.0,0.07,0.1,24,116,69,30,8,26.7,1.02,0.27,0.0,0.0,18.3,1,0,0,1.8,1.8,0.06,-1.8,-1.8,1164,1442,80.7,20678,5773,2,1.2,1.9,0.8,15,117,14,5,116,1406,32,25,4,19,20,7,0,0,0,0,1164,90,44,45,42,3,79,44.3,44,48,15,33,32,122,85,1,56,1.9,41,1,3,6,4,1,6,0.2,1834,100,446,1100,298,34,1834,33,13,39.4,16,48.5,1029,3991,1591,24,18,1,42,35,1235,69,10,1,1,62,63,2,20,32,44,0,0,0,129,68,40,63.0,,,,,,,,,,,,,,,,,,,,,,,,,,,,,,,,2024-2025
615,Vladimír Coufal,cz CZE,DF,West Ham,eng Premier League,31.0,1992.0,22,11,1067,11.9,0,0,0,0,0,0,5,0,0.3,0.3,0.7,1.0,0.0,0.08,26,39,33,7,2,28.6,0.59,0.17,0.0,0.0,15.5,0,0,0,0.3,0.3,0.04,-0.3,-0.3,470,598,78.6,7419,2842,0,0.7,1.0,-0.7,8,44,13,8,39,490,106,11,0,0,28,95,0,0,0,0,470,22,15,13,7,2,22,45.5,12,13,11,2,8,30,39,1,18,1.52,14,4,0,0,0,0,1,0.08,736,61,262,318,159,14,736,15,5,33.3,7,46.7,298,1754,888,26,10,2,12,8,400,33,5,0,0,22,16,0,28,8,15,0,0,1,39,23,16,59.0,,,,,,,,,,,,,,,,,,,,,,,,,,,,,,,,2024-2025
616,Lassana Coulibaly,ml MLI,MF,Lecce,it Serie A,28.0,1996.0,38,30,2667,29.6,1,0,1,1,0,0,3,0,0.8,0.8,0.9,1.7,0.03,0.06,21,93,49,9,3,33.3,0.3,0.1,0.11,0.33,18.7,0,0,0,0.8,0.8,0.09,0.2,0.2,775,955,81.2,13647,3359,0,0.9,0.6,-0.9,12,68,7,0,93,933,20,20,5,4,13,0,0,0,0,0,775,48,29,16,28,4,61,39.3,37,45,12,33,18,66,46,1,46,1.55,34,0,1,1,7,3,2,0.07,1229,86,311,748,185,19,1229,38,18,47.4,13,34.2,623,3338,1229,21,18,3,33,19,714,49,3,0,0,39,44,0,13,18,29,1,1,0,146,31,41,43.1,,,,,,,,,,,,,,,,,,,,,,,,,,,,,,,,2024-2025
621,Woyo Coulibaly,ml MLI,DF,Leicester City,eng Premier League,25.0,1999.0,4,1,109,1.2,0,0,0,0,0,0,1,0,0.0,0.0,0.0,0.0,0.0,0.04,4,3,2,2,1,50.0,1.65,0.83,0.0,0.0,19.4,0,0,0,0.0,0.0,0.02,0.0,0.0,48,57,84.2,797,314,0,0.0,0.0,0.0,0,3,0,0,3,44,13,0,0,0,0,13,0,0,0,0,48,6,4,4,2,0,2,100.0,0,3,1,2,5,11,1,0,0,0.0,0,0,0,0,0,0,0,0.0,76,8,27,31,20,4,76,1,0,0.0,1,100.0,48,288,169,4,2,1,4,0,36,2,1,0,0,2,1,0,0,5,4,0,0,0,14,0,3,0.0,,,,,,,,,,,,,,,,,,,,,,,,,,,,,,,,2024-2025
622,Woyo Coulibaly,ml MLI,DF,Parma,it Serie A,25.0,1999.0,14,12,1084,12.0,0,1,1,0,0,0,1,1,0.1,0.1,0.9,1.1,0.08,0.09,36,41,23,3,0,0.0,0.25,0.0,0.0,,23.7,0,0,0,0.1,0.1,0.05,-0.1,-0.1,514,593,86.7,7911,3030,1,0.9,0.8,0.1,8,44,4,0,41,506,87,14,2,2,5,72,1,0,0,0,514,13,10,9,2,2,11,45.5,6,19,2,17,8,21,25,0,19,1.58,17,0,1,0,1,0,3,0.25,706,34,213,388,110,12,706,17,8,47.1,8,47.1,404,2492,1389,36,15,9,19,11,439,23,1,1,0,12,12,1,5,8,10,1,0,1,60,9,9,50.0,,,,,,,,,,,,,,,,,,,,,,,,,,,,,,,,2024-2025
624,Thibaut Courtois,be BEL,GK,Real Madrid,es La Liga,32.0,1992.0,30,30,2700,30.0,0,0,0,0,0,0,1,0,0.0,0.0,0.1,0.1,0.0,0.0,0,0,0,0,0,,0.0,0.0,,,,0,0,0,0.0,0.0,,0.0,0.0,848,1020,83.1,20000,12835,0,0.1,0.0,-0.1,1,4,0,0,0,841,178,30,0,2,0,0,0,0,0,0,848,0,0,0,0,0,0,,0,0,0,0,1,1,15,1,4,0.13,3,1,0,0,0,0,0,0.0,1088,960,1083,5,0,0,1088,1,0,0.0,1,100.0,659,3096,1989,0,0,0,0,0,650,0,1,0,0,0,2,0,0,1,0,0,0,1,45,8,0,100.0,29.0,0.97,104.0,76.0,75.0,20.0,6.0,4.0,11.0,36.7,3.0,3.0,0.0,0.0,28.7,0.27,0.7,0.02,62.0,214.0,29.0,871.0,173.0,18.5,28.2,350.0,16.0,4.6,14.0,0.47,10.7,2024-2025
627,Aaron Cresswell,eng ENG,DF,West Ham,eng Premier League,34.0,1989.0,18,10,824,9.2,0,0,0,0,0,0,3,0,0.2,0.2,1.3,1.6,0.0,0.17,6,36,4,5,0,0.0,0.55,0.0,0.0,,23.8,2,0,0,0.2,0.2,0.05,-0.2,-0.2,504,610,82.6,9299,3625,0,1.3,1.9,-1.3,9,52,5,2,36,511,98,33,1,5,36,52,13,11,2,0,504,11,7,5,5,1,11,81.8,2,9,4,5,8,19,37,0,15,1.64,7,8,0,0,0,0,0,0.0,687,45,270,328,94,2,687,2,1,50.0,1,50.0,291,1102,526,6,8,0,4,0,437,4,3,0,0,4,2,0,36,8,7,0,0,0,36,7,7,50.0,,,,,,,,,,,,,,,,,,,,,,,,,,,,,,,,2024-2025
629,Bryan Cristante,it ITA,MF,Roma,it Serie A,29.0,1995.0,30,23,2045,22.7,4,2,6,4,0,0,8,0,2.1,2.1,1.4,3.5,0.26,0.15,25,145,41,30,7,23.3,1.32,0.31,0.13,0.57,16.9,0,0,0,2.1,2.1,0.07,1.9,1.9,1067,1296,82.3,18848,5259,2,1.4,1.3,0.6,18,143,17,0,145,1263,27,26,5,9,15,1,0,0,0,0,1067,48,29,18,24,6,26,57.7,11,20,10,10,19,67,36,1,51,2.24,46,0,0,4,1,0,5,0.22,1497,57,261,981,263,41,1497,14,6,42.9,6,42.9,833,4194,2060,25,30,2,23,13,1057,41,8,0,0,37,9,0,15,19,29,0,0,0,109,61,58,51.3,,,,,,,,,,,,,,,,,,,,,,,,,,,,,,,,2024-2025
630,Domen Črnigoj,si SVN,MF,Venezia,it Serie A,28.0,1995.0,8,1,136,1.5,0,0,0,0,0,0,0,0,0.1,0.1,0.0,0.1,0.0,0.07,4,4,6,1,0,0.0,0.66,0.0,0.0,,10.3,0,0,0,0.1,0.1,0.11,-0.1,-0.1,25,49,51.0,348,107,0,0.0,0.0,0.0,0,1,1,0,4,48,0,0,0,0,2,0,0,0,0,0,25,4,2,0,1,3,2,50.0,1,5,2,3,4,8,4,0,2,1.32,1,0,0,0,1,0,0,0.0,76,3,13,40,23,3,76,1,0,0.0,1,100.0,36,199,116,4,2,0,7,1,47,6,0,0,0,2,4,0,2,4,2,0,0,0,8,2,5,28.6,,,,,,,,,,,,,,,,,,,,,,,,,,,,,,,,2024-2025
631,Juan Cruz Armada,es ESP,DF,Osasuna,es La Liga,32.0,1992.0,25,19,1492,16.6,0,0,0,0,0,0,4,0,0.1,0.1,0.0,0.2,0.0,0.01,9,53,12,4,0,0.0,0.24,0.0,0.0,,16.3,0,0,0,0.1,0.1,0.03,-0.1,-0.1,525,673,78.0,8519,3966,0,0.0,0.2,0.0,2,54,2,0,53,507,165,21,0,2,11,144,0,0,0,0,525,26,14,11,13,2,24,62.5,9,15,4,11,9,35,68,0,14,0.84,10,3,0,1,0,0,1,0.06,819,83,296,401,127,4,819,4,1,25.0,2,50.0,337,1259,668,9,7,2,10,3,391,12,4,0,0,16,2,2,11,9,14,0,1,0,46,9,10,47.4,,,,,,,,,,,,,,,,,,,,,,,,,,,,,,,,2024-2025
632,Juan Cruz,es ESP,"FW,MF",Leganés,es La Liga,24.0,2000.0,34,26,2257,25.1,5,4,9,5,0,0,2,0,2.7,2.7,4.1,6.9,0.36,0.27,59,66,131,33,14,42.4,1.32,0.56,0.15,0.36,21.0,1,0,0,2.7,2.7,0.08,2.3,2.3,488,716,68.2,7691,2934,4,4.1,3.7,-0.1,24,34,32,14,66,616,93,16,9,2,92,59,17,10,4,0,488,32,19,14,16,2,35,48.6,18,18,2,16,13,45,31,0,51,2.03,34,6,2,5,2,2,6,0.24,951,23,176,381,413,41,951,78,40,51.3,32,41.0,543,3461,1661,59,43,21,40,24,570,131,2,0,0,14,23,7,92,13,19,0,0,0,109,15,19,44.1,,,,,,,,,,,,,,,,,,,,,,,,,,,,,,,,2024-2025
633,Juan Cuadrado,co COL,"DF,MF",Atalanta,it Serie A,36.0,1988.0,23,7,832,9.2,0,2,2,0,0,0,3,0,0.9,0.9,2.0,2.9,0.22,0.31,41,64,90,16,4,25.0,1.73,0.43,0.0,0.0,16.0,0,0,0,0.9,0.9,0.06,-0.9,-0.9,476,601,79.2,8203,2257,2,2.0,1.9,0.0,19,34,24,2,64,512,88,8,2,10,56,60,20,5,15,0,476,19,9,9,6,4,23,47.8,12,14,2,12,7,26,9,0,37,4.0,27,7,1,0,2,0,3,0.32,722,15,117,277,332,40,722,40,17,42.5,12,30.0,462,2411,1511,41,43,15,14,10,509,90,3,0,0,9,27,0,56,7,9,1,0,0,31,12,4,75.0,,,,,,,,,,,,,,,,,,,,,,,,,,,,,,,,2024-2025
634,Pau Cubarsí,es ESP,DF,Barcelona,es La Liga,17.0,2007.0,35,29,2618,29.1,0,3,3,0,0,0,3,0,0.8,0.8,1.6,2.5,0.1,0.08,26,191,6,8,0,0.0,0.28,0.0,0.0,,8.9,0,0,0,0.8,0.8,0.1,-0.8,-0.8,2434,2604,93.5,45654,16006,3,1.6,1.0,1.4,9,210,4,1,191,2516,84,67,4,7,2,7,0,0,0,0,2434,34,23,21,10,3,30,63.3,11,12,9,3,16,50,86,1,35,1.2,34,0,0,1,0,0,6,0.21,2805,194,1045,1672,93,17,2805,8,6,75.0,2,25.0,1823,8964,4999,26,16,0,7,1,2193,6,3,0,0,24,9,0,2,16,23,0,1,0,102,62,44,58.5,,,,,,,,,,,,,,,,,,,,,,,,,,,,,,,,2024-2025
635,Cucho,co COL,FW,Betis,es La Liga,25.0,1999.0,15,14,1139,12.7,5,1,6,5,0,0,0,0,3.8,3.8,1.5,5.3,0.47,0.42,27,34,82,43,11,25.6,3.4,0.87,0.12,0.45,15.9,0,0,0,3.8,3.8,0.09,1.2,1.2,223,310,71.9,3302,867,1,1.5,0.7,-0.5,14,20,10,1,34,281,28,0,1,5,12,1,0,0,0,0,223,15,10,2,5,8,11,54.5,5,13,1,12,7,22,4,0,46,3.64,32,0,5,5,3,1,8,0.63,467,5,23,210,237,61,467,26,17,65.4,9,34.6,250,1318,507,27,9,14,46,14,318,82,0,0,0,10,9,5,12,7,10,1,0,0,28,29,35,45.3,,,,,,,,,,,,,,,,,,,,,,,,,,,,,,,,2024-2025
636,Marc Cucurella,es ESP,DF,Chelsea,eng Premier League,26.0,1998.0,36,33,2988,33.2,5,1,6,5,0,0,10,1,2.8,2.8,2.1,4.9,0.18,0.15,35,118,117,24,11,45.8,0.72,0.33,0.21,0.45,16.1,0,0,0,2.8,2.8,0.12,2.2,2.2,1680,1916,87.7,26450,7598,1,2.1,2.4,-1.1,19,121,12,3,118,1634,275,28,2,1,31,245,2,0,0,0,1680,67,45,31,31,5,61,52.5,29,49,16,33,28,95,95,3,51,1.54,44,4,0,2,1,0,5,0.15,2244,119,677,1045,532,75,2244,15,4,26.7,9,60.0,944,4027,2336,35,22,2,28,7,1385,117,10,1,1,37,38,3,31,28,45,0,0,0,130,32,57,36.0,,,,,,,,,,,,,,,,,,,,,,,,,,,,,,,,2024-2025
637,Jorge Cuenca,es ESP,DF,Fulham,eng Premier League,24.0,1999.0,8,4,351,3.9,0,0,0,0,0,0,0,0,0.0,0.0,0.0,0.0,0.0,0.01,0,10,0,1,0,0.0,0.26,0.0,0.0,,13.1,0,0,0,0.0,0.0,0.02,0.0,0.0,145,173,83.8,2483,858,0,0.0,0.0,0.0,0,7,0,0,10,160,13,4,0,0,1,2,0,0,0,0,145,6,2,5,1,0,8,37.5,5,4,4,0,2,8,26,0,1,0.26,1,0,0,0,0,0,0,0.0,214,38,134,74,7,1,214,2,2,100.0,0,0.0,89,302,140,0,1,0,2,0,133,0,0,0,0,2,2,0,1,2,2,0,0,0,10,6,3,66.7,,,,,,,,,,,,,,,,,,,,,,,,,,,,,,,,2024-2025
638,Matheus Cunha,br BRA,"MF,FW",Wolves,eng Premier League,25.0,1999.0,33,29,2597,28.9,15,6,21,15,0,0,4,0,8.6,8.6,7.7,16.4,0.73,0.57,112,144,161,110,44,40.0,3.81,1.52,0.14,0.34,20.5,12,0,0,8.6,8.6,0.08,6.4,6.4,811,1133,71.6,12850,4384,6,7.7,5.3,-1.7,56,92,58,10,144,938,185,52,14,15,142,32,73,40,23,3,811,38,22,17,16,5,39,33.3,26,21,1,20,17,55,23,0,132,4.57,75,14,19,9,12,3,16,0.55,1561,23,181,695,733,133,1560,137,61,44.5,61,44.5,904,6724,3336,112,95,41,80,55,1056,161,4,0,0,42,71,8,142,17,22,0,1,0,125,13,29,31.0,,,,,,,,,,,,,,,,,,,,,,,,,,,,,,,,2024-2025
639,Patrick Cutrone,it ITA,FW,Como,it Serie A,26.0,1998.0,33,23,2047,22.7,7,4,11,7,0,1,1,0,7.1,6.3,2.1,8.4,0.48,0.41,53,31,155,69,26,37.7,3.03,1.14,0.1,0.27,15.9,0,0,1,7.1,6.3,0.09,-0.1,0.7,336,478,70.3,4423,668,4,2.1,2.1,1.9,19,16,10,2,31,423,51,0,0,2,30,2,0,0,0,0,336,16,11,0,10,6,14,50.0,7,11,0,11,5,21,7,0,49,2.15,33,0,1,10,3,2,6,0.26,692,5,28,281,388,119,691,24,9,37.5,12,50.0,445,2251,1067,53,16,26,62,26,508,155,1,0,0,23,28,20,30,5,11,1,0,0,54,23,66,25.8,,,,,,,,,,,,,,,,,,,,,,,,,,,,,,,,2024-2025
641,Wylan Cyprien,fr FRA,MF,Parma,it Serie A,29.0,1995.0,2,0,28,0.3,0,0,0,0,0,0,0,0,0.2,0.2,0.0,0.2,0.0,0.63,1,2,0,1,0,0.0,3.21,0.0,0.0,,15.2,0,0,0,0.2,0.2,0.2,-0.2,-0.2,14,21,66.7,248,161,0,0.0,0.2,0.0,0,2,0,0,2,20,0,0,1,0,0,0,0,0,0,0,14,0,0,0,0,0,1,0.0,1,1,0,1,1,1,0,0,0,0.0,0,0,0,0,0,0,0,0.0,28,2,8,11,9,1,28,0,0,,0,,11,46,33,1,1,1,0,0,15,0,0,0,0,0,0,0,0,1,0,0,0,0,6,0,0,,,,,,,,,,,,,,,,,,,,,,,,,,,,,,,,,2024-2025
642,Danilo D'Ambrosio,it ITA,DF,Monza,it Serie A,35.0,1988.0,20,12,1095,12.2,0,1,1,0,0,0,2,1,0.5,0.5,0.4,0.9,0.08,0.08,10,34,16,9,4,44.4,0.74,0.33,0.0,0.0,18.0,1,0,0,0.5,0.5,0.06,-0.5,-0.5,566,652,86.8,9736,3415,1,0.4,0.3,0.6,5,26,6,2,34,552,96,37,1,2,9,34,0,0,0,0,566,28,15,17,10,1,23,60.9,9,12,8,4,15,43,36,2,8,0.66,8,0,0,0,0,0,1,0.08,776,126,400,296,84,19,776,7,2,28.6,5,71.4,443,1697,803,10,6,1,15,1,476,16,2,1,0,18,11,3,9,15,15,0,0,0,46,16,23,41.0,,,,,,,,,,,,,,,,,,,,,,,,,,,,,,,,2024-2025
643,Lucas Da Cunha,fr FRA,MF,Como,it Serie A,23.0,2001.0,36,30,2613,29.0,3,2,5,3,0,0,4,0,2.0,2.0,3.8,5.8,0.17,0.2,63,154,85,37,14,37.8,1.27,0.48,0.08,0.21,23.8,3,0,0,2.0,2.0,0.05,1.0,1.0,1439,1702,84.5,23414,6615,2,3.8,4.7,-1.8,55,140,29,9,154,1552,147,81,3,12,102,6,60,11,29,0,1439,45,25,17,19,9,39,51.3,19,18,3,15,17,62,30,1,110,3.79,70,28,1,6,4,1,7,0.24,1929,54,377,1031,528,40,1929,30,12,40.0,17,56.7,1200,6198,3078,63,52,13,20,16,1382,85,4,0,0,21,29,1,102,17,25,0,0,0,157,16,25,39.0,,,,,,,,,,,,,,,,,,,,,,,,,,,,,,,,2024-2025
644,Samuel Dahl,se SWE,"DF,MF",Roma,it Serie A,24.0,2000.0,2,0,43,0.5,0,0,0,0,0,0,0,0,0.0,0.0,0.0,0.0,0.0,0.0,1,2,4,0,0,,0.0,0.0,,,,0,0,0,0.0,0.0,,0.0,0.0,24,28,85.7,268,95,0,0.0,0.0,0.0,0,2,1,0,2,27,1,0,0,0,1,1,0,0,0,0,24,2,2,0,2,0,2,50.0,1,2,0,2,0,2,0,0,1,2.09,1,0,0,0,0,0,0,0.0,37,0,3,16,18,0,37,1,0,0.0,1,100.0,21,117,35,1,2,0,1,0,25,4,0,0,0,2,0,0,1,0,2,0,0,0,1,0,1,0.0,,,,,,,,,,,,,,,,,,,,,,,,,,,,,,,,2024-2025
648,Patson Daka,zm ZAM,"FW,MF",Leicester City,eng Premier League,25.0,1998.0,23,6,736,8.2,1,0,1,1,0,0,0,0,1.3,1.3,0.1,1.3,0.12,0.16,11,8,36,15,4,26.7,1.83,0.49,0.07,0.25,14.8,0,0,0,1.3,1.3,0.08,-0.3,-0.3,106,147,72.1,1475,257,0,0.1,0.1,-0.1,1,6,1,0,8,138,9,0,2,0,3,6,0,0,0,0,106,19,10,6,9,4,18,38.9,11,7,1,6,1,20,12,0,10,1.23,7,0,2,1,0,0,1,0.12,252,11,46,114,97,29,252,15,2,13.3,10,66.7,141,714,321,11,7,6,20,12,167,36,0,0,0,15,19,3,3,1,10,0,0,0,18,10,28,26.3,,,,,,,,,,,,,,,,,,,,,,,,,,,,,,,,2024-2025
650,Thijs Dallinga,nl NED,FW,Bologna,it Serie A,23.0,2000.0,31,11,1154,12.8,3,2,5,3,0,0,1,0,4.3,4.3,0.6,4.9,0.39,0.38,9,17,84,31,11,35.5,2.42,0.86,0.1,0.27,11.6,0,0,0,4.3,4.3,0.14,-1.3,-1.3,210,293,71.7,2944,450,2,0.6,0.7,1.4,12,14,4,0,17,278,15,0,0,1,3,0,0,0,0,0,210,10,5,0,4,6,3,100.0,0,10,1,9,1,11,13,1,27,2.11,20,0,0,3,3,1,5,0.39,439,15,28,199,214,65,439,11,2,18.2,9,81.8,243,1033,213,9,6,8,42,22,343,84,1,0,0,24,17,8,3,1,5,1,0,0,35,41,36,53.2,,,,,,,,,,,,,,,,,,,,,,,,,,,,,,,,2024-2025
651,Diogo Dalot,pt POR,DF,Manchester Utd,eng Premier League,25.0,1999.0,33,31,2814,31.3,0,3,3,0,0,0,5,0,2.0,2.0,2.0,4.1,0.1,0.13,62,103,168,25,5,20.0,0.8,0.16,0.0,0.0,16.1,0,0,0,2.0,2.0,0.08,-2.0,-2.0,1347,1673,80.5,21723,6617,3,2.0,2.5,1.0,26,61,25,8,103,1426,242,13,4,8,66,229,0,0,0,0,1347,68,40,40,22,6,52,65.4,18,22,9,13,37,105,72,0,74,2.37,57,5,7,4,0,1,5,0.16,1983,113,661,773,566,68,1983,53,27,50.9,22,41.5,1126,4953,2699,62,37,16,38,21,1200,168,5,0,0,40,9,4,66,37,40,0,1,0,167,38,21,64.4,,,,,,,,,,,,,,,,,,,,,,,,,,,,,,,,2024-2025
652,Mikkel Damsgaard,dk DEN,"MF,FW",Brentford,eng Premier League,24.0,2000.0,38,34,2911,32.3,2,10,12,2,0,0,2,0,2.8,2.8,8.4,11.2,0.37,0.35,73,234,137,35,7,20.0,1.08,0.22,0.06,0.29,17.6,3,0,0,2.8,2.8,0.08,-0.8,-0.8,1107,1529,72.4,19063,7512,10,8.4,7.0,1.6,63,167,73,17,234,1368,153,33,27,5,144,9,60,53,0,0,1107,83,44,27,29,27,81,38.3,50,40,3,37,27,110,31,2,120,3.71,92,14,6,2,1,5,21,0.65,1883,36,331,863,713,76,1883,97,50,51.5,36,37.1,1076,5883,3075,73,54,9,63,47,1239,137,2,0,0,18,27,6,144,27,44,0,0,0,179,12,27,30.8,,,,,,,,,,,,,,,,,,,,,,,,,,,,,,,,2024-2025
653,Maat Daniel Caprini,it ITA,FW,Fiorentina,it Serie A,18.0,2006.0,1,0,7,0.1,0,0,0,0,0,0,0,0,0.0,0.0,0.0,0.0,0.0,0.0,0,1,3,0,0,,0.0,0.0,,,,0,0,0,0.0,0.0,,0.0,0.0,5,6,83.3,66,21,0,0.0,0.0,0.0,0,0,0,0,1,6,0,0,0,0,0,0,0,0,0,0,5,0,0,0,0,0,0,,0,0,0,0,0,0,0,0,0,0.0,0,0,0,0,0,0,0,0.0,13,0,1,6,6,0,13,2,0,0.0,1,50.0,5,35,6,0,0,0,3,1,6,3,0,0,0,0,0,0,0,0,0,0,0,0,2,0,2,0.0,,,,,,,,,,,,,,,,,,,,,,,,,,,,,,,,2024-2025
654,Flavius Daniliuc,at AUT,DF,Hellas Verona,it Serie A,23.0,2001.0,18,9,1004,11.2,0,0,0,0,0,0,0,0,0.1,0.1,0.1,0.2,0.0,0.02,8,38,8,3,1,33.3,0.27,0.09,0.0,0.0,18.0,0,0,0,0.1,0.1,0.04,-0.1,-0.1,375,449,83.5,5931,2777,0,0.1,0.1,-0.1,2,28,3,1,38,394,55,8,1,0,6,47,0,0,0,0,375,26,21,14,9,3,24,62.5,9,10,3,7,7,33,27,0,11,0.98,10,0,0,0,1,0,0,0.0,538,36,211,278,56,10,538,7,4,57.1,3,42.9,285,1302,671,8,4,0,7,4,306,8,0,0,0,12,2,0,6,7,21,0,0,0,44,18,17,51.4,,,,,,,,,,,,,,,,,,,,,,,,,,,,,,,,2024-2025
655,Danilo,br BRA,"MF,FW",Nott'ham Forest,eng Premier League,23.0,2001.0,8,5,275,3.1,0,0,0,0,0,0,0,0,0.0,0.0,0.0,0.0,0.0,0.0,2,11,1,0,0,,0.0,0.0,,,,0,0,0,0.0,0.0,,0.0,0.0,94,121,77.7,1541,549,0,0.0,0.0,0.0,0,13,0,0,11,119,1,0,0,0,3,0,1,1,0,0,94,8,4,7,1,0,6,50.0,3,2,1,1,4,12,3,0,7,2.31,7,0,0,0,0,0,2,0.66,150,8,54,85,13,0,150,6,3,50.0,3,50.0,54,237,61,2,0,0,6,0,87,1,0,0,0,2,0,0,3,4,4,0,0,0,19,1,2,33.3,,,,,,,,,,,,,,,,,,,,,,,,,,,,,,,,2024-2025
656,Danilo,br BRA,DF,Juventus,it Serie A,33.0,1991.0,12,6,581,6.5,0,1,1,0,0,0,2,0,0.1,0.1,0.4,0.5,0.15,0.08,16,45,7,1,0,0.0,0.15,0.0,0.0,,8.2,0,0,0,0.1,0.1,0.1,-0.1,-0.1,519,573,90.6,9844,3059,1,0.4,0.6,0.6,3,51,2,0,45,530,42,11,0,5,3,29,0,0,0,0,519,10,4,7,2,1,10,50.0,5,4,3,1,9,19,21,1,10,1.55,10,0,0,0,0,0,1,0.15,625,43,209,350,70,4,625,0,0,,0,,381,2018,1136,16,9,2,4,2,476,7,2,0,0,11,1,0,3,9,4,0,1,0,24,16,7,69.6,,,,,,,,,,,,,,,,,,,,,,,,,,,,,,,,2024-2025
657,Arnaut Danjuma,nl NED,FW,Villarreal,es La Liga,27.0,1997.0,3,3,200,2.2,2,0,2,2,0,0,1,0,0.8,0.8,0.0,0.8,0.9,0.38,4,1,17,6,3,50.0,2.7,1.35,0.33,0.67,13.9,0,0,0,0.8,0.8,0.14,1.2,1.2,23,30,76.7,359,40,0,0.0,0.0,0.0,1,1,0,0,1,28,2,0,0,1,0,0,0,0,0,0,23,2,1,0,1,1,1,0.0,1,1,0,1,0,2,0,0,2,0.9,2,0,0,0,0,0,0,0.0,48,0,1,13,34,8,48,4,0,0.0,4,100.0,25,207,98,4,3,2,3,0,36,17,1,0,0,1,1,3,0,0,1,0,0,0,2,2,0,100.0,,,,,,,,,,,,,,,,,,,,,,,,,,,,,,,,2024-2025
658,Arnaut Danjuma,nl NED,"FW,MF",Girona,es La Liga,27.0,1997.0,25,15,1335,14.8,2,0,2,2,0,0,2,0,3.6,3.6,1.7,5.3,0.13,0.35,91,41,185,30,14,46.7,2.02,0.94,0.07,0.14,16.0,1,0,0,3.6,3.6,0.12,-1.6,-1.6,318,438,72.6,5448,1472,0,1.7,2.3,-1.7,22,17,24,8,41,391,44,2,1,2,76,6,30,21,6,0,318,8,6,3,3,2,7,28.6,5,5,1,4,2,10,4,0,40,2.7,26,6,5,2,1,0,0,0.0,588,9,60,144,389,81,588,67,24,35.8,35,52.2,394,3594,2010,91,42,38,33,11,441,185,2,0,0,16,16,14,76,2,6,0,1,0,40,1,3,25.0,,,,,,,,,,,,,,,,,,,,,,,,,,,,,,,,2024-2025
659,Jayden Danns,eng ENG,MF,Liverpool,eng Premier League,18.0,2006.0,1,0,11,0.1,0,0,0,0,0,0,0,0,0.0,0.0,0.0,0.0,0.0,0.0,0,0,0,0,0,,0.0,0.0,,,,0,0,0,0.0,0.0,,0.0,0.0,1,1,100.0,6,0,0,0.0,0.0,0.0,0,0,0,0,0,1,0,0,0,0,0,0,0,0,0,0,1,0,0,0,0,0,1,0.0,1,0,0,0,0,0,0,0,0,0.0,0,0,0,0,0,0,0,0.0,2,0,0,0,2,0,2,0,0,,0,,1,2,1,0,0,0,0,1,1,0,0,0,0,0,0,0,0,0,0,0,0,0,0,0,0,,,,,,,,,,,,,,,,,,,,,,,,,,,,,,,,,2024-2025
661,Kevin Danso,at AUT,DF,Tottenham,eng Premier League,25.0,1998.0,10,9,842,9.4,0,0,0,0,0,0,0,0,0.4,0.4,0.1,0.5,0.0,0.05,11,19,1,7,3,42.9,0.75,0.32,0.0,0.0,16.9,0,0,0,0.4,0.4,0.06,-0.4,-0.4,480,555,86.5,9082,2716,0,0.1,0.1,-0.1,2,22,2,1,19,534,21,17,0,2,1,0,0,0,0,0,480,7,5,4,3,0,11,54.5,5,15,14,1,6,13,71,1,9,0.96,8,0,0,1,0,0,2,0.21,676,108,394,257,29,8,676,3,2,66.7,1,33.3,448,2428,1195,11,5,1,8,3,475,1,0,0,0,9,13,0,1,6,5,0,0,0,27,21,12,63.6,,,,,,,,,,,,,,,,,,,,,,,,,,,,,,,,2024-2025
667,Sergi Darder,es ESP,"MF,FW",Mallorca,es La Liga,30.0,1993.0,38,34,2744,30.5,2,6,8,2,0,0,4,0,2.1,2.1,3.7,5.8,0.26,0.19,37,142,83,36,9,25.0,1.18,0.3,0.06,0.22,24.2,1,0,0,2.1,2.1,0.06,-0.1,-0.1,981,1302,75.3,18512,5664,6,3.7,5.3,2.3,54,122,33,15,142,1093,201,70,8,23,163,16,71,27,36,3,981,40,26,15,16,9,46,37.0,29,19,1,18,16,56,23,1,96,3.15,46,44,2,4,0,0,7,0.23,1558,19,173,887,518,29,1558,74,34,45.9,30,40.5,911,5026,2211,37,58,7,36,30,1030,83,4,0,0,21,37,3,163,16,26,0,0,0,122,13,10,56.5,,,,,,,,,,,,,,,,,,,,,,,,,,,,,,,,2024-2025
668,Matteo Darmian,it ITA,DF,Inter,it Serie A,34.0,1989.0,29,20,1781,19.8,3,2,5,3,0,0,3,0,1.9,1.9,1.5,3.5,0.25,0.18,14,45,102,11,3,27.3,0.56,0.15,0.27,1.0,14.4,0,0,0,1.9,1.9,0.18,1.1,1.1,844,1007,83.8,14714,3784,2,1.5,1.3,0.5,15,39,15,7,45,876,129,10,3,2,32,119,0,0,0,0,844,28,17,12,12,4,25,56.0,11,14,6,8,10,38,39,0,34,1.72,26,3,0,1,2,2,4,0.2,1144,53,361,501,286,33,1144,9,4,44.4,4,44.4,593,1976,864,14,11,9,15,6,787,102,3,0,0,26,19,5,32,10,17,0,1,1,39,13,15,46.4,,,,,,,,,,,,,,,,,,,,,,,,,,,,,,,,2024-2025
670,Juan David Cabal,co COL,DF,Juventus,it Serie A,23.0,2001.0,7,6,460,5.1,0,0,0,0,0,0,0,0,0.1,0.1,0.0,0.2,0.0,0.04,14,17,19,5,0,0.0,0.98,0.0,0.0,,21.8,0,0,0,0.1,0.1,0.03,-0.1,-0.1,307,350,87.7,5087,1427,0,0.0,0.3,0.0,1,20,3,2,17,319,30,4,1,3,7,26,0,0,0,0,307,10,4,7,3,0,12,66.7,4,2,0,2,2,12,14,1,3,0.59,3,0,0,0,0,0,3,0.59,401,13,135,220,52,3,401,7,4,57.1,0,0.0,242,1342,774,14,11,0,6,4,285,19,0,0,0,7,10,1,7,2,4,0,0,0,20,8,3,72.7,,,,,,,,,,,,,,,,,,,,,,,,,,,,,,,,2024-2025
673,Ben Davies,wls WAL,DF,Tottenham,eng Premier League,31.0,1993.0,17,14,1331,14.8,0,0,0,0,0,0,5,0,0.3,0.3,0.2,0.5,0.0,0.03,14,52,6,5,1,20.0,0.34,0.07,0.0,0.0,17.0,0,0,0,0.3,0.3,0.06,-0.3,-0.3,896,1023,87.6,16735,6614,0,0.2,0.5,-0.2,2,47,2,0,52,925,95,26,1,5,4,5,0,0,0,0,896,17,11,8,8,1,17,52.9,8,28,19,9,12,29,81,1,8,0.54,7,0,0,0,0,1,0,0.0,1186,215,643,495,48,13,1186,1,1,100.0,0,0.0,664,3255,1824,14,10,0,5,0,781,6,5,0,0,17,7,0,4,12,11,0,0,0,41,52,44,54.2,,,,,,,,,,,,,,,,,,,,,,,,,,,,,,,,2024-2025
674,Keinan Davis,eng ENG,FW,Udinese,it Serie A,26.0,1998.0,23,10,1066,11.8,2,1,3,2,0,0,2,0,2.9,2.9,2.1,5.0,0.25,0.42,26,22,77,29,11,37.9,2.45,0.93,0.07,0.18,12.7,0,0,0,2.9,2.9,0.1,-0.9,-0.9,208,275,75.6,3083,415,1,2.1,0.7,-1.1,20,13,8,0,22,255,19,1,0,2,3,0,0,0,0,0,208,9,4,1,4,4,6,50.0,3,2,1,1,1,10,5,0,35,2.95,27,0,4,3,0,1,2,0.17,404,5,19,195,194,67,404,35,17,48.6,18,51.4,231,1575,605,26,12,16,33,25,325,77,2,0,0,24,12,8,3,1,4,0,0,0,34,37,40,48.1,,,,,,,,,,,,,,,,,,,,,,,,,,,,,,,,2024-2025
675,Leif Davis,eng ENG,DF,Ipswich Town,eng Premier League,24.0,2000.0,33,32,2743,30.5,1,2,3,1,0,0,5,1,1.0,1.0,4.9,5.8,0.1,0.19,52,59,137,16,2,12.5,0.52,0.07,0.06,0.5,19.8,2,0,0,1.0,1.0,0.06,0.0,0.0,919,1284,71.6,15858,6353,2,4.9,4.7,-2.9,61,33,28,12,59,970,307,61,3,5,161,166,80,56,13,0,919,46,27,33,9,4,48,62.5,18,25,8,17,25,71,77,3,93,3.05,46,39,3,3,1,1,4,0.13,1562,117,534,520,527,42,1562,38,13,34.2,18,47.4,708,3804,2073,52,31,11,37,16,835,137,5,1,0,27,31,5,161,25,27,0,2,0,113,34,23,59.6,,,,,,,,,,,,,,,,,,,,,,,,,,,,,,,,2024-2025
677,Paweł Dawidowicz,pl POL,"DF,MF",Hellas Verona,it Serie A,29.0,1995.0,26,24,1845,20.5,0,0,0,0,0,0,7,1,0.3,0.3,0.0,0.3,0.0,0.01,10,39,3,4,0,0.0,0.2,0.0,0.0,,14.2,0,0,0,0.3,0.3,0.08,-0.3,-0.3,653,797,81.9,11772,3968,0,0.0,0.2,0.0,0,52,1,0,39,726,70,35,1,5,1,35,0,0,0,0,653,45,24,20,22,3,27,66.7,9,16,6,10,20,65,70,2,8,0.39,6,2,0,0,0,0,1,0.05,982,93,398,528,59,10,982,4,2,50.0,1,25.0,457,2250,1229,10,7,0,7,3,547,3,7,1,0,36,11,0,1,20,24,0,1,0,54,33,27,55.0,,,,,,,,,,,,,,,,,,,,,,,,,,,,,,,,2024-2025
678,Craig Dawson,eng ENG,DF,Wolves,eng Premier League,34.0,1990.0,15,10,971,10.8,0,0,0,0,0,0,2,0,0.5,0.5,0.0,0.5,0.0,0.05,6,20,5,5,1,20.0,0.46,0.09,0.0,0.0,8.5,0,0,0,0.5,0.5,0.1,-0.5,-0.5,484,559,86.6,9745,3180,0,0.0,0.1,0.0,2,22,1,0,20,528,30,20,1,11,0,0,0,0,0,0,484,15,3,8,6,1,15,80.0,3,16,11,5,9,24,52,1,7,0.65,6,0,0,1,0,0,2,0.19,671,130,396,249,28,14,671,5,1,20.0,2,40.0,390,1819,938,6,1,0,2,0,443,5,2,0,0,6,5,2,0,9,3,0,0,2,35,21,11,65.6,,,,,,,,,,,,,,,,,,,,,,,,,,,,,,,,2024-2025
679,Kevin De Bruyne,be BEL,"MF,FW",Manchester City,eng Premier League,33.0,1991.0,28,19,1702,18.9,4,7,11,4,0,0,2,0,5.1,5.1,8.0,13.1,0.58,0.69,51,157,150,57,15,26.3,3.01,0.79,0.07,0.27,21.4,8,0,0,5.1,5.1,0.09,-1.1,-1.1,908,1196,75.9,15487,4454,7,8.0,6.7,-1.0,57,88,59,13,157,1031,160,32,15,10,145,18,94,33,20,2,908,17,9,7,5,5,23,21.7,18,8,0,8,7,24,10,1,113,5.97,73,26,3,6,3,2,11,0.58,1368,10,75,455,850,79,1368,34,13,38.2,17,50.0,812,4001,2076,51,51,20,26,28,1021,150,2,0,0,17,18,5,145,7,9,0,0,0,64,5,16,23.8,,,,,,,,,,,,,,,,,,,,,,,,,,,,,,,,2024-2025
680,Bobby De Cordova-Reid,jm JAM,FW,Leicester City,eng Premier League,31.0,1993.0,23,9,744,8.3,1,2,3,1,0,0,2,0,0.8,0.8,1.2,2.0,0.36,0.24,14,15,48,7,3,42.9,0.85,0.36,0.14,0.33,25.1,0,0,0,0.8,0.8,0.11,0.2,0.2,145,206,70.4,1883,587,2,1.2,0.2,0.8,6,9,5,0,15,198,8,1,0,0,15,6,0,0,0,0,145,9,4,3,6,0,14,28.6,10,6,1,5,0,9,10,0,13,1.57,8,0,0,3,2,0,3,0.36,272,15,49,114,109,16,272,10,0,0.0,8,80.0,174,816,389,14,5,6,11,10,188,48,2,0,0,9,9,4,15,0,4,1,0,0,29,6,14,30.0,,,,,,,,,,,,,,,,,,,,,,,,,,,,,,,,2024-2025
681,Charles De Ketelaere,be BEL,"MF,FW",Atalanta,it Serie A,23.0,2001.0,36,25,2070,23.0,7,7,14,7,0,0,1,0,7.3,7.3,6.0,13.2,0.61,0.57,108,140,211,48,20,41.7,2.09,0.87,0.15,0.35,12.2,0,0,0,7.3,7.3,0.15,-0.3,-0.3,754,995,75.8,11207,3089,7,6.0,4.8,1.0,39,81,53,9,140,932,56,11,14,5,56,26,2,1,0,0,754,13,9,2,9,2,15,26.7,11,14,3,11,3,16,9,1,88,3.83,73,0,5,7,3,0,14,0.61,1238,10,75,530,657,135,1238,95,43,45.3,45,47.4,832,5658,3023,108,75,41,52,50,1008,211,1,0,0,22,39,2,56,3,9,0,0,0,78,36,38,48.6,,,,,,,,,,,,,,,,,,,,,,,,,,,,,,,,2024-2025
682,Rodrigo De Paul,ar ARG,MF,Atlético Madrid,es La Liga,30.0,1994.0,34,23,2106,23.4,3,5,8,3,0,0,7,0,1.3,1.3,5.6,6.9,0.34,0.29,85,231,64,19,4,21.1,0.81,0.17,0.16,0.75,24.3,0,0,0,1.3,1.3,0.07,1.7,1.7,1449,1773,81.7,24390,7515,5,5.6,5.8,-0.6,42,180,58,13,231,1650,111,79,27,14,59,18,12,2,7,0,1449,33,26,12,16,5,33,42.4,19,25,2,23,6,39,15,3,90,3.84,77,6,1,3,2,1,13,0.56,1950,27,308,1144,517,20,1950,35,14,40.0,15,42.9,1373,7726,4286,85,66,3,33,24,1544,64,7,0,0,19,49,0,59,6,26,0,0,0,128,4,7,36.4,,,,,,,,,,,,,,,,,,,,,,,,,,,,,,,,2024-2025
684,Mattia De Sciglio,it ITA,DF,Empoli,it Serie A,31.0,1992.0,16,7,769,8.5,1,0,1,1,0,0,0,0,0.6,0.6,0.2,0.8,0.12,0.09,4,18,7,5,3,60.0,0.59,0.35,0.2,0.33,16.9,0,0,0,0.6,0.6,0.12,0.4,0.4,233,299,77.9,4506,1744,0,0.2,0.2,-0.2,3,12,4,2,18,255,44,16,0,4,7,28,0,0,0,0,233,18,13,10,8,0,17,82.4,3,10,3,7,8,26,35,1,8,0.94,5,1,0,0,1,1,0,0.0,394,35,165,187,44,9,394,4,1,25.0,2,50.0,161,719,257,4,3,0,5,4,191,7,0,0,0,8,5,0,7,8,13,0,0,0,27,6,2,75.0,,,,,,,,,,,,,,,,,,,,,,,,,,,,,,,,2024-2025
685,Lorenzo De Silvestri,it ITA,DF,Bologna,it Serie A,36.0,1988.0,18,13,1060,11.8,1,0,1,1,0,0,1,0,0.8,0.8,0.3,1.1,0.08,0.09,4,46,30,9,4,44.4,0.76,0.34,0.11,0.25,12.2,0,0,0,0.8,0.8,0.09,0.2,0.2,446,564,79.1,7881,3173,0,0.3,0.4,-0.3,5,40,6,5,46,441,121,17,0,2,23,104,0,0,0,0,446,11,6,7,1,3,16,43.8,9,12,4,8,10,21,32,0,14,1.19,10,2,0,2,0,0,2,0.17,657,31,198,318,142,11,657,5,1,20.0,4,80.0,313,1164,444,4,7,0,7,2,380,30,1,0,0,17,8,1,23,10,6,0,0,0,26,12,16,42.9,,,,,,,,,,,,,,,,,,,,,,,,,,,,,,,,2024-2025
687,Koni De Winter,be BEL,DF,Genoa,it Serie A,22.0,2002.0,25,23,2135,23.7,3,0,3,3,0,0,6,0,2.1,2.1,0.2,2.3,0.13,0.1,10,56,10,13,7,53.8,0.55,0.3,0.23,0.43,8.8,0,0,0,2.1,2.1,0.16,0.9,0.9,1116,1289,86.6,20309,6901,0,0.2,0.2,-0.2,3,42,3,2,56,1182,104,52,0,3,4,50,0,0,0,0,1116,33,19,21,8,4,25,68.0,8,11,7,4,25,58,118,3,15,0.63,11,2,0,0,1,1,1,0.04,1551,161,801,659,105,34,1551,17,6,35.3,11,64.7,807,4302,1986,10,6,0,17,8,938,10,6,0,0,43,14,1,4,25,19,0,2,0,114,74,34,68.5,,,,,,,,,,,,,,,,,,,,,,,,,,,,,,,,2024-2025
689,Alessandro Deiola,it ITA,MF,Cagliari,it Serie A,28.0,1995.0,29,16,1432,15.9,2,1,3,2,0,0,6,0,1.7,1.7,0.6,2.4,0.19,0.15,11,40,36,18,5,27.8,1.13,0.31,0.11,0.4,18.1,0,0,0,1.7,1.7,0.1,0.3,0.3,384,523,73.4,6550,1881,1,0.6,0.7,0.4,6,45,8,1,40,508,13,6,2,7,14,7,0,0,0,0,384,31,20,11,17,3,32,31.3,22,26,12,14,13,44,38,0,26,1.63,19,1,0,3,2,1,3,0.19,686,49,189,352,152,20,686,4,3,75.0,1,25.0,332,1201,553,11,4,1,15,11,398,36,6,0,0,32,11,0,14,13,20,0,0,0,68,37,29,56.1,,,,,,,,,,,,,,,,,,,,,,,,,,,,,,,,2024-2025
691,Enrico Del Prato,it ITA,DF,Parma,it Serie A,24.0,1999.0,34,32,2947,32.7,4,0,4,4,0,0,8,0,2.0,2.0,1.2,3.2,0.12,0.1,8,81,31,12,5,41.7,0.37,0.15,0.33,0.8,12.0,0,0,0,2.0,2.0,0.17,2.0,2.0,1288,1534,84.0,23028,8120,0,1.2,0.9,-1.2,14,68,9,2,81,1319,212,50,0,3,16,150,0,0,0,0,1288,33,17,24,8,1,26,73.1,7,69,35,34,19,52,132,2,32,0.98,28,2,0,0,1,1,1,0.03,1830,228,826,785,225,32,1830,4,2,50.0,1,25.0,1006,3835,1880,8,10,3,12,3,1078,31,8,0,0,20,17,0,16,19,17,0,0,0,120,38,43,46.9,,,,,,,,,,,,,,,,,,,,,,,,,,,,,,,,2024-2025
693,Liam Delap,eng ENG,FW,Ipswich Town,eng Premier League,21.0,2003.0,37,32,2593,28.8,12,2,14,10,2,2,12,0,9.3,7.8,1.9,9.7,0.42,0.39,61,30,110,66,29,43.9,2.29,1.01,0.15,0.34,16.0,0,2,2,9.3,7.8,0.12,2.7,2.2,219,357,61.3,3011,657,2,1.9,1.4,0.1,21,17,6,0,30,350,5,0,8,1,5,2,0,0,0,0,219,11,8,3,3,5,15,13.3,13,8,0,8,2,13,28,0,62,2.15,28,0,12,7,13,2,7,0.24,682,29,78,291,335,92,680,86,40,46.5,37,43.0,445,3283,1586,61,46,30,104,60,537,110,12,0,0,72,51,14,5,2,8,2,0,0,68,55,74,42.6,,,,,,,,,,,,,,,,,,,,,,,,,,,,,,,,2024-2025
694,Fisayo Dele-Bashiru,ng NGA,"MF,FW",Lazio,it Serie A,23.0,2001.0,20,12,947,10.5,3,1,4,3,0,0,0,0,1.1,1.1,0.8,1.9,0.38,0.18,23,26,57,16,5,31.3,1.52,0.48,0.19,0.6,20.9,0,0,0,1.1,1.1,0.07,1.9,1.9,315,359,87.7,4445,711,1,0.8,0.8,0.2,10,23,4,1,26,354,4,4,0,0,7,0,0,0,0,0,315,10,6,3,3,4,6,33.3,4,10,2,8,4,14,5,0,24,2.28,17,0,5,2,0,0,1,0.09,436,12,60,229,151,29,436,22,14,63.6,6,27.3,257,1534,704,23,11,11,16,17,335,57,0,0,0,8,4,0,7,4,6,0,0,0,48,3,13,18.8,,,,,,,,,,,,,,,,,,,,,,,,,,,,,,,,2024-2025
697,Ali Dembélé,fr FRA,DF,Torino,it Serie A,20.0,2004.0,15,4,388,4.3,1,0,1,1,0,0,4,1,0.4,0.4,0.1,0.5,0.23,0.1,8,12,8,5,2,40.0,1.16,0.46,0.2,0.5,13.3,0,0,0,0.4,0.4,0.07,0.6,0.6,127,168,75.6,2055,697,0,0.1,0.1,-0.1,3,2,1,1,12,137,31,4,0,0,7,27,0,0,0,0,127,9,5,6,3,0,4,100.0,0,6,2,4,1,10,11,1,7,1.62,5,0,2,0,0,0,0,0.0,222,13,71,88,64,11,222,6,2,33.3,3,50.0,101,449,226,8,3,3,9,5,115,8,4,1,1,9,7,0,7,1,5,0,1,0,15,5,11,31.3,,,,,,,,,,,,,,,,,,,,,,,,,,,,,,,,2024-2025
700,Sepp van den Berg,nl NED,DF,Brentford,eng Premier League,22.0,2001.0,31,29,2586,28.7,0,0,0,0,0,0,3,0,2.0,2.0,0.8,2.8,0.0,0.1,12,79,28,20,6,30.0,0.7,0.21,0.0,0.0,10.5,0,0,0,2.0,2.0,0.1,-2.0,-2.0,1092,1278,85.4,19151,6135,0,0.8,0.5,-0.8,6,64,3,1,79,1177,100,18,0,2,7,61,0,0,0,0,1092,39,24,25,10,4,29,65.5,10,52,38,14,21,60,134,3,22,0.77,19,0,0,2,1,0,2,0.07,1605,282,819,621,169,48,1605,7,4,57.1,3,42.9,737,3762,1974,12,10,1,15,7,917,28,3,0,0,23,5,1,7,21,24,1,0,0,97,94,77,55.0,,,,,,,,,,,,,,,,,,,,,,,,,,,,,,,,2024-2025
703,Justin Devenny,nir NIR,MF,Crystal Palace,eng Premier League,20.0,2003.0,23,4,507,5.6,1,1,2,1,0,0,1,0,0.8,0.8,0.6,1.4,0.36,0.25,5,21,13,10,6,60.0,1.78,1.07,0.1,0.17,21.1,1,0,0,0.8,0.8,0.08,0.2,0.2,148,205,72.2,2433,730,1,0.6,0.4,0.4,7,22,4,1,21,184,19,7,1,1,17,0,9,4,4,0,148,17,12,7,9,1,19,42.1,11,6,1,5,0,17,11,0,15,2.66,12,2,0,1,0,0,1,0.18,279,8,53,149,83,8,279,4,2,50.0,2,50.0,134,701,333,5,5,1,17,3,167,13,1,0,0,8,0,1,17,0,12,0,0,0,27,2,13,13.3,,,,,,,,,,,,,,,,,,,,,,,,,,,,,,,,2024-2025
704,Kiernan Dewsbury-Hall,eng ENG,"MF,FW",Chelsea,eng Premier League,25.0,1998.0,13,2,264,2.9,0,1,1,0,0,0,0,0,0.2,0.2,1.1,1.3,0.34,0.44,5,14,11,1,0,0.0,0.34,0.0,0.0,,7.8,0,0,0,0.2,0.2,0.22,-0.2,-0.2,127,152,83.6,1898,319,1,1.1,0.2,-0.1,3,12,3,0,14,147,4,1,0,1,2,0,2,0,0,1,127,8,5,1,1,6,6,66.7,2,2,0,2,2,10,9,1,5,1.7,5,0,0,0,0,0,1,0.34,184,5,30,96,58,6,184,4,2,50.0,2,50.0,95,483,221,5,1,0,1,3,138,11,0,0,0,4,6,0,2,2,5,0,0,0,9,0,1,0.0,,,,,,,,,,,,,,,,,,,,,,,,,,,,,,,,2024-2025
705,Michele Di Gregorio,it ITA,GK,Juventus,it Serie A,27.0,1997.0,33,33,2970,33.0,0,0,0,0,0,0,0,0,0.0,0.0,0.5,0.5,0.0,0.01,0,0,0,0,0,,0.0,0.0,,,,0,0,0,0.0,0.0,,0.0,0.0,761,994,76.6,20100,14111,0,0.5,0.0,-0.5,1,25,0,0,0,799,195,49,0,0,0,0,0,0,0,0,761,0,0,0,0,0,0,,0,0,0,0,1,1,14,0,2,0.06,2,0,0,0,0,0,0,0.0,1046,866,1036,11,0,0,1046,0,0,,0,,672,3631,2211,0,0,0,0,0,587,0,0,0,0,0,7,0,0,1,0,0,0,0,36,7,1,87.5,32.0,0.97,103.0,71.0,73.8,16.0,13.0,4.0,14.0,42.4,5.0,5.0,0.0,0.0,28.1,0.24,-3.9,-0.12,128.0,333.0,38.4,848.0,126.0,30.0,31.4,469.0,29.0,6.2,30.0,0.91,13.1,2024-2025
706,Giovanni Di Lorenzo,it ITA,DF,Napoli,it Serie A,30.0,1993.0,37,37,3330,37.0,3,2,5,3,0,0,6,0,2.8,2.8,3.9,6.7,0.14,0.18,50,224,163,21,6,28.6,0.57,0.16,0.14,0.5,11.4,0,0,0,2.8,2.8,0.15,0.2,0.2,1870,2236,83.6,29372,9836,2,3.9,3.9,-1.9,37,170,54,8,224,1865,357,56,2,7,63,299,0,0,0,0,1870,66,44,35,25,6,65,64.6,23,19,6,13,31,97,85,1,80,2.16,72,4,0,2,1,1,8,0.22,2541,116,681,1222,647,67,2541,31,4,12.9,19,61.3,1202,5034,2675,50,31,6,28,14,1701,163,6,0,0,46,51,5,63,31,44,0,0,0,94,45,46,49.5,,,,,,,,,,,,,,,,,,,,,,,,,,,,,,,,2024-2025
707,Boulaye Dia,sn SEN,"MF,FW",Lazio,it Serie A,27.0,1996.0,35,27,2177,24.2,9,3,12,9,0,0,2,0,7.1,7.1,4.2,11.3,0.5,0.47,23,51,114,39,19,48.7,1.61,0.79,0.23,0.47,13.3,0,0,0,7.1,7.1,0.18,1.9,1.9,494,591,83.6,7767,1110,3,4.2,1.5,-1.2,26,37,7,0,51,578,11,1,7,5,2,0,0,0,0,0,494,22,10,5,12,5,16,43.8,9,12,1,11,6,28,16,1,55,2.27,40,0,4,8,2,1,8,0.33,802,19,85,436,293,94,802,42,17,40.5,22,52.4,452,2314,820,23,14,9,33,34,618,114,2,0,0,23,24,4,2,6,10,1,0,0,55,21,56,27.3,,,,,,,,,,,,,,,,,,,,,,,,,,,,,,,,2024-2025
708,Mouctar Diakhaby,gn GUI,DF,Valencia,es La Liga,27.0,1996.0,13,7,653,7.3,2,0,2,2,0,0,0,0,1.5,1.5,0.0,1.5,0.28,0.21,5,14,2,11,4,36.4,1.52,0.55,0.18,0.5,9.0,0,0,0,1.5,1.5,0.13,0.5,0.5,282,336,83.9,4919,1857,0,0.0,0.1,0.0,1,7,2,0,14,320,14,9,0,3,1,2,0,0,0,0,282,8,3,8,0,0,6,66.7,2,8,6,2,11,19,56,0,4,0.55,2,0,0,2,0,0,1,0.14,440,65,271,143,29,19,440,4,2,50.0,2,50.0,222,1013,486,5,6,0,5,2,270,2,0,0,0,2,4,0,1,11,3,0,0,0,23,18,5,78.3,,,,,,,,,,,,,,,,,,,,,,,,,,,,,,,,2024-2025
712,Amad Diallo,ci CIV,"MF,FW",Manchester Utd,eng Premier League,22.0,2002.0,26,20,1901,21.1,8,6,14,8,0,0,5,0,4.7,4.7,4.9,9.6,0.66,0.45,109,60,200,47,17,36.2,2.23,0.8,0.17,0.47,17.5,0,0,0,4.7,4.7,0.1,3.3,3.3,795,949,83.8,11030,2193,6,4.9,4.2,1.1,49,27,35,7,60,859,86,5,3,1,42,49,32,23,1,1,795,38,31,9,20,9,32,59.4,13,15,2,13,11,49,19,1,97,4.59,65,9,10,3,6,4,18,0.85,1207,16,175,443,607,131,1207,88,41,46.6,43,48.9,782,5295,2750,109,53,66,42,35,854,200,5,0,0,21,28,9,42,11,31,2,0,0,109,10,15,40.0,,,,,,,,,,,,,,,,,,,,,,,,,,,,,,,,2024-2025
713,Assane Diao,sn SEN,"FW,MF",Como,it Serie A,18.0,2005.0,15,14,1252,13.9,8,1,9,8,0,0,2,0,4.0,4.0,0.4,4.4,0.65,0.31,50,36,116,28,13,46.4,2.01,0.93,0.29,0.62,15.5,0,0,0,4.0,4.0,0.14,4.0,4.0,241,304,79.3,3311,698,1,0.4,0.6,0.6,8,13,13,0,36,295,7,3,0,0,12,3,1,0,0,0,241,25,14,9,10,6,28,42.9,16,8,1,7,3,28,19,0,31,2.23,21,0,4,3,3,0,4,0.29,523,16,65,191,273,58,523,72,19,26.4,35,48.6,376,2757,1349,50,33,27,50,38,396,116,2,0,0,20,49,6,12,3,14,0,0,0,41,16,34,32.0,,,,,,,,,,,,,,,,,,,,,,,,,,,,,,,,2024-2025
714,Assane Diao,sn SEN,FW,Betis,es La Liga,18.0,2005.0,10,2,277,3.1,1,2,3,1,0,0,0,0,0.8,0.8,1.5,2.3,0.97,0.75,9,1,27,7,1,14.3,2.27,0.32,0.14,1.0,14.4,0,0,0,0.8,0.8,0.11,0.2,0.2,49,66,74.2,626,139,2,1.5,0.6,0.5,8,2,1,1,1,61,5,0,0,0,4,2,0,0,0,0,49,5,3,1,3,1,9,44.4,5,3,0,3,0,5,3,0,7,2.28,6,0,0,1,0,0,2,0.65,122,4,12,42,68,19,122,11,2,18.2,9,81.8,63,372,145,9,3,3,15,2,81,27,0,0,0,4,4,2,4,0,3,0,0,0,12,8,6,57.1,,,,,,,,,,,,,,,,,,,,,,,,,,,,,,,,2024-2025
716,Moussa Diarra,ml MLI,DF,Alavés,es La Liga,23.0,2000.0,26,20,1866,20.7,0,0,0,0,0,0,6,0,0.0,0.0,0.1,0.2,0.0,0.01,12,70,31,1,0,0.0,0.05,0.0,0.0,,25.8,0,0,0,0.0,0.0,0.03,0.0,0.0,670,835,80.2,12112,5342,0,0.1,0.4,-0.1,3,44,8,3,70,711,120,29,0,6,23,90,0,0,0,0,670,40,24,19,18,3,29,58.6,12,15,5,10,21,61,46,1,18,0.87,14,0,0,0,4,0,4,0.19,1012,56,383,495,139,9,1012,14,7,50.0,5,35.7,499,2075,1080,12,10,2,17,15,584,31,6,0,0,28,24,1,23,21,24,1,1,0,76,31,29,51.7,,,,,,,,,,,,,,,,,,,,,,,,,,,,,,,,2024-2025
717,Rúben Dias,pt POR,DF,Manchester City,eng Premier League,27.0,1997.0,27,25,2271,25.2,0,0,0,0,0,0,4,0,1.5,1.5,0.3,1.8,0.0,0.07,43,160,8,21,7,33.3,0.83,0.28,0.0,0.0,19.4,0,0,0,1.5,1.5,0.07,-1.5,-1.5,2167,2317,93.5,37644,12143,0,0.3,1.2,-0.3,5,222,12,0,160,2234,80,43,0,10,3,2,0,0,0,0,2167,17,11,7,9,1,13,53.8,6,23,20,3,20,37,71,4,26,1.03,17,0,0,7,0,2,1,0.04,2499,216,837,1361,307,26,2499,3,2,66.7,1,33.3,1775,10123,6017,43,65,1,8,1,2016,8,4,0,0,12,8,0,3,20,11,0,1,1,78,37,34,52.1,,,,,,,,,,,,,,,,,,,,,,,,,,,,,,,,2024-2025
722,Brahim Díaz,ma MAR,"FW,MF",Real Madrid,es La Liga,24.0,1999.0,31,16,1385,15.4,4,2,6,4,0,0,0,0,5.3,5.3,3.3,8.6,0.39,0.56,39,74,110,28,15,53.6,1.82,0.97,0.14,0.27,12.6,0,0,0,5.3,5.3,0.19,-1.3,-1.3,573,660,86.8,7322,1909,2,3.3,2.3,-1.3,23,56,19,0,74,635,19,10,8,1,8,8,0,0,0,0,573,25,19,9,13,3,19,36.8,12,16,1,15,4,29,2,1,56,3.64,43,0,6,5,1,1,12,0.78,833,5,76,417,350,66,833,47,24,51.1,19,40.4,541,2501,1223,39,16,12,44,27,669,110,0,0,0,14,34,1,8,4,19,0,0,0,54,3,14,17.6,,,,,,,,,,,,,,,,,,,,,,,,,,,,,,,,2024-2025
723,Daniel Díaz,es ESP,MF,Real Sociedad,es La Liga,18.0,2006.0,1,0,10,0.1,0,0,0,0,0,0,0,0,0.0,0.0,0.0,0.0,0.0,0.0,0,0,0,0,0,,0.0,0.0,,,,0,0,0,0.0,0.0,,0.0,0.0,1,3,33.3,20,0,0,0.0,0.0,0.0,0,0,0,0,0,3,0,0,0,0,0,0,0,0,0,0,1,1,1,1,0,0,0,,0,1,0,1,0,1,0,0,0,0.0,0,0,0,0,0,0,0,0.0,6,0,2,1,3,1,6,1,0,0.0,1,100.0,1,0,0,0,0,0,0,0,4,0,0,0,0,1,0,0,0,0,1,0,0,0,0,1,0,100.0,,,,,,,,,,,,,,,,,,,,,,,,,,,,,,,,2024-2025
724,Luis Díaz,co COL,FW,Liverpool,eng Premier League,27.0,1997.0,36,28,2399,26.7,13,5,18,13,0,0,2,0,12.0,12.0,5.0,17.1,0.68,0.64,108,110,293,71,30,42.3,2.66,1.13,0.18,0.43,13.4,0,0,0,12.0,12.0,0.17,1.0,1.0,736,874,84.2,11789,2533,5,5.0,4.5,0.0,56,48,46,6,110,855,17,2,2,9,32,14,1,0,0,0,736,39,26,13,20,6,39,38.5,24,19,0,19,7,46,7,1,117,4.39,88,0,16,9,4,0,16,0.6,1184,17,90,409,706,167,1184,116,53,45.7,51,44.0,780,5710,2960,108,55,56,55,49,933,293,2,0,0,48,31,10,32,7,26,2,0,0,105,13,38,25.5,,,,,,,,,,,,,,,,,,,,,,,,,,,,,,,,2024-2025
725,Pedro Díaz,es ESP,MF,Rayo Vallecano,es La Liga,26.0,1998.0,26,12,1211,13.5,3,0,3,3,0,1,2,0,2.4,1.6,2.1,3.7,0.22,0.33,27,62,49,31,7,22.6,2.3,0.52,0.1,0.43,24.6,1,0,1,2.4,1.6,0.05,0.6,1.4,446,566,78.8,6612,1964,0,2.1,2.1,-2.1,26,45,17,2,62,523,37,14,2,8,42,0,23,11,10,0,446,23,15,7,14,2,41,34.1,27,16,0,16,7,30,7,1,50,3.72,33,7,5,5,0,0,5,0.37,707,7,116,337,265,19,706,34,20,58.8,13,38.2,390,2175,1177,27,30,2,24,8,459,49,2,0,0,7,6,0,42,7,15,0,0,0,80,5,8,38.5,,,,,,,,,,,,,,,,,,,,,,,,,,,,,,,,2024-2025
726,Tyler Dibling,eng ENG,"FW,MF",Southampton,eng Premier League,18.0,2006.0,33,20,1874,20.8,2,0,2,2,0,0,6,0,2.5,2.5,1.5,4.1,0.1,0.2,69,64,96,28,9,32.1,1.34,0.43,0.07,0.22,19.3,0,0,0,2.5,2.5,0.09,-0.5,-0.5,504,620,81.3,7544,1553,0,1.5,1.5,-1.5,20,27,20,1,64,585,32,4,8,3,28,3,11,8,0,0,504,34,20,13,18,3,26,61.5,10,19,5,14,8,42,16,1,56,2.69,34,1,11,5,5,0,4,0.19,868,27,129,390,369,41,868,110,45,40.9,43,39.1,558,4418,2215,69,50,26,44,55,651,96,6,0,0,30,50,2,28,8,20,2,0,0,80,10,25,28.6,,,,,,,,,,,,,,,,,,,,,,,,,,,,,,,,2024-2025
727,Diego,es ESP,FW,Leganés,es La Liga,24.0,2000.0,28,13,1195,13.3,3,0,3,3,0,0,2,0,3.8,3.8,0.2,4.0,0.23,0.3,9,16,49,29,9,31.0,2.18,0.68,0.1,0.33,14.1,0,0,0,3.8,3.8,0.13,-0.8,-0.8,121,192,63.0,1679,322,0,0.2,0.2,-0.2,6,8,3,1,16,176,13,0,0,1,5,1,0,0,0,0,121,1,1,0,0,1,7,14.3,6,4,1,3,2,3,11,0,12,0.9,7,0,0,2,3,0,1,0.08,322,11,20,135,171,44,322,10,4,40.0,6,60.0,192,777,291,9,11,5,45,12,246,49,2,0,0,22,23,7,5,2,1,1,0,0,25,43,83,34.1,,,,,,,,,,,,,,,,,,,,,,,,,,,,,,,,2024-2025
731,Lucas Digne,fr FRA,DF,Aston Villa,eng Premier League,31.0,1993.0,32,28,2351,26.1,0,4,4,0,0,0,4,0,0.8,0.8,4.7,5.5,0.15,0.21,23,57,142,13,3,23.1,0.5,0.11,0.0,0.0,22.7,5,0,0,0.8,0.8,0.06,-0.8,-0.8,956,1277,74.9,15607,5137,4,4.7,4.0,-0.7,36,44,30,19,57,1017,258,44,2,4,140,155,57,37,10,0,956,65,38,40,16,9,66,66.7,22,23,4,19,25,90,89,1,66,2.53,42,18,1,4,0,1,5,0.19,1527,97,541,457,539,28,1527,19,9,47.4,9,47.4,683,2983,1346,23,14,4,17,16,820,142,4,0,0,21,16,7,140,25,38,0,0,0,104,37,28,56.9,,,,,,,,,,,,,,,,,,,,,,,,,,,,,,,,2024-2025
733,Federico Dimarco,it ITA,"DF,FW",Inter,it Serie A,26.0,1997.0,32,28,2140,23.8,4,7,11,4,0,0,3,0,3.3,3.3,6.1,9.5,0.46,0.39,47,83,232,55,20,36.4,2.31,0.84,0.07,0.2,20.1,8,0,0,3.3,3.3,0.06,0.7,0.7,973,1275,76.3,16613,4805,7,6.1,5.1,0.9,48,47,40,19,83,1090,178,24,3,13,188,81,73,12,46,0,973,25,14,10,12,3,19,52.6,9,24,4,20,14,39,33,2,96,4.0,57,26,2,9,2,0,14,0.58,1475,34,270,546,675,90,1475,10,4,40.0,6,60.0,789,3200,1822,47,35,13,18,10,1007,232,3,0,0,18,11,8,188,14,14,0,0,0,76,7,13,35.0,,,,,,,,,,,,,,,,,,,,,,,,,,,,,,,,2024-2025
734,Stole Dimitrievski,mk MKD,GK,Valencia,es La Liga,30.0,1993.0,4,4,360,4.0,0,0,0,0,0,0,1,0,0.0,0.0,0.0,0.0,0.0,0.0,0,0,0,0,0,,0.0,0.0,,,,0,0,0,0.0,0.0,,0.0,0.0,68,133,51.1,2105,1516,0,0.0,0.0,0.0,0,3,0,0,0,88,45,25,0,0,0,0,0,0,0,0,68,0,0,0,0,0,0,,0,0,0,0,0,0,3,1,0,0.0,0,0,0,0,0,0,0,0.0,143,96,135,9,0,0,143,0,0,,0,,68,362,240,0,0,0,1,0,52,0,1,0,0,0,0,0,0,0,0,0,0,0,7,0,0,,6.0,1.5,12.0,6.0,58.3,0.0,2.0,2.0,0.0,0.0,2.0,1.0,0.0,1.0,4.5,0.29,-1.5,-0.38,15.0,72.0,20.8,113.0,25.0,49.6,40.5,51.0,3.0,5.9,16.0,4.0,25.7,2024-2025
738,Yan Diomandé,ci CIV,"MF,FW",Leganés,es La Liga,17.0,2006.0,10,6,545,6.1,2,1,3,2,0,0,1,0,1.4,1.4,0.9,2.3,0.5,0.38,37,16,64,11,3,27.3,1.82,0.5,0.18,0.67,17.3,0,0,0,1.4,1.4,0.13,0.6,0.6,166,200,83.0,2229,543,1,0.9,0.9,0.1,14,4,7,1,16,189,11,1,1,0,12,10,0,0,0,0,166,14,9,1,8,5,15,33.3,10,8,0,8,8,22,6,0,37,6.11,25,0,8,2,1,1,5,0.83,309,4,49,108,161,42,309,38,23,60.5,14,36.8,200,1582,966,37,16,20,26,16,204,64,1,0,0,8,16,2,12,8,9,0,0,0,41,3,12,20.0,,,,,,,,,,,,,,,,,,,,,,,,,,,,,,,,2024-2025
740,Issa Diop,fr FRA,DF,Fulham,eng Premier League,27.0,1997.0,21,15,1339,14.9,0,0,0,0,0,0,2,0,0.5,0.5,0.1,0.6,0.0,0.04,6,25,3,5,2,40.0,0.34,0.13,0.0,0.0,10.7,0,0,0,0.5,0.5,0.11,-0.5,-0.5,663,758,87.5,12350,4179,0,0.1,0.1,-0.1,3,43,1,0,25,733,25,21,0,1,1,2,0,0,0,0,663,26,12,18,8,0,18,72.2,5,10,7,3,9,35,72,2,6,0.4,5,0,0,1,0,0,0,0.0,903,125,498,381,26,13,903,2,1,50.0,1,50.0,533,2426,1216,6,2,0,9,2,617,3,2,0,0,10,4,0,1,9,12,0,0,1,45,20,12,62.5,,,,,,,,,,,,,,,,,,,,,,,,,,,,,,,,2024-2025
746,Axel Disasi,fr FRA,DF,Aston Villa,eng Premier League,26.0,1998.0,7,5,490,5.4,0,0,0,0,0,0,2,0,0.1,0.1,0.4,0.5,0.0,0.09,10,16,5,2,0,0.0,0.37,0.0,0.0,,19.5,0,0,0,0.1,0.1,0.04,-0.1,-0.1,243,280,86.8,4080,1517,0,0.4,0.3,-0.4,3,14,3,0,16,258,20,9,1,0,1,11,0,0,0,0,243,8,5,7,1,0,7,42.9,4,4,1,3,5,13,18,0,9,1.65,7,0,1,0,0,1,0,0.0,334,32,130,178,29,6,334,15,9,60.0,6,40.0,207,1268,621,10,8,2,3,2,223,5,2,0,0,3,2,2,1,5,5,0,0,0,15,8,6,57.1,,,,,,,,,,,,,,,,,,,,,,,,,,,,,,,,2024-2025
747,Axel Disasi,fr FRA,DF,Chelsea,eng Premier League,26.0,1998.0,6,4,364,4.0,1,0,1,1,0,0,1,0,0.3,0.3,0.1,0.4,0.25,0.09,6,16,2,2,1,50.0,0.49,0.25,0.5,1.0,12.3,0,0,0,0.3,0.3,0.14,0.7,0.7,266,293,90.8,4218,1367,0,0.1,0.1,-0.1,2,20,2,0,16,266,27,10,0,1,0,17,0,0,0,0,266,7,4,5,1,1,11,54.5,5,4,1,3,2,9,11,1,2,0.49,2,0,0,0,0,0,0,0.0,323,17,110,175,40,2,323,1,1,100.0,0,0.0,196,953,519,6,3,0,1,3,242,2,1,0,0,2,0,0,0,2,4,0,0,0,15,5,2,71.4,,,,,,,,,,,,,,,,,,,,,,,,,,,,,,,,2024-2025
748,Roman Dixon,eng ENG,DF,Everton,eng Premier League,19.0,2004.0,1,1,90,1.0,0,0,0,0,0,0,0,0,0.0,0.0,0.0,0.0,0.0,0.0,0,0,1,0,0,,0.0,0.0,,,,0,0,0,0.0,0.0,,0.0,0.0,11,19,57.9,205,111,0,0.0,0.0,0.0,0,3,0,0,0,16,3,0,0,0,0,3,0,0,0,0,11,5,5,3,2,0,4,100.0,0,1,0,1,1,6,3,0,0,0.0,0,0,0,0,0,0,0,0.0,36,8,19,14,4,0,36,3,0,0.0,3,100.0,16,107,48,0,0,0,2,0,13,1,0,0,0,0,0,0,0,1,5,0,0,0,6,0,3,0.0,,,,,,,,,,,,,,,,,,,,,,,,,,,,,,,,2024-2025
749,Álvaro djaló,es ESP,FW,Athletic Club,es La Liga,24.0,1999.0,17,7,659,7.3,1,0,1,1,0,0,2,0,0.8,0.8,0.9,1.7,0.14,0.23,22,13,60,15,3,20.0,2.05,0.41,0.07,0.33,18.5,0,0,0,0.8,0.8,0.06,0.2,0.2,85,128,66.4,1303,335,0,0.9,0.6,-0.9,4,6,6,4,13,123,4,0,0,4,14,1,0,0,0,0,85,8,5,3,2,3,3,33.3,2,4,0,4,1,9,4,0,12,1.64,5,0,1,1,5,0,1,0.14,230,3,26,77,134,25,230,36,14,38.9,17,47.2,151,986,562,22,23,6,29,13,177,60,2,0,0,19,14,5,14,1,5,0,0,0,28,10,19,34.5,,,,,,,,,,,,,,,,,,,,,,,,,,,,,,,,2024-2025
750,Djené,tg TOG,"DF,MF",Getafe,es La Liga,32.0,1991.0,31,31,2548,28.3,0,0,0,0,0,0,10,1,0.3,0.3,0.6,0.9,0.0,0.03,18,74,21,6,0,0.0,0.21,0.0,0.0,,17.6,0,0,0,0.3,0.3,0.05,-0.3,-0.3,694,918,75.6,12668,5016,0,0.6,0.8,-0.6,9,78,13,6,74,809,105,17,0,4,32,88,0,0,0,0,694,25,13,12,11,2,32,37.5,20,18,8,10,21,46,107,3,21,0.74,18,1,0,0,1,1,1,0.04,1164,88,406,606,168,17,1164,17,7,41.2,7,41.2,514,2525,1275,18,10,1,23,17,527,21,10,1,0,40,26,1,32,21,13,0,0,0,102,43,30,58.9,,,,,,,,,,,,,,,,,,,,,,,,,,,,,,,,2024-2025
751,Nasser Djiga,bf BFA,DF,Wolves,eng Premier League,21.0,2002.0,5,1,66,0.7,0,0,0,0,0,0,0,0,0.0,0.0,0.0,0.0,0.0,0.0,0,3,2,0,0,,0.0,0.0,,,,0,0,0,0.0,0.0,,0.0,0.0,40,48,83.3,740,183,0,0.0,0.0,0.0,0,3,0,0,3,45,3,1,0,0,0,2,0,0,0,0,40,0,0,0,0,0,1,0.0,1,0,0,0,2,2,4,1,0,0.0,0,0,0,0,0,0,0,0.0,58,2,17,39,2,0,58,0,0,,0,,32,108,37,0,1,0,1,2,35,2,0,0,0,0,1,0,0,2,0,0,0,0,2,1,1,50.0,,,,,,,,,,,,,,,,,,,,,,,,,,,,,,,,2024-2025
752,Berat Djimsiti,al ALB,DF,Atalanta,it Serie A,31.0,1993.0,34,32,2640,29.3,1,2,3,1,0,0,6,0,2.7,2.7,1.3,3.9,0.1,0.13,32,109,42,20,4,20.0,0.68,0.14,0.05,0.25,9.7,0,0,0,2.7,2.7,0.13,-1.7,-1.7,1483,1691,87.7,26133,7354,2,1.3,0.7,0.7,11,84,12,3,109,1614,75,60,1,6,11,15,0,0,0,0,1483,53,33,29,23,1,40,72.5,11,34,21,13,40,93,141,2,30,1.02,23,0,0,7,0,0,7,0.24,2023,143,844,961,224,45,2023,4,1,25.0,1,25.0,1097,6008,3235,32,34,2,10,1,1323,42,6,0,0,23,21,0,11,40,33,0,1,1,102,90,58,60.8,,,,,,,,,,,,,,,,,,,,,,,,,,,,,,,,2024-2025
753,Marko Dmitrović,rs SRB,GK,Leganés,es La Liga,32.0,1992.0,32,32,2880,32.0,0,0,0,0,0,0,0,0,0.0,0.0,0.2,0.2,0.0,0.01,0,1,0,0,0,,0.0,0.0,,,,0,0,0,0.0,0.0,,0.0,0.0,470,1052,44.7,17633,14941,0,0.2,0.1,-0.2,1,28,0,0,1,620,426,122,0,1,0,1,0,0,0,0,470,1,1,1,0,0,2,50.0,1,0,0,0,0,1,27,3,6,0.19,3,3,0,0,0,0,0,0.0,1145,937,1132,13,0,0,1145,1,1,100.0,0,0.0,542,3220,1877,0,0,0,1,0,338,0,0,0,0,1,6,0,0,0,1,0,1,0,37,13,0,100.0,49.0,1.53,150.0,103.0,72.0,8.0,11.0,13.0,10.0,31.3,8.0,7.0,0.0,1.0,50.2,0.3,3.2,0.1,201.0,765.0,26.3,743.0,112.0,65.3,47.2,579.0,49.0,8.5,53.0,1.66,14.5,2024-2025
755,Dodô,br BRA,DF,Fiorentina,it Serie A,25.0,1998.0,34,34,3025,33.6,0,4,4,0,0,0,8,0,1.4,1.4,4.2,5.6,0.12,0.16,143,128,193,25,5,20.0,0.74,0.15,0.0,0.0,17.9,0,0,0,1.4,1.4,0.05,-1.4,-1.4,1341,1728,77.6,24063,7341,4,4.2,4.3,-0.2,36,80,40,22,128,1456,269,31,2,10,142,237,1,0,1,0,1341,44,29,25,11,8,49,51.0,24,22,5,17,34,78,58,2,75,2.17,56,2,4,3,8,2,11,0.32,2083,74,579,929,606,66,2083,113,52,46.0,46,40.7,1278,8621,4996,143,84,34,73,26,1311,193,8,0,0,24,60,2,142,34,29,2,0,0,183,12,16,42.9,,,,,,,,,,,,,,,,,,,,,,,,,,,,,,,,2024-2025
757,Matt Doherty,ie IRL,DF,Wolves,eng Premier League,32.0,1992.0,30,25,2109,23.4,2,1,3,2,0,0,6,0,1.0,1.0,1.5,2.6,0.13,0.11,29,79,41,10,3,30.0,0.43,0.13,0.2,0.67,11.4,0,0,0,1.0,1.0,0.1,1.0,1.0,1078,1302,82.8,20102,6585,1,1.5,1.2,-0.5,12,94,15,1,79,1177,121,55,2,22,22,66,0,0,0,0,1078,38,21,25,13,0,25,68.0,8,28,15,13,22,60,102,3,25,1.07,19,3,1,1,1,0,3,0.13,1534,126,614,748,190,26,1534,21,11,52.4,7,33.3,825,3666,2176,29,20,4,11,5,982,41,6,0,0,18,11,2,22,22,21,0,0,1,106,56,21,72.7,,,,,,,,,,,,,,,,,,,,,,,,,,,,,,,,2024-2025
758,Jeremy Doku,be BEL,"FW,MF",Manchester City,eng Premier League,22.0,2002.0,29,16,1516,16.8,3,6,9,3,0,0,1,0,1.3,1.3,4.8,6.1,0.53,0.36,213,69,286,29,9,31.0,1.72,0.53,0.1,0.33,17.7,0,0,0,1.3,1.3,0.05,1.7,1.7,603,762,79.1,8464,1506,6,4.8,3.8,1.2,32,12,48,6,69,757,3,0,8,0,59,1,2,0,0,0,603,31,22,9,12,10,15,53.3,7,11,1,10,4,35,2,0,79,4.69,60,1,13,1,3,1,14,0.83,1027,4,46,233,772,161,1027,201,107,53.2,60,29.9,796,7581,4865,213,95,109,59,59,854,286,1,0,0,10,33,5,59,4,22,0,0,0,63,0,12,0.0,,,,,,,,,,,,,,,,,,,,,,,,,,,,,,,,2024-2025
759,Marc Domenech,es ESP,"FW,MF",Mallorca,es La Liga,18.0,2006.0,10,3,303,3.4,0,0,0,0,0,0,0,0,0.7,0.7,0.2,0.9,0.0,0.27,1,4,21,8,2,25.0,2.38,0.59,0.0,0.0,15.2,0,0,0,0.7,0.7,0.09,-0.7,-0.7,34,49,69.4,465,132,0,0.2,0.3,-0.2,5,0,4,2,4,49,0,0,0,0,4,0,0,0,0,0,34,4,4,2,1,1,5,40.0,3,2,0,2,0,4,2,0,7,2.09,5,0,0,2,0,0,0,0.0,84,2,11,26,49,13,84,2,1,50.0,1,50.0,42,148,62,1,2,0,11,3,51,21,0,0,0,5,1,0,4,0,4,0,0,0,8,8,7,53.3,,,,,,,,,,,,,,,,,,,,,,,,,,,,,,,,2024-2025
761,Benjamín Domínguez,ar ARG,FW,Bologna,it Serie A,20.0,2003.0,24,16,1281,14.2,3,2,5,3,0,0,0,0,2.2,2.2,0.8,3.1,0.35,0.21,50,32,123,30,17,56.7,2.11,1.19,0.1,0.18,19.2,0,0,0,2.2,2.2,0.07,0.8,0.8,272,348,78.2,3724,625,2,0.8,0.9,1.2,10,12,13,1,32,340,5,0,2,0,11,5,0,0,0,0,272,18,7,2,11,5,20,30.0,14,15,1,14,4,22,7,0,41,2.88,30,0,5,1,4,1,7,0.49,555,6,34,200,335,55,555,74,28,37.8,41,55.4,396,2428,1263,50,26,23,45,33,420,123,0,0,0,10,31,4,11,4,7,0,0,0,62,2,21,8.7,,,,,,,,,,,,,,,,,,,,,,,,,,,,,,,,2024-2025
762,Carlos Dominguez,es ESP,DF,Celta Vigo,es La Liga,23.0,2001.0,19,13,1181,13.1,0,0,0,0,0,0,1,0,0.2,0.2,0.1,0.3,0.0,0.02,15,66,4,3,1,33.3,0.23,0.08,0.0,0.0,8.5,0,0,0,0.2,0.2,0.07,-0.2,-0.2,856,967,88.5,15954,5531,0,0.1,0.2,-0.1,2,64,0,0,66,936,28,26,0,6,0,2,0,0,0,0,856,23,11,14,9,0,21,71.4,6,16,11,5,13,36,80,1,6,0.46,6,0,0,0,0,0,0,0.0,1116,109,488,609,25,7,1116,3,2,66.7,1,33.3,683,3304,1981,15,12,0,5,0,802,4,1,0,0,8,10,0,0,13,11,0,0,1,45,28,15,65.1,,,,,,,,,,,,,,,,,,,,,,,,,,,,,,,,2024-2025
763,Israel Domínguez,es ESP,FW,Sevilla,es La Liga,21.0,2003.0,1,0,18,0.2,0,0,0,0,0,0,0,0,0.0,0.0,0.0,0.0,0.0,0.0,0,0,0,0,0,,0.0,0.0,,,,0,0,0,0.0,0.0,,0.0,0.0,2,2,100.0,24,0,0,0.0,0.0,0.0,0,0,0,0,0,1,1,0,0,0,0,1,0,0,0,0,2,0,0,0,0,0,0,,0,0,0,0,0,0,0,0,0,0.0,0,0,0,0,0,0,0,0.0,2,0,0,2,0,0,2,0,0,,0,,1,3,0,0,0,0,0,0,2,0,0,0,0,0,1,1,0,0,0,0,0,0,0,0,1,0.0,,,,,,,,,,,,,,,,,,,,,,,,,,,,,,,,2024-2025
764,Nicolás Domínguez,ar ARG,"MF,FW",Nott'ham Forest,eng Premier League,26.0,1998.0,34,23,1963,21.8,0,1,1,0,0,0,9,0,1.5,1.5,1.3,2.8,0.05,0.13,16,83,33,21,9,42.9,0.96,0.41,0.0,0.0,18.9,0,0,0,1.5,1.5,0.07,-1.5,-1.5,821,947,86.7,11995,3387,1,1.3,1.6,-0.3,13,81,11,1,83,890,50,22,7,0,7,6,0,0,0,0,821,86,45,40,35,11,76,47.4,40,38,12,26,29,115,54,1,38,1.74,29,1,0,3,3,2,0,0.0,1218,78,303,630,295,33,1218,9,3,33.3,4,44.4,471,1863,924,16,14,2,23,12,676,33,9,0,0,33,18,1,7,29,45,0,0,0,114,27,23,54.0,,,,,,,,,,,,,,,,,,,,,,,,,,,,,,,,2024-2025
765,Sergi Dominguez,es ESP,DF,Barcelona,es La Liga,19.0,2005.0,3,2,172,1.9,0,0,0,0,0,0,1,0,0.0,0.0,0.0,0.0,0.0,0.0,0,13,1,0,0,,0.0,0.0,,,,0,0,0,0.0,0.0,,0.0,0.0,171,180,95.0,3171,1062,0,0.0,0.0,0.0,0,13,0,0,13,173,7,4,0,0,0,1,0,0,0,0,171,1,1,1,0,0,0,,0,0,0,0,3,4,7,0,0,0.0,0,0,0,0,0,0,0,0.0,191,13,69,121,3,0,191,0,0,,0,,127,569,284,0,1,0,0,0,157,1,1,0,0,2,0,0,0,3,1,0,1,0,8,1,3,25.0,,,,,,,,,,,,,,,,,,,,,,,,,,,,,,,,2024-2025
767,Patrick Dorgu,dk DEN,DF,Manchester Utd,eng Premier League,19.0,2004.0,12,10,842,9.4,0,0,0,0,0,0,3,1,0.4,0.4,0.7,1.2,0.0,0.12,41,34,83,10,2,20.0,1.07,0.21,0.0,0.0,16.4,0,0,0,0.4,0.4,0.04,-0.4,-0.4,400,494,81.0,5631,1295,0,0.7,1.3,-0.7,12,23,11,2,34,419,74,8,0,1,39,65,1,0,0,0,400,31,24,15,14,2,23,69.6,7,11,0,11,4,35,23,2,24,2.57,21,0,0,0,2,1,1,0.11,602,16,155,206,244,32,602,13,3,23.1,6,46.2,354,1933,1209,41,17,7,12,10,399,83,3,1,0,17,28,3,39,4,24,0,0,0,37,15,9,62.5,,,,,,,,,,,,,,,,,,,,,,,,,,,,,,,,2024-2025
768,Patrick Dorgu,dk DEN,"DF,FW",Lecce,it Serie A,19.0,2004.0,21,21,1840,20.4,3,1,4,3,0,0,2,1,3.3,3.3,1.5,4.8,0.2,0.23,68,54,117,36,10,27.8,1.76,0.49,0.08,0.3,19.0,0,0,0,3.3,3.3,0.09,-0.3,-0.3,580,748,77.5,9714,2661,1,1.5,1.0,-0.5,19,42,21,8,54,643,104,13,3,7,40,90,1,0,0,0,580,45,27,21,19,5,45,51.1,22,24,6,18,18,63,42,2,58,2.84,38,2,4,4,9,1,7,0.34,1011,56,255,445,332,50,1011,44,13,29.5,25,56.8,557,3684,1871,68,40,20,37,37,658,117,2,1,0,24,55,4,40,18,27,1,0,1,99,31,21,59.6,,,,,,,,,,,,,,,,,,,,,,,,,,,,,,,,2024-2025
769,Alfie Dorrington,eng ENG,DF,Tottenham,eng Premier League,19.0,2005.0,1,0,14,0.2,0,0,0,0,0,0,0,0,0.0,0.0,0.0,0.0,0.0,0.0,0,0,0,0,0,,0.0,0.0,,,,0,0,0,0.0,0.0,,0.0,0.0,15,16,93.8,304,39,0,0.0,0.0,0.0,0,0,0,0,0,16,0,0,0,0,0,0,0,0,0,0,15,0,0,0,0,0,0,,0,0,0,0,0,0,0,0,0,0.0,0,0,0,0,0,0,0,0.0,16,0,11,5,0,0,16,0,0,,0,,12,61,26,0,0,0,0,0,13,0,0,0,0,0,0,0,0,0,0,0,0,0,3,0,0,,,,,,,,,,,,,,,,,,,,,,,,,,,,,,,,,2024-2025
772,Alberto Dossena,it ITA,DF,Como,it Serie A,25.0,1998.0,23,20,1825,20.3,0,2,2,0,0,0,1,1,0.8,0.8,0.7,1.5,0.1,0.07,4,36,1,12,3,25.0,0.59,0.15,0.0,0.0,11.3,0,0,0,0.8,0.8,0.07,-0.8,-0.8,894,1020,87.6,16693,5441,2,0.7,0.4,1.3,5,33,1,0,36,952,65,43,0,3,1,4,0,0,0,0,894,33,20,23,8,2,28,57.1,12,22,11,11,22,55,89,1,11,0.54,9,0,1,1,0,0,2,0.1,1220,173,677,517,31,20,1220,6,4,66.7,2,33.3,693,2716,1465,4,1,0,8,3,776,1,1,1,0,22,16,0,1,22,20,0,2,0,68,59,24,71.1,,,,,,,,,,,,,,,,,,,,,,,,,,,,,,,,2024-2025
773,Abdoulaye Doucouré,ml MLI,MF,Everton,eng Premier League,31.0,1993.0,33,31,2564,28.5,3,2,5,3,0,0,5,1,4.1,4.1,2.4,6.6,0.18,0.23,42,82,96,31,9,29.0,1.09,0.32,0.1,0.33,14.0,0,0,0,4.1,4.1,0.13,-1.1,-1.1,725,903,80.3,10909,2254,2,2.4,1.4,-0.4,28,44,15,0,82,884,14,5,0,2,23,0,0,0,0,0,725,48,28,21,20,7,43,32.6,29,31,6,25,10,58,20,1,58,2.04,52,0,3,2,0,1,3,0.11,1161,32,225,538,413,65,1161,45,24,53.3,21,46.7,604,2952,1396,42,26,8,38,38,750,96,5,1,1,49,5,10,23,10,28,0,0,0,150,30,44,40.5,,,,,,,,,,,,,,,,,,,,,,,,,,,,,,,,2024-2025
774,Cheick Doucouré,ml MLI,MF,Crystal Palace,eng Premier League,24.0,2000.0,13,4,452,5.0,0,0,0,0,0,0,1,0,0.4,0.4,0.0,0.4,0.0,0.08,2,19,7,7,0,0.0,1.39,0.0,0.0,,20.6,0,0,0,0.4,0.4,0.06,-0.4,-0.4,174,204,85.3,2909,823,0,0.0,0.1,0.0,1,17,3,0,19,201,3,3,0,0,1,0,0,0,0,0,174,16,8,6,8,2,11,45.5,6,4,0,4,11,27,10,1,9,1.79,5,0,0,2,1,1,3,0.6,263,11,56,165,45,4,263,5,2,40.0,2,40.0,133,581,280,2,7,1,4,7,160,7,1,0,0,7,7,0,1,11,8,0,0,0,31,5,5,50.0,,,,,,,,,,,,,,,,,,,,,,,,,,,,,,,,2024-2025
780,Issa Doumbia,it ITA,MF,Venezia,it Serie A,20.0,2003.0,24,10,939,10.4,0,0,0,0,0,0,0,0,1.0,1.0,0.1,1.2,0.0,0.11,12,22,29,16,5,31.3,1.53,0.48,0.0,0.0,16.7,0,0,0,1.0,1.0,0.06,-1.0,-1.0,203,271,74.9,2702,656,0,0.1,0.2,-0.1,3,17,1,0,22,264,4,3,0,0,10,1,0,0,0,0,203,14,8,6,7,1,17,41.2,10,17,5,12,9,23,14,1,17,1.63,14,0,1,1,0,1,2,0.19,401,15,87,202,120,16,401,16,11,68.8,3,18.8,219,1112,584,12,11,3,25,18,242,29,0,0,0,18,12,0,10,9,8,0,0,0,45,18,21,46.2,,,,,,,,,,,,,,,,,,,,,,,,,,,,,,,,2024-2025
783,Anastasios Douvikas,gr GRE,FW,Como,it Serie A,24.0,1999.0,13,6,580,6.4,2,2,4,2,0,0,1,0,2.5,2.5,1.1,3.7,0.62,0.57,8,6,36,14,5,35.7,2.17,0.78,0.14,0.4,12.4,0,0,0,2.5,2.5,0.18,-0.5,-0.5,81,106,76.4,1004,150,2,1.1,0.7,0.9,9,6,1,0,6,92,14,0,1,0,2,1,0,0,0,0,81,3,2,0,3,0,4,25.0,3,3,0,3,1,4,3,0,19,2.95,15,0,2,1,1,0,1,0.16,182,2,13,73,99,34,182,9,5,55.6,4,44.4,113,498,174,8,8,8,25,12,134,36,1,0,0,13,17,1,2,1,2,0,0,0,11,8,19,29.6,,,,,,,,,,,,,,,,,,,,,,,,,,,,,,,,2024-2025
784,Anastasios Douvikas,gr GRE,FW,Celta Vigo,es La Liga,24.0,1999.0,20,6,700,7.8,3,1,4,3,0,0,2,0,4.4,4.4,0.2,4.7,0.51,0.6,6,6,43,17,9,52.9,2.19,1.16,0.18,0.33,11.1,0,0,0,4.4,4.4,0.26,-1.4,-1.4,76,107,71.0,1074,147,1,0.2,0.2,0.8,3,2,1,0,6,85,21,0,0,0,1,0,0,0,0,0,76,9,4,2,6,1,6,50.0,3,5,2,3,3,12,6,0,11,1.41,5,0,2,1,3,0,1,0.13,192,12,18,84,94,32,192,13,4,30.8,7,53.8,120,585,150,6,7,4,23,19,149,43,2,0,0,10,27,9,1,3,4,0,0,0,15,14,23,37.8,,,,,,,,,,,,,,,,,,,,,,,,,,,,,,,,2024-2025
785,Artem Dovbyk,ua UKR,FW,Roma,it Serie A,27.0,1997.0,32,27,2418,26.9,12,2,14,10,2,2,0,0,11.9,10.3,2.4,12.7,0.45,0.53,24,16,175,61,25,41.0,2.27,0.93,0.16,0.4,13.7,0,2,2,11.9,10.3,0.17,0.1,-0.3,321,433,74.1,3515,432,2,2.4,1.5,-0.4,25,17,4,0,16,394,35,0,2,0,1,1,0,0,0,0,321,4,2,0,1,3,4,0.0,4,10,3,7,2,6,12,0,52,1.94,43,0,4,4,1,0,6,0.22,654,15,29,261,365,145,652,18,7,38.9,11,61.1,355,1332,447,24,10,14,79,33,504,175,0,0,0,30,16,22,1,2,2,0,0,0,26,42,60,41.2,,,,,,,,,,,,,,,,,,,,,,,,,,,,,,,,2024-2025
786,Flynn Downes,eng ENG,MF,Southampton,eng Premier League,25.0,1999.0,27,25,2151,23.9,1,0,1,1,0,0,12,0,0.6,0.6,1.1,1.7,0.04,0.07,29,66,29,10,3,30.0,0.42,0.13,0.1,0.33,18.7,0,0,0,0.6,0.6,0.06,0.4,0.4,1003,1109,90.4,14646,2893,0,1.1,1.4,-1.1,15,62,12,0,66,1079,29,29,7,1,4,0,0,0,0,0,1003,49,25,23,21,5,36,41.7,21,28,9,19,32,81,51,4,31,1.3,27,2,0,1,0,1,2,0.08,1339,99,403,719,227,21,1339,20,8,40.0,8,40.0,641,3520,1826,29,21,4,15,17,945,29,12,0,0,50,39,0,4,32,25,0,0,0,83,17,17,50.0,,,,,,,,,,,,,,,,,,,,,,,,,,,,,,,,2024-2025
787,Tommy Doyle,eng ENG,MF,Wolves,eng Premier League,22.0,2001.0,24,3,488,5.4,0,1,1,0,0,0,1,0,0.6,0.6,0.5,1.1,0.18,0.2,6,40,4,9,2,22.2,1.66,0.37,0.0,0.0,24.5,1,0,0,0.6,0.6,0.06,-0.6,-0.6,321,392,81.9,6591,2010,1,0.5,0.3,0.5,7,44,3,0,40,353,35,19,0,6,15,3,12,6,4,0,321,11,6,6,3,2,15,40.0,9,11,5,6,5,16,11,1,17,3.13,11,4,1,1,0,0,3,0.55,463,22,128,258,80,4,463,9,5,55.6,1,11.1,260,1417,578,6,3,0,9,4,303,4,1,0,0,5,5,0,15,5,6,0,0,0,43,1,6,14.3,,,,,,,,,,,,,,,,,,,,,,,,,,,,,,,,2024-2025
788,Radu Drăgușin,ro ROU,DF,Tottenham,eng Premier League,22.0,2002.0,16,14,1252,13.9,0,0,0,0,0,0,1,0,0.1,0.1,0.4,0.5,0.0,0.04,7,37,2,5,1,20.0,0.36,0.07,0.0,0.0,12.7,0,0,0,0.1,0.1,0.02,-0.1,-0.1,716,840,85.2,13638,5250,0,0.4,0.2,-0.4,4,52,2,1,37,793,47,40,1,3,1,3,0,0,0,0,716,10,6,8,2,0,12,50.0,6,22,16,6,15,25,49,4,8,0.58,8,0,0,0,0,0,1,0.07,961,148,510,430,30,12,961,2,0,0.0,0,0.0,623,3349,1666,7,3,0,8,2,669,2,1,0,0,6,10,0,1,15,6,0,0,0,48,33,22,60.0,,,,,,,,,,,,,,,,,,,,,,,,,,,,,,,,2024-2025
791,Domingos Duarte,pt POR,DF,Getafe,es La Liga,29.0,1995.0,22,21,1859,20.7,1,0,1,1,0,0,4,2,0.2,0.2,0.1,0.3,0.05,0.01,3,47,3,3,1,33.3,0.15,0.05,0.33,1.0,13.0,0,0,0,0.2,0.2,0.07,0.8,0.8,497,633,78.5,11101,3730,0,0.1,0.1,-0.1,2,42,0,0,47,602,29,27,1,6,0,2,0,0,0,0,497,28,15,22,4,2,21,81.0,4,28,16,12,18,46,152,1,9,0.44,9,0,0,0,0,0,0,0.0,878,110,454,412,22,9,878,0,0,,0,,373,1673,626,3,2,0,2,2,394,3,4,2,1,24,13,0,0,18,15,0,2,0,63,28,18,60.9,,,,,,,,,,,,,,,,,,,,,,,,,,,,,,,,2024-2025
792,Martin Dúbravka,sk SVK,GK,Newcastle Utd,eng Premier League,35.0,1989.0,10,10,900,10.0,0,0,0,0,0,0,0,0,0.0,0.0,0.0,0.0,0.0,0.0,0,0,0,0,0,,0.0,0.0,,,,0,0,0,0.0,0.0,,0.0,0.0,265,333,79.6,5932,3082,0,0.0,0.0,0.0,0,0,0,0,0,246,86,27,0,1,0,0,0,0,0,0,265,0,0,0,0,0,0,,0,0,0,0,0,0,3,0,0,0.0,0,0,0,0,0,0,0,0.0,350,262,337,14,0,0,350,0,0,,0,,202,1043,643,0,0,0,0,0,175,0,0,0,0,0,1,0,0,0,0,0,0,0,18,4,0,100.0,12.0,1.2,41.0,29.0,70.7,7.0,0.0,3.0,5.0,50.0,0.0,0.0,0.0,0.0,12.9,0.32,0.9,0.09,18.0,80.0,22.5,273.0,54.0,15.8,25.2,127.0,10.0,7.9,11.0,1.1,15.3,2024-2025
794,Ondrej Duda,sk SVK,MF,Hellas Verona,it Serie A,29.0,1994.0,28,27,2395,26.6,1,3,4,1,0,0,12,1,1.0,1.0,3.2,4.2,0.15,0.16,23,117,26,25,5,20.0,0.94,0.19,0.04,0.2,27.1,5,0,0,1.0,1.0,0.04,0.0,0.0,943,1204,78.3,16680,5438,3,3.2,2.6,-0.2,32,101,24,7,117,1045,153,64,3,15,89,8,66,26,32,0,943,46,27,21,22,3,64,45.3,35,28,9,19,31,77,30,4,73,2.74,45,18,2,3,4,1,7,0.26,1467,73,302,876,309,5,1467,42,25,59.5,12,28.6,711,3602,1424,23,26,2,53,22,789,26,12,1,1,51,57,0,89,31,27,0,0,0,188,14,15,48.3,,,,,,,,,,,,,,,,,,,,,,,,,,,,,,,,2024-2025
795,Duk,cv CPV,"MF,FW",Leganés,es La Liga,24.0,2000.0,10,1,179,2.0,0,0,0,0,0,0,1,0,0.0,0.0,0.7,0.7,0.0,0.34,10,3,21,2,1,50.0,1.01,0.5,0.0,0.0,30.3,0,0,0,0.0,0.0,0.01,0.0,0.0,33,53,62.3,463,135,0,0.7,0.4,-0.7,5,0,2,1,3,49,4,0,0,0,8,4,0,0,0,0,33,8,4,3,3,2,5,60.0,2,4,0,4,1,9,2,0,7,3.54,5,0,1,1,0,0,1,0.51,95,2,12,29,56,9,95,19,10,52.6,8,42.1,64,428,207,10,4,5,12,5,64,21,1,0,0,5,13,0,8,1,4,0,0,0,11,2,5,28.6,,,,,,,,,,,,,,,,,,,,,,,,,,,,,,,,2024-2025
796,Denzel Dumfries,nl NED,"DF,FW",Inter,it Serie A,28.0,1996.0,28,19,1865,20.7,7,2,9,7,0,0,4,0,5.4,5.4,3.2,8.6,0.43,0.4,55,51,173,36,19,52.8,1.74,0.92,0.19,0.37,10.5,0,0,0,5.4,5.4,0.15,1.6,1.6,603,831,72.6,9776,2992,2,3.2,2.8,-1.2,21,22,21,9,51,678,150,5,2,3,54,145,0,0,0,0,603,25,15,12,9,4,27,51.9,13,31,8,23,6,31,26,1,55,2.53,38,6,3,3,4,1,4,0.18,1047,35,182,423,457,95,1047,45,13,28.9,28,62.2,534,2737,1311,55,27,15,27,14,665,173,4,0,0,53,18,6,54,6,15,2,0,0,65,57,18,76.0,,,,,,,,,,,,,,,,,,,,,,,,,,,,,,,,2024-2025
797,Alfred Duncan,gh GHA,MF,Venezia,it Serie A,31.0,1993.0,16,12,957,10.6,0,0,0,0,0,0,2,0,0.8,0.8,1.1,1.9,0.0,0.18,11,53,12,15,4,26.7,1.41,0.38,0.0,0.0,25.6,0,0,0,0.8,0.8,0.05,-0.8,-0.8,404,498,81.1,6776,1898,0,1.1,1.0,-1.1,11,37,19,4,53,463,32,16,4,6,17,2,11,1,7,0,404,17,8,4,11,2,14,35.7,9,7,2,5,8,25,8,0,32,3.01,25,4,1,2,0,0,2,0.19,587,15,93,360,142,6,587,22,13,59.1,8,36.4,311,1468,676,11,14,0,14,14,381,12,2,0,0,22,11,0,17,8,8,0,0,0,52,10,8,55.6,,,,,,,,,,,,,,,,,,,,,,,,,,,,,,,,2024-2025
798,Lewis Dunk,eng ENG,DF,Brighton,eng Premier League,32.0,1991.0,25,23,2083,23.1,0,0,0,0,0,0,5,0,0.8,0.8,0.5,1.3,0.0,0.06,20,142,3,12,3,25.0,0.52,0.13,0.0,0.0,12.1,1,0,0,0.8,0.8,0.07,-0.8,-0.8,1778,1953,91.0,32940,10612,0,0.5,1.0,-0.5,6,157,6,0,142,1818,131,67,2,10,5,10,0,0,0,0,1778,17,10,8,7,2,19,57.9,8,28,18,10,13,30,79,2,19,0.82,17,0,0,2,0,0,3,0.13,2127,258,993,1031,113,21,2127,1,0,0.0,1,100.0,1341,6155,3345,20,19,0,9,3,1556,3,5,0,0,7,11,2,5,13,10,0,0,1,104,51,31,62.2,,,,,,,,,,,,,,,,,,,,,,,,,,,,,,,,2024-2025
799,Jáder Durán,co COL,FW,Aston Villa,eng Premier League,20.0,2003.0,20,4,638,7.1,7,0,7,7,0,0,3,1,4.9,4.9,0.2,5.1,0.99,0.71,7,13,44,31,15,48.4,4.37,2.12,0.23,0.47,15.6,0,0,0,4.9,4.9,0.16,2.1,2.1,115,163,70.6,1558,307,0,0.2,0.3,-0.2,4,10,1,0,13,155,7,0,2,0,3,0,0,0,0,0,115,8,7,1,2,5,4,25.0,3,5,0,5,0,8,13,0,18,2.54,9,0,0,4,3,2,1,0.14,263,13,36,110,122,47,263,14,3,21.4,9,64.3,133,535,267,7,7,2,16,15,192,44,3,1,0,14,15,5,3,0,7,0,0,0,19,19,19,50.0,,,,,,,,,,,,,,,,,,,,,,,,,,,,,,,,2024-2025
800,Pablo Durán,es ESP,"FW,MF",Celta Vigo,es La Liga,23.0,2001.0,27,15,1394,15.5,4,4,8,4,0,0,3,0,3.6,3.6,2.8,6.5,0.52,0.42,24,30,124,26,9,34.6,1.68,0.58,0.15,0.44,14.8,0,0,0,3.6,3.6,0.14,0.4,0.4,284,400,71.0,4181,735,4,2.8,1.0,1.2,17,21,10,3,30,375,23,0,1,3,18,7,1,0,1,0,284,17,9,4,7,6,16,31.3,11,12,3,9,8,25,18,0,30,1.94,22,0,2,4,2,0,4,0.26,584,11,68,257,265,64,584,42,12,28.6,28,66.7,338,1578,643,24,14,13,42,20,401,124,3,0,0,32,18,7,18,8,9,0,0,0,46,13,32,28.9,,,,,,,,,,,,,,,,,,,,,,,,,,,,,,,,2024-2025
802,Hugo Duro,es ESP,FW,Valencia,es La Liga,24.0,1999.0,31,25,2166,24.1,11,2,13,10,1,1,5,0,9.4,8.6,1.3,9.9,0.5,0.44,13,28,88,48,16,33.3,1.99,0.66,0.21,0.63,11.1,1,1,1,9.4,8.6,0.18,1.6,1.4,296,428,69.2,4100,492,2,1.3,0.5,0.7,14,18,3,0,28,386,41,1,0,1,7,1,0,0,0,0,296,13,8,4,7,2,13,38.5,8,11,2,9,10,23,11,0,29,1.2,19,0,1,4,5,0,5,0.21,634,15,47,328,265,90,633,20,7,35.0,13,65.0,297,1037,364,13,8,7,58,32,471,88,5,0,0,38,50,7,7,10,8,2,1,1,46,59,101,36.9,,,,,,,,,,,,,,,,,,,,,,,,,,,,,,,,2024-2025
804,Paulo Dybala,ar ARG,"FW,MF",Roma,it Serie A,30.0,1993.0,24,16,1417,15.7,6,3,9,3,3,3,2,0,6.4,4.0,5.0,9.0,0.38,0.72,41,79,122,47,15,31.9,2.99,0.95,0.06,0.2,21.1,6,3,3,6.4,4.0,0.09,-0.4,-1.0,596,729,81.8,9980,2382,3,5.0,5.2,-2.0,40,47,26,5,79,645,81,26,2,16,62,5,36,11,14,2,596,17,7,3,9,5,19,42.1,11,12,1,11,2,19,2,0,84,5.34,47,19,1,6,11,0,8,0.51,909,6,67,415,439,75,906,43,11,25.6,17,39.5,595,3180,1472,41,42,17,40,28,709,122,2,0,0,6,60,6,62,2,7,2,0,0,63,8,17,32.0,,,,,,,,,,,,,,,,,,,,,,,,,,,,,,,,2024-2025
808,Enzo Ebosse,cm CMR,DF,Udinese,it Serie A,25.0,1999.0,2,0,90,1.0,0,0,0,0,0,0,1,0,0.0,0.0,0.0,0.0,0.0,0.02,0,5,0,0,0,,0.0,0.0,,,,0,0,0,0.0,0.0,,0.0,0.0,48,55,87.3,897,201,0,0.0,0.0,0.0,1,7,0,0,5,49,6,3,0,1,0,2,0,0,0,0,48,0,0,0,0,0,2,0.0,2,3,3,0,1,1,1,0,3,3.0,2,0,1,0,0,0,0,0.0,61,8,18,38,5,0,61,1,1,100.0,0,0.0,34,136,48,0,0,0,1,0,37,0,1,0,0,1,0,0,0,1,0,0,0,0,5,1,0,100.0,,,,,,,,,,,,,,,,,,,,,,,,,,,,,,,,2024-2025
809,Tyronne Ebuehi,ng NGA,"DF,MF",Empoli,it Serie A,28.0,1995.0,4,0,74,0.8,0,0,0,0,0,0,0,0,0.0,0.0,0.0,0.0,0.0,0.0,3,4,3,0,0,,0.0,0.0,,,,0,0,0,0.0,0.0,,0.0,0.0,33,46,71.7,463,189,0,0.0,0.1,0.0,0,3,1,1,4,29,17,1,0,0,2,16,0,0,0,0,33,3,2,1,2,0,1,100.0,0,1,0,1,2,5,0,0,1,1.23,1,0,0,0,0,0,0,0.0,59,1,5,30,24,3,59,1,1,100.0,0,0.0,20,93,45,3,0,2,3,2,19,3,0,0,0,0,2,0,2,2,2,0,0,0,6,3,2,60.0,,,,,,,,,,,,,,,,,,,,,,,,,,,,,,,,2024-2025
810,Claudio Echeverri,ar ARG,FW,Manchester City,eng Premier League,18.0,2006.0,1,0,6,0.1,0,0,0,0,0,0,0,0,0.0,0.0,0.0,0.0,0.0,0.0,0,1,1,0,0,,0.0,0.0,,,,0,0,0,0.0,0.0,,0.0,0.0,3,3,100.0,26,18,0,0.0,0.0,0.0,0,0,0,0,1,3,0,0,0,0,0,0,0,0,0,0,3,1,0,0,1,0,1,100.0,0,0,0,0,0,1,0,0,0,0.0,0,0,0,0,0,0,0,0.0,3,0,0,2,1,0,3,0,0,,0,,3,28,12,0,0,0,0,1,3,1,0,0,0,0,0,0,0,0,0,0,0,0,1,0,0,,,,,,,,,,,,,,,,,,,,,,,,,,,,,,,,,2024-2025
811,Ederson,br BRA,GK,Manchester City,eng Premier League,30.0,1993.0,26,26,2320,25.8,0,4,4,0,0,0,4,0,0.0,0.0,1.5,1.5,0.16,0.06,0,2,0,0,0,,0.0,0.0,,,,0,0,0,0.0,0.0,,0.0,0.0,811,923,87.9,19885,13212,4,1.5,0.2,2.5,4,21,1,0,2,817,106,29,1,2,0,0,0,0,0,0,811,0,0,0,0,0,2,0.0,2,0,0,0,1,1,11,4,6,0.23,6,0,0,0,0,0,4,0.16,975,689,962,13,0,0,975,0,0,,0,,654,3060,1981,0,0,0,1,0,616,0,4,0,0,1,0,0,0,1,0,0,1,0,42,4,1,80.0,26.0,1.01,78.0,53.0,69.2,16.0,4.0,6.0,10.0,38.5,2.0,2.0,0.0,0.0,30.0,0.37,5.0,0.19,72.0,165.0,43.6,846.0,108.0,17.4,27.9,224.0,13.0,5.8,49.0,1.9,17.5,2024-2025
812,Éderson,br BRA,MF,Atalanta,it Serie A,25.0,1999.0,37,32,2881,32.0,4,1,5,4,0,0,5,1,4.1,4.1,4.3,8.4,0.16,0.26,40,216,79,39,12,30.8,1.22,0.37,0.1,0.33,17.5,0,0,0,4.1,4.1,0.1,-0.1,-0.1,1700,1966,86.5,31285,8498,1,4.3,4.8,-3.3,37,193,41,5,216,1902,58,51,6,30,23,5,2,0,1,0,1700,52,32,19,28,5,34,64.7,12,30,6,24,35,87,36,1,98,3.06,78,2,6,6,2,4,10,0.31,2308,63,490,1273,572,56,2308,52,23,44.2,26,50.0,1490,7017,3366,40,57,12,44,41,1702,79,5,1,1,31,53,0,23,35,32,0,0,0,186,53,36,59.6,,,,,,,,,,,,,,,,,,,,,,,,,,,,,,,,2024-2025
814,George Edmundson,eng ENG,DF,Ipswich Town,eng Premier League,26.0,1997.0,1,0,2,0.0,0,0,0,0,0,0,0,0,0.0,0.0,0.0,0.0,0.0,0.0,0,0,0,0,0,,0.0,0.0,,,,0,0,0,0.0,0.0,,0.0,0.0,1,2,50.0,9,0,0,0.0,0.0,0.0,0,0,0,0,0,2,0,0,0,0,0,0,0,0,0,0,1,0,0,0,0,0,0,,0,0,0,0,0,0,0,0,0,0.0,0,0,0,0,0,0,0,0.0,3,1,3,0,0,0,3,0,0,,0,,1,2,0,0,0,0,0,0,1,0,0,0,0,0,0,0,0,0,0,0,0,0,0,0,0,,,,,,,,,,,,,,,,,,,,,,,,,,,,,,,,,2024-2025
815,Odsonne Édouard,fr FRA,"MF,FW",Crystal Palace,eng Premier League,26.0,1998.0,2,1,115,1.3,0,0,0,0,0,0,0,0,0.4,0.4,0.0,0.4,0.0,0.34,3,4,7,5,1,20.0,3.91,0.78,0.0,0.0,20.9,0,0,0,0.4,0.4,0.08,-0.4,-0.4,17,28,60.7,230,46,0,0.0,0.0,0.0,1,2,0,0,4,28,0,0,0,0,1,0,0,0,0,0,17,1,0,0,1,0,2,0.0,2,1,0,1,0,1,1,0,1,0.78,1,0,0,0,0,0,0,0.0,45,1,4,23,18,8,45,1,0,0.0,1,100.0,24,117,56,3,1,2,4,1,26,7,0,0,0,4,0,2,1,0,0,0,0,0,5,1,4,20.0,,,,,,,,,,,,,,,,,,,,,,,,,,,,,,,,2024-2025
816,Odsonne Édouard,fr FRA,FW,Leicester City,eng Premier League,26.0,1998.0,4,0,29,0.3,0,0,0,0,0,0,0,0,0.0,0.0,0.0,0.0,0.0,0.13,0,1,2,0,0,,0.0,0.0,,,,0,0,0,0.0,0.0,,0.0,0.0,6,8,75.0,59,5,0,0.0,0.0,0.0,1,0,0,0,1,8,0,0,0,0,0,0,0,0,0,0,6,1,1,1,0,0,0,,0,0,0,0,0,1,1,0,2,6.21,2,0,0,0,0,0,0,0.0,20,1,2,7,11,6,20,2,1,50.0,1,50.0,11,25,2,0,0,1,7,2,13,2,0,0,0,2,0,0,0,0,1,0,0,0,1,1,1,50.0,,,,,,,,,,,,,,,,,,,,,,,,,,,,,,,,2024-2025
817,Samuel Edozie,eng ENG,"DF,FW",Southampton,eng Premier League,21.0,2003.0,2,0,65,0.7,0,0,0,0,0,0,1,0,0.0,0.0,0.1,0.1,0.0,0.14,6,4,23,0,0,,0.0,0.0,,,,0,0,0,0.0,0.0,,0.0,0.0,25,33,75.8,316,67,0,0.1,0.2,-0.1,1,0,3,0,4,33,0,0,0,0,4,0,0,0,0,0,25,3,1,0,1,2,2,100.0,0,0,0,0,0,3,0,0,4,5.54,3,0,0,0,1,0,0,0.0,43,0,0,7,36,10,43,4,2,50.0,2,50.0,34,336,197,6,2,4,4,0,39,23,1,0,0,2,1,0,4,0,1,0,0,0,1,0,0,,,,,,,,,,,,,,,,,,,,,,,,,,,,,,,,,2024-2025
818,Ronnie Edwards,eng ENG,DF,Southampton,eng Premier League,21.0,2003.0,1,0,12,0.1,0,0,0,0,0,0,0,0,0.0,0.0,0.0,0.0,0.0,0.0,0,0,0,0,0,,0.0,0.0,,,,0,0,0,0.0,0.0,,0.0,0.0,5,5,100.0,109,0,0,0.0,0.0,0.0,0,0,0,0,0,5,0,0,0,0,0,0,0,0,0,0,5,0,0,0,0,0,0,,0,1,1,0,0,0,0,0,0,0.0,0,0,0,0,0,0,0,0.0,6,3,4,2,0,0,6,0,0,,0,,3,10,0,0,0,0,0,0,5,0,0,0,0,0,0,0,0,0,0,0,0,0,0,0,0,,,,,,,,,,,,,,,,,,,,,,,,,,,,,,,,,2024-2025
821,Kingsley Ehizibue,nl NED,DF,Udinese,it Serie A,29.0,1995.0,33,30,2498,27.8,0,1,1,0,0,0,5,0,1.2,1.2,2.2,3.5,0.04,0.12,54,55,116,14,4,28.6,0.5,0.14,0.0,0.0,15.9,0,0,0,1.2,1.2,0.09,-1.2,-1.2,753,982,76.7,12800,4096,1,2.2,1.8,-1.2,22,29,21,16,55,751,229,7,1,1,61,222,0,0,0,0,753,55,35,31,18,6,41,61.0,16,41,14,27,23,78,70,5,51,1.84,39,4,1,3,3,1,2,0.07,1272,81,381,520,386,35,1272,30,12,40.0,15,50.0,576,2970,1506,54,36,9,29,21,629,116,5,0,0,33,33,5,61,23,35,0,0,0,110,29,33,46.8,,,,,,,,,,,,,,,,,,,,,,,,,,,,,,,,2024-2025
822,Chidera Ejuke,ng NGA,FW,Sevilla,es La Liga,26.0,1998.0,25,9,966,10.7,2,1,3,2,0,0,0,0,1.1,1.1,1.9,3.0,0.28,0.28,75,38,101,20,8,40.0,1.86,0.75,0.1,0.25,18.3,0,0,0,1.1,1.1,0.05,0.9,0.9,363,445,81.6,5949,1122,1,1.9,1.2,-0.9,21,18,20,5,38,409,35,0,2,8,22,12,23,11,1,0,363,19,13,8,9,2,20,45.0,11,12,0,12,5,24,8,0,45,4.19,28,5,9,0,3,0,2,0.19,612,6,66,272,292,43,612,85,47,55.3,33,38.8,416,3355,1898,75,35,26,35,22,443,101,0,0,0,6,16,4,22,5,13,0,0,0,63,4,9,30.8,,,,,,,,,,,,,,,,,,,,,,,,,,,,,,,,2024-2025
823,Jeff Ekhator,it ITA,"FW,MF",Genoa,it Serie A,17.0,2006.0,24,6,769,8.5,1,1,2,1,0,0,1,0,1.3,1.3,1.0,2.3,0.23,0.27,4,14,51,10,3,30.0,1.17,0.35,0.1,0.33,15.6,0,0,0,1.3,1.3,0.13,-0.3,-0.3,110,165,66.7,1427,387,1,1.0,0.6,0.0,11,8,4,0,14,156,7,0,3,0,10,2,1,0,0,0,110,7,4,4,1,2,9,44.4,5,10,1,9,2,9,5,0,21,2.46,15,0,0,2,4,0,2,0.23,254,9,34,96,130,26,254,13,4,30.8,6,46.2,130,631,163,4,5,5,34,9,170,51,1,0,0,15,13,3,10,2,4,0,0,0,32,15,32,31.9,,,,,,,,,,,,,,,,,,,,,,,,,,,,,,,,2024-2025
825,Jurgen Ekkelenkamp,nl NED,MF,Udinese,it Serie A,24.0,2000.0,34,20,1892,21.0,3,2,5,3,0,0,2,0,2.8,2.8,1.3,4.1,0.24,0.19,34,72,86,27,9,33.3,1.28,0.43,0.11,0.33,18.3,0,0,0,2.8,2.8,0.1,0.2,0.2,550,690,79.7,8583,2061,2,1.3,1.2,0.7,15,42,11,2,72,644,43,6,2,5,12,32,4,1,1,0,550,36,25,10,22,4,35,51.4,17,26,4,22,12,48,26,0,38,1.81,29,2,2,3,1,1,6,0.29,868,29,148,445,287,39,868,30,10,33.3,17,56.7,457,2429,1209,34,28,5,23,7,560,86,2,0,0,29,14,2,12,12,25,0,0,0,82,18,13,58.1,,,,,,,,,,,,,,,,,,,,,,,,,,,,,,,,2024-2025
827,Emmanuel Ekong,se SWE,"MF,FW",Empoli,it Serie A,22.0,2002.0,15,0,186,2.1,0,0,0,0,0,0,1,0,0.1,0.1,0.1,0.2,0.0,0.1,8,5,19,4,1,25.0,1.94,0.48,0.0,0.0,24.6,0,0,0,0.1,0.1,0.03,-0.1,-0.1,30,44,68.2,444,85,0,0.1,0.1,-0.1,2,2,2,0,5,43,1,0,0,0,0,1,0,0,0,0,30,4,3,0,2,2,3,100.0,0,2,1,1,1,5,1,0,6,2.9,3,0,3,0,0,0,0,0.0,84,0,11,29,46,6,84,20,7,35.0,11,55.0,50,455,215,8,2,5,8,9,65,19,1,0,0,3,5,1,0,1,3,0,0,0,10,2,7,22.2,,,,,,,,,,,,,,,,,,,,,,,,,,,,,,,,2024-2025
828,Caleb Ekuban,gh GHA,FW,Genoa,it Serie A,30.0,1994.0,18,3,555,6.2,1,3,4,1,0,0,1,0,2.8,2.8,0.8,3.5,0.65,0.57,7,8,42,18,6,33.3,2.92,0.97,0.06,0.17,13.0,0,0,0,2.8,2.8,0.15,-1.8,-1.8,72,107,67.3,1030,181,3,0.8,0.2,2.2,8,6,1,0,8,99,7,0,1,0,3,0,0,0,0,0,72,3,3,1,1,1,1,100.0,0,4,1,3,1,4,6,0,14,2.27,11,0,0,2,1,0,3,0.49,174,6,18,70,89,26,174,10,3,30.0,7,70.0,97,487,217,7,4,4,17,12,125,42,1,0,0,15,9,5,3,1,3,0,0,0,20,12,19,38.7,,,,,,,,,,,,,,,,,,,,,,,,,,,,,,,,2024-2025
830,Anthony Elanga,se SWE,"FW,MF",Nott'ham Forest,eng Premier League,22.0,2002.0,38,31,2501,27.8,6,11,17,6,0,0,1,0,4.5,4.5,5.7,10.1,0.61,0.36,102,63,229,44,24,54.5,1.58,0.86,0.14,0.25,17.6,6,0,0,4.5,4.5,0.1,1.5,1.5,540,827,65.3,8021,2660,11,5.7,5.1,5.3,50,32,26,8,63,697,126,31,3,0,185,6,86,43,39,0,540,19,14,8,8,3,17,29.4,12,11,1,10,6,25,25,0,102,3.67,56,23,5,7,11,0,18,0.65,1115,29,136,319,679,110,1115,83,25,30.1,39,47.0,600,4509,2544,102,45,48,79,43,764,229,1,0,0,9,47,18,185,6,14,0,0,0,89,24,37,39.3,,,,,,,,,,,,,,,,,,,,,,,,,,,,,,,,2024-2025
832,Mikael Ellertsson,is ISL,"DF,MF",Venezia,it Serie A,22.0,2002.0,36,29,2470,27.4,2,2,4,2,0,0,2,0,1.1,1.1,1.6,2.7,0.15,0.1,33,36,92,21,4,19.0,0.77,0.15,0.1,0.5,18.1,0,0,0,1.1,1.1,0.05,0.9,0.9,431,607,71.0,6351,2076,2,1.6,1.8,0.4,20,23,8,1,36,552,54,1,2,2,28,52,0,0,0,0,431,58,26,37,14,7,61,54.1,28,42,5,37,17,75,79,0,46,1.68,32,1,4,3,5,1,5,0.18,938,59,263,365,323,51,938,42,16,38.1,21,50.0,460,2324,1153,33,21,10,48,19,518,92,2,0,0,22,44,2,28,17,26,0,0,0,74,16,16,50.0,,,,,,,,,,,,,,,,,,,,,,,,,,,,,,,,2024-2025
833,Harvey Elliott,eng ENG,MF,Liverpool,eng Premier League,21.0,2003.0,18,2,371,4.1,1,2,3,1,0,0,1,0,1.8,1.8,1.1,2.8,0.73,0.69,10,44,30,17,4,23.5,4.12,0.97,0.06,0.25,16.9,1,0,0,1.8,1.8,0.1,-0.8,-0.8,240,292,82.2,4164,1016,2,1.1,0.7,0.9,10,26,6,0,44,267,22,2,1,3,12,8,6,3,1,0,240,5,3,3,1,1,8,25.0,6,7,2,5,1,6,3,1,21,5.11,17,3,1,0,0,0,3,0.73,339,5,32,164,144,21,339,9,4,44.4,4,44.4,188,872,408,10,11,5,5,4,253,30,1,0,0,0,1,1,12,1,3,0,0,0,15,1,2,33.3,,,,,,,,,,,,,,,,,,,,,,,,,,,,,,,,2024-2025
834,Elif Elmas,mk MKD,"FW,MF",Torino,it Serie A,24.0,1999.0,13,12,1021,11.3,4,0,4,4,0,0,0,0,1.4,1.4,0.4,1.8,0.35,0.16,42,34,58,19,9,47.4,1.67,0.79,0.21,0.44,19.3,0,0,0,1.4,1.4,0.07,2.6,2.6,270,336,80.4,4155,1051,0,0.4,1.1,-0.4,9,22,15,5,34,321,13,0,0,3,23,10,2,1,0,0,270,10,7,3,5,2,10,40.0,6,8,2,6,6,16,5,2,29,2.56,19,0,4,4,2,0,3,0.26,444,5,44,187,220,38,444,38,13,34.2,20,52.6,303,2280,1175,42,28,14,22,10,324,58,0,0,0,13,14,2,23,6,7,0,0,0,33,2,3,40.0,,,,,,,,,,,,,,,,,,,,,,,,,,,,,,,,2024-2025
836,Aritz Elustondo,es ESP,DF,Real Sociedad,es La Liga,30.0,1994.0,22,16,1457,16.2,0,0,0,0,0,0,2,1,0.4,0.4,0.2,0.6,0.0,0.04,17,51,4,4,0,0.0,0.25,0.0,0.0,,8.2,0,0,0,0.4,0.4,0.11,-0.4,-0.4,775,907,85.4,14645,4879,0,0.2,0.4,-0.2,4,58,2,0,51,844,59,29,3,5,4,28,0,0,0,0,775,20,11,15,3,2,19,57.9,8,17,12,5,11,31,96,0,11,0.68,11,0,0,0,0,0,1,0.06,1092,100,462,581,53,12,1092,8,3,37.5,4,50.0,624,3425,1854,17,6,1,14,6,709,4,2,1,0,25,18,1,4,11,11,0,0,0,53,29,25,53.7,,,,,,,,,,,,,,,,,,,,,,,,,,,,,,,,2024-2025
838,Adri Embarba,es ESP,"FW,MF",Rayo Vallecano,es La Liga,32.0,1992.0,35,18,1607,17.9,1,1,2,1,0,0,4,0,2.1,2.1,2.7,4.8,0.11,0.27,47,45,114,37,12,32.4,2.07,0.67,0.03,0.08,22.1,2,0,0,2.1,2.1,0.06,-1.1,-1.1,383,599,63.9,6104,1485,1,2.7,2.5,-1.7,20,23,17,10,45,527,69,20,4,2,114,11,35,20,9,0,383,41,20,17,17,7,47,38.3,29,18,1,17,13,54,14,2,46,2.58,28,10,1,1,6,0,2,0.11,847,17,104,333,433,44,847,56,20,35.7,30,53.6,467,2748,1257,47,33,12,61,24,527,114,4,0,0,25,21,14,114,13,20,0,0,0,67,13,33,28.3,,,,,,,,,,,,,,,,,,,,,,,,,,,,,,,,2024-2025
841,Emerson,br BRA,DF,Milan,it Serie A,25.0,1999.0,17,16,1377,15.3,0,0,0,0,0,0,5,0,0.4,0.4,0.7,1.1,0.0,0.07,23,68,71,10,2,20.0,0.65,0.13,0.0,0.0,20.3,0,0,0,0.4,0.4,0.04,-0.4,-0.4,784,909,86.2,12560,3198,0,0.7,1.1,-0.7,15,44,14,5,68,796,110,26,0,3,45,84,0,0,0,0,784,45,28,24,16,5,34,47.1,18,13,2,11,14,59,56,0,33,2.16,29,0,0,2,2,0,1,0.07,1102,56,312,526,271,22,1102,18,7,38.9,9,50.0,584,2423,1228,23,19,3,18,10,710,71,5,0,0,34,32,0,45,14,28,0,0,0,59,24,14,63.2,,,,,,,,,,,,,,,,,,,,,,,,,,,,,,,,2024-2025
842,Yunus Emre Konak,tr TUR,"FW,MF",Brentford,eng Premier League,18.0,2006.0,10,0,42,0.5,0,0,0,0,0,0,0,0,0.2,0.2,0.0,0.2,0.0,0.33,1,2,2,1,0,0.0,2.14,0.0,0.0,,21.4,0,0,0,0.2,0.2,0.15,-0.2,-0.2,26,36,72.2,458,84,0,0.0,0.0,0.0,0,2,0,0,2,35,1,0,0,0,0,1,0,0,0,0,26,4,4,0,4,0,2,50.0,1,2,0,2,0,4,0,0,0,0.0,0,0,0,0,0,0,0,0.0,53,0,9,27,17,0,53,2,0,0.0,2,100.0,17,67,41,1,1,1,3,3,28,2,0,0,0,3,1,0,0,0,4,0,0,0,2,5,9,35.7,,,,,,,,,,,,,,,,,,,,,,,,,,,,,,,,2024-2025
843,Julio Enciso,py PAR,"MF,FW",Ipswich Town,eng Premier League,20.0,2004.0,13,12,869,9.7,2,3,5,2,0,0,3,0,1.7,1.7,1.4,3.1,0.52,0.32,23,28,44,32,11,34.4,3.31,1.14,0.06,0.18,23.0,1,0,0,1.7,1.7,0.05,0.3,0.3,171,248,69.0,2779,819,3,1.4,1.1,1.6,13,18,8,1,28,210,37,8,4,0,21,2,13,11,1,0,171,12,9,3,6,3,11,36.4,7,8,1,7,1,13,6,0,29,3.0,16,4,6,2,0,1,4,0.41,406,5,52,202,167,23,406,66,30,45.5,28,42.4,205,1537,793,23,25,9,24,30,262,44,3,0,0,9,21,0,21,1,9,0,1,0,43,8,17,32.0,,,,,,,,,,,,,,,,,,,,,,,,,,,,,,,,2024-2025
844,Julio Enciso,py PAR,"MF,FW",Brighton,eng Premier League,20.0,2004.0,12,2,294,3.3,0,0,0,0,0,0,0,0,1.0,1.0,0.2,1.2,0.0,0.38,11,14,17,20,11,55.0,6.12,3.37,0.0,0.0,21.3,1,0,0,1.0,1.0,0.05,-1.0,-1.0,99,150,66.0,1464,392,0,0.2,0.3,-0.2,5,13,4,1,14,134,16,4,0,1,20,0,12,6,3,0,99,0,0,0,0,0,2,0.0,2,2,0,2,0,0,1,0,12,3.69,5,1,3,1,2,0,0,0.0,202,2,17,72,116,20,202,21,10,47.6,8,38.1,114,678,386,11,10,4,7,9,141,17,0,0,0,3,7,0,20,0,0,0,0,0,15,6,5,54.5,,,,,,,,,,,,,,,,,,,,,,,,,,,,,,,,2024-2025
845,Wataru Endo,jp JPN,"MF,DF",Liverpool,eng Premier League,31.0,1993.0,20,1,273,3.0,0,0,0,0,0,0,0,0,0.0,0.0,0.1,0.1,0.0,0.02,1,19,8,0,0,,0.0,0.0,,,,0,0,0,0.0,0.0,,0.0,0.0,182,194,93.8,2833,700,0,0.1,0.1,-0.1,2,16,1,0,19,188,6,2,0,0,1,4,0,0,0,0,182,12,8,7,5,0,10,60.0,4,8,1,7,6,18,9,0,6,1.96,6,0,0,0,0,0,0,0.0,237,12,65,124,49,3,237,2,2,100.0,0,0.0,110,397,169,1,3,1,6,3,163,8,0,0,0,15,7,0,1,6,8,0,0,0,14,3,4,42.9,,,,,,,,,,,,,,,,,,,,,,,,,,,,,,,,2024-2025
846,Endrick,br BRA,FW,Real Madrid,es La Liga,18.0,2006.0,22,3,363,4.0,1,0,1,1,0,0,1,0,2.5,2.5,0.5,3.0,0.25,0.73,12,8,32,24,6,25.0,5.95,1.49,0.04,0.17,16.4,0,0,0,2.5,2.5,0.1,-1.5,-1.5,59,75,78.7,939,120,0,0.5,0.2,-0.5,4,1,2,0,8,69,6,0,0,1,2,2,0,0,0,0,59,1,1,1,0,0,3,33.3,2,0,0,0,4,5,1,0,8,1.96,6,0,1,0,1,0,2,0.49,127,1,7,41,80,23,127,11,4,36.4,6,54.5,83,569,308,12,5,10,10,3,103,32,1,0,0,10,9,2,2,4,1,1,0,0,7,6,4,60.0,,,,,,,,,,,,,,,,,,,,,,,,,,,,,,,,2024-2025
847,Yannik Engelhardt,de GER,"MF,DF",Como,it Serie A,23.0,2001.0,26,11,1164,12.9,1,1,2,1,0,0,4,0,0.6,0.6,1.5,2.0,0.15,0.16,18,54,18,8,2,25.0,0.62,0.15,0.13,0.5,13.7,0,0,0,0.6,0.6,0.07,0.4,0.4,622,701,88.7,9648,2399,1,1.5,1.4,-0.5,12,39,2,0,54,648,52,24,1,3,1,28,0,0,0,0,622,30,12,13,13,4,27,59.3,11,13,6,7,11,41,27,0,24,1.86,20,1,1,0,1,1,2,0.15,836,42,204,510,130,16,836,15,9,60.0,3,20.0,525,2734,1250,18,13,2,22,7,553,18,4,0,0,21,20,1,1,11,12,0,0,0,62,11,9,55.0,,,,,,,,,,,,,,,,,,,,,,,,,,,,,,,,2024-2025
849,Christian Eriksen,dk DEN,MF,Manchester Utd,eng Premier League,32.0,1992.0,23,11,1061,11.8,1,2,3,0,1,1,4,0,1.4,0.6,3.2,3.8,0.17,0.39,13,55,29,14,1,7.1,1.19,0.08,0.0,0.0,25.8,3,1,1,1.4,0.6,0.04,-0.4,-0.6,590,749,78.8,9936,3131,2,3.2,2.6,-1.2,31,54,13,6,55,645,102,31,8,8,85,5,62,24,20,5,590,19,9,4,12,3,27,40.7,16,15,5,10,7,26,8,0,56,4.74,38,15,0,3,0,0,7,0.59,850,26,173,397,284,17,849,4,0,0.0,4,100.0,473,1784,851,13,14,1,13,5,566,29,4,0,0,8,3,0,85,7,9,0,0,0,62,2,6,25.0,,,,,,,,,,,,,,,,,,,,,,,,,,,,,,,,2024-2025
850,Martin Erlic,hr CRO,DF,Bologna,it Serie A,26.0,1998.0,8,5,334,3.7,0,0,0,0,0,0,0,0,0.2,0.2,0.0,0.2,0.0,0.06,4,11,1,6,0,0.0,1.62,0.0,0.0,,14.6,0,0,0,0.2,0.2,0.04,-0.2,-0.2,220,240,91.7,4604,1389,0,0.0,0.0,0.0,0,12,0,0,11,232,8,6,0,1,0,0,0,0,0,0,220,2,0,0,2,0,2,50.0,1,5,4,1,2,4,9,0,4,1.08,2,0,0,1,1,0,1,0.27,268,22,102,153,13,7,268,1,0,0.0,0,0.0,179,832,465,4,1,0,2,0,201,1,0,0,0,7,7,0,0,2,0,1,0,0,11,10,9,52.6,,,,,,,,,,,,,,,,,,,,,,,,,,,,,,,,2024-2025
852,Alfonso Espino,uy URU,DF,Rayo Vallecano,es La Liga,32.0,1992.0,16,9,833,9.3,0,1,1,0,0,0,4,0,0.4,0.4,0.6,1.1,0.11,0.12,10,39,29,10,2,20.0,1.08,0.22,0.0,0.0,25.1,0,0,0,0.4,0.4,0.04,-0.4,-0.4,365,491,74.3,5664,2497,1,0.6,0.6,0.4,5,35,6,5,39,403,84,9,0,0,24,75,0,0,0,0,365,41,24,31,8,2,47,55.3,21,19,6,13,12,53,32,1,13,1.4,8,4,1,0,0,0,1,0.11,637,39,217,288,139,10,637,14,5,35.7,7,50.0,307,1262,675,10,13,4,10,9,333,29,4,0,0,18,15,0,24,12,24,0,1,0,55,14,11,56.0,,,,,,,,,,,,,,,,,,,,,,,,,,,,,,,,2024-2025
853,Sebastiano Esposito,it ITA,"FW,MF",Empoli,it Serie A,22.0,2002.0,33,27,2331,25.9,8,0,8,7,1,2,1,0,5.7,4.2,2.1,6.3,0.27,0.3,31,93,106,59,19,32.2,2.28,0.73,0.12,0.37,19.8,10,1,2,5.7,4.2,0.07,2.3,2.8,445,739,60.2,6868,2707,0,2.1,2.1,-2.1,36,57,31,5,93,678,56,15,7,6,55,7,19,9,4,0,445,57,29,15,31,11,35,51.4,17,20,2,18,12,69,14,0,79,3.05,52,4,6,9,7,1,6,0.23,1081,11,85,532,480,95,1079,67,29,43.3,31,46.3,565,2356,1092,31,26,11,88,50,712,106,1,0,0,47,56,10,55,12,29,2,0,0,106,26,56,31.7,,,,,,,,,,,,,,,,,,,,,,,,,,,,,,,,2024-2025
854,Romain Esse,eng ENG,MF,Crystal Palace,eng Premier League,19.0,2005.0,7,1,138,1.5,1,1,2,1,0,0,0,0,0.3,0.3,0.4,0.7,1.3,0.48,1,7,14,1,1,100.0,0.65,0.65,1.0,1.0,2.8,0,0,0,0.3,0.3,0.32,0.7,0.7,32,42,76.2,475,202,1,0.4,0.4,0.6,3,2,1,0,7,42,0,0,1,0,0,0,0,0,0,0,32,9,6,4,3,2,5,100.0,0,2,0,2,1,10,2,0,8,5.18,6,0,1,0,1,0,3,1.94,73,1,14,30,29,9,73,6,2,33.3,4,66.7,38,121,49,1,1,2,6,2,43,14,0,0,0,2,3,0,0,1,6,0,0,0,9,3,2,60.0,,,,,,,,,,,,,,,,,,,,,,,,,,,,,,,,2024-2025
856,Dario Essugo,pt POR,MF,Las Palmas,es La Liga,19.0,2005.0,27,25,1938,21.5,1,0,1,1,0,0,11,2,0.7,0.7,0.4,1.0,0.05,0.05,18,76,8,23,4,17.4,1.07,0.19,0.04,0.25,25.5,0,0,0,0.7,0.7,0.03,0.3,0.3,812,951,85.4,13995,3936,0,0.4,0.7,-0.4,13,73,8,0,76,934,15,12,4,10,1,1,0,0,0,0,812,59,45,28,26,5,46,60.9,18,28,11,17,42,101,47,7,36,1.67,25,0,3,3,3,2,1,0.05,1228,75,362,732,148,10,1228,18,12,66.7,5,27.8,582,2787,1382,18,21,2,35,21,763,8,11,2,2,37,30,0,1,42,45,0,1,0,118,30,32,48.4,,,,,,,,,,,,,,,,,,,,,,,,,,,,,,,,2024-2025
857,Estanis,es ESP,FW,Bologna,it Serie A,20.0,2003.0,1,0,9,0.1,0,0,0,0,0,0,0,0,0.1,0.1,0.2,0.2,0.0,2.35,1,0,1,2,0,0.0,20.0,0.0,0.0,,22.6,0,0,0,0.1,0.1,0.04,-0.1,-0.1,7,8,87.5,84,6,0,0.2,0.2,-0.2,2,0,0,0,0,8,0,0,0,0,0,0,0,0,0,0,7,0,0,0,0,0,0,,0,0,0,0,0,0,0,0,3,30.0,2,0,1,0,0,0,0,0.0,13,0,0,1,12,6,13,3,2,66.7,1,33.3,5,39,20,1,0,1,0,0,6,1,0,0,0,1,0,0,0,0,0,0,0,0,0,0,0,,,,,,,,,,,,,,,,,,,,,,,,,,,,,,,,,2024-2025
858,Nahuel Estévez,ar ARG,MF,Parma,it Serie A,28.0,1995.0,14,7,657,7.3,0,0,0,0,0,0,3,0,0.1,0.1,0.8,0.8,0.0,0.12,3,30,4,5,1,20.0,0.68,0.14,0.0,0.0,25.3,0,0,0,0.1,0.1,0.02,-0.1,-0.1,237,313,75.7,4221,1345,0,0.8,0.5,-0.8,6,26,1,0,30,282,30,17,1,1,16,1,12,4,3,0,237,16,6,7,8,1,15,40.0,9,9,2,7,3,19,26,0,13,1.78,7,4,0,1,0,1,1,0.14,379,33,107,208,66,2,379,3,3,100.0,0,0.0,148,463,188,3,0,0,3,4,199,4,3,0,0,9,9,0,16,3,6,0,0,0,28,14,3,82.4,,,,,,,,,,,,,,,,,,,,,,,,,,,,,,,,2024-2025
859,Pervis Estupiñán,ec ECU,DF,Brighton,eng Premier League,26.0,1998.0,30,26,2402,26.7,1,1,2,1,0,0,5,0,1.2,1.2,2.1,3.3,0.07,0.12,59,132,112,28,9,32.1,1.05,0.34,0.04,0.11,24.5,3,0,0,1.2,1.2,0.04,-0.2,-0.2,1338,1610,83.1,20347,6261,1,2.1,2.5,-1.1,26,105,34,18,132,1370,237,20,0,5,119,180,37,23,9,3,1338,65,43,33,25,7,51,66.7,17,20,5,15,37,102,65,2,58,2.17,39,13,0,2,4,0,4,0.15,1915,89,493,936,506,35,1915,34,19,55.9,13,38.2,1023,5007,2689,59,61,9,34,27,1144,112,5,0,0,36,20,3,119,37,43,0,0,0,147,46,26,63.9,,,,,,,,,,,,,,,,,,,,,,,,,,,,,,,,2024-2025
860,Etienne Eto'o,cm CMR,FW,Rayo Vallecano,es La Liga,21.0,2002.0,2,0,40,0.4,0,0,0,0,0,0,0,0,0.0,0.0,0.0,0.0,0.0,0.0,0,0,1,0,0,,0.0,0.0,,,,0,0,0,0.0,0.0,,0.0,0.0,1,5,20.0,10,3,0,0.0,0.1,0.0,0,0,0,0,0,5,0,0,0,0,0,0,0,0,0,0,1,0,0,0,0,0,1,0.0,1,0,0,0,0,0,1,0,0,0.0,0,0,0,0,0,0,0,0.0,13,1,1,5,7,2,13,2,0,0.0,2,100.0,4,9,0,0,0,0,2,0,9,1,0,0,0,0,0,1,0,0,0,0,0,0,0,6,2,75.0,,,,,,,,,,,,,,,,,,,,,,,,,,,,,,,,2024-2025
861,Karl Etta,cm CMR,"MF,FW",Villarreal,es La Liga,20.0,2003.0,4,0,37,0.4,1,0,1,1,0,0,0,0,0.4,0.4,0.0,0.4,2.43,0.88,0,0,0,2,2,100.0,4.86,4.86,0.5,0.5,16.3,0,0,0,0.4,0.4,0.18,0.6,0.6,0,1,0.0,0,0,0,0.0,0.0,0.0,0,0,0,0,0,1,0,0,0,0,0,0,0,0,0,0,0,0,0,0,0,0,1,0.0,1,1,0,1,0,0,0,0,1,2.43,0,0,0,0,1,0,0,0.0,9,0,1,2,6,1,9,0,0,,0,,5,15,0,0,0,0,4,0,5,0,0,0,0,0,1,0,0,0,0,0,0,0,0,1,0,100.0,,,,,,,,,,,,,,,,,,,,,,,,,,,,,,,,2024-2025
862,Evanilson,br BRA,FW,Bournemouth,eng Premier League,24.0,1999.0,31,28,2319,25.8,10,1,11,10,0,1,1,1,12.5,11.7,1.9,13.6,0.43,0.56,29,28,99,72,31,43.1,2.79,1.2,0.14,0.32,12.8,0,0,1,12.5,11.7,0.16,-2.5,-1.7,244,342,71.3,3038,622,1,1.9,1.8,-0.9,26,14,6,0,28,337,4,1,4,4,0,0,0,0,0,0,244,16,10,6,5,5,12,66.7,4,11,2,9,1,17,21,0,61,2.37,39,0,3,10,9,0,8,0.31,558,23,56,208,299,127,557,21,7,33.3,8,38.1,333,1822,861,29,18,15,38,24,400,99,1,1,0,37,53,20,0,1,10,5,0,0,67,42,62,40.4,,,,,,,,,,,,,,,,,,,,,,,,,,,,,,,,2024-2025
863,Jake Evans,,FW,Leicester City,eng Premier League,,,4,0,24,0.3,0,0,0,0,0,0,0,0,0.0,0.0,0.0,0.0,0.0,0.0,0,0,1,0,0,,0.0,0.0,,,,0,0,0,0.0,0.0,,0.0,0.0,2,3,66.7,24,9,0,0.0,0.0,0.0,0,1,0,0,0,3,0,0,0,0,0,0,0,0,0,0,2,1,1,0,0,1,1,0.0,1,0,0,0,0,1,1,0,0,0.0,0,0,0,0,0,0,0,0.0,5,0,1,3,1,0,5,0,0,,0,,1,1,0,0,0,0,0,1,3,1,0,0,0,0,0,0,0,0,1,0,0,0,0,0,1,0.0,,,,,,,,,,,,,,,,,,,,,,,,,,,,,,,,2024-2025
864,Jonny Evans,nir NIR,DF,Manchester Utd,eng Premier League,36.0,1988.0,7,3,315,3.5,0,0,0,0,0,0,1,0,0.1,0.1,0.0,0.1,0.0,0.04,3,10,3,2,1,50.0,0.57,0.29,0.0,0.0,11.4,0,0,0,0.1,0.1,0.06,-0.1,-0.1,192,217,88.5,3090,906,0,0.0,0.0,0.0,0,10,1,0,10,197,20,5,0,0,0,3,0,0,0,0,192,8,6,4,4,0,6,50.0,3,3,2,1,5,13,15,0,2,0.57,2,0,0,0,0,0,0,0.0,250,36,139,100,15,3,250,1,1,100.0,0,0.0,143,574,242,3,2,0,1,0,151,3,1,0,0,5,6,0,0,5,6,0,0,0,16,9,3,75.0,,,,,,,,,,,,,,,,,,,,,,,,,,,,,,,,2024-2025
865,Edu Expósito,es ESP,MF,Espanyol,es La Liga,27.0,1996.0,19,12,1045,11.6,0,2,2,0,0,0,3,0,1.0,1.0,3.2,4.2,0.17,0.36,23,64,41,18,6,33.3,1.55,0.52,0.0,0.0,22.2,3,0,0,1.0,1.0,0.06,-1.0,-1.0,318,485,65.6,5990,2287,2,3.2,2.4,-1.2,28,36,14,4,64,407,73,38,13,5,66,1,33,9,19,1,318,23,13,9,13,1,23,39.1,14,3,0,3,15,38,21,2,44,3.79,22,15,2,2,3,0,2,0.17,630,22,105,308,230,26,630,28,15,53.6,13,46.4,340,1757,954,23,20,4,29,18,382,41,3,0,0,14,22,2,66,15,13,0,0,0,63,11,11,50.0,,,,,,,,,,,,,,,,,,,,,,,,,,,,,,,,2024-2025
866,Eberechi Eze,eng ENG,"MF,FW",Crystal Palace,eng Premier League,26.0,1998.0,34,31,2588,28.8,8,8,16,7,1,2,1,0,10.5,8.9,6.2,15.1,0.52,0.58,69,97,153,100,27,27.0,3.48,0.94,0.07,0.26,21.5,16,1,2,10.5,8.9,0.09,-2.5,-1.9,777,1047,74.2,13226,3540,8,6.2,4.7,1.8,58,49,39,4,97,849,180,70,11,6,112,3,62,39,10,0,777,39,22,14,16,9,36,47.2,19,27,0,27,11,50,10,3,135,4.69,72,29,11,13,9,1,10,0.35,1414,17,193,661,597,95,1412,138,67,48.6,62,44.9,840,5063,2380,69,48,22,55,45,907,153,1,0,0,13,51,9,112,11,22,0,0,0,146,7,37,15.9,,,,,,,,,,,,,,,,,,,,,,,,,,,,,,,,2024-2025
867,Abde Ezzalzouli,ma MAR,"FW,MF",Betis,es La Liga,22.0,2001.0,32,23,1984,22.0,2,2,4,2,0,1,2,0,8.0,7.2,2.0,9.3,0.18,0.46,117,68,215,61,25,41.0,2.77,1.13,0.03,0.08,15.6,1,0,1,8.0,7.2,0.12,-6.0,-5.2,542,757,71.6,6695,1928,2,2.0,2.1,0.0,27,42,19,2,68,732,23,6,2,4,49,15,1,0,0,0,542,37,25,17,16,4,27,55.6,12,22,3,19,7,44,19,0,66,2.99,43,0,10,8,4,1,7,0.32,1081,10,120,407,585,151,1080,103,46,44.7,37,35.9,706,5210,3025,117,75,58,64,50,797,215,2,0,0,23,38,4,49,7,25,2,0,0,102,26,37,41.3,,,,,,,,,,,,,,,,,,,,,,,,,,,,,,,,2024-2025
868,Giovanni Fabbian,it ITA,MF,Bologna,it Serie A,21.0,2003.0,30,9,1023,11.4,3,1,4,3,0,0,2,0,2.3,2.3,1.3,3.7,0.35,0.32,14,17,43,21,5,23.8,1.85,0.44,0.14,0.6,11.8,0,0,0,2.3,2.3,0.11,0.7,0.7,151,210,71.9,2182,369,1,1.3,0.6,-0.3,9,15,5,1,17,201,7,2,2,1,9,4,0,0,0,0,151,10,6,1,3,6,13,53.8,6,7,2,5,2,12,4,0,19,1.67,13,0,0,4,1,1,0,0.0,328,5,41,153,142,47,328,16,2,12.5,9,56.3,198,1292,356,14,6,5,30,18,236,43,2,0,0,21,22,1,9,2,6,0,0,0,31,19,35,35.2,,,,,,,,,,,,,,,,,,,,,,,,,,,,,,,,2024-2025
869,Łukasz Fabiański,pl POL,GK,West Ham,eng Premier League,39.0,1985.0,14,13,1160,12.9,0,0,0,0,0,0,2,0,0.0,0.0,0.0,0.0,0.0,0.0,0,0,0,0,0,,0.0,0.0,,,,0,0,0,0.0,0.0,,0.0,0.0,332,495,67.1,9586,6808,0,0.0,0.0,0.0,0,5,0,0,0,351,143,43,0,0,0,0,0,0,0,0,332,0,0,0,0,0,1,0.0,1,0,0,0,0,0,5,1,3,0.23,2,1,0,0,0,0,0,0.0,530,414,525,5,0,0,530,3,3,100.0,0,0.0,285,1485,890,0,0,0,0,0,248,0,2,0,0,2,1,0,0,0,0,0,2,0,5,3,1,75.0,21.0,1.63,71.0,50.0,74.6,6.0,3.0,4.0,2.0,15.4,3.0,3.0,0.0,0.0,22.6,0.29,1.6,0.12,77.0,226.0,34.1,394.0,55.0,41.9,35.5,220.0,10.0,4.5,12.0,0.93,13.1,2024-2025
870,Alieu Fadera,gm GAM,"FW,DF",Como,it Serie A,22.0,2001.0,28,20,1644,18.3,1,3,4,1,0,0,2,1,1.7,1.7,4.0,5.7,0.22,0.31,74,36,160,28,9,32.1,1.53,0.49,0.04,0.11,18.6,0,0,0,1.7,1.7,0.06,-0.7,-0.7,441,591,74.6,6233,1638,3,4.0,1.9,-1.0,23,14,24,5,36,541,49,1,3,3,39,48,0,0,0,0,441,64,47,25,27,12,45,44.4,25,18,1,17,12,76,10,0,54,2.95,37,1,5,3,6,2,7,0.38,844,16,148,326,391,60,844,68,26,38.2,34,50.0,544,3868,2239,74,34,32,41,33,533,160,2,1,0,40,50,14,39,12,47,0,0,0,95,11,15,42.3,,,,,,,,,,,,,,,,,,,,,,,,,,,,,,,,2024-2025
871,Wout Faes,be BEL,DF,Leicester City,eng Premier League,26.0,1998.0,34,30,2815,31.3,1,0,1,1,0,0,4,0,1.5,1.5,0.1,1.6,0.03,0.05,12,86,1,12,1,8.3,0.38,0.03,0.08,1.0,9.7,0,0,0,1.5,1.5,0.13,-0.5,-0.5,1376,1564,88.0,25369,9014,0,0.1,0.4,-0.1,4,83,6,0,86,1507,54,27,2,7,5,6,0,0,0,0,1376,42,26,26,14,2,48,52.1,23,48,35,13,26,68,185,4,17,0.54,15,0,0,1,0,1,0,0.0,1906,318,962,885,68,27,1906,6,5,83.3,1,16.7,1107,5050,2928,12,13,2,17,6,1268,1,4,0,0,23,11,1,5,26,26,0,0,0,90,45,36,55.6,,,,,,,,,,,,,,,,,,,,,,,,,,,,,,,,2024-2025
872,Nicolò Fagioli,it ITA,MF,Fiorentina,it Serie A,23.0,2001.0,15,10,962,10.7,1,2,3,1,0,0,0,0,0.5,0.5,3.0,3.5,0.28,0.32,15,50,19,10,4,40.0,0.94,0.37,0.1,0.25,21.9,1,0,0,0.5,0.5,0.05,0.5,0.5,519,617,84.1,8944,2503,2,3.0,2.0,-1.0,23,45,12,2,50,572,43,27,1,7,27,5,7,6,1,0,519,19,10,8,9,2,22,40.9,13,11,2,9,5,24,12,2,43,4.02,32,5,1,4,1,0,4,0.37,713,22,146,391,185,8,713,22,10,45.5,9,40.9,480,2460,1004,15,27,0,17,12,527,19,0,0,0,8,14,0,27,5,10,0,0,0,46,1,4,20.0,,,,,,,,,,,,,,,,,,,,,,,,,,,,,,,,2024-2025
873,Nicolò Fagioli,it ITA,MF,Juventus,it Serie A,23.0,2001.0,17,5,571,6.3,0,0,0,0,0,0,4,0,0.6,0.6,0.1,0.7,0.0,0.11,19,41,18,12,1,8.3,1.89,0.16,0.0,0.0,22.7,0,0,0,0.6,0.6,0.05,-0.6,-0.6,370,418,88.5,6360,1203,0,0.1,0.5,-0.1,4,36,8,0,41,404,14,8,2,6,13,1,5,1,3,0,370,14,10,7,6,1,9,66.7,3,4,0,4,2,16,5,0,10,1.57,8,0,0,2,0,0,1,0.16,470,11,77,283,112,10,470,3,2,66.7,1,33.3,311,2051,1035,19,22,2,11,2,387,18,4,0,0,11,5,0,13,2,10,0,0,0,33,2,2,50.0,,,,,,,,,,,,,,,,,,,,,,,,,,,,,,,,2024-2025
875,Wladimiro Falcone,it ITA,GK,Lecce,it Serie A,29.0,1995.0,38,38,3420,38.0,0,0,0,0,0,0,2,0,0.0,0.0,0.0,0.0,0.0,0.0,0,0,0,0,0,,0.0,0.0,,,,0,0,0,0.0,0.0,,0.0,0.0,731,1200,60.9,22646,17716,0,0.0,0.1,0.0,0,22,0,0,0,892,303,125,0,1,0,0,0,0,0,0,731,0,0,0,0,0,0,,0,0,0,0,0,0,29,3,11,0.29,8,3,0,0,0,0,1,0.03,1321,1174,1315,6,0,0,1321,0,0,,0,,727,3904,2291,0,0,0,1,0,585,0,2,0,0,1,10,0,0,0,0,0,1,0,32,13,0,100.0,58.0,1.53,181.0,125.0,72.4,8.0,10.0,20.0,9.0,23.7,10.0,8.0,1.0,1.0,53.8,0.26,-1.2,-0.03,220.0,656.0,33.5,1017.0,120.0,51.9,39.1,590.0,29.0,4.9,19.0,0.5,11.0,2024-2025
876,Davide Faraoni,it ITA,DF,Hellas Verona,it Serie A,32.0,1991.0,8,3,260,2.9,0,0,0,0,0,0,1,0,0.2,0.2,0.1,0.3,0.0,0.12,2,3,13,1,0,0.0,0.35,0.0,0.0,,3.6,0,0,0,0.2,0.2,0.21,-0.2,-0.2,65,95,68.4,1056,387,0,0.1,0.1,-0.1,2,6,3,3,3,79,16,1,0,0,12,15,0,0,0,0,65,10,9,5,5,0,9,33.3,6,7,3,4,2,12,12,1,3,1.04,3,0,0,0,0,0,0,0.0,136,15,47,47,43,4,136,1,0,0.0,1,100.0,55,232,106,2,1,0,3,0,66,13,1,0,0,7,1,2,12,2,9,0,0,0,9,1,9,10.0,,,,,,,,,,,,,,,,,,,,,,,,,,,,,,,,2024-2025
877,Abdul Fatawu Issahaku,gh GHA,FW,Leicester City,eng Premier League,20.0,2004.0,11,6,579,6.4,0,2,2,0,0,0,0,0,0.4,0.4,1.6,2.0,0.31,0.31,42,17,60,13,5,38.5,2.02,0.78,0.0,0.0,31.2,0,0,0,0.4,0.4,0.03,-0.4,-0.4,123,197,62.4,2150,601,2,1.6,1.4,0.4,6,7,7,2,17,186,11,1,2,2,30,9,1,0,0,0,123,21,15,13,2,6,19,57.9,8,7,0,7,4,25,12,0,17,2.64,10,0,2,1,4,0,3,0.47,326,19,73,114,157,26,326,69,29,42.0,28,40.6,217,1869,1055,42,24,15,18,12,216,60,0,0,0,11,20,2,30,4,15,0,0,0,38,14,13,51.9,,,,,,,,,,,,,,,,,,,,,,,,,,,,,,,,2024-2025
878,Ansu Fati,es ESP,FW,Barcelona,es La Liga,21.0,2002.0,6,3,233,2.6,0,0,0,0,0,0,1,0,1.0,1.0,0.2,1.1,0.0,0.44,7,6,32,12,5,41.7,4.64,1.93,0.0,0.0,17.1,0,0,0,1.0,1.0,0.08,-1.0,-1.0,104,125,83.2,1100,142,0,0.2,0.4,-0.2,4,3,5,0,6,119,4,3,2,0,0,0,1,0,0,0,104,4,1,0,2,2,2,50.0,1,1,0,1,1,5,0,1,11,4.25,9,0,0,2,0,0,0,0.0,170,0,8,59,105,22,170,11,5,45.5,5,45.5,107,586,234,7,7,4,10,4,134,32,1,0,0,2,2,2,0,1,1,0,0,0,7,2,7,22.2,,,,,,,,,,,,,,,,,,,,,,,,,,,,,,,,2024-2025
880,Jacopo Fazzini,it ITA,MF,Empoli,it Serie A,21.0,2003.0,20,16,1383,15.4,4,1,5,4,0,0,1,1,3.1,3.1,0.5,3.6,0.33,0.23,34,49,88,27,9,33.3,1.76,0.59,0.15,0.44,17.2,2,0,0,3.1,3.1,0.11,0.9,0.9,305,426,71.6,4559,1281,1,0.5,0.7,0.5,12,27,10,0,49,391,31,9,4,0,32,1,14,3,3,0,305,32,19,11,16,5,23,56.5,10,13,1,12,6,38,24,0,49,3.19,34,2,3,3,7,0,7,0.46,639,14,93,298,260,43,639,48,23,47.9,19,39.6,364,2344,1117,34,25,15,39,33,426,88,1,1,0,23,32,4,32,6,19,0,0,0,70,19,24,44.2,,,,,,,,,,,,,,,,,,,,,,,,,,,,,,,,2024-2025
881,Nabil Fekir,fr FRA,MF,Betis,es La Liga,31.0,1993.0,2,2,180,2.0,0,1,1,0,0,0,0,0,0.7,0.7,0.6,1.2,0.5,0.62,9,10,18,7,1,14.3,3.5,0.5,0.0,0.0,23.5,0,0,0,0.7,0.7,0.1,-0.7,-0.7,67,82,81.7,1052,381,1,0.6,0.8,0.4,6,5,6,2,10,71,11,3,1,1,10,0,8,3,3,0,67,3,2,1,1,1,2,50.0,1,2,0,2,0,3,0,0,12,6.0,9,2,0,0,0,1,1,0.5,108,0,3,52,53,6,108,5,0,0.0,4,80.0,72,479,259,9,4,2,4,6,85,18,0,0,0,3,7,0,10,0,2,0,0,0,3,0,2,0.0,,,,,,,,,,,,,,,,,,,,,,,,,,,,,,,,2024-2025
882,Mattia Felici,it ITA,"MF,FW",Cagliari,it Serie A,23.0,2001.0,20,9,925,10.3,0,3,3,0,0,0,1,0,0.6,0.6,1.0,1.6,0.29,0.16,39,19,75,10,6,60.0,0.97,0.58,0.0,0.0,12.8,0,0,0,0.6,0.6,0.06,-0.6,-0.6,188,277,67.9,2525,863,3,1.0,0.7,2.0,10,12,3,0,19,255,20,1,0,2,25,7,12,6,5,0,188,17,12,8,7,2,11,36.4,7,10,0,10,7,24,7,1,31,3.02,18,3,8,1,1,0,4,0.39,422,13,76,151,202,37,422,57,19,33.3,30,52.6,259,1802,962,39,18,19,26,10,280,75,1,0,0,18,17,4,25,7,12,0,1,0,51,7,10,41.2,,,,,,,,,,,,,,,,,,,,,,,,,,,,,,,,2024-2025
884,João Félix,pt POR,"FW,MF",Chelsea,eng Premier League,24.0,1999.0,12,3,369,4.1,1,1,2,1,0,0,2,0,2.2,2.2,1.0,3.2,0.49,0.78,21,26,30,20,5,25.0,4.88,1.22,0.05,0.2,15.9,0,0,0,2.2,2.2,0.11,-1.2,-1.2,171,199,85.9,2588,663,1,1.0,0.5,0.0,6,22,8,0,26,193,5,2,2,1,0,3,0,0,0,0,171,8,3,2,5,1,9,55.6,4,2,0,2,3,11,2,0,18,4.38,12,0,2,3,1,0,3,0.73,272,2,26,128,125,30,272,31,10,32.3,14,45.2,193,1248,712,21,13,5,6,4,218,30,2,0,0,6,17,1,0,3,3,0,0,0,22,4,5,44.4,,,,,,,,,,,,,,,,,,,,,,,,,,,,,,,,2024-2025
885,João Félix,pt POR,MF,Milan,it Serie A,24.0,1999.0,15,8,760,8.4,2,0,2,2,0,0,3,0,2.7,2.7,1.2,3.8,0.24,0.46,20,40,56,29,8,27.6,3.43,0.95,0.07,0.25,17.9,1,0,0,2.7,2.7,0.09,-0.7,-0.7,246,301,81.7,3663,1124,0,1.2,1.3,-1.2,10,31,11,0,40,282,16,4,3,2,5,6,1,0,0,0,246,6,6,3,2,1,14,28.6,10,2,0,2,1,7,9,0,35,4.14,25,1,3,3,3,0,6,0.71,408,8,52,191,169,43,408,35,15,42.9,15,42.9,275,1606,716,20,24,12,16,9,329,56,3,0,0,12,30,2,5,1,6,0,0,0,30,7,7,50.0,,,,,,,,,,,,,,,,,,,,,,,,,,,,,,,,2024-2025
887,Kiko Femenía,es ESP,DF,Villarreal,es La Liga,33.0,1991.0,28,27,2227,24.7,0,1,1,0,0,0,7,0,0.4,0.4,1.3,1.7,0.04,0.07,52,112,44,3,0,0.0,0.12,0.0,0.0,,24.9,0,0,0,0.4,0.4,0.12,-0.4,-0.4,1339,1506,88.9,22076,7230,1,1.3,2.1,-0.3,16,108,24,14,112,1250,254,50,1,8,47,203,0,0,0,0,1339,50,34,34,14,2,57,57.9,24,21,10,11,40,90,62,3,43,1.74,35,3,2,0,0,3,5,0.2,1710,95,630,812,280,9,1710,24,17,70.8,6,25.0,902,4937,2602,52,30,0,22,10,1036,44,7,0,0,21,13,1,47,40,34,0,0,0,102,5,12,29.4,,,,,,,,,,,,,,,,,,,,,,,,,,,,,,,,2024-2025
888,Evan Ferguson,ie IRL,FW,West Ham,eng Premier League,19.0,2004.0,8,1,156,1.7,0,0,0,0,0,0,0,0,0.6,0.6,0.3,0.9,0.0,0.5,1,1,7,5,1,20.0,2.88,0.58,0.0,0.0,17.2,0,0,0,0.6,0.6,0.11,-0.6,-0.6,28,37,75.7,375,21,0,0.3,0.3,-0.3,2,1,0,0,1,35,1,0,1,1,0,0,0,0,0,0,28,3,1,0,1,2,0,,0,2,1,1,1,4,1,0,4,2.31,2,0,1,1,0,0,0,0.0,66,1,6,30,31,10,66,5,3,60.0,2,40.0,31,123,41,1,1,1,8,5,42,7,0,0,0,1,2,0,0,1,1,0,0,0,8,5,10,33.3,,,,,,,,,,,,,,,,,,,,,,,,,,,,,,,,2024-2025
889,Evan Ferguson,ie IRL,FW,Brighton,eng Premier League,19.0,2004.0,13,2,246,2.7,1,0,1,1,0,0,0,0,0.5,0.5,0.4,1.0,0.37,0.35,2,1,9,7,2,28.6,2.56,0.73,0.14,0.5,19.2,1,0,0,0.5,0.5,0.08,0.5,0.5,43,58,74.1,484,44,0,0.4,0.4,-0.4,3,1,0,0,1,52,5,0,0,0,0,0,0,0,0,0,43,4,3,0,3,1,5,40.0,3,3,1,2,0,4,4,0,4,1.47,3,0,1,0,0,0,0,0.0,88,7,13,50,26,9,88,2,1,50.0,1,50.0,42,183,56,2,1,2,5,6,52,9,0,0,0,3,1,0,0,0,3,0,0,0,10,4,9,30.8,,,,,,,,,,,,,,,,,,,,,,,,,,,,,,,,2024-2025
890,Lewis Ferguson,sct SCO,MF,Bologna,it Serie A,24.0,1999.0,16,10,983,10.9,1,1,2,0,1,1,0,0,1.0,0.2,1.1,1.3,0.09,0.19,20,53,26,5,1,20.0,0.46,0.09,0.0,0.0,22.9,0,1,1,1.0,0.2,0.03,0.0,-0.2,569,658,86.5,9928,2246,1,1.1,0.8,-0.1,14,57,8,0,53,605,50,27,1,4,18,7,14,5,6,0,569,24,13,4,14,6,16,56.3,7,9,2,7,5,29,9,0,32,2.93,27,3,1,0,0,1,1,0.09,748,13,91,469,193,18,747,9,5,55.6,2,22.2,471,2769,1173,20,21,2,13,10,527,26,0,0,0,27,20,1,18,5,13,0,0,0,28,16,14,53.3,,,,,,,,,,,,,,,,,,,,,,,,,,,,,,,,2024-2025
892,Bruno Fernandes,pt POR,MF,Manchester Utd,eng Premier League,29.0,1994.0,36,35,3018,33.5,8,10,18,5,3,3,5,2,9.9,7.6,8.5,16.1,0.45,0.55,77,325,129,93,26,28.0,2.77,0.78,0.05,0.19,22.6,12,3,3,9.9,7.6,0.08,-1.9,-2.6,1707,2242,76.1,30541,10698,10,8.5,8.0,1.5,91,214,85,11,325,1988,237,98,31,22,186,19,91,44,22,5,1707,84,50,27,38,19,85,40.0,51,35,6,29,26,110,35,3,193,5.76,136,37,5,6,7,2,13,0.39,2649,62,428,1263,983,80,2646,67,28,41.8,33,49.3,1542,7244,3866,77,65,14,43,43,1853,129,5,2,1,32,40,2,186,26,50,0,0,0,213,22,28,44.0,,,,,,,,,,,,,,,,,,,,,,,,,,,,,,,,2024-2025
894,Mateus Fernandes,pt POR,MF,Southampton,eng Premier League,20.0,2004.0,36,34,2909,32.3,2,4,6,2,0,0,8,0,4.0,4.0,3.0,7.0,0.19,0.22,76,145,108,42,14,33.3,1.3,0.43,0.05,0.14,18.7,4,0,0,4.0,4.0,0.1,-2.0,-2.0,1087,1361,79.9,18406,4369,4,3.0,3.6,1.0,34,98,27,6,145,1184,175,61,9,10,113,10,54,39,14,0,1087,89,48,45,28,16,72,45.8,39,43,8,35,28,117,35,7,78,2.41,44,14,6,6,6,2,7,0.22,1760,72,385,867,547,49,1760,109,49,45.0,49,45.0,897,5736,3143,76,70,9,58,36,1077,108,8,0,0,46,55,4,113,28,48,0,0,0,179,15,9,62.5,,,,,,,,,,,,,,,,,,,,,,,,,,,,,,,,2024-2025
895,Aitor Fernández,es ESP,GK,Osasuna,es La Liga,33.0,1991.0,1,1,90,1.0,0,0,0,0,0,0,0,0,0.0,0.0,0.0,0.0,0.0,0.0,0,0,0,0,0,,0.0,0.0,,,,0,0,0,0.0,0.0,,0.0,0.0,29,45,64.4,1243,1147,0,0.0,0.0,0.0,0,1,0,0,0,27,18,7,0,0,0,0,0,0,0,0,29,0,0,0,0,0,0,,0,0,0,0,0,0,2,0,0,0.0,0,0,0,0,0,0,0,0.0,50,45,50,0,0,0,50,0,0,,0,,27,146,105,0,0,0,0,0,17,0,0,0,0,0,0,0,0,0,0,0,0,0,2,0,0,,0.0,0.0,5.0,5.0,100.0,0.0,1.0,0.0,1.0,100.0,0.0,0.0,0.0,0.0,1.2,0.23,1.2,1.15,19.0,35.0,54.3,34.0,4.0,70.6,44.4,14.0,1.0,7.1,1.0,1.0,10.6,2024-2025
896,Álvaro Fernández,es ESP,GK,Sevilla,es La Liga,26.0,1998.0,9,8,747,8.3,0,0,0,0,0,0,2,0,0.0,0.0,0.1,0.1,0.0,0.02,0,0,0,0,0,,0.0,0.0,,,,0,0,0,0.0,0.0,,0.0,0.0,212,324,65.4,5528,3865,0,0.1,0.0,-0.1,1,6,0,0,0,258,65,19,0,0,0,0,0,0,0,0,212,0,0,0,0,0,1,0.0,1,0,0,0,0,0,7,0,3,0.36,3,0,0,0,0,0,0,0.0,349,272,347,2,0,0,349,0,0,,0,,187,856,400,0,0,0,0,0,196,0,2,0,0,0,2,0,0,0,0,0,0,0,11,2,0,100.0,16.0,1.93,36.0,20.0,61.1,2.0,1.0,5.0,3.0,37.5,2.0,2.0,0.0,0.0,11.0,0.25,-5.0,-0.61,37.0,142.0,26.1,277.0,32.0,39.7,34.3,105.0,7.0,6.7,14.0,1.69,16.5,2024-2025
897,Enzo Fernández,ar ARG,MF,Chelsea,eng Premier League,23.0,2001.0,36,32,2947,32.7,6,7,13,6,0,0,8,0,6.1,6.1,6.8,12.9,0.4,0.39,60,212,126,53,20,37.7,1.62,0.61,0.11,0.3,18.1,2,0,0,6.1,6.1,0.11,-0.1,-0.1,1518,1900,79.9,26776,7512,7,6.8,6.2,0.2,77,167,41,7,212,1757,134,53,14,26,109,4,74,44,12,1,1518,65,33,17,30,18,84,36.9,53,43,7,36,13,78,23,4,147,4.49,116,16,2,4,4,5,16,0.49,2210,37,346,1129,751,81,2210,55,26,47.3,21,38.2,1211,5652,2735,60,55,9,29,28,1622,126,8,0,0,52,54,2,109,13,33,0,0,0,156,14,29,32.6,,,,,,,,,,,,,,,,,,,,,,,,,,,,,,,,2024-2025
898,Pelayo Fernandez,es ESP,DF,Rayo Vallecano,es La Liga,21.0,2003.0,2,1,98,1.1,0,0,0,0,0,0,1,0,0.0,0.0,0.0,0.0,0.0,0.0,0,1,0,0,0,,0.0,0.0,,,,0,0,0,0.0,0.0,,0.0,0.0,24,28,85.7,476,180,0,0.0,0.0,0.0,0,1,0,0,1,27,1,1,0,0,0,0,0,0,0,0,24,0,0,0,0,0,0,,0,0,0,0,2,2,9,0,0,0.0,0,0,0,0,0,0,0,0.0,39,8,26,14,0,0,39,0,0,,0,,16,77,38,0,0,0,0,1,16,0,1,0,0,2,0,0,0,2,0,0,0,0,4,3,3,50.0,,,,,,,,,,,,,,,,,,,,,,,,,,,,,,,,2024-2025
899,Roberto Férnandez,es ESP,FW,Espanyol,es La Liga,22.0,2002.0,19,18,1497,16.6,6,0,6,6,0,0,1,0,3.6,3.6,0.6,4.2,0.36,0.25,7,17,50,21,9,42.9,1.26,0.54,0.29,0.67,14.0,0,0,0,3.6,3.6,0.17,2.4,2.4,187,259,72.2,2227,311,0,0.6,0.5,-0.6,8,9,7,0,17,236,23,0,2,0,2,0,0,0,0,0,187,4,4,2,1,1,5,0.0,5,9,1,8,3,7,26,0,28,1.68,18,0,3,2,4,1,3,0.18,436,26,70,222,151,37,436,27,11,40.7,16,59.3,227,877,283,7,10,3,55,16,292,50,1,0,0,28,25,9,2,3,4,1,0,0,33,34,54,38.6,,,,,,,,,,,,,,,,,,,,,,,,,,,,,,,,2024-2025
900,Valery Fernández,es ESP,"MF,FW",Mallorca,es La Liga,24.0,1999.0,18,1,309,3.4,2,0,2,2,0,0,1,0,0.8,0.8,0.0,0.9,0.58,0.25,2,5,14,3,3,100.0,0.87,0.87,0.67,0.67,10.3,0,0,0,0.8,0.8,0.28,1.2,1.2,88,99,88.9,1141,211,0,0.0,0.1,0.0,1,4,2,1,5,97,2,0,0,0,3,2,0,0,0,0,88,8,7,3,2,3,7,71.4,2,3,1,2,0,8,1,0,5,1.45,4,0,0,0,0,1,3,0.87,133,5,22,69,44,8,133,6,1,16.7,5,83.3,75,411,126,2,3,1,5,3,90,14,1,0,0,3,1,1,3,0,7,0,0,0,19,1,4,20.0,,,,,,,,,,,,,,,,,,,,,,,,,,,,,,,,2024-2025
902,André Ferreira,pt POR,GK,Valladolid,es La Liga,28.0,1996.0,6,6,540,6.0,0,0,0,0,0,0,0,0,0.0,0.0,0.0,0.0,0.0,0.0,0,0,0,0,0,,0.0,0.0,,,,0,0,0,0.0,0.0,,0.0,0.0,138,195,70.8,3984,2985,0,0.0,0.0,0.0,0,1,0,0,0,117,77,21,0,0,0,0,0,0,0,0,138,0,0,0,0,0,0,,0,0,0,0,0,0,4,2,1,0.17,0,1,0,0,0,0,0,0.0,216,185,215,1,0,0,216,0,0,,0,,83,441,280,0,0,0,0,0,78,0,0,0,0,0,0,0,0,0,0,0,0,0,6,0,1,0.0,20.0,3.33,39.0,19.0,56.4,0.0,0.0,6.0,0.0,0.0,3.0,3.0,0.0,0.0,15.3,0.35,-4.7,-0.79,30.0,83.0,36.1,138.0,26.0,37.0,33.8,92.0,4.0,4.3,3.0,0.5,10.4,2024-2025
904,Daniel Fila,cz CZE,FW,Venezia,it Serie A,21.0,2002.0,10,6,492,5.5,2,0,2,2,0,0,3,1,1.4,1.4,0.3,1.8,0.37,0.32,5,8,30,8,5,62.5,1.46,0.91,0.25,0.4,13.4,0,0,0,1.4,1.4,0.18,0.6,0.6,70,90,77.8,884,140,0,0.3,0.4,-0.3,6,4,3,0,8,80,10,0,0,0,0,0,0,0,0,0,70,2,0,0,1,1,2,0.0,2,6,0,6,0,2,5,0,15,2.74,9,0,2,1,3,0,0,0.0,147,5,12,68,68,19,147,4,2,50.0,1,25.0,82,372,121,5,6,1,16,14,102,30,3,1,1,13,7,3,0,0,0,0,0,0,9,7,20,25.9,,,,,,,,,,,,,,,,,,,,,,,,,,,,,,,,2024-2025
907,Mark Flekken,nl NED,GK,Brentford,eng Premier League,31.0,1993.0,37,37,3275,36.4,0,2,2,0,0,0,1,0,0.0,0.0,0.5,0.5,0.05,0.01,0,0,0,0,0,,0.0,0.0,,,,0,0,0,0.0,0.0,,0.0,0.0,1254,1717,73.0,37000,25308,2,0.5,0.1,1.5,3,50,2,0,0,1367,343,131,0,5,0,0,0,0,0,0,1254,4,4,4,0,0,9,33.3,6,2,0,2,0,4,26,4,10,0.27,6,4,0,0,0,0,2,0.05,1824,1436,1777,52,0,0,1824,1,1,100.0,0,0.0,1122,5725,3253,0,0,0,3,0,1015,0,1,0,0,0,3,0,0,0,4,0,0,0,39,4,0,100.0,55.0,1.51,203.0,150.0,73.4,16.0,8.0,13.0,7.0,18.9,1.0,1.0,0.0,0.0,52.7,0.26,-0.3,-0.01,249.0,659.0,37.8,1498.0,122.0,33.7,34.4,581.0,46.0,7.9,34.0,0.93,11.5,2024-2025
908,Alessandro Florenzi,it ITA,FW,Milan,it Serie A,33.0,1991.0,1,0,5,0.1,0,0,0,0,0,0,0,0,0.0,0.0,0.0,0.0,0.0,0.0,0,0,0,0,0,,0.0,0.0,,,,0,0,0,0.0,0.0,,0.0,0.0,3,4,75.0,54,43,0,0.0,0.0,0.0,0,0,0,0,0,4,0,0,0,0,1,0,0,0,0,0,3,0,0,0,0,0,0,,0,0,0,0,0,0,0,0,0,0.0,0,0,0,0,0,0,0,0.0,4,0,1,1,2,0,4,0,0,,0,,4,8,2,0,0,0,0,0,4,0,0,0,0,0,0,0,1,0,0,0,0,0,0,0,0,,,,,,,,,,,,,,,,,,,,,,,,,,,,,,,,,2024-2025
909,Mateo Flores,es ESP,MF,Betis,es La Liga,20.0,2004.0,6,1,153,1.7,0,0,0,0,0,0,1,0,0.0,0.0,0.0,0.0,0.0,0.0,0,9,2,0,0,,0.0,0.0,,,,0,0,0,0.0,0.0,,0.0,0.0,56,69,81.2,955,282,0,0.0,0.1,0.0,0,3,1,1,9,67,2,2,0,0,1,0,0,0,0,0,56,3,1,3,0,0,1,100.0,0,1,0,1,2,5,3,0,2,1.18,2,0,0,0,0,0,0,0.0,84,4,27,47,11,1,84,0,0,,0,,47,189,55,0,0,0,3,3,50,2,1,0,0,4,1,0,1,2,1,0,0,0,12,0,2,0.0,,,,,,,,,,,,,,,,,,,,,,,,,,,,,,,,2024-2025
910,Phil Foden,eng ENG,"MF,FW",Manchester City,eng Premier League,24.0,2000.0,28,20,1777,19.7,7,2,9,7,0,0,2,0,5.2,5.2,4.8,9.9,0.46,0.5,50,103,128,54,16,29.6,2.73,0.81,0.13,0.44,18.6,2,0,0,5.2,5.2,0.1,1.8,1.8,791,941,84.1,12385,2615,2,4.8,5.3,-2.8,43,41,39,6,103,854,83,21,7,2,80,5,46,30,8,1,791,13,5,5,4,4,18,38.9,11,13,1,12,9,22,7,1,88,4.46,58,18,3,6,3,0,9,0.46,1139,13,85,382,681,83,1139,43,14,32.6,23,53.5,722,3720,1782,50,30,17,36,31,894,128,2,0,0,5,34,3,80,9,5,0,0,0,61,3,9,25.0,,,,,,,,,,,,,,,,,,,,,,,,,,,,,,,,2024-2025
914,Wesley Fofana,fr FRA,DF,Chelsea,eng Premier League,23.0,2000.0,14,14,1172,13.0,0,0,0,0,0,0,7,0,0.4,0.4,0.4,0.8,0.0,0.07,19,32,4,3,0,0.0,0.23,0.0,0.0,,10.6,0,0,0,0.4,0.4,0.13,-0.4,-0.4,724,803,90.2,12262,3415,0,0.4,0.2,-0.4,6,54,1,0,32,758,44,23,0,0,1,20,0,0,0,0,724,13,12,6,7,0,14,42.9,8,14,9,5,14,27,55,2,15,1.15,12,1,1,1,0,0,0,0.0,933,81,370,523,55,10,933,15,8,53.3,3,20.0,557,3149,1614,19,12,1,16,5,665,4,7,0,0,24,16,0,1,14,12,0,0,0,54,27,12,69.2,,,,,,,,,,,,,,,,,,,,,,,,,,,,,,,,2024-2025
916,Youssouf Fofana,fr FRA,MF,Milan,it Serie A,25.0,1999.0,35,29,2504,27.8,1,6,7,1,0,0,5,0,1.3,1.3,3.4,4.7,0.25,0.17,44,176,32,36,5,13.9,1.29,0.18,0.03,0.2,26.2,0,0,0,1.3,1.3,0.04,-0.3,-0.3,1237,1444,85.7,21531,7225,6,3.4,2.6,2.6,23,140,23,2,176,1390,50,47,13,7,10,3,0,0,0,0,1237,56,34,20,31,5,52,50.0,26,32,9,23,19,75,24,3,62,2.23,57,0,0,0,0,5,6,0.22,1655,35,328,1093,258,21,1655,31,14,45.2,17,54.8,986,5773,3150,44,49,5,30,20,1221,32,5,0,0,28,17,0,10,19,34,0,0,0,151,11,21,34.4,,,,,,,,,,,,,,,,,,,,,,,,,,,,,,,,2024-2025
918,Michael Folorunsho,it ITA,"FW,MF",Fiorentina,it Serie A,26.0,1998.0,14,6,650,7.2,0,0,0,0,0,0,5,0,1.1,1.1,0.6,1.7,0.0,0.23,13,21,33,9,3,33.3,1.25,0.42,0.0,0.0,14.0,0,0,0,1.1,1.1,0.12,-1.1,-1.1,178,252,70.6,2796,786,0,0.6,0.5,-0.6,3,13,6,2,21,228,23,7,0,0,21,15,1,1,0,0,178,19,12,9,6,4,20,40.0,12,9,1,8,4,23,10,0,14,1.94,9,0,2,1,1,1,1,0.14,342,6,71,164,113,16,342,18,9,50.0,6,33.3,190,1030,429,13,5,5,12,9,213,33,5,0,0,15,23,0,21,4,12,0,0,0,29,16,11,59.3,,,,,,,,,,,,,,,,,,,,,,,,,,,,,,,,2024-2025
919,Michael Folorunsho,it ITA,"FW,MF",Napoli,it Serie A,26.0,1998.0,6,0,35,0.4,0,0,0,0,0,0,0,0,0.1,0.1,0.0,0.1,0.0,0.27,0,0,2,1,0,0.0,2.57,0.0,0.0,,9.8,0,0,0,0.1,0.1,0.1,-0.1,-0.1,10,14,71.4,134,39,0,0.0,0.0,0.0,0,0,0,0,0,14,0,0,0,0,0,0,0,0,0,0,10,3,2,0,3,0,4,50.0,2,0,0,0,1,4,1,1,0,0.0,0,0,0,0,0,0,0,0.0,26,0,3,17,7,1,26,3,0,0.0,3,100.0,6,57,10,0,0,0,2,0,13,2,0,0,0,2,1,0,0,1,2,0,0,0,2,2,2,50.0,,,,,,,,,,,,,,,,,,,,,,,,,,,,,,,,2024-2025
921,Carlos Forbs,pt POR,"MF,FW",Wolves,eng Premier League,20.0,2004.0,10,1,239,2.7,0,0,0,0,0,0,2,0,0.1,0.1,0.0,0.2,0.0,0.07,10,8,28,2,0,0.0,0.75,0.0,0.0,,19.1,0,0,0,0.1,0.1,0.07,-0.1,-0.1,60,91,65.9,788,228,0,0.0,0.1,0.0,1,2,3,1,8,89,2,0,0,0,9,2,0,0,0,0,60,8,5,5,2,1,6,66.7,2,3,0,3,1,9,2,1,5,1.89,3,0,2,0,0,0,1,0.38,121,3,23,39,60,13,121,12,7,58.3,5,41.7,75,468,321,10,3,8,7,4,85,28,2,0,0,2,1,0,9,1,5,0,0,0,11,1,3,25.0,,,,,,,,,,,,,,,,,,,,,,,,,,,,,,,,2024-2025
922,Pablo Fornals,es ESP,"MF,FW",Betis,es La Liga,28.0,1996.0,26,22,1827,20.3,2,0,2,2,0,0,2,0,1.8,1.8,3.3,5.1,0.1,0.25,32,146,85,23,4,17.4,1.13,0.2,0.09,0.5,21.7,0,0,0,1.8,1.8,0.08,0.2,0.2,887,1109,80.0,14428,4985,0,3.3,2.9,-3.3,36,93,33,8,146,1051,55,20,10,10,54,12,23,7,6,0,887,21,13,12,6,3,30,33.3,20,24,4,20,23,44,15,1,88,4.33,78,5,2,3,0,0,9,0.44,1272,20,171,684,428,36,1272,28,8,28.6,20,71.4,777,3245,1523,32,34,7,24,16,911,85,2,0,0,12,14,3,54,23,13,0,0,0,114,18,21,46.2,,,,,,,,,,,,,,,,,,,,,,,,,,,,,,,,2024-2025
923,Omari Forson,eng ENG,"MF,FW",Monza,it Serie A,20.0,2004.0,9,1,223,2.5,0,0,0,0,0,0,0,0,0.2,0.2,0.5,0.7,0.0,0.3,14,10,18,5,1,20.0,2.02,0.4,0.0,0.0,20.4,0,0,0,0.2,0.2,0.05,-0.2,-0.2,92,113,81.4,1359,312,0,0.5,0.3,-0.5,8,7,6,2,10,109,3,1,0,0,9,2,0,0,0,0,92,3,3,1,2,0,3,33.3,2,3,0,3,1,4,1,0,14,5.65,10,1,2,0,1,0,0,0.0,140,0,15,57,69,2,140,9,6,66.7,2,22.2,103,787,426,14,14,1,8,6,111,18,0,0,0,2,2,1,9,1,3,0,0,0,11,0,2,0.0,,,,,,,,,,,,,,,,,,,,,,,,,,,,,,,,2024-2025
924,Fraser Forster,eng ENG,GK,Tottenham,eng Premier League,36.0,1988.0,7,7,630,7.0,0,0,0,0,0,0,0,0,0.0,0.0,0.0,0.0,0.0,0.0,0,0,0,0,0,,0.0,0.0,,,,0,0,0,0.0,0.0,,0.0,0.0,168,198,84.8,3349,2105,0,0.0,0.0,0.0,0,1,0,0,0,125,72,16,0,1,0,0,0,0,0,0,168,0,0,0,0,0,1,0.0,1,0,0,0,0,0,7,3,0,0.0,0,0,0,0,0,0,0,0.0,228,212,228,0,0,0,228,1,1,100.0,0,0.0,113,501,264,0,0,0,1,0,94,0,0,0,0,0,0,0,0,0,0,0,0,0,1,1,0,100.0,15.0,2.14,42.0,27.0,69.0,1.0,2.0,4.0,1.0,14.3,2.0,2.0,0.0,0.0,16.5,0.36,1.5,0.21,11.0,31.0,35.5,141.0,30.0,21.3,27.2,81.0,4.0,4.9,3.0,0.43,11.1,2024-2025
925,Héctor Fort,es ESP,DF,Barcelona,es La Liga,17.0,2006.0,17,5,585,6.5,0,0,0,0,0,0,2,0,0.2,0.2,0.9,1.1,0.0,0.17,14,26,33,6,0,0.0,0.92,0.0,0.0,,19.8,0,0,0,0.2,0.2,0.04,-0.2,-0.2,448,497,90.1,6222,1464,0,0.9,1.3,-0.9,10,27,3,0,26,440,56,4,0,2,12,52,0,0,0,0,448,13,8,6,4,3,16,62.5,6,12,0,12,6,19,16,0,16,2.46,15,1,0,0,0,0,1,0.15,573,18,111,300,166,17,573,9,2,22.2,7,77.8,308,1255,679,14,15,2,4,4,397,33,2,0,0,8,1,0,12,6,8,0,0,0,32,3,7,30.0,,,,,,,,,,,,,,,,,,,,,,,,,,,,,,,,2024-2025
926,Dimitri Foulquier,fr FRA,DF,Valencia,es La Liga,31.0,1993.0,32,25,2299,25.5,0,1,1,0,0,0,6,0,0.4,0.4,1.4,1.8,0.04,0.07,48,97,66,13,2,15.4,0.51,0.08,0.0,0.0,21.4,0,0,0,0.4,0.4,0.03,-0.4,-0.4,1007,1276,78.9,15790,5913,1,1.4,2.0,-0.4,10,77,15,6,97,1000,270,44,2,4,57,226,0,0,0,0,1007,48,31,29,13,6,36,66.7,12,21,5,16,16,64,86,1,36,1.41,26,4,1,3,0,2,4,0.16,1530,64,451,770,319,26,1530,33,8,24.2,16,48.5,749,4153,2372,48,33,7,30,16,882,66,6,0,0,24,31,1,57,16,31,0,0,0,97,13,20,39.4,,,,,,,,,,,,,,,,,,,,,,,,,,,,,,,,2024-2025
927,Juan Foyth,ar ARG,DF,Villarreal,es La Liga,26.0,1998.0,19,17,1517,16.9,1,0,1,1,0,0,4,0,2.4,2.4,0.3,2.8,0.06,0.16,13,65,11,17,5,29.4,1.01,0.3,0.06,0.2,11.8,0,0,0,2.4,2.4,0.14,-1.4,-1.4,838,963,87.0,15860,6523,0,0.3,0.9,-0.3,7,53,8,2,65,864,98,46,3,6,4,35,0,0,0,0,838,25,15,15,6,4,16,68.8,5,26,17,9,19,44,119,3,20,1.19,19,0,0,1,0,0,1,0.06,1190,199,631,460,111,21,1190,9,4,44.4,4,44.4,607,3416,2328,13,14,0,11,2,727,11,4,0,0,16,5,0,4,19,15,0,0,0,61,41,28,59.4,,,,,,,,,,,,,,,,,,,,,,,,,,,,,,,,2024-2025
928,Fran,es ESP,GK,Real Madrid,es La Liga,19.0,2005.0,1,1,90,1.0,0,0,0,0,0,0,0,0,0.0,0.0,0.0,0.0,0.0,0.0,0,0,0,0,0,,0.0,0.0,,,,0,0,0,0.0,0.0,,0.0,0.0,19,20,95.0,386,262,0,0.0,0.0,0.0,0,0,0,0,0,15,5,1,0,0,0,0,0,0,0,0,19,0,0,0,0,0,0,,0,0,0,0,0,0,2,0,0,0.0,0,0,0,0,0,0,0,0.0,22,20,22,0,0,0,22,0,0,,0,,12,40,23,0,0,0,0,0,13,0,0,0,0,0,0,0,0,0,0,0,0,0,1,0,0,,2.0,2.0,2.0,0.0,0.0,0.0,0.0,1.0,0.0,0.0,0.0,0.0,0.0,0.0,0.9,0.43,-1.1,-1.14,1.0,2.0,50.0,16.0,3.0,12.5,24.0,5.0,1.0,20.0,1.0,1.0,12.0,2024-2025
929,Matheus França,br BRA,"MF,FW",Crystal Palace,eng Premier League,20.0,2004.0,4,0,55,0.6,1,0,1,1,0,0,0,0,0.3,0.3,0.0,0.3,1.64,0.42,4,3,4,6,3,50.0,9.82,4.91,0.17,0.33,15.8,0,0,0,0.3,0.3,0.04,0.7,0.7,10,17,58.8,155,75,0,0.0,0.2,0.0,0,1,0,0,3,14,1,0,0,0,1,0,0,0,0,0,10,2,0,0,2,0,0,,0,1,1,0,1,3,1,0,3,4.91,2,0,0,1,0,0,0,0.0,33,2,5,11,17,7,33,0,0,,0,,20,130,85,4,1,3,2,0,22,4,0,0,0,0,0,0,1,1,0,0,0,0,3,1,2,33.3,,,,,,,,,,,,,,,,,,,,,,,,,,,,,,,,2024-2025
930,Alejandro Francés,es ESP,DF,Girona,es La Liga,21.0,2002.0,18,13,1173,13.0,0,0,0,0,0,0,2,0,0.2,0.2,0.3,0.6,0.0,0.04,18,63,21,6,0,0.0,0.46,0.0,0.0,,20.7,0,0,0,0.2,0.2,0.03,-0.2,-0.2,685,813,84.3,12756,3792,0,0.3,0.5,-0.3,4,69,6,3,63,695,116,20,1,10,25,96,0,0,0,0,685,36,24,22,13,1,40,70.0,12,17,8,9,17,53,52,0,16,1.23,15,0,0,1,0,0,1,0.08,969,66,343,503,130,7,969,14,7,50.0,6,42.9,496,2628,1469,18,9,1,8,1,632,21,2,0,0,20,14,1,25,17,24,0,0,0,37,6,13,31.6,,,,,,,,,,,,,,,,,,,,,,,,,,,,,,,,2024-2025
932,Enric Franquesa,es ESP,"DF,FW",Leganés,es La Liga,27.0,1997.0,12,7,616,6.8,1,0,1,1,0,0,1,0,0.3,0.3,0.1,0.4,0.15,0.06,11,12,30,3,1,33.3,0.44,0.15,0.33,1.0,16.8,0,0,0,0.3,0.3,0.1,0.7,0.7,158,225,70.2,2513,1004,0,0.1,0.1,-0.1,2,5,2,2,12,179,43,0,0,0,16,43,0,0,0,0,158,17,9,9,6,2,13,69.2,4,7,1,6,5,22,12,0,6,0.88,4,0,0,1,0,1,0,0.0,306,12,89,157,68,6,306,21,9,42.9,7,33.3,133,793,337,11,10,2,21,2,151,30,1,0,0,8,6,0,16,5,9,0,0,0,29,5,5,50.0,,,,,,,,,,,,,,,,,,,,,,,,,,,,,,,,2024-2025
933,Ryan Fraser,sct SCO,"FW,DF",Southampton,eng Premier League,30.0,1994.0,8,4,306,3.4,0,0,0,0,0,0,0,1,0.0,0.0,0.1,0.1,0.0,0.04,10,8,18,1,1,100.0,0.29,0.29,0.0,0.0,31.6,0,0,0,0.0,0.0,0.03,0.0,0.0,77,103,74.8,1121,208,0,0.1,0.1,-0.1,2,3,1,0,8,97,5,0,0,0,12,3,2,2,0,0,77,6,2,2,4,0,6,66.7,2,1,1,0,1,7,9,0,5,1.47,5,0,0,0,0,0,0,0.0,131,12,45,50,37,3,131,3,2,66.7,1,33.3,74,492,252,10,5,2,4,2,94,18,0,1,0,1,4,1,12,1,2,0,1,0,10,2,3,40.0,,,,,,,,,,,,,,,,,,,,,,,,,,,,,,,,2024-2025
934,Davide Frattesi,it ITA,MF,Inter,it Serie A,24.0,1999.0,27,9,1158,12.9,5,1,6,5,0,0,1,0,4.0,4.0,0.8,4.8,0.47,0.35,23,31,50,26,7,26.9,2.02,0.54,0.19,0.71,13.0,0,0,0,4.0,4.0,0.14,1.0,1.0,297,360,82.5,4304,880,1,0.8,0.8,0.2,7,20,5,1,31,344,14,10,5,0,8,4,0,0,0,0,297,17,8,6,10,1,18,55.6,8,12,4,8,5,22,14,1,19,1.4,13,0,2,2,2,0,2,0.15,499,20,96,261,152,44,499,18,7,38.9,7,38.9,296,1650,858,23,15,7,20,4,345,50,1,0,0,11,29,2,8,5,8,1,0,0,48,10,13,43.5,,,,,,,,,,,,,,,,,,,,,,,,,,,,,,,,2024-2025
935,Tyler Fredricson,eng ENG,DF,Manchester Utd,eng Premier League,19.0,2005.0,2,2,165,1.8,0,0,0,0,0,0,0,0,0.0,0.0,0.0,0.0,0.0,0.0,2,8,0,0,0,,0.0,0.0,,,,0,0,0,0.0,0.0,,0.0,0.0,110,122,90.2,1932,434,0,0.0,0.0,0.0,0,8,0,0,8,119,3,3,0,0,0,0,0,0,0,0,110,5,3,3,2,0,2,50.0,1,2,0,2,1,6,11,0,3,1.63,3,0,0,0,0,0,0,0.0,141,11,64,68,9,1,141,1,1,100.0,0,0.0,86,279,114,2,1,0,2,0,95,0,0,0,0,0,2,0,0,1,3,0,0,0,12,7,5,58.3,,,,,,,,,,,,,,,,,,,,,,,,,,,,,,,,2024-2025
936,Morten Frendrup,dk DEN,MF,Genoa,it Serie A,23.0,2001.0,35,35,3103,34.5,2,0,2,2,0,0,5,0,1.6,1.6,0.9,2.5,0.06,0.07,24,106,29,30,9,30.0,0.87,0.26,0.07,0.22,21.9,0,0,0,1.6,1.6,0.05,0.4,0.4,1067,1250,85.4,16062,3294,0,0.9,0.8,-0.9,14,79,11,0,106,1210,34,23,3,3,3,10,0,0,0,0,1067,102,61,23,52,27,78,43.6,44,62,16,46,47,149,57,0,53,1.54,46,0,0,0,3,4,4,0.12,1647,84,424,939,303,22,1647,24,10,41.7,11,45.8,737,3540,1548,24,20,5,41,24,876,29,5,0,0,51,31,1,3,47,61,0,0,1,184,30,37,44.8,,,,,,,,,,,,,,,,,,,,,,,,,,,,,,,,2024-2025
937,Martin Frese,dk DEN,DF,Hellas Verona,it Serie A,26.0,1998.0,11,5,549,6.1,0,0,0,0,0,0,0,0,0.1,0.1,0.2,0.2,0.0,0.04,7,19,12,2,0,0.0,0.33,0.0,0.0,,23.0,0,0,0,0.1,0.1,0.03,-0.1,-0.1,182,256,71.1,3018,1155,0,0.2,0.2,-0.2,5,14,4,0,19,220,35,3,0,0,10,32,0,0,0,0,182,18,11,7,10,1,13,53.8,6,5,1,4,8,26,16,1,10,1.64,5,3,0,1,1,0,1,0.16,320,19,104,158,59,4,320,2,0,0.0,0,0.0,153,674,390,7,6,0,4,0,174,12,0,0,0,9,9,0,10,8,11,0,0,0,14,10,10,50.0,,,,,,,,,,,,,,,,,,,,,,,,,,,,,,,,2024-2025
938,Remo Freuler,ch SUI,MF,Bologna,it Serie A,32.0,1992.0,37,37,3204,35.6,1,2,3,1,0,0,6,0,1.3,1.3,1.5,2.7,0.08,0.08,39,208,56,17,4,23.5,0.48,0.11,0.06,0.25,20.4,0,0,0,1.3,1.3,0.07,-0.3,-0.3,1704,1944,87.7,28701,7341,2,1.5,1.6,0.5,36,204,24,4,208,1825,113,94,3,5,19,17,0,0,0,0,1704,79,40,28,40,11,79,41.8,46,38,4,34,38,117,57,1,74,2.08,65,2,1,0,1,5,3,0.08,2245,67,394,1419,448,32,2245,13,5,38.5,7,53.8,1216,5508,2556,39,44,1,32,14,1506,56,6,0,0,47,18,1,19,38,40,0,0,0,146,28,28,50.0,,,,,,,,,,,,,,,,,,,,,,,,,,,,,,,,2024-2025
942,Jorge de Frutos,es ESP,"FW,MF",Rayo Vallecano,es La Liga,27.0,1997.0,36,30,2495,27.7,6,3,9,6,0,0,3,1,6.3,6.3,3.4,9.8,0.32,0.35,77,44,201,52,18,34.6,1.88,0.65,0.12,0.33,15.9,0,0,0,6.3,6.3,0.12,-0.3,-0.3,455,666,68.3,6332,1601,3,3.4,2.3,-0.4,31,22,28,13,44,643,19,1,3,1,69,16,0,0,0,0,455,37,21,16,13,8,46,30.4,32,22,0,22,19,56,24,1,62,2.24,48,0,6,2,4,2,10,0.36,1010,25,165,328,544,107,1010,104,32,30.8,62,59.6,605,3941,2074,77,50,28,81,38,675,201,3,1,0,41,33,9,69,19,21,0,0,0,111,15,24,38.5,,,,,,,,,,,,,,,,,,,,,,,,,,,,,,,,2024-2025
943,Darío Fuentes,es ESP,DF,Sevilla,es La Liga,21.0,2003.0,1,0,5,0.1,0,0,0,0,0,0,1,0,0.0,0.0,0.0,0.0,0.0,0.0,0,0,0,0,0,,0.0,0.0,,,,0,0,0,0.0,0.0,,0.0,0.0,0,2,0.0,0,0,0,0.0,0.0,0.0,0,0,0,0,0,0,2,0,0,0,0,2,0,0,0,0,0,0,0,0,0,0,0,,0,0,0,0,0,0,0,0,0,0.0,0,0,0,0,0,0,0,0.0,2,0,0,0,2,0,2,0,0,,0,,0,0,0,0,0,0,0,0,0,0,1,0,0,0,0,0,0,0,0,0,0,0,0,0,0,,,,,,,,,,,,,,,,,,,,,,,,,,,,,,,,,2024-2025
947,Niclas Füllkrug,de GER,FW,West Ham,eng Premier League,31.0,1993.0,18,6,790,8.8,3,2,5,3,0,0,2,0,2.2,2.2,1.9,4.1,0.57,0.46,7,14,31,16,7,43.8,1.82,0.8,0.19,0.43,10.3,0,0,0,2.2,2.2,0.14,0.8,0.8,133,198,67.2,1852,314,2,1.9,0.4,0.1,14,12,5,0,14,190,7,0,0,2,1,0,0,0,0,0,133,4,3,0,1,3,4,75.0,1,1,0,1,1,5,16,0,22,2.5,20,0,0,2,0,0,2,0.23,277,19,27,142,110,40,277,8,1,12.5,6,75.0,123,435,215,7,4,2,18,7,205,31,2,0,0,21,6,10,1,1,3,0,0,0,18,39,52,42.9,,,,,,,,,,,,,,,,,,,,,,,,,,,,,,,,2024-2025
949,Manuel Fuster,es ESP,"FW,MF",Las Palmas,es La Liga,26.0,1997.0,28,8,1003,11.1,2,1,3,2,0,0,2,0,0.7,0.7,1.8,2.5,0.27,0.23,23,71,75,18,7,38.9,1.62,0.63,0.11,0.29,23.2,0,0,0,0.7,0.7,0.04,1.3,1.3,478,624,76.6,8055,2300,1,1.8,1.8,-0.8,28,56,24,5,71,559,61,25,3,10,67,13,22,7,10,1,478,19,11,5,8,6,28,53.6,13,13,3,10,4,23,17,0,56,5.02,44,8,1,1,1,1,6,0.54,742,19,93,364,288,23,742,17,5,29.4,9,52.9,410,2011,1016,23,15,3,20,16,533,75,2,0,0,12,37,1,67,4,11,0,0,0,63,3,13,18.8,,,,,,,,,,,,,,,,,,,,,,,,,,,,,,,,2024-2025
950,Matteo Gabbia,it ITA,DF,Milan,it Serie A,24.0,1999.0,26,24,2152,23.9,2,0,2,2,0,0,4,0,1.1,1.1,0.2,1.3,0.08,0.05,13,74,2,14,4,28.6,0.59,0.17,0.14,0.5,11.3,0,0,0,1.1,1.1,0.08,0.9,0.9,1316,1443,91.2,26811,7732,0,0.2,0.2,-0.2,2,82,3,1,74,1397,42,35,0,11,2,4,0,0,0,0,1316,21,15,13,7,1,10,80.0,2,25,19,6,15,36,103,1,22,0.92,16,3,0,1,1,1,3,0.13,1635,188,837,759,41,21,1635,1,1,100.0,0,0.0,1023,4706,2481,13,5,0,5,1,1214,2,4,0,0,20,6,1,2,15,15,1,0,0,69,47,36,56.6,,,,,,,,,,,,,,,,,,,,,,,,,,,,,,,,2024-2025
951,Tommaso Gabellini,it ITA,FW,Torino,it Serie A,17.0,2006.0,1,0,10,0.1,0,0,0,0,0,0,0,0,0.1,0.1,0.0,0.1,0.0,0.45,1,0,0,1,0,0.0,9.0,0.0,0.0,,28.9,0,0,0,0.1,0.1,0.05,-0.1,-0.1,1,3,33.3,7,2,0,0.0,0.0,0.0,0,0,0,0,0,2,0,0,0,0,0,0,0,0,0,0,1,0,0,0,0,0,0,,0,0,0,0,0,0,0,0,0,0.0,0,0,0,0,0,0,0,0.0,4,0,0,1,3,0,4,0,0,,0,,4,37,37,1,1,0,0,0,3,0,0,0,0,0,0,0,0,0,0,0,0,0,1,0,0,,,,,,,,,,,,,,,,,,,,,,,,,,,,,,,,,2024-2025
952,Tiago Gabriel,pt POR,DF,Lecce,it Serie A,19.0,2004.0,2,0,96,1.1,0,0,0,0,0,0,0,0,0.0,0.0,0.0,0.0,0.0,0.0,0,1,0,0,0,,0.0,0.0,,,,0,0,0,0.0,0.0,,0.0,0.0,35,40,87.5,745,271,0,0.0,0.0,0.0,0,3,1,0,1,39,1,1,1,0,0,0,0,0,0,0,35,0,0,0,0,0,0,,0,4,2,2,0,0,11,0,1,0.94,1,0,0,0,0,0,0,0.0,56,9,33,23,0,0,56,0,0,,0,,31,121,56,0,0,0,0,0,32,0,0,0,0,0,0,0,0,0,0,0,0,0,2,5,1,83.3,,,,,,,,,,,,,,,,,,,,,,,,,,,,,,,,2024-2025
953,Alessandro Gabrielloni,it ITA,"FW,MF",Como,it Serie A,30.0,1994.0,15,0,142,1.6,1,1,2,1,0,0,1,0,0.3,0.3,0.8,1.1,1.27,0.68,5,6,13,5,2,40.0,3.17,1.27,0.2,0.5,17.7,0,0,0,0.3,0.3,0.06,0.7,0.7,28,49,57.1,439,103,1,0.8,0.2,0.2,4,3,1,0,6,46,3,0,0,0,1,1,0,0,0,0,28,0,0,0,0,0,3,0.0,3,0,0,0,0,0,1,0,6,3.78,4,0,0,1,1,0,1,0.63,64,3,5,25,36,7,64,0,0,,0,,43,247,128,5,2,1,2,3,44,13,1,0,0,6,4,1,1,0,0,0,0,0,12,3,11,21.4,,,,,,,,,,,,,,,,,,,,,,,,,,,,,,,,2024-2025
954,Gianluca Gaetano,it ITA,"MF,FW",Cagliari,it Serie A,24.0,2000.0,28,8,1009,11.2,2,4,6,2,0,0,0,0,4.9,4.9,2.2,7.1,0.54,0.63,11,41,82,30,6,20.0,2.68,0.54,0.07,0.33,17.2,2,0,0,4.9,4.9,0.16,-2.9,-2.9,258,357,72.3,4219,1182,4,2.2,2.3,1.8,22,27,13,0,41,334,23,5,3,5,24,3,10,3,7,0,258,11,8,4,6,1,15,33.3,10,8,0,8,6,17,8,0,48,4.28,29,6,4,6,3,0,5,0.45,490,10,44,225,224,43,490,27,14,51.9,13,48.1,297,1318,435,11,15,7,31,16,356,82,0,0,0,16,13,4,24,6,8,0,0,0,34,10,20,33.3,,,,,,,,,,,,,,,,,,,,,,,,,,,,,,,,2024-2025
955,Roberto Gagliardini,it ITA,"MF,DF",Monza,it Serie A,30.0,1994.0,8,0,180,2.0,0,0,0,0,0,0,1,0,0.0,0.0,0.2,0.2,0.0,0.09,5,11,3,0,0,,0.0,0.0,,,,0,0,0,0.0,0.0,,0.0,0.0,107,124,86.3,1852,449,0,0.2,0.0,-0.2,1,12,0,0,11,118,6,6,0,1,1,0,0,0,0,0,107,3,2,1,2,0,4,25.0,3,1,0,1,2,5,4,0,4,2.0,2,1,0,0,1,0,0,0.0,141,7,30,102,10,1,141,2,1,50.0,1,50.0,101,567,280,5,1,0,4,4,106,3,1,0,0,6,7,0,1,2,2,0,0,0,6,4,6,40.0,,,,,,,,,,,,,,,,,,,,,,,,,,,,,,,,2024-2025
956,Cody Gakpo,nl NED,FW,Liverpool,eng Premier League,25.0,1999.0,35,23,1935,21.5,10,4,14,10,0,0,5,0,7.1,7.1,4.4,11.5,0.65,0.53,59,52,278,57,22,38.6,2.65,1.02,0.18,0.45,15.1,0,0,0,7.1,7.1,0.12,2.9,2.9,480,634,75.7,6870,1656,4,4.4,3.8,-0.4,38,24,27,8,52,616,16,4,3,4,74,11,1,0,0,0,480,28,16,6,13,9,25,52.0,12,23,3,20,12,40,19,1,80,3.72,57,0,9,7,5,2,8,0.37,888,28,91,258,557,110,888,61,31,50.8,21,34.4,605,4320,2208,59,34,28,45,24,677,278,5,0,0,20,31,5,74,12,16,1,0,0,77,17,26,39.5,,,,,,,,,,,,,,,,,,,,,,,,,,,,,,,,2024-2025
957,Javi Galán,es ESP,DF,Atlético Madrid,es La Liga,29.0,1994.0,25,21,1784,19.8,0,3,3,0,0,0,8,0,0.2,0.2,3.9,4.1,0.15,0.2,52,54,107,9,0,0.0,0.45,0.0,0.0,,24.3,0,0,0,0.2,0.2,0.02,-0.2,-0.2,852,1028,82.9,12612,3739,3,3.9,3.1,-0.9,15,44,22,14,54,838,186,19,1,2,57,167,0,0,0,0,852,51,31,31,15,5,49,51.0,24,13,3,10,12,63,47,0,33,1.66,30,1,1,0,1,0,6,0.3,1270,51,406,529,344,16,1270,78,28,35.9,38,48.7,739,3917,2315,52,34,6,22,15,779,107,8,0,0,38,35,4,57,12,31,0,1,0,71,25,25,50.0,,,,,,,,,,,,,,,,,,,,,,,,,,,,,,,,2024-2025
958,Iñigo Ruiz de Galarreta,es ESP,MF,Athletic Club,es La Liga,30.0,1993.0,26,18,1477,16.4,0,4,4,0,0,0,5,0,0.5,0.5,2.9,3.4,0.24,0.21,27,137,39,11,1,9.1,0.67,0.06,0.0,0.0,24.1,0,0,0,0.5,0.5,0.05,-0.5,-0.5,683,844,80.9,12772,3749,4,2.9,2.7,1.1,28,101,25,3,137,805,34,26,6,8,29,0,6,1,5,0,683,36,22,11,17,8,31,64.5,11,11,4,7,16,52,14,2,50,3.04,43,4,2,1,0,0,6,0.37,978,21,153,618,222,8,978,23,16,69.6,5,21.7,524,2660,1266,27,14,3,17,16,672,39,5,0,0,43,17,1,29,16,22,0,0,0,120,8,12,40.0,,,,,,,,,,,,,,,,,,,,,,,,,,,,,,,,2024-2025
959,Conor Gallagher,eng ENG,MF,Atlético Madrid,es La Liga,24.0,2000.0,32,19,1633,18.1,3,3,6,3,0,0,2,0,2.8,2.8,1.2,3.9,0.33,0.22,24,64,64,22,4,18.2,1.21,0.22,0.14,0.75,19.7,0,0,0,2.8,2.8,0.13,0.2,0.2,714,840,85.0,9884,2176,3,1.2,1.1,1.8,12,47,14,1,64,818,16,6,3,1,13,8,1,1,0,0,714,45,32,16,19,10,49,44.9,27,23,5,18,20,65,23,0,32,1.76,24,0,4,0,3,1,8,0.44,1062,35,232,555,287,38,1062,42,17,40.5,18,42.9,674,2788,1104,24,23,7,25,23,755,64,2,0,0,32,39,1,13,20,32,1,0,0,107,9,21,30.0,,,,,,,,,,,,,,,,,,,,,,,,,,,,,,,,2024-2025
960,Antonino Gallo,it ITA,DF,Lecce,it Serie A,24.0,2000.0,31,31,2609,29.0,0,2,2,0,0,0,3,1,0.3,0.3,2.7,3.0,0.07,0.1,57,107,110,9,3,33.3,0.31,0.1,0.0,0.0,23.9,2,0,0,0.3,0.3,0.03,-0.3,-0.3,822,1241,66.2,15643,6924,2,2.7,2.7,-0.7,44,78,28,22,107,946,290,22,1,4,116,247,21,10,8,0,822,65,42,46,15,4,62,54.8,28,33,6,27,20,85,133,0,72,2.48,56,14,1,0,1,0,3,0.1,1587,116,577,638,386,15,1587,29,13,44.8,11,37.9,662,3630,1973,57,39,5,37,14,735,110,3,1,0,12,16,3,116,20,42,0,0,2,116,26,37,41.3,,,,,,,,,,,,,,,,,,,,,,,,,,,,,,,,2024-2025
963,Idrissa Gana Gueye,sn SEN,MF,Everton,eng Premier League,34.0,1989.0,37,35,3063,34.0,0,3,3,0,0,0,9,0,1.1,1.1,1.7,2.8,0.09,0.08,27,145,27,27,5,18.5,0.79,0.15,0.0,0.0,25.2,0,0,0,1.1,1.1,0.04,-1.1,-1.1,1230,1422,86.5,20779,5681,3,1.7,2.0,1.3,19,154,10,3,145,1388,27,7,2,7,7,7,0,0,0,0,1230,133,80,61,55,17,99,58.6,41,48,9,39,48,181,36,1,60,1.76,52,0,1,2,3,2,4,0.12,1801,72,432,1045,336,21,1801,39,18,46.2,19,48.7,861,4046,1752,27,27,4,32,38,1048,27,9,0,0,55,46,0,7,48,80,0,0,0,194,24,15,61.5,,,,,,,,,,,,,,,,,,,,,,,,,,,,,,,,2024-2025
965,Silvère Ganvoula M'Boussy,cg CGO,FW,Monza,it Serie A,28.0,1996.0,7,4,326,3.6,0,0,0,0,0,0,0,0,0.4,0.4,0.2,0.6,0.0,0.16,3,4,21,4,1,25.0,1.1,0.28,0.0,0.0,11.3,0,0,0,0.4,0.4,0.09,-0.4,-0.4,37,60,61.7,595,78,0,0.2,0.0,-0.2,1,3,0,0,4,51,9,0,0,0,0,0,0,0,0,0,37,0,0,0,0,0,1,0.0,1,1,0,1,1,1,5,0,4,1.1,2,0,0,1,1,0,0,0.0,103,4,7,61,36,11,103,8,2,25.0,5,62.5,73,325,84,3,4,3,18,8,83,21,0,0,0,4,8,1,0,1,0,0,0,0,6,15,12,55.6,,,,,,,,,,,,,,,,,,,,,,,,,,,,,,,,2024-2025
966,Facundo Garcés,my MAS,DF,Alavés,es La Liga,24.0,1999.0,10,7,678,7.5,0,0,0,0,0,0,2,0,0.1,0.1,0.8,0.9,0.0,0.12,3,12,3,5,1,20.0,0.66,0.13,0.0,0.0,15.5,0,0,0,0.1,0.1,0.02,-0.1,-0.1,150,197,76.1,3011,1258,0,0.8,0.7,-0.8,3,8,1,0,12,185,12,11,0,0,1,1,0,0,0,0,150,6,2,4,2,0,5,60.0,2,8,6,2,5,11,51,0,3,0.4,1,0,0,2,0,0,0,0.0,280,44,122,137,21,13,280,0,0,,0,,114,484,187,3,0,0,2,0,129,3,2,0,0,7,2,0,1,5,2,0,1,0,14,13,14,48.1,,,,,,,,,,,,,,,,,,,,,,,,,,,,,,,,2024-2025
968,Álvaro García,es ESP,"FW,MF",Rayo Vallecano,es La Liga,31.0,1992.0,36,28,2559,28.4,4,5,9,4,0,0,4,0,7.6,7.6,5.0,12.6,0.32,0.44,68,71,245,71,26,36.6,2.5,0.91,0.06,0.15,16.9,0,0,0,7.6,7.6,0.11,-3.6,-3.6,543,841,64.6,8345,2525,5,5.0,5.9,0.0,50,27,44,18,71,818,18,1,2,6,109,7,1,1,0,0,543,33,24,19,8,6,31,38.7,19,31,0,31,32,65,42,1,104,3.66,82,0,2,13,5,2,7,0.25,1164,31,204,357,611,127,1164,27,10,37.0,15,55.6,644,3004,1484,68,28,25,61,16,746,245,4,0,0,18,19,16,109,32,24,1,1,0,94,9,18,33.3,,,,,,,,,,,,,,,,,,,,,,,,,,,,,,,,2024-2025
969,Andrés García,es ESP,"DF,MF",Aston Villa,eng Premier League,21.0,2003.0,7,5,318,3.5,0,0,0,0,0,0,0,0,0.0,0.0,0.2,0.2,0.0,0.06,26,15,28,2,0,0.0,0.57,0.0,0.0,,26.6,0,0,0,0.0,0.0,0.02,0.0,0.0,174,201,86.6,2725,577,0,0.2,0.4,-0.2,3,9,8,5,15,176,25,0,0,0,18,25,0,0,0,0,174,9,5,5,3,1,8,50.0,4,2,0,2,2,11,10,2,3,0.85,3,0,0,0,0,0,0,0.0,256,8,38,108,112,2,256,18,5,27.8,12,66.7,159,1262,673,26,13,2,10,6,168,28,0,0,0,1,0,0,18,2,5,0,0,0,15,0,6,0.0,,,,,,,,,,,,,,,,,,,,,,,,,,,,,,,,2024-2025
970,Eric García,es ESP,"DF,MF",Barcelona,es La Liga,23.0,2001.0,29,14,1566,17.4,2,3,5,2,0,0,4,0,2.3,2.3,0.8,3.1,0.29,0.18,18,109,22,14,8,57.1,0.8,0.46,0.14,0.25,10.7,0,0,0,2.3,2.3,0.17,-0.3,-0.3,1234,1340,92.1,20485,7124,3,0.8,1.6,2.2,7,142,14,3,109,1269,69,24,4,3,7,44,0,0,0,0,1234,38,21,11,24,3,29,69.0,9,24,8,16,14,52,41,0,32,1.84,29,0,0,3,0,0,7,0.4,1517,66,369,927,225,25,1517,12,5,41.7,5,41.7,852,3500,1877,18,12,1,17,5,1125,22,4,0,0,20,8,0,7,14,21,0,0,0,54,27,25,51.9,,,,,,,,,,,,,,,,,,,,,,,,,,,,,,,,2024-2025
971,Fran Garcia,es ESP,DF,Real Madrid,es La Liga,24.0,1999.0,31,24,2171,24.1,0,2,2,0,0,0,0,0,0.9,0.9,1.8,2.7,0.08,0.11,78,119,177,14,3,21.4,0.58,0.12,0.0,0.0,19.4,0,0,0,0.9,0.9,0.06,-0.9,-0.9,1344,1551,86.7,19116,5223,2,1.8,2.3,0.2,24,87,23,9,119,1350,199,30,1,5,66,169,0,0,0,0,1344,51,36,29,16,6,51,54.9,23,27,5,22,28,79,67,1,56,2.32,50,0,1,3,0,2,3,0.12,1792,71,498,703,606,33,1792,23,8,34.8,15,65.2,1001,4606,2683,78,52,15,20,10,1162,177,0,0,0,13,22,4,66,28,36,0,0,0,106,17,21,44.7,,,,,,,,,,,,,,,,,,,,,,,,,,,,,,,,2024-2025
972,Gonzalo García,es ESP,"FW,DF",Real Madrid,es La Liga,20.0,2004.0,3,0,56,0.6,0,1,1,0,0,0,0,0,0.5,0.5,1.0,1.5,1.61,2.35,0,0,3,1,0,0.0,1.61,0.0,0.0,,4.8,0,0,0,0.5,0.5,0.49,-0.5,-0.5,19,20,95.0,245,20,1,1.0,0.6,0.0,1,0,0,0,0,20,0,0,0,0,0,0,0,0,0,0,19,0,0,0,0,0,0,,0,1,0,1,0,0,0,0,2,3.21,2,0,0,0,0,0,1,1.61,22,0,1,6,15,5,22,0,0,,0,,14,66,19,0,0,0,0,3,17,3,0,0,0,0,0,0,0,0,0,0,0,0,1,1,0,100.0,,,,,,,,,,,,,,,,,,,,,,,,,,,,,,,,2024-2025
973,Joan García,es ESP,GK,Espanyol,es La Liga,23.0,2001.0,38,38,3420,38.0,0,0,0,0,0,0,2,0,0.1,0.1,0.0,0.1,0.0,0.0,0,1,0,1,1,100.0,0.03,0.03,0.0,0.0,10.5,0,0,0,0.1,0.1,0.07,-0.1,-0.1,901,1259,71.6,25475,19491,0,0.0,0.1,0.0,0,25,1,0,1,913,343,127,0,5,0,0,0,0,0,0,901,0,0,0,0,0,1,0.0,1,1,0,1,0,0,18,4,9,0.24,5,4,0,0,0,0,1,0.03,1348,1137,1341,7,1,1,1348,0,0,,0,,781,4759,3182,0,0,0,2,0,524,0,2,0,0,0,7,0,0,0,0,0,0,0,35,21,1,95.5,51.0,1.34,192.0,140.0,75.5,11.0,9.0,18.0,8.0,21.1,6.0,4.0,2.0,0.0,57.7,0.28,7.7,0.2,194.0,526.0,36.9,1040.0,197.0,37.6,34.8,670.0,64.0,9.6,35.0,0.92,12.0,2024-2025
974,Pablo Garcia,es ESP,FW,Betis,es La Liga,17.0,2006.0,3,0,38,0.4,0,0,0,0,0,0,0,0,0.0,0.0,0.0,0.0,0.0,0.0,2,0,8,0,0,,0.0,0.0,,,,0,0,0,0.0,0.0,,0.0,0.0,10,14,71.4,186,18,0,0.0,0.2,0.0,0,0,0,0,0,13,1,0,0,1,2,1,0,0,0,0,10,0,0,0,0,0,0,,0,1,0,1,0,0,0,0,2,4.62,1,0,1,0,0,0,0,0.0,23,0,3,7,14,2,23,2,1,50.0,1,50.0,16,120,59,2,0,1,3,1,15,8,0,0,0,0,0,1,2,0,0,0,0,0,3,0,0,,,,,,,,,,,,,,,,,,,,,,,,,,,,,,,,,2024-2025
975,Rubén García,es ESP,"FW,MF",Osasuna,es La Liga,31.0,1993.0,36,30,2413,26.8,5,5,10,5,0,0,2,0,3.2,3.2,3.6,6.8,0.37,0.25,37,112,157,27,10,37.0,1.01,0.37,0.19,0.5,16.1,3,0,0,3.2,3.2,0.12,1.8,1.8,903,1215,74.3,15826,3984,5,3.6,4.6,1.4,49,77,31,16,112,1069,139,44,1,25,136,12,72,31,14,2,903,52,31,20,21,11,60,43.3,34,37,3,34,15,67,34,1,104,3.88,62,32,2,4,4,0,12,0.45,1467,31,205,649,629,64,1467,36,12,33.3,20,55.6,779,3542,1382,37,46,13,39,21,969,157,2,0,0,36,31,10,136,15,31,1,0,0,122,28,37,43.1,,,,,,,,,,,,,,,,,,,,,,,,,,,,,,,,2024-2025
977,Unai García,es ESP,DF,Osasuna,es La Liga,32.0,1992.0,3,1,65,0.7,0,0,0,0,0,0,0,0,0.0,0.0,0.0,0.0,0.0,0.0,0,3,0,0,0,,0.0,0.0,,,,0,0,0,0.0,0.0,,0.0,0.0,36,38,94.7,805,278,0,0.0,0.0,0.0,0,1,0,0,3,36,2,2,0,1,0,0,0,0,0,0,36,0,0,0,0,0,0,,0,1,0,1,0,0,1,0,0,0.0,0,0,0,0,0,0,0,0.0,43,5,25,16,2,1,43,0,0,,0,,19,63,41,0,0,0,1,0,31,0,0,0,0,3,3,0,0,0,0,0,0,0,2,1,5,16.7,,,,,,,,,,,,,,,,,,,,,,,,,,,,,,,,2024-2025
978,Alejandro Garnacho,ar ARG,"MF,FW",Manchester Utd,eng Premier League,20.0,2004.0,36,23,2199,24.4,6,2,8,6,0,0,3,0,7.3,7.3,4.5,11.8,0.33,0.48,141,56,290,84,29,34.5,3.44,1.19,0.07,0.21,17.0,0,0,0,7.3,7.3,0.09,-1.3,-1.3,649,823,78.9,9138,1181,2,4.5,2.8,-2.5,37,22,25,5,56,798,24,3,2,9,56,16,2,1,0,0,649,30,18,11,6,13,37,32.4,25,19,0,19,13,43,11,2,83,3.4,64,1,3,9,6,0,6,0.25,1159,13,130,364,683,176,1159,89,26,29.2,55,61.8,840,6365,3245,141,72,67,64,48,888,290,3,0,0,12,43,10,56,13,18,0,0,0,108,3,24,11.1,,,,,,,,,,,,,,,,,,,,,,,,,,,,,,,,2024-2025
979,James Garner,eng ENG,"MF,DF",Everton,eng Premier League,23.0,2001.0,21,17,1594,17.7,0,1,1,0,0,0,5,0,0.7,0.7,1.4,2.1,0.06,0.12,15,50,30,12,4,33.3,0.68,0.23,0.0,0.0,20.4,1,0,0,0.7,0.7,0.06,-0.7,-0.7,611,803,76.1,10658,3158,1,1.4,1.4,-0.4,13,60,7,4,50,687,110,17,2,2,57,42,23,16,4,2,611,47,31,25,20,2,41,58.5,17,20,4,16,23,70,37,0,39,2.2,27,11,0,0,0,1,5,0.28,977,40,226,511,248,15,977,19,7,36.8,12,63.2,478,2187,842,15,19,2,16,9,550,30,5,0,0,20,15,0,57,23,31,0,0,0,73,11,13,45.8,,,,,,,,,,,,,,,,,,,,,,,,,,,,,,,,2024-2025
980,Yarek Gasiorowski,es ESP,DF,Valencia,es La Liga,19.0,2005.0,15,9,947,10.5,0,0,0,0,0,0,1,0,1.1,1.1,0.1,1.2,0.0,0.12,9,38,0,3,0,0.0,0.29,0.0,0.0,,7.6,0,0,0,1.1,1.1,0.38,-1.1,-1.1,387,482,80.3,7508,2627,0,0.1,0.3,-0.1,3,43,3,1,38,448,34,17,1,1,3,16,0,0,0,0,387,19,16,16,3,0,13,69.2,4,17,6,11,26,45,60,0,7,0.67,5,1,0,0,1,0,0,0.0,620,73,295,309,22,6,620,0,0,,0,,276,1329,736,9,2,0,1,0,337,0,1,0,0,5,2,0,3,26,16,0,0,0,40,24,13,64.9,,,,,,,,,,,,,,,,,,,,,,,,,,,,,,,,2024-2025
981,Federico Gatti,it ITA,DF,Juventus,it Serie A,26.0,1998.0,30,26,2195,24.4,1,0,1,1,0,0,2,0,2.5,2.5,0.5,2.9,0.04,0.12,24,73,6,25,9,36.0,1.03,0.37,0.04,0.11,14.4,0,0,0,2.5,2.5,0.1,-1.5,-1.5,1387,1460,95.0,25073,7810,0,0.5,0.3,-0.5,6,58,3,0,73,1419,39,25,0,1,1,4,0,0,0,0,1387,28,23,18,8,2,24,58.3,10,27,18,9,18,46,76,2,26,1.07,17,0,1,5,1,2,2,0.08,1687,170,788,851,63,27,1687,13,7,53.8,5,38.5,1165,7650,4081,24,14,1,12,8,1290,6,2,0,0,20,19,1,1,18,23,1,0,0,110,37,26,58.7,,,,,,,,,,,,,,,,,,,,,,,,,,,,,,,,2024-2025
982,Gavi,es ESP,"MF,FW",Barcelona,es La Liga,19.0,2004.0,26,14,1085,12.1,1,1,2,1,0,0,4,0,0.9,0.9,1.6,2.4,0.17,0.2,13,77,42,11,1,9.1,0.91,0.08,0.09,1.0,15.3,0,0,0,0.9,0.9,0.08,0.1,0.1,733,814,90.0,10848,2687,1,1.6,1.5,-0.6,14,92,11,1,77,792,21,13,1,5,9,5,1,0,0,0,733,30,21,10,15,5,26,57.7,11,14,1,13,10,40,7,0,39,3.24,37,0,1,1,0,0,4,0.33,943,10,107,601,240,34,943,18,9,50.0,5,27.8,557,2274,1128,13,16,1,19,9,712,42,4,0,0,38,26,1,9,10,21,0,0,0,61,21,26,44.7,,,,,,,,,,,,,,,,,,,,,,,,,,,,,,,,2024-2025
983,Paulo Gazzaniga,ar ARG,GK,Girona,es La Liga,32.0,1992.0,36,36,3195,35.5,0,0,0,0,0,0,4,0,0.0,0.0,0.0,0.0,0.0,0.0,0,0,0,0,0,,0.0,0.0,,,,0,0,0,0.0,0.0,,0.0,0.0,969,1211,80.0,23463,15697,0,0.0,0.0,0.0,0,11,0,0,0,971,235,55,0,1,0,0,0,0,0,0,969,1,1,1,0,0,1,100.0,0,1,0,1,0,1,17,3,1,0.03,1,0,0,0,0,0,0,0.0,1289,1118,1283,6,0,0,1289,4,3,75.0,1,25.0,775,3613,2167,0,0,0,1,0,749,0,4,0,0,1,3,0,0,0,1,0,0,0,47,1,2,33.3,51.0,1.44,143.0,90.0,65.7,11.0,8.0,17.0,8.0,22.2,5.0,2.0,3.0,0.0,45.4,0.29,-4.6,-0.13,93.0,298.0,31.2,1026.0,137.0,21.6,29.4,419.0,36.0,8.6,33.0,0.93,12.6,2024-2025
987,David de Gea,es ESP,GK,Fiorentina,it Serie A,33.0,1990.0,34,34,3060,34.0,0,1,1,0,0,0,1,0,0.0,0.0,0.4,0.4,0.03,0.01,0,0,0,0,0,,0.0,0.0,,,,0,0,0,0.0,0.0,,0.0,0.0,832,1136,73.2,25780,19540,1,0.4,0.0,0.6,3,22,0,0,0,803,324,83,0,1,0,0,0,0,0,0,832,1,0,1,0,0,1,100.0,0,0,0,0,0,1,12,0,10,0.29,8,2,0,0,0,0,3,0.09,1207,1055,1204,3,0,0,1207,0,0,,0,,675,3252,1943,0,0,0,0,0,583,0,1,0,0,0,2,0,0,0,0,0,0,0,26,6,0,100.0,38.0,1.12,133.0,94.0,72.2,18.0,5.0,11.0,10.0,29.4,3.0,1.0,2.0,0.0,37.0,0.26,0.0,0.0,218.0,490.0,44.5,886.0,129.0,40.1,35.8,478.0,13.0,2.7,28.0,0.8,14.5,2024-2025
991,Valentin Gendrey,fr FRA,DF,Lecce,it Serie A,24.0,2000.0,2,2,180,2.0,0,0,0,0,0,0,0,0,0.2,0.2,0.1,0.3,0.0,0.14,7,5,4,2,0,0.0,1.0,0.0,0.0,,12.2,0,0,0,0.2,0.2,0.09,-0.2,-0.2,42,55,76.4,745,342,0,0.1,0.1,-0.1,2,5,2,1,5,41,14,0,0,0,3,14,0,0,0,0,42,2,2,1,0,1,1,100.0,0,3,1,2,2,4,1,0,3,1.5,2,1,0,0,0,0,0,0.0,69,3,16,38,15,3,69,0,0,,0,,32,254,144,7,4,0,1,0,39,4,0,0,0,1,2,0,3,2,2,0,0,0,3,1,3,25.0,,,,,,,,,,,,,,,,,,,,,,,,,,,,,,,,2024-2025
994,Tyrique George,eng ENG,FW,Chelsea,eng Premier League,18.0,2006.0,8,1,183,2.0,1,1,2,1,0,0,1,0,0.2,0.2,0.7,0.9,0.98,0.46,9,3,22,3,1,33.3,1.48,0.49,0.33,1.0,15.0,0,0,0,0.2,0.2,0.07,0.8,0.8,43,54,79.6,551,85,1,0.7,0.3,0.3,6,0,1,0,3,53,1,0,0,0,3,1,0,0,0,0,43,2,0,2,0,0,3,66.7,1,1,0,1,2,4,1,0,7,3.44,6,0,1,0,0,0,1,0.49,70,1,11,21,39,9,70,5,3,60.0,2,40.0,46,373,209,9,1,5,3,0,53,22,1,0,0,3,0,2,3,2,0,0,0,0,4,0,4,0.0,,,,,,,,,,,,,,,,,,,,,,,,,,,,,,,,2024-2025
997,Daniele Ghilardi,it ITA,DF,Hellas Verona,it Serie A,21.0,2003.0,24,21,2029,22.5,0,0,0,0,0,0,7,1,0.6,0.6,0.2,0.8,0.0,0.04,16,57,7,12,4,33.3,0.53,0.18,0.0,0.0,13.4,0,0,0,0.6,0.6,0.05,-0.6,-0.6,633,807,78.4,12335,4429,0,0.2,0.4,-0.2,6,59,3,3,57,756,48,19,1,10,10,28,0,0,0,0,633,44,29,27,17,0,41,61.0,16,29,15,14,30,74,106,0,16,0.71,11,0,0,0,4,1,1,0.04,1070,118,479,529,67,18,1070,9,2,22.2,2,22.2,529,2685,1318,16,16,1,9,2,606,7,7,1,0,33,29,0,10,30,29,0,0,0,55,41,41,50.0,,,,,,,,,,,,,,,,,,,,,,,,,,,,,,,,2024-2025
998,Lautaro Gianetti,ar ARG,DF,Udinese,it Serie A,30.0,1993.0,15,11,878,9.8,1,0,1,1,0,0,4,0,0.1,0.0,0.1,0.1,0.1,0.02,0,19,3,2,2,100.0,0.21,0.21,0.5,0.5,13.9,0,0,0,0.1,0.0,0.0,0.9,1.0,317,384,82.6,5789,2039,0,0.1,0.3,-0.1,2,13,2,0,19,340,44,19,0,2,0,2,0,0,0,0,317,22,10,16,5,1,20,70.0,6,20,10,10,15,37,49,1,4,0.41,4,0,0,0,0,0,0,0.0,499,104,288,195,18,8,499,2,0,0.0,2,100.0,207,860,266,0,1,1,2,0,256,3,4,0,0,7,0,0,0,15,10,0,1,2,28,30,12,71.4,,,,,,,,,,,,,,,,,,,,,,,,,,,,,,,,2024-2025
1000,Morgan Gibbs-White,eng ENG,MF,Nott'ham Forest,eng Premier League,24.0,2000.0,34,34,2803,31.1,7,8,15,7,0,0,11,1,6.3,6.3,5.0,11.2,0.48,0.36,69,164,137,61,21,34.4,1.96,0.67,0.11,0.33,17.4,4,0,0,6.3,6.3,0.1,0.7,0.7,993,1269,78.3,15389,4754,8,5.0,4.7,3.0,51,128,41,10,164,1241,18,7,19,12,45,1,1,0,0,0,993,43,22,14,23,6,33,51.5,16,18,5,13,23,66,29,1,115,3.69,94,0,3,8,5,5,19,0.61,1627,35,185,830,637,92,1627,77,31,40.3,35,45.5,923,5093,2566,69,52,13,70,44,1227,137,11,1,1,38,40,7,45,23,22,1,0,0,127,40,55,42.1,,,,,,,,,,,,,,,,,,,,,,,,,,,,,,,,2024-2025
1001,Samuel Gigot,fr FRA,DF,Lazio,it Serie A,30.0,1993.0,15,7,683,7.6,2,0,2,2,0,0,2,0,1.3,1.3,0.0,1.3,0.26,0.17,7,12,5,4,3,75.0,0.53,0.4,0.5,0.67,8.5,0,0,0,1.3,1.3,0.33,0.7,0.7,287,312,92.0,4838,1235,0,0.0,0.1,0.0,0,13,0,0,12,295,17,12,0,0,0,1,0,0,0,0,287,4,3,1,3,0,1,0.0,1,8,6,2,13,17,36,0,6,0.79,6,0,0,0,0,0,1,0.13,391,54,186,185,22,8,391,2,1,50.0,1,50.0,205,851,467,7,3,0,4,1,258,5,2,0,0,8,9,1,0,13,3,0,1,0,15,18,5,78.3,,,,,,,,,,,,,,,,,,,,,,,,,,,,,,,,2024-2025
1003,Bryan Gil,es ESP,"FW,MF",Girona,es La Liga,23.0,2001.0,25,21,1721,19.1,3,3,6,3,0,0,4,0,2.3,2.3,2.9,5.2,0.31,0.27,76,74,210,32,15,46.9,1.67,0.78,0.09,0.2,19.0,0,0,0,2.3,2.3,0.07,0.7,0.7,621,759,81.8,8853,1808,3,2.9,3.2,0.1,21,27,33,7,74,731,23,1,0,0,78,8,14,6,6,0,621,34,20,10,15,9,30,46.7,16,24,0,24,10,44,9,4,56,2.93,39,3,8,1,4,1,5,0.26,1019,9,110,356,568,82,1019,104,41,39.4,52,50.0,715,4663,2103,76,43,34,56,39,795,210,4,0,0,22,40,4,78,10,20,0,0,0,78,0,5,0.0,,,,,,,,,,,,,,,,,,,,,,,,,,,,,,,,2024-2025
1004,Mario Gila,es ESP,DF,Lazio,it Serie A,23.0,2000.0,32,31,2741,30.5,1,0,1,1,0,0,8,0,1.1,1.1,0.6,1.7,0.03,0.05,48,157,12,15,4,26.7,0.49,0.13,0.07,0.25,16.7,0,0,0,1.1,1.1,0.07,-0.1,-0.1,1877,2049,91.6,36948,12033,0,0.6,1.0,-0.6,15,161,9,1,157,1956,89,55,4,20,6,7,0,0,0,0,1877,55,37,35,18,2,56,66.1,19,20,13,7,28,83,115,4,38,1.25,34,1,0,2,0,1,1,0.03,2339,241,976,1249,133,28,2339,15,4,26.7,8,53.3,1477,8485,4757,48,37,0,17,7,1673,12,8,0,0,32,30,0,6,28,37,0,0,1,153,66,62,51.6,,,,,,,,,,,,,,,,,,,,,,,,,,,,,,,,2024-2025
1005,Billy Gilmour,sct SCO,MF,Brighton,eng Premier League,23.0,2001.0,2,1,98,1.1,0,0,0,0,0,0,0,0,0.1,0.1,0.0,0.1,0.0,0.07,2,11,2,1,0,0.0,0.92,0.0,0.0,,25.5,1,0,0,0.1,0.1,0.08,-0.1,-0.1,58,67,86.6,980,346,0,0.0,0.0,0.0,0,12,2,0,11,65,2,1,1,2,1,0,1,1,0,0,58,3,3,2,1,0,4,75.0,1,1,0,1,0,3,1,0,3,2.76,3,0,0,0,0,0,0,0.0,73,2,14,46,13,0,73,2,1,50.0,1,50.0,44,210,117,2,0,0,0,0,58,2,0,0,0,2,3,0,1,0,3,0,0,0,5,0,0,,,,,,,,,,,,,,,,,,,,,,,,,,,,,,,,,2024-2025
1006,Billy Gilmour,sct SCO,MF,Napoli,it Serie A,23.0,2001.0,26,13,1177,13.1,0,1,1,0,0,0,0,0,0.5,0.5,1.8,2.3,0.08,0.18,11,67,18,9,1,11.1,0.69,0.08,0.0,0.0,22.3,0,0,0,0.5,0.5,0.06,-0.5,-0.5,804,908,88.5,14176,3784,1,1.8,1.9,-0.8,21,65,12,2,67,878,30,18,3,3,18,2,10,7,3,0,804,24,16,10,9,5,20,60.0,8,6,1,5,9,33,23,0,40,3.06,29,6,1,2,2,0,4,0.31,1006,43,263,587,157,5,1006,10,5,50.0,4,40.0,540,2182,991,11,12,0,11,5,782,18,0,0,0,14,16,0,18,9,16,0,0,0,64,9,10,47.4,,,,,,,,,,,,,,,,,,,,,,,,,,,,,,,,2024-2025
1008,Santiago Giménez,mx MEX,FW,Milan,it Serie A,23.0,2001.0,14,7,669,7.4,5,2,7,5,0,1,3,1,4.8,4.0,0.9,4.9,0.94,0.77,13,6,38,22,9,40.9,2.96,1.21,0.23,0.56,13.5,0,0,1,4.8,4.0,0.18,0.2,1.0,79,98,80.6,962,169,2,0.9,0.5,1.1,6,5,2,1,6,82,16,0,1,0,2,2,1,0,0,0,79,5,3,0,4,1,4,75.0,1,3,1,2,1,6,13,0,16,2.15,11,0,4,1,0,0,4,0.54,189,13,24,71,97,37,188,19,7,36.8,12,63.2,101,526,282,13,5,5,22,2,121,38,3,1,0,11,4,7,2,1,3,0,0,0,14,7,11,38.9,,,,,,,,,,,,,,,,,,,,,,,,,,,,,,,,2024-2025
1009,Gvidas Gineitis,lt LTU,MF,Torino,it Serie A,20.0,2004.0,30,15,1430,15.9,3,1,4,3,0,0,5,0,1.3,1.3,2.0,3.3,0.25,0.21,15,36,43,29,8,27.6,1.83,0.5,0.1,0.38,25.5,2,0,0,1.3,1.3,0.04,1.7,1.7,399,534,74.7,6511,1895,1,2.0,2.2,-1.0,21,38,7,2,36,487,42,12,2,0,51,5,25,14,9,0,399,25,15,8,10,7,25,52.0,12,16,6,10,18,43,32,0,39,2.45,26,6,0,4,2,1,2,0.13,715,36,145,327,250,24,715,17,8,47.1,6,35.3,388,1722,826,15,10,4,25,10,427,43,5,0,0,23,23,2,51,18,15,0,0,0,57,14,18,43.8,,,,,,,,,,,,,,,,,,,,,,,,,,,,,,,,2024-2025
1013,Ben Godfrey,eng ENG,DF,Ipswich Town,eng Premier League,26.0,1998.0,3,2,159,1.8,0,0,0,0,0,0,1,0,0.0,0.0,0.0,0.0,0.0,0.0,2,4,1,0,0,,0.0,0.0,,,,0,0,0,0.0,0.0,,0.0,0.0,47,57,82.5,657,255,0,0.0,0.0,0.0,0,5,1,0,4,49,8,1,0,0,0,7,0,0,0,0,47,1,0,1,0,0,1,100.0,0,1,1,0,2,3,3,0,1,0.57,1,0,0,0,0,0,0,0.0,68,6,26,33,9,1,68,0,0,,0,,33,202,79,2,2,0,2,1,42,1,1,0,0,1,0,0,0,2,0,0,0,0,2,3,0,100.0,,,,,,,,,,,,,,,,,,,,,,,,,,,,,,,,2024-2025
1014,Ben Godfrey,eng ENG,DF,Atalanta,it Serie A,26.0,1998.0,1,0,23,0.3,0,0,0,0,0,0,0,0,0.0,0.0,0.0,0.0,0.0,0.0,0,1,1,0,0,,0.0,0.0,,,,0,0,0,0.0,0.0,,0.0,0.0,8,10,80.0,122,16,0,0.0,0.0,0.0,0,2,0,0,1,8,2,1,0,0,0,1,0,0,0,0,8,0,0,0,0,0,1,0.0,1,1,1,0,0,0,0,0,0,0.0,0,0,0,0,0,0,0,0.0,12,0,2,9,1,1,12,0,0,,0,,6,11,2,0,0,0,1,0,8,1,0,0,0,1,0,0,0,0,0,0,0,0,2,0,0,,,,,,,,,,,,,,,,,,,,,,,,,,,,,,,,,2024-2025
1015,Martial Godo,eng ENG,"FW,DF",Fulham,eng Premier League,21.0,2003.0,2,0,24,0.3,0,0,0,0,0,0,0,0,0.0,0.0,0.1,0.1,0.0,0.21,2,3,6,0,0,,0.0,0.0,,,,0,0,0,0.0,0.0,,0.0,0.0,12,17,70.6,214,53,0,0.1,0.1,-0.1,1,0,3,0,3,15,2,0,0,0,1,2,0,0,0,0,12,0,0,0,0,0,0,,0,1,0,1,1,1,0,0,1,3.91,1,0,0,0,0,0,0,0.0,25,0,1,7,17,7,25,4,1,25.0,3,75.0,18,155,87,2,0,2,0,0,15,6,0,0,0,1,0,0,1,1,0,0,0,0,1,0,1,0.0,,,,,,,,,,,,,,,,,,,,,,,,,,,,,,,,2024-2025
1016,Saba Goglichidze,ge GEO,DF,Empoli,it Serie A,20.0,2004.0,33,29,2539,28.2,0,1,1,0,0,0,3,1,0.3,0.3,0.3,0.6,0.04,0.02,12,45,9,6,0,0.0,0.21,0.0,0.0,,17.7,0,0,0,0.3,0.3,0.05,-0.3,-0.3,724,929,77.9,14820,5046,1,0.3,0.2,0.7,3,48,1,1,45,858,69,61,0,7,5,6,0,0,0,0,724,64,37,36,25,3,51,49.0,26,36,17,19,33,97,97,3,13,0.46,11,0,0,0,0,2,2,0.07,1200,108,607,550,59,13,1200,10,4,40.0,4,40.0,564,2689,1198,12,13,2,19,5,663,9,3,1,0,26,34,1,5,33,37,0,0,0,108,28,54,34.1,,,,,,,,,,,,,,,,,,,,,,,,,,,,,,,,2024-2025
1017,Edoardo Goldaniga,it ITA,DF,Como,it Serie A,30.0,1993.0,32,28,2532,28.1,1,0,1,1,0,0,12,1,2.5,2.5,0.3,2.8,0.04,0.1,20,81,8,12,5,41.7,0.43,0.18,0.08,0.2,9.3,0,0,0,2.5,2.5,0.21,-1.5,-1.5,1310,1517,86.4,24165,9247,0,0.3,0.4,-0.3,4,80,6,1,81,1366,145,63,0,13,9,58,0,0,0,0,1310,34,21,21,8,5,18,72.2,5,21,10,11,33,67,102,3,25,0.89,18,2,0,5,0,0,3,0.11,1757,154,848,800,117,25,1757,7,3,42.9,4,57.1,1008,5274,2711,20,16,0,10,8,1189,8,12,1,1,44,36,4,9,33,21,0,0,0,74,52,35,59.8,,,,,,,,,,,,,,,,,,,,,,,,,,,,,,,,2024-2025
1018,Michael Golding,eng ENG,MF,Leicester City,eng Premier League,18.0,2006.0,1,0,1,0.0,0,0,0,0,0,0,0,0,0.0,0.0,0.0,0.0,0.0,0.0,0,0,0,0,0,,0.0,0.0,,,,0,0,0,0.0,0.0,,0.0,0.0,0,0,,0,0,0,0.0,0.0,0.0,0,0,0,0,0,0,0,0,0,0,0,0,0,0,0,0,0,0,0,0,0,0,0,,0,0,0,0,0,0,0,0,0,0.0,0,0,0,0,0,0,0,0.0,0,0,0,0,0,0,0,0,0,,0,,0,0,0,0,0,0,0,0,0,0,0,0,0,0,0,0,0,0,0,0,0,0,0,0,0,,,,,,,,,,,,,,,,,,,,,,,,,,,,,,,,,2024-2025
1019,Pierluigi Gollini,it ITA,GK,Genoa,it Serie A,29.0,1995.0,7,7,630,7.0,0,0,0,0,0,0,1,0,0.0,0.0,0.0,0.0,0.0,0.0,0,0,0,0,0,,0.0,0.0,,,,0,0,0,0.0,0.0,,0.0,0.0,206,250,82.4,5777,4236,0,0.0,0.0,0.0,0,3,0,0,0,181,69,17,0,0,0,0,0,0,0,0,206,0,0,0,0,0,0,,0,1,0,1,0,0,2,1,4,0.57,1,3,0,0,0,0,0,0.0,269,220,268,1,0,0,269,0,0,,0,,131,705,467,0,0,0,0,0,140,0,1,0,0,0,0,0,0,0,0,0,0,0,5,0,0,,15.0,2.14,32.0,16.0,62.5,1.0,2.0,4.0,1.0,14.3,4.0,3.0,1.0,0.0,12.2,0.29,-2.8,-0.39,33.0,75.0,44.0,198.0,21.0,24.7,30.4,92.0,2.0,2.2,2.0,0.29,9.6,2024-2025
1023,João Gomes,br BRA,MF,Wolves,eng Premier League,23.0,2001.0,36,35,2974,33.0,3,1,4,3,0,0,11,1,2.9,2.9,1.2,4.1,0.12,0.12,59,165,76,35,7,20.0,1.06,0.21,0.09,0.43,18.3,0,0,0,2.9,2.9,0.08,0.1,0.1,1380,1623,85.0,19707,4911,1,1.2,1.9,-0.2,23,122,24,1,165,1564,56,27,5,9,29,17,1,1,0,0,1380,116,71,55,53,8,110,43.6,62,42,4,38,25,141,33,0,67,2.03,53,1,5,2,2,4,4,0.12,1998,62,431,1105,491,45,1998,65,30,46.2,28,43.1,1059,6216,2843,59,51,6,43,51,1335,76,11,1,1,70,47,1,29,25,71,0,0,0,200,11,26,29.7,,,,,,,,,,,,,,,,,,,,,,,,,,,,,,,,2024-2025
1024,Rodrigo Gomes,pt POR,"DF,FW",Wolves,eng Premier League,21.0,2003.0,25,7,810,9.0,2,0,2,2,0,0,0,0,0.7,0.7,0.9,1.6,0.22,0.18,23,27,81,7,3,42.9,0.78,0.33,0.29,0.67,16.8,0,0,0,0.7,0.7,0.1,1.3,1.3,212,309,68.6,3052,1023,0,0.9,0.7,-0.9,12,12,14,4,27,267,41,1,1,0,23,39,1,0,1,0,212,23,15,14,9,0,21,57.1,9,8,1,7,7,30,20,1,22,2.45,18,1,2,1,0,0,1,0.11,417,24,101,141,182,29,417,15,5,33.3,7,46.7,217,1388,805,23,18,7,21,9,246,81,0,0,0,4,6,0,23,7,15,0,0,0,28,8,17,32.0,,,,,,,,,,,,,,,,,,,,,,,,,,,,,,,,2024-2025
1025,Toti Gomes,pt POR,DF,Wolves,eng Premier League,25.0,1999.0,31,30,2614,29.0,0,1,1,0,0,0,7,0,0.7,0.7,0.9,1.7,0.03,0.06,27,86,18,7,2,28.6,0.24,0.07,0.0,0.0,11.6,0,0,0,0.7,0.7,0.1,-0.7,-0.7,1473,1714,85.9,24482,8584,1,0.9,0.6,0.1,9,87,6,3,86,1618,95,46,0,3,13,35,0,0,0,0,1473,61,43,42,15,4,46,80.4,9,29,17,12,25,86,152,5,21,0.72,20,0,0,1,0,0,1,0.03,2027,217,942,1000,108,17,2027,32,20,62.5,10,31.3,1205,5793,3203,27,20,0,20,15,1387,18,7,0,0,24,15,4,13,25,43,0,1,0,116,53,26,67.1,,,,,,,,,,,,,,,,,,,,,,,,,,,,,,,,2024-2025
1027,Dani Gómez,es ESP,FW,Valencia,es La Liga,26.0,1998.0,14,5,532,5.9,2,0,2,2,0,0,0,0,2.7,2.7,0.0,2.7,0.34,0.46,3,6,24,14,6,42.9,2.37,1.02,0.14,0.33,12.1,0,0,0,2.7,2.7,0.19,-0.7,-0.7,62,83,74.7,741,120,0,0.0,0.1,0.0,1,3,2,0,6,72,11,0,0,0,0,2,0,0,0,0,62,3,2,0,0,3,0,,0,1,0,1,2,5,4,0,6,1.02,4,0,0,1,0,1,0,0.0,137,4,12,49,78,22,137,10,3,30.0,7,70.0,71,319,103,3,4,2,11,8,90,24,0,0,0,7,8,10,0,2,2,0,0,0,14,7,24,22.6,,,,,,,,,,,,,,,,,,,,,,,,,,,,,,,,2024-2025
1028,Diego Gómez,py PAR,MF,Brighton,eng Premier League,21.0,2003.0,16,4,516,5.7,1,0,1,1,0,0,0,0,0.9,0.9,0.7,1.6,0.17,0.28,8,27,23,9,3,33.3,1.57,0.52,0.11,0.33,19.6,2,0,0,0.9,0.9,0.09,0.1,0.1,243,302,80.5,3715,931,0,0.7,1.2,-0.7,8,14,7,1,27,283,19,2,4,2,12,1,6,2,3,0,243,21,13,11,8,2,22,54.5,10,13,0,13,8,29,10,1,19,3.32,14,3,0,1,1,0,4,0.7,403,21,87,212,109,10,403,12,6,50.0,6,50.0,193,746,365,8,4,0,10,9,247,23,0,0,0,8,3,1,12,8,13,1,0,0,32,10,4,71.4,,,,,,,,,,,,,,,,,,,,,,,,,,,,,,,,2024-2025
1029,Joe Gomez,eng ENG,DF,Liverpool,eng Premier League,27.0,1997.0,9,6,519,5.8,0,0,0,0,0,0,1,0,0.3,0.3,0.1,0.4,0.0,0.08,5,35,2,3,2,66.7,0.52,0.35,0.0,0.0,11.9,0,0,0,0.3,0.3,0.11,-0.3,-0.3,377,425,88.7,6689,2299,0,0.1,0.1,-0.1,2,29,0,0,35,406,18,12,1,5,2,6,0,0,0,0,377,13,10,5,7,1,16,68.8,5,9,6,3,7,20,20,2,5,0.87,5,0,0,0,0,0,1,0.17,481,54,183,264,37,5,481,0,0,,0,,303,1638,947,5,2,1,1,2,335,2,1,0,0,2,3,0,2,7,10,0,0,0,34,9,4,69.2,,,,,,,,,,,,,,,,,,,,,,,,,,,,,,,,2024-2025
1030,Moi Gómez,es ESP,"MF,FW",Osasuna,es La Liga,30.0,1994.0,26,6,796,8.8,0,0,0,0,0,0,1,0,0.5,0.5,0.8,1.2,0.0,0.14,13,49,16,6,1,16.7,0.68,0.11,0.0,0.0,19.2,1,0,0,0.5,0.5,0.08,-0.5,-0.5,398,494,80.6,6612,1756,0,0.8,1.1,-0.8,11,46,13,9,49,480,13,7,0,9,28,1,2,1,1,0,398,13,9,4,7,2,8,50.0,4,5,2,3,6,19,7,1,19,2.15,16,3,0,0,0,0,0,0.0,571,6,92,337,146,7,571,26,14,53.8,11,42.3,353,1545,524,13,10,1,10,8,402,16,1,0,0,14,6,1,28,6,9,0,0,1,66,7,12,36.8,,,,,,,,,,,,,,,,,,,,,,,,,,,,,,,,2024-2025
1031,Sergi Gómez,es ESP,DF,Espanyol,es La Liga,32.0,1992.0,12,6,664,7.4,0,0,0,0,0,0,1,0,0.3,0.3,0.0,0.3,0.0,0.04,0,8,1,2,1,50.0,0.27,0.14,0.0,0.0,8.7,0,0,0,0.3,0.3,0.15,-0.3,-0.3,311,350,88.9,6125,1932,0,0.0,0.0,0.0,0,3,0,0,8,337,13,11,0,0,1,0,0,0,0,0,311,8,5,7,1,0,3,66.7,1,12,8,4,7,15,38,0,4,0.54,4,0,0,0,0,0,0,0.0,419,65,280,131,8,4,419,0,0,,0,,222,851,376,0,0,0,1,0,292,1,1,0,0,6,1,0,1,7,5,0,0,0,15,11,22,33.3,,,,,,,,,,,,,,,,,,,,,,,,,,,,,,,,2024-2025
1032,Sergio Gómez,es ESP,"MF,DF",Real Sociedad,es La Liga,23.0,2000.0,37,31,2738,30.4,2,5,7,2,0,0,4,0,1.9,1.9,8.9,10.8,0.23,0.35,43,93,154,18,10,55.6,0.59,0.33,0.11,0.2,24.0,5,0,0,1.9,1.9,0.11,0.1,0.1,1076,1439,74.8,17323,4647,5,8.9,7.5,-3.9,56,77,23,11,93,1186,244,58,1,9,231,46,133,47,67,0,1076,71,39,30,29,12,56,53.6,26,44,3,41,19,90,30,2,102,3.35,51,44,1,3,2,1,10,0.33,1724,38,292,746,708,52,1724,51,22,43.1,25,49.0,843,4335,1912,43,46,6,45,16,1025,154,4,0,0,29,16,9,231,19,39,0,1,0,146,20,22,47.6,,,,,,,,,,,,,,,,,,,,,,,,,,,,,,,,2024-2025
1033,Unai Gómez,es ESP,"MF,FW",Athletic Club,es La Liga,21.0,2003.0,32,14,1284,14.3,1,3,4,1,0,0,1,0,1.9,1.9,0.8,2.7,0.28,0.19,19,23,49,19,4,21.1,1.33,0.28,0.05,0.25,17.5,1,0,0,1.9,1.9,0.1,-0.9,-0.9,223,305,73.1,3424,683,3,0.8,0.9,2.2,10,20,1,0,23,278,26,3,2,0,23,1,12,11,0,0,223,12,8,3,7,2,7,57.1,3,13,1,12,2,14,15,1,23,1.61,15,4,1,2,1,0,3,0.21,439,20,63,215,168,21,439,29,12,41.4,12,41.4,235,1270,617,19,17,3,23,21,271,49,1,0,0,12,18,0,23,2,8,0,0,0,42,29,31,48.3,,,,,,,,,,,,,,,,,,,,,,,,,,,,,,,,2024-2025
1035,Fabio González,es ESP,MF,Las Palmas,es La Liga,27.0,1997.0,2,0,53,0.6,0,0,0,0,0,0,0,0,0.1,0.1,0.0,0.1,0.0,0.12,0,6,0,2,0,0.0,3.4,0.0,0.0,,16.5,0,0,0,0.1,0.1,0.04,-0.1,-0.1,43,53,81.1,756,181,0,0.0,0.0,0.0,0,5,0,0,6,53,0,0,0,1,1,0,0,0,0,0,43,0,0,0,0,0,1,0.0,1,0,0,0,0,0,0,0,2,3.4,2,0,0,0,0,0,1,1.7,57,1,5,41,11,2,57,0,0,,0,,37,178,85,0,0,0,1,0,42,0,0,0,0,1,0,0,1,0,0,0,0,0,3,1,0,100.0,,,,,,,,,,,,,,,,,,,,,,,,,,,,,,,,2024-2025
1036,Nicolás González,es ESP,MF,Manchester City,eng Premier League,22.0,2002.0,11,9,760,8.4,1,0,1,1,0,0,3,0,0.5,0.5,0.1,0.5,0.12,0.06,9,50,11,9,2,22.2,1.07,0.24,0.11,0.5,19.5,0,0,0,0.5,0.5,0.05,0.5,0.5,575,625,92.0,8643,1985,0,0.1,0.5,-0.1,1,52,4,0,50,603,21,19,1,0,1,2,0,0,0,0,575,16,6,5,7,4,11,54.5,5,9,0,9,8,24,21,0,15,1.77,13,0,0,1,1,0,3,0.35,713,18,116,439,161,10,713,6,1,16.7,3,50.0,425,1824,729,9,12,3,8,11,535,11,3,0,0,13,5,0,1,8,6,0,0,0,31,16,12,57.1,,,,,,,,,,,,,,,,,,,,,,,,,,,,,,,,2024-2025
1037,Nicolás González,ar ARG,"FW,MF",Juventus,it Serie A,26.0,1998.0,26,23,1750,19.4,3,2,5,3,0,0,3,0,4.1,4.1,1.1,5.1,0.26,0.26,35,69,123,45,21,46.7,2.31,1.08,0.07,0.14,15.7,0,0,0,4.1,4.1,0.09,-1.1,-1.1,484,637,76.0,7755,1634,2,1.1,1.2,0.9,19,28,19,1,69,596,38,1,3,2,15,32,1,1,0,0,484,24,13,10,9,5,25,36.0,16,16,4,12,9,33,37,2,47,2.42,32,2,3,5,4,1,4,0.21,883,44,158,363,376,65,883,53,17,32.1,30,56.6,458,2797,1271,35,40,10,38,15,611,123,3,0,0,30,40,6,15,9,13,0,0,0,69,59,47,55.7,,,,,,,,,,,,,,,,,,,,,,,,,,,,,,,,2024-2025
1038,Peter González,do DOM,"MF,FW",Getafe,es La Liga,22.0,2002.0,17,2,477,5.3,0,0,0,0,0,0,1,0,1.3,1.3,0.1,1.4,0.0,0.26,8,6,33,12,4,33.3,2.26,0.75,0.0,0.0,19.9,2,0,0,1.3,1.3,0.1,-1.3,-1.3,86,131,65.6,1192,347,0,0.1,0.3,-0.1,4,1,5,3,6,117,12,2,0,0,14,9,0,0,0,0,86,11,6,2,5,4,9,66.7,3,8,0,8,2,13,5,0,13,2.44,7,1,0,3,1,1,1,0.19,211,3,29,68,119,16,211,15,3,20.0,10,66.7,111,622,187,8,5,4,17,15,122,33,1,0,0,9,10,2,14,2,6,0,0,0,20,10,13,43.5,,,,,,,,,,,,,,,,,,,,,,,,,,,,,,,,2024-2025
1039,Urko González,es ESP,MF,Espanyol,es La Liga,23.0,2001.0,17,16,1374,15.3,0,2,2,0,0,0,2,0,0.5,0.5,0.7,1.3,0.13,0.08,18,62,8,4,2,50.0,0.26,0.13,0.0,0.0,15.8,0,0,0,0.5,0.5,0.14,-0.5,-0.5,335,432,77.5,5763,1784,2,0.7,0.8,1.3,10,37,5,0,62,425,6,4,2,1,3,1,1,0,1,0,335,46,28,24,21,1,44,63.6,16,27,12,15,8,54,39,1,23,1.51,19,0,2,1,1,0,5,0.33,610,65,205,334,83,11,610,17,6,35.3,10,58.8,306,1953,1133,18,14,3,18,12,316,8,2,0,0,15,11,1,3,8,28,0,1,0,71,20,15,57.1,,,,,,,,,,,,,,,,,,,,,,,,,,,,,,,,2024-2025
1040,Urko González,es ESP,MF,Real Sociedad,es La Liga,23.0,2001.0,1,1,45,0.5,0,0,0,0,0,0,1,0,0.0,0.0,0.0,0.0,0.0,0.0,0,1,0,0,0,,0.0,0.0,,,,0,0,0,0.0,0.0,,0.0,0.0,10,17,58.8,171,61,0,0.0,0.0,0.0,0,0,0,0,1,17,0,0,0,1,1,0,0,0,0,0,10,0,0,0,0,0,0,,0,1,1,0,0,0,0,0,1,2.0,1,0,0,0,0,0,0,0.0,20,2,7,10,3,1,20,0,0,,0,,12,41,5,0,0,0,1,2,18,0,1,0,0,1,0,0,1,0,0,0,0,0,0,0,2,0.0,,,,,,,,,,,,,,,,,,,,,,,,,,,,,,,,2024-2025
1041,Anthony Gordon,eng ENG,"FW,MF",Newcastle Utd,eng Premier League,23.0,2001.0,34,28,2434,27.0,6,5,11,5,1,2,2,0,8.0,6.5,5.0,11.4,0.37,0.48,121,98,214,57,16,28.1,2.11,0.59,0.09,0.31,17.0,1,1,2,8.0,6.5,0.11,-2.0,-1.5,720,982,73.3,11128,3642,5,5.0,5.1,0.0,51,65,55,17,98,857,117,24,9,4,131,34,53,35,7,0,720,32,18,9,18,5,37,32.4,25,25,2,23,7,39,9,3,101,3.74,73,10,7,3,8,0,12,0.44,1267,16,125,475,687,128,1265,103,38,36.9,47,45.6,818,6099,3295,121,62,56,36,38,924,214,2,0,0,20,71,8,131,7,18,1,0,0,97,8,8,50.0,,,,,,,,,,,,,,,,,,,,,,,,,,,,,,,,2024-2025
1044,Andoni Gorosabel,es ESP,DF,Athletic Club,es La Liga,27.0,1996.0,20,17,1485,16.5,0,2,2,0,0,0,5,0,0.3,0.3,1.8,2.1,0.12,0.13,17,51,59,2,1,50.0,0.12,0.06,0.0,0.0,22.2,0,0,0,0.3,0.3,0.17,-0.3,-0.3,736,884,83.3,11163,3242,2,1.8,1.7,0.2,15,57,16,10,51,690,193,14,0,0,41,179,0,0,0,0,736,47,28,31,9,7,45,66.7,15,18,2,16,18,65,62,0,32,1.94,29,2,1,0,0,0,2,0.12,1084,43,292,547,252,13,1084,14,7,50.0,7,50.0,432,1605,691,17,18,3,18,14,554,59,5,0,0,24,4,1,41,18,28,0,0,0,56,20,28,41.7,,,,,,,,,,,,,,,,,,,,,,,,,,,,,,,,2024-2025
1045,Robin Gosens,de GER,DF,Fiorentina,it Serie A,30.0,1994.0,31,28,2434,27.0,5,5,10,5,0,0,6,0,1.8,1.8,2.4,4.1,0.37,0.15,31,102,91,23,8,34.8,0.85,0.3,0.22,0.63,14.1,0,0,0,1.8,1.8,0.08,3.2,3.2,1020,1334,76.5,17177,6592,5,2.4,1.7,2.6,27,71,32,10,102,1106,223,24,1,4,63,199,0,0,0,0,1020,56,31,31,17,8,44,56.8,19,34,11,23,18,74,91,0,66,2.36,51,6,2,5,1,1,14,0.5,1606,85,515,702,400,56,1606,10,4,40.0,5,50.0,781,3358,1641,31,21,1,31,5,962,91,6,0,0,24,23,9,63,18,31,0,0,0,69,71,43,62.3,,,,,,,,,,,,,,,,,,,,,,,,,,,,,,,,2024-2025
1050,Lucas Gourna-Douath,fr FRA,MF,Roma,it Serie A,20.0,2003.0,6,2,229,2.5,0,0,0,0,0,0,2,0,0.1,0.1,0.1,0.2,0.0,0.09,4,9,9,3,0,0.0,1.18,0.0,0.0,,21.2,0,0,0,0.1,0.1,0.05,-0.1,-0.1,104,114,91.2,1637,307,0,0.1,0.1,-0.1,2,11,0,0,9,114,0,0,0,0,2,0,0,0,0,0,104,9,4,5,4,0,6,33.3,4,1,1,0,0,9,2,0,4,1.58,3,0,1,0,0,0,0,0.0,147,1,26,90,33,3,147,5,2,40.0,2,40.0,76,324,166,4,2,1,1,5,104,9,2,0,0,9,5,1,2,0,4,0,0,0,8,0,4,0.0,,,,,,,,,,,,,,,,,,,,,,,,,,,,,,,,2024-2025
1054,José Gragera,es ESP,MF,Espanyol,es La Liga,23.0,2000.0,10,7,569,6.3,0,0,0,0,0,0,0,0,0.0,0.0,0.0,0.1,0.0,0.01,1,14,3,2,0,0.0,0.32,0.0,0.0,,20.3,0,0,0,0.0,0.0,0.02,0.0,0.0,190,217,87.6,3436,848,0,0.0,0.1,0.0,1,14,0,0,14,206,10,10,0,1,0,0,0,0,0,0,190,25,16,11,14,0,17,52.9,8,9,1,8,5,30,13,0,7,1.11,4,0,0,0,1,2,0,0.0,284,13,74,190,21,4,284,4,1,25.0,2,50.0,119,457,216,1,0,0,3,1,164,3,0,0,0,18,8,0,0,5,16,0,0,0,18,11,5,68.8,,,,,,,,,,,,,,,,,,,,,,,,,,,,,,,,2024-2025
1056,Alberto Grassi,it ITA,MF,Empoli,it Serie A,29.0,1995.0,28,27,2203,24.5,1,0,1,1,0,0,8,0,1.0,1.0,0.8,1.9,0.04,0.08,18,74,24,11,4,36.4,0.45,0.16,0.09,0.25,15.7,0,0,0,1.0,1.0,0.09,0.0,0.0,634,850,74.6,10794,3479,0,0.8,0.7,-0.8,7,65,7,0,74,807,37,30,2,1,10,4,0,0,0,0,634,39,21,16,18,5,22,63.6,8,22,12,10,33,72,43,1,27,1.1,21,0,0,2,3,1,2,0.08,1058,67,290,615,166,26,1058,12,5,41.7,6,50.0,441,2181,847,18,12,1,26,18,542,24,8,0,0,28,34,1,10,33,21,1,0,0,124,29,21,58.0,,,,,,,,,,,,,,,,,,,,,,,,,,,,,,,,2024-2025
1057,Ryan Gravenberch,nl NED,MF,Liverpool,eng Premier League,22.0,2002.0,37,37,3160,35.1,0,4,4,0,0,0,6,1,1.1,1.1,3.1,4.2,0.11,0.12,70,181,55,20,5,25.0,0.57,0.14,0.0,0.0,24.5,0,0,0,1.1,1.1,0.06,-1.1,-1.1,1718,1927,89.2,25904,6528,4,3.1,3.5,0.9,26,151,35,2,181,1889,32,16,8,7,7,10,0,0,0,0,1718,69,35,27,29,13,56,57.1,24,35,10,25,60,129,59,2,68,1.94,60,0,5,2,0,1,6,0.17,2343,117,509,1354,512,26,2343,81,37,45.7,30,37.0,1396,7452,3742,70,75,10,55,26,1669,55,6,1,0,47,52,0,7,60,35,0,0,0,193,26,14,65.0,,,,,,,,,,,,,,,,,,,,,,,,,,,,,,,,2024-2025
1058,Archie Gray,eng ENG,"DF,MF",Tottenham,eng Premier League,18.0,2006.0,28,19,1751,19.5,0,0,0,0,0,0,1,0,0.0,0.0,0.1,0.2,0.0,0.01,7,40,17,1,1,100.0,0.05,0.05,0.0,0.0,24.6,0,0,0,0.0,0.0,0.02,0.0,0.0,1001,1145,87.4,17440,5370,0,0.1,0.2,-0.1,3,43,0,0,40,1053,88,30,1,3,17,45,4,0,4,0,1001,16,8,4,8,4,17,41.2,10,22,11,11,19,35,50,2,6,0.31,5,1,0,0,0,0,0,0.0,1286,150,609,582,106,3,1286,13,7,53.8,5,38.5,878,4023,1678,7,5,0,12,11,941,17,1,0,0,17,11,0,17,19,8,0,0,1,69,11,11,50.0,,,,,,,,,,,,,,,,,,,,,,,,,,,,,,,,2024-2025
1059,Jack Grealish,eng ENG,"FW,MF",Manchester City,eng Premier League,28.0,1995.0,20,7,721,8.0,1,1,2,1,0,0,3,0,1.1,1.1,1.8,3.0,0.25,0.37,69,52,118,15,5,33.3,1.87,0.62,0.07,0.2,16.3,0,0,0,1.1,1.1,0.08,-0.1,-0.1,382,436,87.6,5685,986,1,1.8,1.7,-0.8,24,23,16,0,52,418,18,5,0,0,20,4,9,4,0,0,382,9,5,4,2,3,5,40.0,3,12,2,10,2,11,6,1,47,5.86,41,1,3,0,1,1,2,0.25,521,15,42,162,324,71,521,29,13,44.8,9,31.0,376,2881,1714,69,23,46,10,16,423,118,3,0,0,5,25,0,20,2,5,0,0,0,26,1,7,12.5,,,,,,,,,,,,,,,,,,,,,,,,,,,,,,,,2024-2025
1060,Jacob Greaves,eng ENG,DF,Ipswich Town,eng Premier League,23.0,2000.0,25,25,2205,24.5,1,0,1,1,0,0,5,0,1.3,1.3,0.3,1.6,0.04,0.06,11,69,11,10,4,40.0,0.41,0.16,0.1,0.25,9.7,0,0,0,1.3,1.3,0.13,-0.3,-0.3,962,1121,85.8,15937,6129,0,0.3,0.2,-0.3,5,75,2,0,69,1041,78,30,0,0,1,23,0,0,0,0,962,40,21,20,17,3,35,62.9,13,41,26,15,21,61,148,3,20,0.82,16,1,0,1,1,1,1,0.04,1404,276,746,568,95,22,1404,6,4,66.7,1,16.7,619,2881,1268,11,11,0,10,2,851,11,5,0,0,16,21,1,1,21,21,0,0,0,61,83,40,67.5,,,,,,,,,,,,,,,,,,,,,,,,,,,,,,,,2024-2025
1063,Dominik Greif,sk SVK,GK,Mallorca,es La Liga,27.0,1997.0,31,31,2790,31.0,0,0,0,0,0,0,1,0,0.0,0.0,0.0,0.0,0.0,0.0,0,0,0,0,0,,0.0,0.0,,,,0,0,0,0.0,0.0,,0.0,0.0,735,1047,70.2,22443,17751,0,0.0,0.1,0.0,0,17,2,0,0,745,295,102,0,2,0,0,0,0,0,0,735,0,0,0,0,0,0,,0,0,0,0,0,0,13,1,5,0.16,3,2,0,0,0,0,0,0.0,1109,906,1098,11,0,0,1109,2,2,100.0,0,0.0,621,2993,1668,0,0,0,1,0,526,0,1,0,0,0,3,0,0,0,0,0,0,0,42,7,2,77.8,34.0,1.1,116.0,83.0,72.4,11.0,8.0,12.0,7.0,22.6,2.0,2.0,0.0,0.0,33.9,0.28,0.9,0.03,191.0,475.0,40.2,847.0,126.0,41.9,36.4,511.0,15.0,2.9,21.0,0.68,12.9,2024-2025
1064,Antoine Griezmann,fr FRA,"FW,MF",Atlético Madrid,es La Liga,33.0,1991.0,38,29,2469,27.4,8,7,15,7,1,2,2,0,7.4,5.9,7.1,12.9,0.51,0.53,46,143,177,48,17,35.4,1.75,0.62,0.15,0.41,18.5,5,1,2,7.4,5.9,0.13,0.6,1.1,1094,1463,74.8,17074,4671,7,7.1,6.5,-0.1,48,105,47,11,143,1313,145,26,12,9,138,13,81,28,29,0,1094,30,17,13,13,4,29,24.1,22,20,1,19,6,36,23,1,93,3.39,69,15,0,6,2,1,13,0.47,1678,28,216,748,729,93,1676,35,15,42.9,18,51.4,969,4095,2040,46,56,6,41,20,1255,177,2,0,0,11,26,14,138,6,17,0,0,0,93,21,23,47.7,,,,,,,,,,,,,,,,,,,,,,,,,,,,,,,,2024-2025
1066,Florian Grillitsch,at AUT,MF,Valladolid,es La Liga,28.0,1995.0,13,7,623,6.9,0,0,0,0,0,0,1,0,0.1,0.1,0.7,0.8,0.0,0.11,9,38,7,3,2,66.7,0.43,0.29,0.0,0.0,22.0,0,0,0,0.1,0.1,0.03,-0.1,-0.1,289,349,82.8,5492,1241,0,0.7,0.4,-0.7,8,29,5,0,38,327,22,12,3,7,6,1,4,3,0,0,289,11,7,7,3,1,15,46.7,8,12,2,10,4,15,5,1,22,3.17,19,0,1,0,2,0,1,0.14,398,12,91,266,49,4,398,15,11,73.3,3,20.0,225,1374,706,9,4,0,5,5,278,7,1,0,0,6,12,0,6,4,7,0,0,0,42,5,4,55.6,,,,,,,,,,,,,,,,,,,,,,,,,,,,,,,,2024-2025
1070,Brajan Gruda,de GER,"MF,FW",Brighton,eng Premier League,20.0,2004.0,21,8,687,7.6,1,4,5,1,0,0,0,0,1.2,1.2,2.1,3.3,0.66,0.43,22,26,57,11,5,45.5,1.44,0.66,0.09,0.2,16.9,2,0,0,1.2,1.2,0.11,-0.2,-0.2,187,251,74.5,2759,970,4,2.1,1.9,1.9,23,12,12,1,26,211,40,7,2,2,29,10,17,8,7,1,187,16,8,6,6,4,14,50.0,7,8,0,8,2,18,5,1,39,5.1,29,6,3,0,1,0,6,0.78,344,4,38,120,192,46,344,30,13,43.3,12,40.0,202,1447,662,22,19,13,14,21,222,57,0,0,0,7,12,1,29,2,8,0,0,0,26,3,5,37.5,,,,,,,,,,,,,,,,,,,,,,,,,,,,,,,,2024-2025
1072,Albert Grønbaek,dk DEN,"FW,MF",Southampton,eng Premier League,23.0,2001.0,4,2,143,1.6,0,0,0,0,0,0,0,0,0.1,0.1,0.0,0.1,0.0,0.08,1,1,3,2,0,0.0,1.26,0.0,0.0,,22.4,0,0,0,0.1,0.1,0.06,-0.1,-0.1,13,18,72.2,135,43,0,0.0,0.0,0.0,1,2,0,0,1,18,0,0,0,0,1,0,0,0,0,0,13,4,1,1,1,2,10,30.0,7,1,1,0,0,4,1,0,2,1.26,1,0,0,1,0,0,0,0.0,38,2,9,14,15,2,38,4,0,0.0,4,100.0,18,79,15,1,0,1,5,4,21,3,0,0,0,0,1,0,1,0,1,0,0,0,6,2,0,100.0,,,,,,,,,,,,,,,,,,,,,,,,,,,,,,,,2024-2025
1074,Vicente Guaita,es ESP,GK,Celta Vigo,es La Liga,37.0,1987.0,34,34,3060,34.0,0,0,0,0,0,0,0,0,0.0,0.0,0.0,0.0,0.0,0.0,0,1,0,0,0,,0.0,0.0,,,,0,0,0,0.0,0.0,,0.0,0.0,798,972,82.1,18728,11766,0,0.0,0.0,0.0,0,2,0,0,1,680,290,60,0,1,0,0,0,0,0,0,798,0,0,0,0,0,0,,0,0,0,0,0,0,21,3,3,0.09,1,2,0,0,0,0,1,0.03,1039,928,1033,6,0,0,1039,0,0,,0,,538,2660,1561,0,0,0,3,1,431,0,0,0,0,0,5,0,0,0,0,0,0,0,75,10,0,100.0,48.0,1.41,127.0,79.0,64.6,14.0,7.0,13.0,8.0,23.5,3.0,3.0,0.0,0.0,40.6,0.3,-7.4,-0.22,66.0,220.0,30.0,740.0,195.0,18.4,27.3,436.0,26.0,6.0,44.0,1.29,14.0,2024-2025
1075,Sergi Guardiola,es ESP,FW,Rayo Vallecano,es La Liga,33.0,1991.0,16,1,362,4.0,0,0,0,0,0,0,1,0,2.4,2.4,0.1,2.5,0.0,0.62,2,3,22,11,3,27.3,2.73,0.75,0.0,0.0,10.4,0,0,0,2.4,2.4,0.22,-2.4,-2.4,56,84,66.7,703,192,0,0.1,0.2,-0.1,5,2,3,1,3,81,3,0,0,0,4,0,0,0,0,0,56,5,3,0,5,0,3,66.7,1,1,0,1,1,6,2,0,9,2.24,9,0,0,0,0,0,0,0.0,130,3,11,55,64,18,130,2,0,0.0,2,100.0,81,239,90,2,3,1,11,5,96,22,1,0,0,9,7,2,4,1,3,0,0,0,7,6,12,33.3,,,,,,,,,,,,,,,,,,,,,,,,,,,,,,,,2024-2025
1076,Nemanja Gudelj,rs SRB,"MF,DF",Sevilla,es La Liga,32.0,1991.0,31,27,2493,27.7,1,1,2,0,1,1,6,0,1.6,0.8,0.6,1.5,0.04,0.08,14,64,5,22,5,22.7,0.79,0.18,0.0,0.0,28.8,6,1,1,1.6,0.8,0.04,-0.6,-0.8,1192,1371,86.9,20321,6020,1,0.6,1.0,0.4,14,72,7,0,64,1260,106,62,1,9,31,0,23,15,3,0,1192,42,24,16,22,4,35,60.0,14,27,10,17,27,69,94,1,34,1.23,19,11,1,0,1,2,2,0.07,1635,143,703,789,150,5,1634,9,6,66.7,2,22.2,736,3114,1401,14,8,0,19,3,1007,5,6,0,0,26,14,0,31,27,24,0,0,0,74,46,26,63.9,,,,,,,,,,,,,,,,,,,,,,,,,,,,,,,,2024-2025
1078,Gonçalo Guedes,pt POR,"MF,FW",Wolves,eng Premier League,27.0,1996.0,29,10,995,11.1,2,4,6,2,0,0,1,0,3.2,3.2,1.3,4.5,0.54,0.4,41,40,79,27,8,29.6,2.44,0.72,0.07,0.25,18.9,0,0,0,3.2,3.2,0.12,-1.2,-1.2,259,349,74.2,4193,1060,4,1.3,0.9,2.7,14,18,17,5,40,312,34,0,1,5,22,14,1,1,0,0,259,16,5,2,6,8,16,25.0,12,11,0,11,5,21,4,0,30,2.71,27,0,2,0,1,0,8,0.72,484,6,49,199,250,40,484,28,9,32.1,15,53.6,304,2074,1056,41,27,8,38,18,337,79,1,0,0,15,17,3,22,5,5,0,0,0,36,5,13,27.8,,,,,,,,,,,,,,,,,,,,,,,,,,,,,,,,2024-2025
1080,Marc Guéhi,eng ENG,DF,Crystal Palace,eng Premier League,24.0,2000.0,34,34,3059,34.0,3,2,5,3,0,0,9,1,2.0,2.0,1.8,3.7,0.15,0.11,22,134,10,15,7,46.7,0.44,0.21,0.2,0.43,10.7,0,0,0,2.0,2.0,0.13,1.0,1.0,1473,1765,83.5,28093,11512,2,1.8,2.0,0.2,16,133,11,3,134,1664,95,76,7,14,13,6,0,0,0,0,1473,61,34,36,23,2,47,66.0,16,55,23,32,28,89,163,2,44,1.29,36,0,0,4,2,2,5,0.15,2131,311,1051,943,148,39,2131,15,12,80.0,2,13.3,1142,5574,2935,22,17,1,16,18,1330,10,9,1,1,24,27,1,13,28,34,0,0,3,146,68,58,54.0,,,,,,,,,,,,,,,,,,,,,,,,,,,,,,,,2024-2025
1081,Mattéo Guendouzi,fr FRA,MF,Lazio,it Serie A,25.0,1999.0,37,37,3270,36.3,1,3,4,1,0,0,7,0,1.4,1.4,3.2,4.6,0.11,0.13,89,316,64,27,8,29.6,0.74,0.22,0.04,0.13,20.5,0,0,0,1.4,1.4,0.05,-0.4,-0.4,1961,2183,89.8,36189,9790,3,3.2,2.8,-0.2,43,287,33,3,316,2074,103,62,6,25,21,29,9,0,0,0,1961,37,21,13,19,5,47,42.6,27,34,9,25,32,69,50,2,118,3.25,106,4,2,4,1,1,7,0.19,2437,70,395,1531,538,39,2437,25,15,60.0,10,40.0,1549,9683,5432,89,81,9,28,18,1836,64,7,0,0,28,35,1,21,32,21,0,1,0,173,18,22,45.0,,,,,,,,,,,,,,,,,,,,,,,,,,,,,,,,2024-2025
1082,Javier Guerra,es ESP,MF,Valencia,es La Liga,21.0,2003.0,36,31,2581,28.7,3,3,6,3,0,0,5,0,2.2,2.2,3.2,5.4,0.21,0.19,50,137,84,47,10,21.3,1.64,0.35,0.06,0.3,22.8,1,0,0,2.2,2.2,0.05,0.8,0.8,1023,1314,77.9,17160,5349,3,3.2,3.2,-0.2,23,119,23,4,137,1248,55,28,8,11,45,6,15,7,3,0,1023,50,27,18,21,11,56,46.4,30,15,3,12,20,70,49,3,74,2.58,56,5,5,4,3,1,6,0.21,1669,65,354,939,401,49,1669,78,29,37.2,45,57.7,927,4925,2585,50,42,13,50,54,1136,84,5,0,0,34,30,1,45,20,27,0,0,0,168,17,18,48.6,,,,,,,,,,,,,,,,,,,,,,,,,,,,,,,,2024-2025
1085,Ander Guevara,es ESP,MF,Alavés,es La Liga,27.0,1997.0,33,20,1947,21.6,0,1,1,0,0,0,3,0,0.9,0.9,0.6,1.5,0.05,0.07,14,112,19,12,3,25.0,0.55,0.14,0.0,0.0,20.9,0,0,0,0.9,0.9,0.07,-0.9,-0.9,762,995,76.6,13455,3959,1,0.6,0.6,0.4,12,95,11,1,112,950,37,22,0,6,5,2,0,0,0,0,762,49,30,19,29,1,48,41.7,28,21,5,16,14,63,43,1,41,1.89,39,1,1,0,0,0,5,0.23,1208,58,265,761,189,12,1208,15,9,60.0,5,33.3,512,2214,1078,14,16,0,22,19,655,19,3,0,0,39,18,0,5,14,30,0,0,0,120,30,39,43.5,,,,,,,,,,,,,,,,,,,,,,,,,,,,,,,,2024-2025
1086,Pape Gueye,sn SEN,MF,Villarreal,es La Liga,25.0,1999.0,34,26,2224,24.7,4,0,4,4,0,0,6,2,3.4,3.4,1.1,4.5,0.16,0.18,36,156,69,55,17,30.9,2.23,0.69,0.07,0.24,18.5,0,0,0,3.4,3.4,0.06,0.6,0.6,911,1144,79.6,16801,5556,0,1.1,2.1,-1.1,17,118,23,2,156,1091,41,33,8,20,20,1,2,1,0,0,911,54,26,23,23,8,29,69.0,9,31,13,18,27,81,53,2,49,1.98,41,2,0,3,1,2,9,0.36,1456,72,355,807,308,65,1456,33,11,33.3,16,48.5,853,4050,2199,36,28,7,33,19,1030,69,6,2,1,31,62,4,20,27,26,0,1,0,126,31,23,57.4,,,,,,,,,,,,,,,,,,,,,,,,,,,,,,,,2024-2025
1088,Frederic Guilbert,fr FRA,DF,Lecce,it Serie A,29.0,1994.0,31,31,2435,27.1,0,1,1,0,0,0,3,2,0.3,0.3,1.8,2.1,0.04,0.08,48,88,45,11,0,0.0,0.41,0.0,0.0,,25.9,0,0,0,0.3,0.3,0.03,-0.3,-0.3,981,1278,76.8,18223,7869,1,1.8,2.1,-0.8,19,81,23,15,88,952,321,40,4,2,54,279,1,0,0,0,981,65,36,30,29,6,55,65.5,19,28,8,20,47,112,113,3,45,1.66,31,10,1,1,0,2,2,0.07,1610,114,557,766,315,8,1610,37,18,48.6,13,35.1,665,3722,2008,48,34,3,25,7,758,45,3,2,0,33,24,1,54,47,36,0,1,0,84,40,29,58.0,,,,,,,,,,,,,,,,,,,,,,,,,,,,,,,,2024-2025
1089,Luis Guilherme,br BRA,"MF,FW",West Ham,eng Premier League,18.0,2006.0,12,1,150,1.7,0,0,0,0,0,0,0,0,0.4,0.4,0.1,0.5,0.0,0.3,4,5,16,4,1,25.0,2.4,0.6,0.0,0.0,13.6,0,0,0,0.4,0.4,0.1,-0.4,-0.4,58,67,86.6,894,212,0,0.1,0.1,-0.1,3,5,3,2,5,64,3,0,0,0,8,1,2,0,2,0,58,1,0,1,0,0,3,0.0,3,7,0,7,3,4,2,0,10,6.0,6,1,1,1,1,0,0,0.0,99,3,19,40,41,5,99,13,7,53.8,4,30.8,51,383,165,4,3,1,4,3,69,16,0,0,0,0,4,0,8,3,0,0,0,0,7,2,1,66.7,,,,,,,,,,,,,,,,,,,,,,,,,,,,,,,,2024-2025
1090,Hugo Guillamón,es ESP,MF,Valencia,es La Liga,24.0,2000.0,12,4,364,4.0,0,0,0,0,0,0,2,0,0.1,0.1,0.0,0.1,0.0,0.03,0,15,5,2,1,50.0,0.49,0.25,0.0,0.0,24.6,0,0,0,0.1,0.1,0.04,-0.1,-0.1,154,188,81.9,2607,748,0,0.0,0.3,0.0,2,11,4,1,15,178,9,9,0,3,1,0,0,0,0,0,154,11,8,1,9,1,10,90.0,1,4,1,3,5,16,9,1,7,1.73,6,0,1,0,0,0,1,0.25,228,13,62,129,37,1,228,2,1,50.0,1,50.0,85,364,129,0,1,0,3,3,146,5,2,0,0,6,4,1,1,5,8,0,0,0,21,5,4,55.6,,,,,,,,,,,,,,,,,,,,,,,,,,,,,,,,2024-2025
1091,Bruno Guimarães,br BRA,MF,Newcastle Utd,eng Premier League,26.0,1997.0,38,38,3271,36.3,5,6,11,5,0,0,7,0,4.3,4.3,6.1,10.4,0.3,0.29,64,271,96,45,13,28.9,1.24,0.36,0.11,0.38,16.4,0,0,0,4.3,4.3,0.1,0.7,0.7,1481,1798,82.4,24436,7860,6,6.1,5.4,-0.1,52,180,77,6,271,1708,81,70,22,14,28,3,5,2,2,0,1481,83,47,41,30,12,69,47.8,36,36,10,26,29,112,44,5,133,3.66,119,3,3,1,4,3,18,0.5,2213,83,445,1131,662,85,2213,78,34,43.6,27,34.6,1400,7763,3483,64,46,15,56,76,1652,96,7,0,0,65,108,2,28,29,47,0,0,0,188,18,19,48.6,,,,,,,,,,,,,,,,,,,,,,,,,,,,,,,,2024-2025
1092,Carlos Guirao,es ESP,MF,Betis,es La Liga,21.0,2003.0,2,2,110,1.2,0,0,0,0,0,0,0,0,0.0,0.0,0.0,0.0,0.0,0.0,1,2,2,0,0,,0.0,0.0,,,,0,0,0,0.0,0.0,,0.0,0.0,36,46,78.3,539,117,0,0.0,0.0,0.0,0,3,0,0,2,43,3,2,0,0,0,1,0,0,0,0,36,5,3,1,4,0,6,66.7,2,1,1,0,3,8,2,0,0,0.0,0,0,0,0,0,0,0,0.0,60,3,14,38,10,1,60,1,1,100.0,0,0.0,28,134,60,1,1,0,1,2,34,2,0,0,0,4,0,0,0,3,3,0,0,0,6,2,1,66.7,,,,,,,,,,,,,,,,,,,,,,,,,,,,,,,,2024-2025
1095,Marc Guiu,es ESP,FW,Chelsea,eng Premier League,18.0,2006.0,3,0,73,0.8,0,0,0,0,0,0,0,0,0.0,0.0,0.0,0.0,0.0,0.04,0,0,3,0,0,,0.0,0.0,,,,0,0,0,0.0,0.0,,0.0,0.0,11,16,68.8,110,4,0,0.0,0.0,0.0,1,0,0,0,0,14,2,0,0,0,0,0,0,0,0,0,11,1,1,0,1,0,1,100.0,0,0,0,0,0,1,0,0,1,1.22,1,0,0,0,0,0,0,0.0,22,0,2,8,12,3,22,1,0,0.0,1,100.0,12,30,8,0,0,0,2,0,12,3,0,0,0,0,0,0,0,0,1,0,0,0,2,0,1,0.0,,,,,,,,,,,,,,,,,,,,,,,,,,,,,,,,2024-2025
1097,Arda Güler,tr TUR,"MF,FW",Real Madrid,es La Liga,19.0,2005.0,28,14,1250,13.9,3,4,7,3,0,0,1,0,3.3,3.3,4.5,7.7,0.5,0.56,34,93,86,39,16,41.0,2.81,1.15,0.08,0.19,20.0,2,0,0,3.3,3.3,0.08,-0.3,-0.3,763,886,86.1,12391,3189,4,4.5,4.4,-0.5,40,82,31,5,93,805,80,18,10,8,57,13,47,30,7,0,763,30,16,11,8,11,22,40.9,13,18,0,18,7,37,8,0,79,5.69,52,13,8,4,1,1,11,0.79,1058,14,131,477,460,50,1058,45,20,44.4,20,44.4,696,3418,1720,34,33,10,23,9,808,86,1,0,0,15,31,4,57,7,16,1,0,0,56,7,11,38.9,,,,,,,,,,,,,,,,,,,,,,,,,,,,,,,,2024-2025
1098,Gerard Gumbau,es ESP,MF,Rayo Vallecano,es La Liga,29.0,1994.0,22,7,849,9.4,0,1,1,0,0,0,4,0,1.1,1.1,1.3,2.4,0.11,0.26,2,41,21,13,5,38.5,1.38,0.53,0.0,0.0,21.0,0,0,0,1.1,1.1,0.08,-1.1,-1.1,317,420,75.5,5378,1645,1,1.3,0.8,-0.3,17,37,3,1,41,378,41,16,0,5,38,2,23,14,7,0,317,17,12,8,7,2,15,46.7,8,13,4,9,5,22,13,0,29,3.07,19,9,1,0,0,0,1,0.11,507,21,104,276,129,10,507,4,2,50.0,2,50.0,276,851,365,2,9,0,8,2,331,21,4,0,0,21,11,2,38,5,12,0,0,0,27,17,22,43.6,,,,,,,,,,,,,,,,,,,,,,,,,,,,,,,,2024-2025
1100,İlkay Gündoğan,de GER,MF,Manchester City,eng Premier League,33.0,1990.0,33,25,2223,24.7,1,6,7,1,0,0,1,0,3.2,3.2,3.5,6.7,0.28,0.27,64,127,96,27,7,25.9,1.09,0.28,0.04,0.14,18.1,2,0,0,3.2,3.2,0.12,-2.2,-2.2,1525,1703,89.5,23600,4511,6,3.5,4.4,2.5,44,108,23,2,127,1590,108,33,7,3,60,4,46,31,4,1,1525,25,13,5,15,5,24,41.7,14,15,0,15,13,38,23,0,88,3.56,67,11,5,4,1,0,13,0.53,1892,45,270,929,714,67,1892,41,17,41.5,16,39.0,1118,6209,3000,64,57,11,29,25,1480,96,1,0,0,15,27,1,60,13,13,1,0,0,116,14,11,56.0,,,,,,,,,,,,,,,,,,,,,,,,,,,,,,,,2024-2025
1102,Jon Guridi,es ESP,"MF,FW",Alavés,es La Liga,29.0,1995.0,33,27,2080,23.1,3,1,4,2,1,1,6,0,4.2,3.4,1.2,4.6,0.13,0.23,27,79,90,23,11,47.8,1.0,0.48,0.09,0.18,14.9,0,1,1,4.2,3.4,0.15,-1.2,-1.4,547,737,74.2,8208,2011,1,1.2,1.1,-0.2,17,55,11,3,79,704,28,7,2,0,17,4,5,1,3,0,547,40,22,7,26,7,44,40.9,26,19,1,18,14,54,16,0,48,2.08,35,3,3,4,1,2,8,0.35,940,23,122,493,335,60,939,26,8,30.8,16,61.5,471,2479,1129,27,31,4,38,17,587,90,6,0,0,35,14,5,17,14,22,0,1,0,86,47,66,41.6,,,,,,,,,,,,,,,,,,,,,,,,,,,,,,,,2024-2025
1103,Gorka Guruzeta,es ESP,FW,Athletic Club,es La Liga,27.0,1996.0,36,21,1840,20.4,7,2,9,7,0,0,2,0,6.7,6.6,1.5,8.1,0.44,0.4,8,31,64,59,19,32.2,2.89,0.93,0.12,0.37,13.6,0,0,0,6.7,6.6,0.11,0.3,0.4,298,411,72.5,4403,655,2,1.5,0.7,0.5,15,23,2,0,31,383,25,0,1,4,5,3,0,0,0,0,298,16,8,1,13,2,31,22.6,24,28,4,24,9,25,23,0,29,1.42,23,1,0,4,0,1,1,0.05,643,23,67,342,240,78,643,20,11,55.0,9,45.0,286,1120,375,8,12,2,48,20,415,64,2,0,0,40,21,7,5,9,8,0,0,0,61,36,69,34.3,,,,,,,,,,,,,,,,,,,,,,,,,,,,,,,,2024-2025
1104,Malo Gusto,fr FRA,DF,Chelsea,eng Premier League,21.0,2003.0,32,19,1862,20.7,0,1,1,0,0,0,4,0,1.7,1.7,1.4,3.1,0.05,0.15,50,119,85,22,4,18.2,1.06,0.19,0.0,0.0,21.3,0,0,0,1.7,1.7,0.08,-1.7,-1.7,1198,1385,86.5,19538,4892,1,1.4,1.9,-0.4,22,111,19,7,119,1230,153,37,2,3,53,116,0,0,0,0,1198,45,29,27,15,3,48,52.1,23,29,8,21,24,69,49,5,58,2.8,57,0,0,1,0,0,4,0.19,1595,64,387,772,451,43,1595,16,4,25.0,11,68.8,882,4513,2248,50,36,8,18,17,1072,85,4,0,0,20,20,2,53,24,29,0,0,0,119,9,15,37.5,,,,,,,,,,,,,,,,,,,,,,,,,,,,,,,,2024-2025
1105,Miguel Gutiérrez,es ESP,"DF,MF",Girona,es La Liga,23.0,2001.0,29,29,2458,27.3,1,5,6,1,0,0,4,0,1.6,1.6,4.1,5.8,0.22,0.21,63,103,199,28,9,32.1,1.03,0.33,0.04,0.11,21.5,3,0,0,1.6,1.6,0.06,-0.6,-0.6,1241,1502,82.6,20464,4847,5,4.1,4.6,0.9,41,59,51,27,103,1234,255,40,4,11,153,193,22,2,18,0,1241,37,24,18,16,3,37,45.9,20,17,7,10,16,53,34,3,74,2.71,55,13,1,3,1,1,8,0.29,1741,68,365,671,722,50,1741,55,29,52.7,24,43.6,989,5390,2320,63,48,11,37,25,1146,199,4,0,0,29,34,6,153,16,24,0,1,0,144,4,16,20.0,,,,,,,,,,,,,,,,,,,,,,,,,,,,,,,,2024-2025
1106,Albert Guðmundsson,is ISL,"FW,MF",Fiorentina,it Serie A,27.0,1997.0,24,16,1273,14.1,6,1,7,4,2,2,2,0,4.5,2.9,1.8,4.8,0.35,0.45,35,37,59,25,13,52.0,1.77,0.92,0.16,0.31,20.8,2,2,2,4.5,2.9,0.12,1.5,1.1,415,500,83.0,5921,1164,1,1.8,1.0,-0.8,15,34,2,0,37,459,40,8,1,1,24,5,7,6,0,0,415,9,5,2,4,3,17,41.2,10,5,0,5,6,15,9,1,39,2.76,26,2,2,5,4,0,5,0.35,624,9,79,332,220,32,622,27,15,55.6,6,22.2,402,2519,1090,35,27,11,29,14,466,59,2,0,0,13,18,3,24,6,5,1,0,0,53,4,12,25.0,,,,,,,,,,,,,,,,,,,,,,,,,,,,,,,,2024-2025
1107,Joško Gvardiol,hr CRO,DF,Manchester City,eng Premier League,22.0,2002.0,37,36,3277,36.4,5,0,5,5,0,0,2,0,4.6,4.3,2.1,6.3,0.14,0.18,91,264,121,40,12,30.0,1.1,0.33,0.13,0.42,12.9,0,0,0,4.6,4.3,0.11,0.4,0.7,2454,2721,90.2,39905,10760,0,2.1,2.9,-2.1,26,247,20,1,264,2502,211,41,6,11,22,163,0,0,0,0,2454,58,39,25,21,12,40,52.5,19,42,20,22,44,102,122,8,76,2.09,69,1,2,3,1,0,7,0.19,3103,146,764,1549,815,98,3103,43,25,58.1,14,32.6,1997,10574,6002,91,102,15,29,16,2257,121,2,0,0,16,27,3,22,44,39,0,0,0,137,54,41,56.8,,,,,,,,,,,,,,,,,,,,,,,,,,,,,,,,2024-2025
1108,Emmanuel Gyasi,gh GHA,"DF,FW",Empoli,it Serie A,30.0,1994.0,37,37,3217,35.7,2,1,3,2,0,0,5,0,3.9,3.9,0.7,4.6,0.08,0.13,22,53,108,22,8,36.4,0.62,0.22,0.09,0.25,11.4,0,0,0,3.9,3.9,0.18,-1.9,-1.9,836,1084,77.1,12882,4732,1,0.7,1.7,0.3,17,44,20,8,53,791,289,2,2,3,37,287,0,0,0,0,836,52,29,32,14,6,38,63.2,14,27,9,18,11,63,77,0,40,1.12,33,4,1,1,1,0,5,0.14,1390,87,334,676,391,51,1390,35,20,57.1,13,37.1,570,2433,864,22,18,9,54,24,676,108,5,0,0,56,21,14,37,11,29,0,0,1,135,43,68,38.7,,,,,,,,,,,,,,,,,,,,,,,,,,,,,,,,2024-2025
1109,Christian Gytkjær,dk DEN,FW,Venezia,it Serie A,34.0,1990.0,29,6,754,8.4,2,1,3,1,1,1,0,0,2.4,1.6,0.5,2.1,0.24,0.34,3,5,52,16,5,31.3,1.91,0.6,0.06,0.2,15.0,1,1,1,2.4,1.6,0.1,-0.4,-0.6,87,157,55.4,1054,172,1,0.5,0.3,0.5,7,5,3,0,5,148,8,0,0,0,1,0,0,0,0,0,87,6,4,2,2,2,2,50.0,1,3,1,2,0,6,8,0,14,1.67,10,0,0,3,1,0,2,0.24,235,11,17,119,100,27,234,5,1,20.0,4,80.0,132,430,113,3,3,2,18,9,186,52,0,0,0,11,5,7,1,0,4,0,0,0,15,23,57,28.8,,,,,,,,,,,,,,,,,,,,,,,,,,,,,,,,2024-2025
1110,Erling Haaland,no NOR,FW,Manchester City,eng Premier League,24.0,2000.0,31,31,2736,30.4,22,3,25,19,3,4,2,0,22.0,18.8,3.0,21.8,0.72,0.82,24,20,124,104,55,52.9,3.42,1.81,0.18,0.35,12.3,1,3,4,22.0,18.8,0.19,0.0,0.2,255,381,66.9,3086,593,3,3.0,2.0,0.0,29,10,8,1,20,372,7,0,1,0,3,1,0,0,0,0,255,11,6,3,3,5,8,37.5,5,12,1,11,5,16,23,0,71,2.34,51,0,8,10,2,0,9,0.3,639,22,40,222,384,190,635,36,13,36.1,20,55.6,310,1494,577,24,15,23,45,27,478,124,2,0,0,24,13,4,3,5,6,0,0,0,34,57,50,53.3,,,,,,,,,,,,,,,,,,,,,,,,,,,,,,,,2024-2025
1111,Nicolas Haas,ch SUI,MF,Empoli,it Serie A,28.0,1996.0,10,2,287,3.2,0,0,0,0,0,0,1,0,0.0,0.0,0.1,0.1,0.0,0.02,2,9,2,1,0,0.0,0.31,0.0,0.0,,31.7,0,0,0,0.0,0.0,0.01,0.0,0.0,99,121,81.8,1517,372,0,0.1,0.0,-0.1,2,5,0,0,9,119,1,0,0,0,0,1,0,0,0,0,99,11,8,4,5,2,9,55.6,4,2,1,1,4,15,6,0,8,2.51,6,0,0,0,0,2,0,0.0,155,4,45,86,25,1,155,1,0,0.0,0,0.0,73,258,105,2,1,0,3,3,83,2,1,0,0,11,3,0,0,4,8,0,0,0,19,3,5,37.5,,,,,,,,,,,,,,,,,,,,,,,,,,,,,,,,2024-2025
1114,Saad El Haddad,ma MAR,MF,Venezia,it Serie A,19.0,2005.0,3,0,30,0.3,0,0,0,0,0,0,0,0,0.0,0.0,0.0,0.0,0.0,0.07,1,1,6,0,0,,0.0,0.0,,,,0,0,0,0.0,0.0,,0.0,0.0,11,14,78.6,169,13,0,0.0,0.0,0.0,1,1,0,0,1,13,1,0,0,0,0,1,0,0,0,0,11,0,0,0,0,0,0,,0,0,0,0,0,0,0,0,2,6.0,2,0,0,0,0,0,0,0.0,22,0,0,14,8,1,22,0,0,,0,,15,110,35,1,0,0,4,2,15,6,0,0,0,1,1,0,0,0,0,0,0,0,1,0,1,0.0,,,,,,,,,,,,,,,,,,,,,,,,,,,,,,,,2024-2025
1115,Munir El Haddadi,ma MAR,"FW,MF",Leganés,es La Liga,28.0,1995.0,25,10,862,9.6,4,0,4,4,0,0,1,1,1.6,1.6,0.8,2.3,0.42,0.24,11,29,42,21,9,42.9,2.19,0.94,0.19,0.44,20.1,3,0,0,1.6,1.6,0.07,2.4,2.4,201,268,75.0,2666,657,0,0.8,0.5,-0.8,8,19,6,1,29,251,14,5,1,0,13,3,2,0,1,0,201,12,9,5,4,3,12,25.0,9,8,1,7,1,13,1,1,21,2.2,13,0,1,2,5,0,2,0.21,372,1,34,176,164,17,372,21,7,33.3,12,57.1,242,1016,357,11,9,1,22,25,299,42,1,1,0,14,39,7,13,1,9,0,0,0,33,10,24,29.4,,,,,,,,,,,,,,,,,,,,,,,,,,,,,,,,2024-2025
1118,Antoine Hainaut,fr FRA,"DF,FW",Parma,it Serie A,22.0,2002.0,25,10,1206,13.4,2,0,2,2,0,0,4,0,0.8,0.8,1.0,1.8,0.15,0.14,22,34,37,6,3,50.0,0.45,0.22,0.33,0.67,19.1,0,0,0,0.8,0.8,0.14,1.2,1.2,372,496,75.0,5978,2498,0,1.0,1.4,-1.0,9,28,15,8,34,422,73,6,0,3,26,66,1,0,0,0,372,26,14,15,8,3,13,69.2,4,17,4,13,15,41,59,1,19,1.42,15,0,2,1,1,0,2,0.15,676,53,197,293,194,14,676,27,13,48.1,12,44.4,322,1735,841,22,14,3,22,9,349,37,4,0,0,13,16,1,26,15,14,0,0,0,58,33,16,67.3,,,,,,,,,,,,,,,,,,,,,,,,,,,,,,,,2024-2025
1119,Mohamed Haj,tn TUN,MF,Parma,it Serie A,19.0,2005.0,15,3,453,5.0,1,2,3,1,0,0,4,0,0.6,0.6,1.2,1.8,0.6,0.36,6,13,28,7,3,42.9,1.39,0.6,0.14,0.33,16.7,0,0,0,0.6,0.6,0.09,0.4,0.4,118,151,78.1,1736,541,2,1.2,0.7,0.8,9,12,6,3,13,145,6,3,0,0,7,0,2,0,0,0,118,3,1,2,1,0,2,50.0,1,3,1,2,4,7,5,0,20,3.96,16,1,1,1,1,0,2,0.4,207,10,30,86,95,18,207,14,4,28.6,10,71.4,122,487,192,6,3,4,10,1,135,28,4,0,0,6,11,0,7,4,1,0,0,0,15,6,6,50.0,,,,,,,,,,,,,,,,,,,,,,,,,,,,,,,,2024-2025
1121,Lewis Hall,eng ENG,DF,Newcastle Utd,eng Premier League,19.0,2004.0,27,24,2189,24.3,0,4,4,0,0,0,3,0,0.4,0.4,4.3,4.7,0.16,0.19,41,123,80,11,1,9.1,0.45,0.04,0.0,0.0,18.8,0,0,0,0.4,0.4,0.04,-0.4,-0.4,1300,1592,81.7,21999,8891,4,4.3,3.7,-0.3,34,114,17,5,123,1300,287,68,4,2,110,164,55,45,2,0,1300,58,41,28,22,8,74,54.1,34,33,18,15,18,76,75,3,63,2.59,44,18,0,0,1,0,6,0.25,1820,95,623,804,414,47,1820,21,11,52.4,7,33.3,950,4398,2358,41,22,13,33,20,1094,80,3,0,0,9,21,1,110,18,41,0,0,0,119,30,31,49.2,,,,,,,,,,,,,,,,,,,,,,,,,,,,,,,,2024-2025
1122,Sébastien Haller,ci CIV,FW,Leganés,es La Liga,30.0,1994.0,8,5,404,4.5,0,0,0,0,0,0,0,0,0.4,0.4,0.2,0.6,0.0,0.13,3,4,14,4,1,25.0,0.89,0.22,0.0,0.0,14.1,0,0,0,0.4,0.4,0.1,-0.4,-0.4,54,90,60.0,648,93,0,0.2,0.2,-0.2,1,4,0,0,4,85,5,0,2,0,0,0,0,0,0,0,54,2,0,1,0,1,2,50.0,1,1,0,1,0,2,7,0,4,0.89,3,0,1,0,0,0,0,0.0,129,7,21,66,45,11,129,3,1,33.3,1,33.3,56,227,105,3,2,0,17,5,94,14,0,0,0,4,5,7,0,0,0,0,0,0,10,26,17,60.5,,,,,,,,,,,,,,,,,,,,,,,,,,,,,,,,2024-2025
1123,Ali Al Hamadi,iq IRQ,FW,Ipswich Town,eng Premier League,22.0,2002.0,11,0,134,1.5,0,0,0,0,0,0,3,0,0.4,0.4,0.1,0.4,0.0,0.28,4,3,14,4,0,0.0,2.69,0.0,0.0,,15.7,0,0,0,0.4,0.4,0.09,-0.4,-0.4,25,30,83.3,278,29,0,0.1,0.0,-0.1,2,0,0,0,3,30,0,0,0,0,0,0,0,0,0,0,25,1,0,0,0,1,2,0.0,2,0,0,0,0,1,2,0,8,5.37,4,0,3,0,1,0,0,0.0,53,2,6,20,30,9,53,7,4,57.1,3,42.9,29,187,111,4,3,4,7,4,36,14,3,0,0,8,3,1,0,0,0,0,0,0,4,5,9,35.7,,,,,,,,,,,,,,,,,,,,,,,,,,,,,,,,2024-2025
1126,Ridgeciano Haps,sr SUR,DF,Venezia,it Serie A,31.0,1993.0,25,14,1369,15.2,1,1,2,1,0,0,3,0,1.2,1.2,0.7,1.9,0.13,0.13,26,52,47,15,3,20.0,0.99,0.2,0.07,0.33,17.5,0,0,0,1.2,1.2,0.08,-0.2,-0.2,460,592,77.7,7888,2684,1,0.7,0.8,0.3,7,33,12,6,52,496,90,5,0,6,26,79,0,0,0,0,460,30,16,19,8,3,22,63.6,8,18,3,15,7,37,48,0,20,1.31,16,0,1,2,1,0,2,0.13,738,58,250,328,169,26,738,15,5,33.3,6,40.0,365,2024,1161,26,12,7,13,6,420,47,3,0,0,14,16,1,26,7,16,0,1,0,54,14,18,43.8,,,,,,,,,,,,,,,,,,,,,,,,,,,,,,,,2024-2025
1128,Marcus Harness,eng ENG,MF,Ipswich Town,eng Premier League,28.0,1996.0,2,0,45,0.5,0,0,0,0,0,0,0,0,0.0,0.0,0.0,0.0,0.0,0.0,0,2,1,0,0,,0.0,0.0,,,,0,0,0,0.0,0.0,,0.0,0.0,10,16,62.5,89,23,0,0.0,0.1,0.0,0,0,2,0,2,16,0,0,0,0,0,0,0,0,0,0,10,1,0,0,0,1,3,0.0,3,2,1,1,0,1,1,0,2,4.0,2,0,0,0,0,0,0,0.0,22,4,7,2,13,3,22,1,0,0.0,1,100.0,9,49,14,0,0,0,0,0,9,1,0,0,0,0,0,1,0,0,0,0,0,0,2,0,0,,,,,,,,,,,,,,,,,,,,,,,,,,,,,,,,,2024-2025
1130,Jack Harrison,eng ENG,FW,Everton,eng Premier League,27.0,1996.0,34,24,2076,23.1,1,0,1,1,0,0,0,0,3.5,3.5,3.7,7.2,0.04,0.31,73,51,127,29,7,24.1,1.26,0.3,0.03,0.14,16.2,0,0,0,3.5,3.5,0.12,-2.5,-2.5,414,659,62.8,6596,2477,0,3.7,3.1,-3.7,33,28,25,11,51,588,64,23,4,2,131,8,32,27,0,1,414,32,22,12,12,8,46,32.6,31,18,2,16,10,42,35,2,57,2.47,38,9,4,2,4,0,4,0.17,948,36,157,336,463,69,948,75,24,32.0,43,57.3,524,3153,1639,73,36,17,52,41,612,127,0,0,0,13,28,4,131,10,22,1,0,0,73,4,28,12.5,,,,,,,,,,,,,,,,,,,,,,,,,,,,,,,,2024-2025
1131,Abdou Harroui,nl NED,"MF,FW",Hellas Verona,it Serie A,26.0,1998.0,10,5,463,5.1,1,2,3,1,0,0,1,0,2.2,2.2,0.4,2.6,0.58,0.51,23,21,34,15,4,26.7,2.92,0.78,0.07,0.25,17.7,1,0,0,2.2,2.2,0.15,-1.2,-1.2,160,202,79.2,2324,580,2,0.4,0.6,1.6,4,16,3,2,21,197,4,1,1,0,9,3,0,0,0,0,160,9,6,6,3,0,4,100.0,0,5,0,5,2,11,5,0,15,2.92,13,0,2,0,0,0,3,0.58,283,5,41,144,105,17,283,20,6,30.0,13,65.0,175,1241,631,23,20,4,12,10,203,34,1,0,0,10,3,0,9,2,6,0,0,0,22,8,7,53.3,,,,,,,,,,,,,,,,,,,,,,,,,,,,,,,,2024-2025
1132,Taylor Harwood-Bellis,eng ENG,DF,Southampton,eng Premier League,22.0,2002.0,34,32,2825,31.4,1,0,1,1,0,0,9,0,1.8,1.8,1.0,2.8,0.03,0.09,29,125,9,20,8,40.0,0.64,0.25,0.05,0.13,10.6,0,0,0,1.8,1.8,0.09,-0.8,-0.8,1892,2164,87.4,35252,12592,0,1.0,0.7,-1.0,14,178,10,1,125,2080,81,51,3,9,10,27,0,0,0,0,1892,28,20,13,12,3,35,54.3,16,65,43,22,30,58,141,6,37,1.18,32,0,0,3,1,1,2,0.06,2475,340,1158,1145,182,42,2475,3,3,100.0,0,0.0,1433,6776,3938,29,27,0,16,5,1792,9,9,0,0,35,14,0,10,30,20,0,0,0,123,63,49,56.3,,,,,,,,,,,,,,,,,,,,,,,,,,,,,,,,2024-2025
1135,Kai Havertz,de GER,"FW,MF",Arsenal,eng Premier League,25.0,1999.0,23,21,1875,20.8,9,3,12,9,0,0,5,0,9.5,9.5,2.4,12.0,0.58,0.57,35,61,113,53,21,39.6,2.54,1.01,0.17,0.43,11.6,0,0,0,9.5,9.5,0.18,-0.5,-0.5,407,519,78.4,4905,1033,3,2.4,1.7,0.6,17,27,9,1,61,511,6,1,1,0,11,5,0,0,0,0,407,16,9,3,6,7,15,26.7,11,23,4,19,6,22,33,1,42,2.02,35,0,1,6,0,0,3,0.14,785,31,92,287,411,107,785,38,9,23.7,24,63.2,418,2012,954,35,23,18,44,23,584,113,5,0,0,38,23,14,11,6,9,0,0,0,41,63,78,44.7,,,,,,,,,,,,,,,,,,,,,,,,,,,,,,,,2024-2025
1136,Ayden Heaven,eng ENG,DF,Manchester Utd,eng Premier League,17.0,2006.0,4,2,170,1.9,0,0,0,0,0,0,1,0,0.1,0.1,0.0,0.2,0.0,0.08,1,7,1,2,0,0.0,1.06,0.0,0.0,,15.5,0,0,0,0.1,0.1,0.07,-0.1,-0.1,90,106,84.9,1542,458,0,0.0,0.0,0.0,1,4,0,0,7,104,1,1,0,0,0,0,0,0,0,0,90,4,3,1,3,0,2,100.0,0,2,2,0,4,8,9,0,4,2.12,0,0,1,2,1,0,0,0.0,136,30,68,60,10,2,136,4,2,50.0,2,50.0,95,491,259,1,1,0,3,1,93,1,1,0,0,4,4,0,0,4,3,0,0,0,11,2,3,40.0,,,,,,,,,,,,,,,,,,,,,,,,,,,,,,,,2024-2025
1137,Jan Paul van Hecke,nl NED,DF,Brighton,eng Premier League,24.0,2000.0,34,33,2958,32.9,1,1,2,1,0,0,8,1,1.3,1.3,1.5,2.8,0.06,0.09,55,228,5,17,5,29.4,0.52,0.15,0.06,0.2,13.9,0,0,0,1.3,1.3,0.08,-0.3,-0.3,2016,2286,88.2,39486,15217,1,1.5,1.4,-0.5,15,226,17,4,228,2146,138,104,4,19,11,8,0,0,0,0,2016,45,29,24,19,2,41,56.1,18,37,22,15,24,69,142,2,52,1.58,46,2,0,3,1,0,3,0.09,2589,272,1094,1350,166,33,2589,11,5,45.5,4,36.4,1715,10633,7191,55,46,0,12,7,1820,5,8,1,1,25,24,0,11,24,29,0,0,0,131,82,50,62.1,,,,,,,,,,,,,,,,,,,,,,,,,,,,,,,,2024-2025
1138,Hwang Hee-chan,kr KOR,"MF,FW",Wolves,eng Premier League,28.0,1996.0,21,5,661,7.3,2,0,2,2,0,0,0,0,0.8,0.8,0.1,0.9,0.27,0.13,15,12,42,5,3,60.0,0.68,0.41,0.4,0.67,17.4,0,0,0,0.8,0.8,0.16,1.2,1.2,166,204,81.4,2152,420,0,0.1,0.3,-0.1,3,7,4,2,12,189,14,2,1,0,8,6,0,0,0,0,166,6,4,2,1,3,6,33.3,4,9,0,9,2,8,11,0,9,1.22,8,0,0,1,0,0,1,0.14,271,10,42,105,126,24,271,14,2,14.3,12,85.7,159,989,448,15,5,7,14,10,181,42,0,0,0,6,9,0,8,2,4,0,0,0,28,3,9,25.0,,,,,,,,,,,,,,,,,,,,,,,,,,,,,,,,2024-2025
1139,Dean Henderson,eng ENG,GK,Crystal Palace,eng Premier League,27.0,1997.0,38,38,3420,38.0,0,0,0,0,0,0,3,0,0.0,0.0,0.2,0.2,0.0,0.0,0,0,0,1,0,0.0,0.03,0.0,0.0,,14.9,0,0,0,0.0,0.0,0.01,0.0,0.0,745,1216,61.3,20401,13551,0,0.2,0.1,-0.2,3,23,1,0,0,842,373,100,0,0,0,0,0,0,0,0,745,2,1,2,0,0,6,33.3,4,0,0,0,0,2,22,0,4,0.11,3,1,0,0,0,0,0,0.0,1308,1065,1303,4,1,1,1308,0,0,,0,,751,4483,2136,0,0,0,2,0,580,0,3,0,0,0,2,0,0,0,1,0,0,0,26,11,1,91.7,51.0,1.34,150.0,101.0,66.7,13.0,14.0,11.0,11.0,28.9,2.0,1.0,1.0,0.0,51.2,0.35,3.2,0.08,157.0,600.0,26.2,942.0,115.0,47.5,38.5,559.0,30.0,5.4,40.0,1.05,14.3,2024-2025
1140,Liam Henderson,sct SCO,MF,Empoli,it Serie A,28.0,1996.0,36,27,2337,26.0,0,4,4,0,0,0,10,0,0.7,0.7,3.9,4.5,0.15,0.17,18,108,54,22,3,13.6,0.85,0.12,0.0,0.0,28.6,2,0,0,0.7,0.7,0.03,-0.7,-0.7,730,1002,72.9,13025,4242,4,3.9,3.0,0.1,33,93,22,11,108,872,126,53,5,5,98,6,48,23,14,1,730,42,22,17,22,3,53,41.5,31,19,5,14,15,57,42,0,59,2.27,44,10,2,1,1,1,5,0.19,1197,43,229,697,279,16,1197,11,6,54.5,3,27.3,490,2120,909,18,17,4,22,9,671,54,10,0,0,83,23,2,98,15,22,0,0,0,89,13,20,39.4,,,,,,,,,,,,,,,,,,,,,,,,,,,,,,,,2024-2025
1144,Henrique,br BRA,DF,Valladolid,es La Liga,30.0,1994.0,5,4,352,3.9,0,0,0,0,0,0,0,0,0.0,0.0,0.0,0.1,0.0,0.01,2,12,4,1,0,0.0,0.26,0.0,0.0,,19.5,0,0,0,0.0,0.0,0.03,0.0,0.0,169,197,85.8,2689,766,0,0.0,0.0,0.0,2,13,0,0,12,170,27,6,1,0,3,20,1,1,0,0,169,6,2,3,2,1,4,25.0,3,5,0,5,3,9,12,0,6,1.53,5,0,0,0,1,0,0,0.0,237,16,75,139,24,1,237,7,3,42.9,3,42.9,132,659,355,2,3,0,3,4,165,4,0,0,0,5,9,0,3,3,2,0,1,0,9,1,2,33.3,,,,,,,,,,,,,,,,,,,,,,,,,,,,,,,,2024-2025
1146,Rico Henry,eng ENG,DF,Brentford,eng Premier League,27.0,1997.0,5,0,99,1.1,0,0,0,0,0,0,0,0,0.0,0.0,0.0,0.0,0.0,0.0,0,4,5,0,0,,0.0,0.0,,,,0,0,0,0.0,0.0,,0.0,0.0,33,49,67.3,503,195,0,0.0,0.0,0.0,0,4,0,0,4,39,10,0,0,0,2,10,0,0,0,0,33,2,2,1,0,1,4,0.0,4,4,1,3,1,3,2,0,2,1.84,2,0,0,0,0,0,1,0.92,66,6,22,29,16,1,66,3,0,0.0,2,66.7,30,149,60,0,1,0,3,2,27,5,0,0,0,2,2,0,2,1,2,0,0,0,7,2,1,66.7,,,,,,,,,,,,,,,,,,,,,,,,,,,,,,,,2024-2025
1147,Mads Hermansen,dk DEN,GK,Leicester City,eng Premier League,24.0,2000.0,27,27,2385,26.5,0,0,0,0,0,0,1,0,0.0,0.0,0.0,0.0,0.0,0.0,0,1,0,0,0,,0.0,0.0,,,,0,0,0,0.0,0.0,,0.0,0.0,654,1073,61.0,17066,12387,0,0.0,0.0,0.0,0,20,1,0,1,840,229,86,0,2,0,0,0,0,0,0,654,1,1,1,0,0,1,100.0,0,1,0,1,0,1,13,4,3,0.11,3,0,0,0,0,0,0,0.0,1147,831,1106,43,0,0,1147,1,1,100.0,0,0.0,734,3625,1904,0,0,0,1,0,625,0,1,0,0,0,3,0,0,0,1,0,0,0,17,4,1,80.0,58.0,2.19,155.0,99.0,64.5,3.0,6.0,18.0,1.0,3.7,4.0,3.0,1.0,0.0,56.4,0.35,1.4,0.05,114.0,471.0,24.2,926.0,133.0,39.2,34.6,419.0,26.0,6.2,26.0,0.98,13.1,2024-2025
1148,Mario Hermoso,es ESP,DF,Roma,it Serie A,29.0,1995.0,8,2,251,2.8,0,0,0,0,0,0,2,1,0.1,0.1,0.0,0.1,0.0,0.02,3,14,5,1,0,0.0,0.36,0.0,0.0,,10.1,0,0,0,0.1,0.1,0.06,-0.1,-0.1,182,202,90.1,3429,979,0,0.0,0.1,0.0,0,17,2,1,14,187,15,4,0,2,3,6,0,0,0,0,182,2,1,2,0,0,1,0.0,1,1,1,0,4,6,13,0,4,1.43,3,0,0,1,0,0,0,0.0,227,24,97,113,18,1,227,3,2,66.7,1,33.3,104,455,250,3,1,0,0,1,163,5,2,1,1,7,1,0,3,4,1,0,0,0,11,3,5,37.5,,,,,,,,,,,,,,,,,,,,,,,,,,,,,,,,2024-2025
1150,Javi Hernández,es ESP,DF,Leganés,es La Liga,26.0,1998.0,31,27,2389,26.5,2,1,3,2,0,0,6,0,0.8,0.8,1.5,2.2,0.11,0.08,40,80,90,17,6,35.3,0.64,0.23,0.12,0.33,21.3,2,0,0,0.8,0.8,0.04,1.2,1.2,797,1060,75.2,12398,4703,1,1.5,1.4,-0.5,17,54,11,4,80,835,222,37,1,4,52,181,4,1,0,0,797,26,15,16,7,3,46,37.0,29,25,5,20,23,49,98,0,41,1.54,31,6,0,1,2,1,3,0.11,1323,115,425,607,309,27,1323,29,16,55.2,12,41.4,603,3143,1835,40,32,5,27,26,675,90,6,0,0,49,16,5,52,23,15,0,0,0,112,21,23,47.7,,,,,,,,,,,,,,,,,,,,,,,,,,,,,,,,2024-2025
1151,Aridane Hernández,es ESP,DF,Rayo Vallecano,es La Liga,35.0,1989.0,14,11,1025,11.4,0,0,0,0,0,0,1,0,0.9,0.9,0.0,1.0,0.0,0.08,2,38,0,8,2,25.0,0.7,0.18,0.0,0.0,8.0,0,0,0,0.9,0.9,0.11,-0.9,-0.9,463,527,87.9,8326,2714,0,0.0,0.1,0.0,2,18,0,0,38,484,42,15,0,5,0,0,0,0,0,0,463,13,11,9,4,0,8,75.0,2,10,8,2,6,19,99,2,9,0.79,7,2,0,0,0,0,0,0.0,680,148,394,270,17,12,680,6,3,50.0,2,33.3,328,1479,566,2,0,0,4,1,362,0,1,0,0,5,10,0,0,6,11,0,0,1,48,40,19,67.8,,,,,,,,,,,,,,,,,,,,,,,,,,,,,,,,2024-2025
1153,Theo Hernández,fr FRA,DF,Milan,it Serie A,26.0,1997.0,33,30,2696,30.0,4,3,7,4,0,1,4,1,2.7,1.9,4.7,6.6,0.23,0.25,93,132,148,43,14,32.6,1.44,0.47,0.09,0.29,22.4,3,0,1,2.7,1.9,0.04,1.3,2.1,1373,1639,83.8,21883,6748,3,4.7,4.1,-1.7,47,96,32,12,132,1314,320,70,4,10,111,175,75,52,4,0,1373,36,28,23,10,3,39,53.8,18,25,10,15,17,53,75,3,107,3.57,66,22,6,8,4,1,12,0.4,1901,84,510,850,565,59,1900,55,24,43.6,23,41.8,1046,6314,3910,93,58,25,32,20,1186,148,4,1,0,17,43,3,111,17,28,1,1,0,129,37,16,69.8,,,,,,,,,,,,,,,,,,,,,,,,,,,,,,,,2024-2025
1154,Hernani,br BRA,MF,Parma,it Serie A,30.0,1994.0,25,15,1327,14.7,3,3,6,0,3,3,7,0,2.8,0.5,1.5,2.0,0.2,0.3,29,78,40,17,3,17.6,1.15,0.2,0.0,0.0,33.1,7,3,3,2.8,0.5,0.03,0.2,-0.5,463,615,75.3,8295,2603,3,1.5,1.3,1.5,25,45,14,2,78,553,58,30,2,8,33,6,18,9,6,0,463,47,26,25,18,4,50,54.0,23,26,6,20,19,66,12,1,43,2.92,32,9,0,0,2,0,5,0.34,782,30,160,409,231,16,779,24,8,33.3,7,29.2,419,2469,1237,29,35,3,23,12,477,40,7,0,0,33,25,1,33,19,26,0,0,0,68,18,19,48.6,,,,,,,,,,,,,,,,,,,,,,,,,,,,,,,,2024-2025
1155,Jorge Herrando,es ESP,DF,Osasuna,es La Liga,23.0,2001.0,18,15,1366,15.2,1,0,1,1,0,0,3,0,1.2,1.2,0.0,1.2,0.07,0.08,7,38,1,12,3,25.0,0.79,0.2,0.08,0.33,11.2,0,0,0,1.2,1.2,0.1,-0.2,-0.2,625,732,85.4,11580,4279,0,0.0,0.1,0.0,0,29,0,0,38,694,36,22,0,6,2,8,0,0,0,0,625,17,11,9,5,3,15,60.0,6,20,14,6,12,29,65,2,13,0.86,10,0,0,3,0,0,0,0.0,871,90,419,422,34,17,871,1,1,100.0,0,0.0,505,2196,1149,7,3,0,4,1,585,1,3,0,0,25,2,0,2,12,11,0,1,0,36,29,11,72.5,,,,,,,,,,,,,,,,,,,,,,,,,,,,,,,,2024-2025
1156,Ander Herrera,es ESP,MF,Athletic Club,es La Liga,34.0,1989.0,8,2,273,3.0,0,0,0,0,0,1,2,0,1.7,0.9,0.1,1.1,0.0,0.61,2,16,5,7,3,42.9,2.31,0.99,0.0,0.0,24.2,0,0,1,1.7,0.9,0.16,-1.7,-0.9,181,200,90.5,2856,628,0,0.1,0.3,-0.1,2,25,1,0,16,194,6,5,0,0,1,1,0,0,0,0,181,8,4,1,7,0,6,50.0,3,1,0,1,2,10,10,0,11,3.64,10,0,0,1,0,0,0,0.0,237,12,37,151,49,6,236,5,2,40.0,1,20.0,116,431,196,2,4,0,3,2,169,5,2,0,0,6,3,0,1,2,4,0,0,0,14,3,2,60.0,,,,,,,,,,,,,,,,,,,,,,,,,,,,,,,,2024-2025
1157,Sergio Herrera,es ESP,GK,Osasuna,es La Liga,31.0,1993.0,37,37,3330,37.0,0,0,0,0,0,0,5,0,0.0,0.0,0.0,0.0,0.0,0.0,0,2,0,0,0,,0.0,0.0,,,,0,0,0,0.0,0.0,,0.0,0.0,871,1246,69.9,29072,23382,0,0.0,0.1,0.0,0,29,0,0,2,851,391,114,0,3,0,1,0,0,0,0,871,2,1,2,0,0,6,33.3,4,1,0,1,0,2,29,1,6,0.16,4,2,0,0,0,0,0,0.0,1358,1099,1344,14,0,0,1358,1,1,100.0,0,0.0,698,4037,2294,0,0,0,2,0,521,0,5,0,0,1,4,0,0,0,1,0,1,0,33,5,1,83.3,52.0,1.41,182.0,131.0,75.3,12.0,15.0,10.0,8.0,21.6,7.0,7.0,0.0,0.0,56.2,0.28,5.2,0.14,277.0,614.0,45.1,966.0,139.0,43.2,37.6,524.0,32.0,6.1,85.0,2.3,19.7,2024-2025
1158,Yangel Herrera,ve VEN,MF,Girona,es La Liga,26.0,1998.0,29,27,2257,25.1,4,3,7,4,0,0,10,1,3.6,3.6,1.5,5.1,0.28,0.2,31,110,99,39,14,35.9,1.56,0.56,0.1,0.29,16.9,0,0,0,3.6,3.6,0.09,0.4,0.4,868,1068,81.3,14298,3657,3,1.5,1.3,1.5,17,97,13,3,110,1046,16,10,2,10,44,3,0,0,0,0,868,66,39,31,27,8,59,50.8,29,24,8,16,31,97,50,2,50,1.99,38,2,1,3,4,2,6,0.24,1405,75,317,739,362,60,1405,47,19,40.4,19,40.4,812,4005,1760,31,35,3,54,35,968,99,10,1,0,72,68,5,44,31,39,1,0,0,106,50,45,52.6,,,,,,,,,,,,,,,,,,,,,,,,,,,,,,,,2024-2025
1159,Juan Herzog,es ESP,DF,Las Palmas,es La Liga,21.0,2003.0,19,15,1315,14.6,0,0,0,0,0,0,1,0,0.9,0.9,0.0,0.9,0.0,0.06,0,27,1,12,2,16.7,0.82,0.14,0.0,0.0,10.7,0,0,0,0.9,0.9,0.07,-0.9,-0.9,559,647,86.4,10419,3151,0,0.0,0.0,0.0,0,17,0,0,27,598,47,20,0,3,0,6,0,0,0,0,559,12,12,12,0,0,16,56.3,7,17,11,6,18,30,86,0,3,0.21,2,1,0,0,0,0,0,0.0,812,129,492,297,27,20,812,2,0,0.0,1,50.0,376,1229,569,0,1,0,2,0,472,1,1,0,0,6,7,0,0,18,12,0,0,0,41,44,25,63.8,,,,,,,,,,,,,,,,,,,,,,,,,,,,,,,,2024-2025
1160,Son Heung-min,kr KOR,FW,Tottenham,eng Premier League,32.0,1992.0,30,24,2110,23.4,7,9,16,6,1,2,1,0,7.2,5.7,8.2,13.9,0.64,0.66,96,111,265,55,24,43.6,2.35,1.02,0.11,0.25,17.0,1,1,2,7.2,5.7,0.11,-0.2,0.3,730,925,78.9,10322,2867,9,8.2,5.1,0.8,50,40,51,6,111,853,70,15,4,4,78,12,38,25,5,0,730,17,9,3,8,6,27,18.5,22,11,0,11,5,22,17,1,117,4.99,87,8,10,7,5,0,15,0.64,1134,16,115,362,668,122,1132,83,29,34.9,41,49.4,761,4914,2613,96,49,44,25,32,867,265,1,0,0,6,28,12,78,5,9,1,0,0,85,6,12,33.3,,,,,,,,,,,,,,,,,,,,,,,,,,,,,,,,2024-2025
1161,Isak Hien,se SWE,DF,Atalanta,it Serie A,25.0,1999.0,30,27,2327,25.9,0,0,0,0,0,0,10,0,1.0,1.0,0.1,1.1,0.0,0.04,7,51,3,8,2,25.0,0.31,0.08,0.0,0.0,7.9,0,0,0,1.0,1.0,0.12,-1.0,-1.0,1146,1277,89.7,22379,7040,0,0.1,0.2,-0.1,2,43,1,0,51,1241,36,31,0,1,1,5,0,0,0,0,1146,48,28,27,21,0,44,61.4,17,31,18,13,31,79,82,2,5,0.19,4,0,0,1,0,0,1,0.04,1546,164,766,752,40,15,1546,11,6,54.5,3,27.3,845,4060,1781,7,8,1,23,9,923,3,10,0,0,36,19,0,1,31,28,0,1,0,141,68,56,54.8,,,,,,,,,,,,,,,,,,,,,,,,,,,,,,,,2024-2025
1162,Omar El Hilali,ma MAR,DF,Espanyol,es La Liga,20.0,2003.0,36,36,3153,35.0,0,2,2,0,0,0,11,0,0.0,0.0,0.8,0.9,0.06,0.02,35,84,61,2,0,0.0,0.06,0.0,0.0,,30.9,0,0,0,0.0,0.0,0.01,0.0,0.0,1245,1577,78.9,23391,8719,2,0.8,1.4,1.2,8,81,11,6,84,1220,354,61,1,16,57,293,0,0,0,0,1245,111,79,81,24,6,95,67.4,31,53,13,40,46,157,145,2,28,0.8,24,1,1,1,1,0,3,0.09,1992,160,869,935,208,5,1992,29,17,58.6,7,24.1,888,4445,2372,35,21,2,21,7,981,61,11,0,0,52,30,7,57,46,79,0,2,0,132,36,30,54.5,,,,,,,,,,,,,,,,,,,,,,,,,,,,,,,,2024-2025
1163,James Hill,eng ENG,DF,Bournemouth,eng Premier League,22.0,2002.0,10,6,448,5.0,0,1,1,0,0,0,1,0,0.3,0.3,0.3,0.6,0.2,0.11,3,16,8,6,0,0.0,1.21,0.0,0.0,,13.9,0,0,0,0.3,0.3,0.05,-0.3,-0.3,159,245,64.9,3098,1094,1,0.3,0.3,0.7,3,20,6,0,16,212,33,3,0,0,10,30,0,0,0,0,159,15,8,6,6,3,11,27.3,8,5,0,5,9,24,31,0,8,1.61,5,2,0,0,0,1,1,0.2,319,19,99,167,54,8,319,2,1,50.0,1,50.0,146,552,295,3,6,0,2,0,179,8,1,0,0,7,5,0,10,9,8,0,0,0,13,14,12,53.8,,,,,,,,,,,,,,,,,,,,,,,,,,,,,,,,2024-2025
1165,Roger Hinojo,es ESP,DF,Espanyol,es La Liga,19.0,2005.0,1,0,9,0.1,0,0,0,0,0,0,0,0,0.0,0.0,0.0,0.0,0.0,0.0,1,0,2,0,0,,0.0,0.0,,,,0,0,0,0.0,0.0,,0.0,0.0,5,10,50.0,51,3,0,0.0,0.0,0.0,0,0,0,0,0,9,1,0,0,0,2,1,0,0,0,0,5,0,0,0,0,0,0,,0,0,0,0,0,0,1,0,0,0.0,0,0,0,0,0,0,0,0.0,11,1,3,2,6,0,11,0,0,,0,,8,41,23,1,0,0,0,0,8,2,0,0,0,0,0,0,2,0,0,0,0,0,0,0,2,0.0,,,,,,,,,,,,,,,,,,,,,,,,,,,,,,,,2024-2025
1166,Jack Hinshelwood,eng ENG,"MF,DF",Brighton,eng Premier League,19.0,2005.0,26,22,1842,20.5,5,2,7,5,0,0,5,0,2.7,2.7,1.5,4.2,0.34,0.21,19,68,54,18,10,55.6,0.88,0.49,0.28,0.5,12.2,0,0,0,2.7,2.7,0.15,2.3,2.3,870,1046,83.2,13114,3047,2,1.5,1.5,0.5,17,36,9,2,68,927,118,27,0,8,27,75,8,4,1,1,870,27,19,8,10,9,27,40.7,16,10,3,7,16,43,37,1,35,1.71,28,4,0,2,1,0,3,0.15,1199,50,322,560,323,35,1199,11,2,18.2,8,72.7,590,2435,1189,19,20,2,18,3,762,54,5,0,0,18,9,0,27,16,19,0,0,0,63,20,16,55.6,,,,,,,,,,,,,,,,,,,,,,,,,,,,,,,,2024-2025
1167,George Hirst,sct SCO,FW,Ipswich Town,eng Premier League,25.0,1999.0,26,5,661,7.3,3,1,4,3,0,0,3,0,2.1,2.1,0.3,2.5,0.54,0.34,9,13,31,14,7,50.0,1.91,0.95,0.21,0.43,11.3,0,0,0,2.1,2.1,0.15,0.9,0.9,69,122,56.6,785,188,1,0.3,0.3,0.7,4,1,4,0,13,121,0,0,0,0,3,0,0,0,0,0,69,3,3,1,0,2,4,25.0,3,1,1,0,2,5,10,0,9,1.22,7,0,0,1,1,0,3,0.41,188,12,28,61,101,28,188,6,2,33.3,3,50.0,101,529,211,9,2,7,21,16,161,31,3,0,0,13,12,3,3,2,3,0,0,0,12,32,23,58.2,,,,,,,,,,,,,,,,,,,,,,,,,,,,,,,,2024-2025
1174,Mason Holgate,jm JAM,"FW,DF",Everton,eng Premier League,27.0,1996.0,1,0,6,0.1,0,0,0,0,0,0,0,0,0.0,0.0,0.0,0.0,0.0,0.0,0,0,0,0,0,,0.0,0.0,,,,0,0,0,0.0,0.0,,0.0,0.0,2,2,100.0,55,0,0,0.0,0.0,0.0,0,0,0,0,0,0,2,0,0,0,0,2,0,0,0,0,2,0,0,0,0,0,0,,0,0,0,0,0,0,0,0,0,0.0,0,0,0,0,0,0,0,0.0,3,0,0,2,1,0,3,0,0,,0,,1,0,0,0,0,0,1,0,1,0,0,0,0,0,0,0,0,0,0,0,0,0,0,0,1,0.0,,,,,,,,,,,,,,,,,,,,,,,,,,,,,,,,2024-2025
1176,Emil Holm,se SWE,DF,Bologna,it Serie A,24.0,2000.0,21,12,1137,12.6,1,1,2,1,0,0,3,0,0.6,0.6,0.7,1.3,0.16,0.1,29,49,43,10,3,30.0,0.79,0.24,0.1,0.33,18.8,0,0,0,0.6,0.6,0.06,0.4,0.4,560,735,76.2,10735,3499,1,0.7,0.9,0.3,10,47,14,8,49,574,161,29,1,11,40,132,0,0,0,0,560,34,21,17,14,3,31,64.5,11,19,4,15,10,44,51,1,28,2.22,22,2,2,1,1,0,2,0.16,909,44,269,384,266,26,909,25,10,40.0,10,40.0,442,2401,1188,29,18,5,26,14,490,43,3,0,0,16,24,1,40,10,21,1,0,0,47,31,20,60.8,,,,,,,,,,,,,,,,,,,,,,,,,,,,,,,,2024-2025
1181,Dinko Horkaš,hr CRO,GK,Las Palmas,es La Liga,25.0,1999.0,13,11,1085,12.1,0,0,0,0,0,0,1,0,0.0,0.0,0.0,0.0,0.0,0.0,0,2,0,0,0,,0.0,0.0,,,,0,0,0,0.0,0.0,,0.0,0.0,397,525,75.6,10570,7433,0,0.0,0.0,0.0,0,12,0,0,2,445,77,30,0,3,0,0,0,0,0,0,397,0,0,0,0,0,0,,0,0,0,0,0,0,9,1,2,0.17,1,1,0,0,0,0,0,0.0,560,335,538,22,0,0,560,1,1,100.0,0,0.0,340,1488,929,0,0,0,0,0,351,0,1,0,0,1,1,0,0,0,0,0,1,0,14,0,0,,19.0,1.58,54.0,35.0,66.7,2.0,0.0,9.0,1.0,9.1,2.0,1.0,1.0,0.0,19.4,0.34,1.4,0.11,69.0,175.0,39.4,475.0,53.0,31.8,32.5,148.0,9.0,6.1,16.0,1.33,15.6,2024-2025
1185,Harry Howell,eng ENG,FW,Brighton,eng Premier League,15.0,2008.0,1,0,7,0.1,0,0,0,0,0,0,0,0,0.0,0.0,0.0,0.0,0.0,0.0,0,0,3,0,0,,0.0,0.0,,,,0,0,0,0.0,0.0,,0.0,0.0,8,9,88.9,100,8,0,0.0,0.1,0.0,0,0,0,0,0,9,0,0,0,0,0,0,0,0,0,0,8,1,1,1,0,0,2,50.0,1,1,0,1,0,1,0,0,0,0.0,0,0,0,0,0,0,0,0.0,12,1,1,7,4,3,12,0,0,,0,,9,48,8,0,0,1,0,0,10,3,0,0,0,0,0,0,0,0,1,0,0,0,0,0,0,,,,,,,,,,,,,,,,,,,,,,,,,,,,,,,,,2024-2025
1188,Callum Hudson-Odoi,eng ENG,"FW,MF",Nott'ham Forest,eng Premier League,23.0,2000.0,31,25,2194,24.4,5,2,7,5,0,0,2,0,2.5,2.5,2.7,5.2,0.29,0.21,130,71,189,37,17,45.9,1.52,0.7,0.14,0.29,18.3,0,0,0,2.5,2.5,0.07,2.5,2.5,691,843,82.0,10242,2075,2,2.7,2.6,-0.7,44,38,33,11,71,817,23,3,5,6,79,6,5,4,1,0,691,22,14,8,8,6,18,66.7,6,11,0,11,13,35,12,1,94,3.86,74,3,10,3,4,0,11,0.45,1035,16,117,338,605,74,1035,63,37,58.7,18,28.6,641,5345,3401,130,61,47,45,23,784,189,2,0,0,12,25,8,79,13,14,1,0,0,92,3,10,23.1,,,,,,,,,,,,,,,,,,,,,,,,,,,,,,,,2024-2025
1189,Will Hughes,eng ENG,MF,Crystal Palace,eng Premier League,29.0,1995.0,33,24,2108,23.4,0,3,3,0,0,0,11,0,1.1,1.1,3.1,4.2,0.13,0.18,20,87,27,22,1,4.5,0.94,0.04,0.0,0.0,22.3,0,0,0,1.1,1.1,0.05,-1.1,-1.1,737,970,76.0,11688,4132,3,3.1,2.6,-0.1,33,76,15,3,87,856,106,34,1,2,71,1,54,41,2,0,737,66,36,20,33,13,62,45.2,34,31,14,17,22,88,28,3,67,2.86,42,17,1,2,5,0,6,0.26,1203,48,295,615,308,17,1203,16,5,31.3,7,43.8,532,2718,1276,20,24,1,21,30,659,27,11,0,0,65,31,0,71,22,36,0,1,0,121,19,18,51.4,,,,,,,,,,,,,,,,,,,,,,,,,,,,,,,,2024-2025
1190,Dean Huijsen,es ESP,DF,Bournemouth,eng Premier League,19.0,2005.0,32,26,2427,27.0,3,2,5,3,0,0,10,0,1.9,1.9,2.0,3.9,0.19,0.14,41,132,10,18,3,16.7,0.67,0.11,0.17,1.0,11.9,0,0,0,1.9,1.9,0.1,1.1,1.1,1355,1625,83.4,27219,10928,2,2.0,1.6,0.0,15,180,7,2,132,1566,53,32,2,15,12,6,0,0,0,0,1355,36,26,19,16,1,29,62.1,11,40,29,11,51,87,198,4,43,1.59,40,1,0,1,1,0,3,0.11,2021,254,915,971,145,30,2021,5,2,40.0,3,60.0,1118,7072,4349,41,31,0,20,1,1271,10,10,0,0,31,10,2,12,51,26,0,0,0,105,68,44,60.7,,,,,,,,,,,,,,,,,,,,,,,,,,,,,,,,2024-2025
1191,Mats Hummels,de GER,DF,Roma,it Serie A,35.0,1988.0,14,11,915,10.2,0,0,0,0,0,0,1,0,0.5,0.5,0.1,0.5,0.0,0.05,4,26,1,8,1,12.5,0.79,0.1,0.0,0.0,15.3,0,0,0,0.5,0.5,0.06,-0.5,-0.5,389,437,89.0,7200,2611,0,0.1,0.1,-0.1,2,15,0,0,26,421,16,13,1,0,2,1,0,0,0,0,389,30,15,16,14,0,18,61.1,7,12,4,8,26,56,43,0,8,0.79,6,0,1,0,1,0,1,0.1,560,57,222,313,29,10,560,6,4,66.7,2,33.3,279,1306,637,4,9,0,0,1,324,1,1,0,0,9,4,0,2,26,15,0,0,1,41,23,15,60.5,,,,,,,,,,,,,,,,,,,,,,,,,,,,,,,,2024-2025
1192,Omari Hutchinson,eng ENG,"MF,FW",Ipswich Town,eng Premier League,20.0,2003.0,31,30,2583,28.7,3,2,5,3,0,0,5,0,2.9,2.9,3.5,6.4,0.17,0.22,97,75,159,45,18,40.0,1.57,0.63,0.07,0.17,19.6,4,0,0,2.9,2.9,0.06,0.1,0.1,690,885,78.0,10875,2022,2,3.5,2.5,-1.5,31,45,27,15,75,807,70,1,4,2,81,8,5,5,0,0,690,32,13,14,10,8,48,27.1,35,27,2,25,11,43,15,1,81,2.82,59,0,9,6,5,2,6,0.21,1259,17,200,516,567,92,1259,137,51,37.2,68,49.6,779,6035,2976,97,39,37,80,58,893,159,5,0,0,30,46,6,81,11,13,0,0,0,110,6,26,18.8,,,,,,,,,,,,,,,,,,,,,,,,,,,,,,,,2024-2025
1193,Elseid Hysaj,al ALB,DF,Lazio,it Serie A,30.0,1994.0,11,4,424,4.7,0,3,3,0,0,0,2,1,0.2,0.2,1.6,1.8,0.64,0.38,4,14,18,2,0,0.0,0.42,0.0,0.0,,17.0,0,0,0,0.2,0.2,0.08,-0.2,-0.2,214,264,81.1,3839,922,3,1.6,1.1,1.4,6,19,9,6,14,230,34,3,1,1,18,31,0,0,0,0,214,11,6,6,5,0,3,100.0,0,5,2,3,5,16,21,0,10,2.12,8,0,1,1,0,0,3,0.64,318,19,85,149,89,10,318,6,3,50.0,3,50.0,153,683,262,4,6,1,5,0,183,18,2,1,1,5,1,0,18,5,6,0,0,0,20,8,6,57.1,,,,,,,,,,,,,,,,,,,,,,,,,,,,,,,,2024-2025
1197,Rasmus Højlund,dk DEN,FW,Manchester Utd,eng Premier League,21.0,2003.0,32,23,2004,22.3,4,0,4,4,0,0,2,0,5.3,5.3,1.8,7.1,0.18,0.32,28,18,101,32,13,40.6,1.44,0.58,0.13,0.31,12.9,0,0,0,5.3,5.3,0.16,-1.3,-1.3,251,336,74.7,2741,486,0,1.8,1.1,-1.8,16,14,5,1,18,310,23,0,2,0,8,0,0,0,0,0,251,3,1,0,2,1,5,0.0,5,6,0,6,2,5,6,0,34,1.53,22,0,3,5,4,0,1,0.04,515,6,36,251,237,74,515,33,9,27.3,21,63.6,308,1516,655,28,13,17,63,33,408,101,2,0,0,17,28,13,8,2,1,1,0,0,35,31,94,24.8,,,,,,,,,,,,,,,,,,,,,,,,,,,,,,,,2024-2025
1198,Pablo Ibáñez,es ESP,MF,Osasuna,es La Liga,25.0,1998.0,28,13,1294,14.4,1,1,2,1,0,0,4,0,1.6,1.6,1.6,3.2,0.14,0.22,21,51,31,20,5,25.0,1.39,0.35,0.05,0.2,20.8,0,0,0,1.6,1.6,0.08,-0.6,-0.6,384,513,74.9,6247,1346,1,1.6,0.4,-0.6,6,35,4,2,51,494,14,4,2,5,13,4,1,0,0,0,384,20,10,7,12,1,40,25.0,30,20,7,13,18,38,21,0,20,1.39,14,0,1,1,3,1,4,0.28,673,20,109,391,185,31,673,27,13,48.1,10,37.0,368,2294,985,21,20,3,20,16,423,31,4,0,0,28,29,0,13,18,10,0,0,0,56,19,24,44.2,,,,,,,,,,,,,,,,,,,,,,,,,,,,,,,,2024-2025
1200,Arijon Ibrahimović,de GER,MF,Lazio,it Serie A,18.0,2005.0,1,0,8,0.1,0,0,0,0,0,0,0,0,0.1,0.1,0.0,0.1,0.0,0.85,0,0,0,2,0,0.0,22.5,0.0,0.0,,21.4,0,0,0,0.1,0.1,0.04,-0.1,-0.1,3,4,75.0,31,0,0,0.0,0.0,0.0,0,0,0,0,0,3,1,0,0,0,0,0,0,0,0,0,3,0,0,0,0,0,0,,0,0,0,0,0,0,0,0,1,11.25,0,0,0,1,0,0,0,0.0,6,0,0,3,3,0,6,0,0,,0,,1,1,0,0,0,0,0,0,2,0,0,0,0,0,0,0,0,0,0,0,0,0,0,0,0,,,,,,,,,,,,,,,,,,,,,,,,,,,,,,,,,2024-2025
1202,Stanis Idumbo,be BEL,"FW,MF",Sevilla,es La Liga,19.0,2005.0,14,3,284,3.2,1,1,2,1,0,0,0,0,0.6,0.6,0.7,1.3,0.63,0.42,10,8,20,4,2,50.0,1.27,0.63,0.25,0.5,23.5,0,0,0,0.6,0.6,0.16,0.4,0.4,63,76,82.9,1003,217,1,0.7,0.1,0.3,6,2,1,0,8,72,3,0,1,0,0,3,0,0,0,0,63,9,5,3,4,2,5,60.0,2,3,1,2,4,13,2,0,7,2.21,7,0,0,0,0,0,1,0.32,130,6,26,54,55,6,130,19,9,47.4,9,47.4,88,704,332,10,5,4,12,11,91,20,0,0,0,1,7,0,0,4,5,0,0,0,19,1,0,100.0,,,,,,,,,,,,,,,,,,,,,,,,,,,,,,,,2024-2025
1203,Jay Idzes,id IDN,DF,Venezia,it Serie A,24.0,2000.0,35,35,3127,34.7,1,0,1,1,0,0,5,0,1.8,1.8,0.7,2.5,0.03,0.07,15,84,15,15,3,20.0,0.43,0.09,0.07,0.33,12.3,0,0,0,1.8,1.8,0.12,-0.8,-0.8,1457,1694,86.0,26675,9202,0,0.7,0.4,-0.7,8,65,4,1,84,1483,211,80,1,3,6,105,0,0,0,0,1457,45,29,24,17,4,33,51.5,16,52,32,20,32,77,156,0,24,0.69,18,3,0,2,1,0,0,0.0,2078,274,1067,890,128,33,2078,7,1,14.3,5,71.4,1051,5275,2738,15,12,0,31,7,1166,15,5,0,0,50,12,3,6,32,29,0,3,0,113,57,81,41.3,,,,,,,,,,,,,,,,,,,,,,,,,,,,,,,,2024-2025
1204,Iglesias,es ESP,DF,Getafe,es La Liga,26.0,1998.0,37,32,2888,32.1,0,1,1,0,0,0,4,0,1.6,1.6,2.2,3.8,0.03,0.12,32,84,67,21,3,14.3,0.65,0.09,0.0,0.0,25.7,0,0,0,1.6,1.6,0.08,-1.6,-1.6,686,1202,57.1,13129,6832,1,2.2,1.8,-1.2,20,84,24,14,84,843,349,26,0,14,84,323,0,0,0,0,686,81,47,42,33,6,90,51.1,44,47,8,39,50,131,133,1,59,1.84,30,16,4,3,5,1,5,0.16,1627,104,471,763,412,15,1627,32,13,40.6,16,50.0,554,2779,1355,32,37,4,36,15,569,67,4,0,0,45,41,1,84,50,47,0,0,0,107,35,38,47.9,,,,,,,,,,,,,,,,,,,,,,,,,,,,,,,,2024-2025
1205,Borja Iglesias,es ESP,FW,Celta Vigo,es La Liga,31.0,1993.0,37,24,1952,21.7,11,3,14,11,0,0,2,0,9.3,9.3,3.2,12.6,0.65,0.58,22,28,108,46,28,60.9,2.12,1.29,0.24,0.39,13.4,0,0,0,9.3,9.3,0.2,1.7,1.7,346,489,70.8,4981,820,3,3.2,1.4,-0.2,18,20,9,0,28,425,56,1,8,8,6,2,0,0,0,0,346,10,9,2,5,3,15,26.7,11,9,2,7,7,17,10,0,36,1.66,25,1,0,5,5,0,7,0.32,685,16,48,362,284,83,685,32,11,34.4,18,56.3,396,1588,536,22,13,13,62,32,514,108,2,0,0,40,34,14,6,7,9,2,0,0,46,14,27,34.1,,,,,,,,,,,,,,,,,,,,,,,,,,,,,,,,2024-2025
1206,Igor,br BRA,DF,Brighton,eng Premier League,26.0,1998.0,13,10,961,10.7,0,0,0,0,0,0,4,0,0.0,0.0,0.2,0.2,0.0,0.02,9,49,1,1,0,0.0,0.09,0.0,0.0,,14.1,0,0,0,0.0,0.0,0.05,0.0,0.0,671,730,91.9,12145,3851,0,0.2,0.3,-0.2,2,39,2,1,49,680,48,12,3,4,4,11,0,0,0,0,671,5,5,2,2,1,10,40.0,6,24,14,10,4,9,39,1,14,1.31,12,0,1,0,1,0,0,0.0,816,109,385,381,54,1,816,6,5,83.3,1,16.7,530,2962,1837,9,14,0,1,0,606,1,4,0,0,9,6,0,4,4,5,0,0,0,42,8,6,57.1,,,,,,,,,,,,,,,,,,,,,,,,,,,,,,,,2024-2025
1207,Kelechi Iheanacho,ng NGA,FW,Sevilla,es La Liga,27.0,1996.0,9,5,400,4.4,0,0,0,0,0,0,0,0,1.5,1.5,0.3,1.8,0.0,0.41,6,5,17,9,2,22.2,2.03,0.45,0.0,0.0,13.9,0,0,0,1.5,1.5,0.16,-1.5,-1.5,60,80,75.0,831,125,0,0.3,0.2,-0.3,5,1,1,0,5,76,4,0,0,2,0,1,0,0,0,0,60,1,0,0,1,0,3,33.3,2,0,0,0,0,1,1,0,12,2.7,8,0,1,3,0,0,0,0.0,108,2,9,50,49,14,108,4,2,50.0,2,50.0,60,236,126,6,3,2,10,4,81,17,0,0,0,5,1,7,0,0,0,0,0,0,7,2,8,20.0,,,,,,,,,,,,,,,,,,,,,,,,,,,,,,,,2024-2025
1208,Jonathan Ikone,fr FRA,FW,Como,it Serie A,26.0,1998.0,13,5,540,6.0,2,0,2,2,0,0,1,0,1.8,1.8,0.2,1.9,0.33,0.32,23,17,55,16,5,31.3,2.67,0.83,0.13,0.4,13.0,0,0,0,1.8,1.8,0.11,0.2,0.2,136,168,81.0,1947,407,0,0.2,0.6,-0.2,2,8,7,0,17,164,4,0,4,1,1,3,0,0,0,0,136,15,9,4,3,8,11,54.5,5,5,1,4,0,15,1,1,14,2.33,7,0,2,2,2,1,3,0.5,257,4,26,110,125,31,257,29,8,27.6,20,69.0,168,1060,612,23,11,12,9,14,188,55,1,0,0,3,7,2,1,0,9,0,0,0,18,4,1,80.0,,,,,,,,,,,,,,,,,,,,,,,,,,,,,,,,2024-2025
1209,Jonathan Ikone,fr FRA,"FW,MF",Fiorentina,it Serie A,26.0,1998.0,14,1,334,3.7,0,0,0,0,0,0,0,0,0.8,0.8,0.1,0.9,0.0,0.23,12,13,39,9,5,55.6,2.43,1.35,0.0,0.0,14.5,0,0,0,0.8,0.8,0.09,-0.8,-0.8,86,102,84.3,1227,271,0,0.1,0.4,-0.1,2,7,4,0,13,100,2,2,0,1,1,0,0,0,0,0,86,5,2,3,2,0,4,50.0,2,3,0,3,1,6,1,0,13,3.5,8,0,2,1,2,0,0,0.0,148,2,21,52,79,19,148,17,7,41.2,9,52.9,101,790,399,12,9,4,4,7,110,39,0,0,0,3,7,0,1,1,2,0,0,0,19,0,6,0.0,,,,,,,,,,,,,,,,,,,,,,,,,,,,,,,,2024-2025
1212,Ivan Ilić,rs SRB,MF,Torino,it Serie A,23.0,2001.0,19,9,920,10.2,1,0,1,1,0,0,4,0,0.9,0.9,1.1,2.1,0.1,0.2,24,45,41,11,4,36.4,1.08,0.39,0.09,0.25,21.9,2,0,0,0.9,0.9,0.09,0.1,0.1,451,541,83.4,7640,1954,0,1.1,0.9,-1.1,9,39,16,3,45,502,37,18,2,3,27,8,11,8,1,0,451,5,2,0,4,1,8,25.0,6,0,0,0,5,10,10,0,31,3.03,23,4,0,1,3,0,6,0.59,619,12,73,373,177,11,619,15,6,40.0,4,26.7,412,2225,997,24,18,1,19,9,477,41,4,0,0,11,23,1,27,5,2,0,0,0,28,4,14,22.2,,,,,,,,,,,,,,,,,,,,,,,,,,,,,,,,2024-2025
1214,Samuel Iling-Junior,eng ENG,"FW,MF",Bologna,it Serie A,20.0,2003.0,7,0,118,1.3,1,0,1,1,0,0,0,0,0.1,0.1,0.1,0.3,0.76,0.19,5,7,27,4,1,25.0,3.05,0.76,0.25,1.0,19.0,0,0,0,0.1,0.1,0.03,0.9,0.9,62,87,71.3,1038,245,0,0.1,0.2,-0.1,1,4,3,1,7,82,5,3,0,1,9,1,1,0,0,0,62,3,2,1,1,1,1,0.0,1,1,0,1,2,5,2,0,7,5.29,6,0,1,0,0,0,0,0.0,110,0,7,31,73,6,110,7,3,42.9,4,57.1,64,367,190,5,4,1,3,1,79,27,0,0,0,2,1,0,9,2,2,0,0,0,8,0,3,0.0,,,,,,,,,,,,,,,,,,,,,,,,,,,,,,,,2024-2025
1215,Danny Ings,eng ENG,"FW,MF",West Ham,eng Premier League,32.0,1992.0,15,1,284,3.2,1,2,3,1,0,0,0,0,2.3,2.3,1.3,3.5,0.95,1.12,6,5,29,14,5,35.7,4.44,1.58,0.07,0.2,15.5,0,0,0,2.3,2.3,0.16,-1.3,-1.3,63,92,68.5,830,126,2,1.3,0.1,0.7,6,4,1,0,5,86,5,0,1,0,3,0,0,0,0,0,63,4,2,2,2,0,3,33.3,2,5,0,5,1,5,4,0,12,3.8,7,0,1,3,1,0,2,0.63,139,2,15,51,73,27,139,7,4,57.1,2,28.6,63,324,118,6,0,2,6,6,96,29,0,0,0,0,2,0,3,1,2,1,0,0,9,8,10,44.4,,,,,,,,,,,,,,,,,,,,,,,,,,,,,,,,2024-2025
1216,Alessio Iovine,it ITA,"DF,FW",Como,it Serie A,33.0,1991.0,10,3,387,4.3,0,0,0,0,0,0,2,0,0.0,0.0,0.2,0.2,0.0,0.06,9,6,8,1,0,0.0,0.23,0.0,0.0,,26.0,0,0,0,0.0,0.0,0.02,0.0,0.0,170,226,75.2,3106,912,0,0.2,0.2,-0.2,3,7,3,3,6,181,45,3,0,1,17,42,0,0,0,0,170,5,2,2,3,0,10,40.0,6,7,1,6,3,8,21,1,5,1.16,2,2,0,0,1,0,0,0.0,266,13,86,120,62,4,266,1,1,100.0,0,0.0,120,637,339,9,8,2,1,0,149,8,2,0,0,5,6,0,17,3,2,0,0,0,16,2,7,22.2,,,,,,,,,,,,,,,,,,,,,,,,,,,,,,,,2024-2025
1217,Tim Iroegbunam,eng ENG,MF,Everton,eng Premier League,21.0,2003.0,18,5,574,6.4,0,1,1,0,0,0,4,0,0.2,0.2,0.2,0.4,0.16,0.07,8,15,9,5,0,0.0,0.78,0.0,0.0,,22.5,0,0,0,0.2,0.2,0.05,-0.2,-0.2,115,158,72.8,1921,621,1,0.2,0.1,0.8,3,10,1,0,15,156,0,0,0,0,1,0,0,0,0,0,115,29,14,14,10,5,23,60.9,9,18,4,14,16,45,12,1,10,1.57,6,0,1,0,1,2,1,0.16,269,24,89,127,60,12,269,20,8,40.0,8,40.0,127,744,379,8,10,2,11,18,113,9,4,0,0,15,12,0,1,16,14,0,0,0,51,11,4,73.3,,,,,,,,,,,,,,,,,,,,,,,,,,,,,,,,2024-2025
1219,Andy Irving,sct SCO,MF,West Ham,eng Premier League,24.0,2000.0,10,1,166,1.8,0,0,0,0,0,0,2,0,0.1,0.1,0.2,0.4,0.0,0.19,0,9,4,4,2,50.0,2.17,1.08,0.0,0.0,26.2,0,0,0,0.1,0.1,0.03,-0.1,-0.1,109,124,87.9,1705,439,0,0.2,0.1,-0.2,1,14,1,1,9,120,2,2,1,0,2,0,0,0,0,0,109,7,4,3,3,1,5,20.0,4,5,1,4,1,8,5,0,5,2.68,4,0,1,0,0,0,0,0.0,150,7,37,89,24,0,150,1,1,100.0,0,0.0,73,305,137,0,1,0,1,3,104,4,2,0,0,6,1,0,2,1,4,0,0,0,10,1,1,50.0,,,,,,,,,,,,,,,,,,,,,,,,,,,,,,,,2024-2025
1220,Alexander Isak,se SWE,FW,Newcastle Utd,eng Premier League,24.0,1999.0,34,34,2756,30.6,23,6,29,19,4,4,1,0,20.3,17.2,4.3,21.6,0.82,0.81,83,88,217,95,41,43.2,3.1,1.34,0.2,0.46,14.5,3,4,4,20.3,17.2,0.18,2.7,1.8,519,689,75.3,7434,1644,6,4.3,3.6,1.7,41,35,31,1,88,606,77,0,6,3,16,9,3,0,0,0,519,12,5,2,3,7,15,33.3,10,18,2,16,3,15,17,1,92,3.01,70,1,8,9,2,2,14,0.46,1025,20,57,386,596,189,1021,91,42,46.2,47,51.6,615,3723,1861,83,42,43,66,55,740,217,1,0,0,27,14,20,16,3,5,1,0,0,55,26,55,32.1,,,,,,,,,,,,,,,,,,,,,,,,,,,,,,,,2024-2025
1221,Gustav Isaksen,dk DEN,FW,Lazio,it Serie A,23.0,2001.0,37,29,2210,24.6,4,2,6,4,0,0,5,0,5.2,5.2,2.1,7.3,0.24,0.3,95,46,249,54,24,44.4,2.2,0.98,0.07,0.17,18.9,0,0,0,5.2,5.2,0.1,-1.2,-1.2,610,796,76.6,10259,1771,2,2.1,2.8,-0.1,35,19,24,10,46,721,71,12,2,5,110,9,50,41,2,0,610,16,9,7,8,1,28,25.0,21,22,2,20,10,26,21,1,93,3.79,53,11,14,7,8,0,9,0.37,1084,17,105,393,609,120,1084,105,44,41.9,46,43.8,698,5227,2521,95,56,53,46,31,805,249,5,0,0,23,46,3,110,10,9,1,0,0,68,13,24,35.1,,,,,,,,,,,,,,,,,,,,,,,,,,,,,,,,2024-2025
1222,Isco,es ESP,MF,Betis,es La Liga,32.0,1992.0,22,17,1547,17.2,9,8,17,4,5,6,5,0,8.6,3.9,4.4,8.2,0.7,0.76,38,152,112,38,9,23.7,2.21,0.52,0.11,0.44,22.0,4,5,6,8.6,3.9,0.1,0.4,0.1,957,1173,81.6,16027,4614,8,4.4,3.9,3.6,61,120,31,5,152,1027,143,60,6,27,92,5,72,28,28,0,957,20,13,3,13,4,28,25.0,21,10,0,10,11,31,7,0,111,6.46,75,24,3,4,3,2,14,0.81,1381,9,96,663,638,68,1375,59,27,45.8,28,47.5,893,4677,2047,38,54,5,54,27,1059,112,5,0,0,23,44,4,92,11,13,0,0,0,71,13,21,38.2,,,,,,,,,,,,,,,,,,,,,,,,,,,,,,,,2024-2025
1224,Ardian Ismajli,al ALB,DF,Empoli,it Serie A,27.0,1996.0,29,29,2508,27.9,0,0,0,0,0,0,3,0,0.3,0.3,0.0,0.4,0.0,0.01,3,38,1,5,0,0.0,0.18,0.0,0.0,,9.0,0,0,0,0.3,0.3,0.06,-0.3,-0.3,872,1005,86.8,17912,6132,0,0.0,0.1,0.0,2,12,0,0,38,940,64,53,0,2,0,1,0,0,0,0,872,30,23,21,9,0,20,80.0,4,35,24,11,56,86,249,3,8,0.29,6,1,0,0,0,1,1,0.04,1410,245,881,531,8,7,1410,0,0,,0,,592,2728,1078,3,2,0,8,3,668,1,3,0,0,21,29,0,0,56,23,0,0,0,83,77,54,58.8,,,,,,,,,,,,,,,,,,,,,,,,,,,,,,,,2024-2025
1229,Diego Iturralde,es ESP,FW,Sevilla,es La Liga,21.0,2003.0,1,1,37,0.4,0,0,0,0,0,0,0,0,0.1,0.1,0.0,0.1,0.0,0.21,0,0,1,1,0,0.0,2.43,0.0,0.0,,15.5,0,0,0,0.1,0.1,0.09,-0.1,-0.1,5,7,71.4,53,0,0,0.0,0.0,0.0,0,0,0,0,0,7,0,0,0,0,0,0,0,0,0,0,5,0,0,0,0,0,0,,0,0,0,0,1,1,1,0,0,0.0,0,0,0,0,0,0,0,0.0,16,1,6,5,5,1,16,1,0,0.0,1,100.0,9,23,3,0,0,0,2,0,10,1,0,0,0,1,1,0,0,1,0,0,0,0,1,1,0,100.0,,,,,,,,,,,,,,,,,,,,,,,,,,,,,,,,2024-2025
1231,Alex Iwobi,ng NGA,"FW,MF",Fulham,eng Premier League,28.0,1996.0,38,35,2981,33.1,9,6,15,9,0,0,1,0,4.7,4.7,7.0,11.8,0.45,0.36,144,213,246,68,29,42.6,2.05,0.88,0.13,0.31,18.3,0,0,0,4.7,4.7,0.07,4.3,4.3,1150,1532,75.1,19530,5723,6,7.0,7.0,-1.0,59,115,86,19,213,1487,39,7,15,21,126,24,2,0,1,0,1150,44,25,14,21,9,34,64.7,12,26,1,25,14,58,29,1,122,3.68,106,0,8,6,2,0,16,0.48,1861,33,244,748,895,116,1861,97,48,49.5,42,43.3,1312,8012,4367,144,105,37,62,40,1447,246,1,0,0,19,18,5,126,14,25,0,0,0,140,7,31,18.4,,,,,,,,,,,,,,,,,,,,,,,,,,,,,,,,2024-2025
1232,Armando Izzo,it ITA,DF,Monza,it Serie A,32.0,1992.0,30,28,2435,27.1,1,1,2,1,0,0,12,0,0.4,0.4,0.8,1.2,0.07,0.05,12,72,12,6,2,33.3,0.22,0.07,0.17,0.5,13.7,0,0,0,0.4,0.4,0.07,0.6,0.6,1305,1485,87.9,24799,7620,1,0.8,0.3,0.2,11,55,6,1,72,1361,123,75,2,7,8,26,0,0,0,0,1305,40,15,30,9,1,36,50.0,18,38,28,10,45,85,101,0,20,0.74,19,1,0,0,0,0,2,0.07,1768,264,1037,652,93,14,1768,9,6,66.7,2,22.2,1009,4605,2241,12,14,0,21,6,1085,12,12,0,0,65,47,0,8,45,15,0,0,0,90,52,64,44.8,,,,,,,,,,,,,,,,,,,,,,,,,,,,,,,,2024-2025
1233,Fellipe Jack,br BRA,DF,Como,it Serie A,18.0,2006.0,7,1,171,1.9,0,0,0,0,0,0,2,0,0.0,0.0,0.1,0.1,0.0,0.03,2,8,1,0,0,,0.0,0.0,,,,0,0,0,0.0,0.0,,0.0,0.0,77,98,78.6,1441,479,0,0.1,0.0,-0.1,1,6,1,0,8,88,10,4,0,1,0,5,0,0,0,0,77,9,4,8,1,0,5,60.0,2,2,2,0,4,13,5,0,2,1.05,2,0,0,0,0,0,0,0.0,127,10,74,48,5,1,127,1,0,0.0,1,100.0,62,281,188,2,1,0,5,0,71,1,2,0,0,5,1,0,0,4,4,0,0,0,4,4,3,57.1,,,,,,,,,,,,,,,,,,,,,,,,,,,,,,,,2024-2025
1234,Nicolas Jackson,sn SEN,FW,Chelsea,eng Premier League,23.0,2001.0,30,28,2220,24.7,10,5,15,10,0,0,7,1,12.3,12.3,4.3,16.6,0.61,0.67,47,38,129,76,34,44.7,3.08,1.38,0.13,0.29,12.9,0,0,0,12.3,12.3,0.16,-2.3,-2.3,303,399,75.9,4088,884,5,4.3,1.9,0.7,28,22,10,1,38,385,12,1,1,0,3,4,0,0,0,0,303,22,13,6,7,9,10,50.0,5,15,2,13,3,25,15,0,69,2.8,42,0,9,7,9,2,10,0.41,687,19,50,285,361,141,687,61,18,29.5,32,52.5,417,2510,1316,47,25,32,71,41,514,129,7,1,0,35,29,23,3,3,13,0,0,0,48,21,36,36.8,,,,,,,,,,,,,,,,,,,,,,,,,,,,,,,,2024-2025
1237,Ivan Jaime Pajuelo,es ESP,MF,Valencia,es La Liga,23.0,2000.0,9,2,297,3.3,0,0,0,0,0,0,0,0,0.6,0.6,0.3,1.0,0.0,0.3,8,15,14,8,3,37.5,2.42,0.91,0.0,0.0,18.7,0,0,0,0.6,0.6,0.08,-0.6,-0.6,80,106,75.5,1220,391,0,0.3,0.3,-0.3,4,5,8,1,15,98,6,2,0,2,6,0,4,1,0,0,80,8,5,2,3,3,5,80.0,1,2,0,2,2,10,0,0,12,3.65,9,1,1,0,1,0,0,0.0,149,0,11,57,86,13,149,16,5,31.3,7,43.8,100,580,303,8,8,2,13,7,111,14,0,0,0,8,10,1,6,2,5,0,0,0,19,4,4,50.0,,,,,,,,,,,,,,,,,,,,,,,,,,,,,,,,2024-2025
1239,Karl Jakob Hein,ee EST,GK,Valladolid,es La Liga,22.0,2002.0,31,31,2790,31.0,0,0,0,0,0,0,0,0,0.0,0.0,0.0,0.0,0.0,0.0,0,0,0,0,0,,0.0,0.0,,,,0,0,0,0.0,0.0,,0.0,0.0,856,1167,73.4,24822,17328,0,0.0,0.1,0.0,0,22,0,0,0,841,324,100,0,1,0,0,0,0,0,0,856,0,0,0,0,0,2,0.0,2,0,0,0,0,0,19,2,4,0.13,2,2,0,0,0,0,0,0.0,1254,1064,1237,17,0,0,1254,0,0,,0,,643,3151,1987,0,0,0,3,0,586,0,0,0,0,0,2,0,0,0,0,0,0,0,43,7,0,100.0,68.0,2.19,163.0,96.0,60.7,4.0,4.0,23.0,5.0,16.1,4.0,4.0,0.0,0.0,58.8,0.35,-8.2,-0.27,165.0,452.0,36.5,941.0,136.0,32.6,33.9,474.0,34.0,7.2,34.0,1.1,14.0,2024-2025
1242,Reece James,eng ENG,"DF,MF",Chelsea,eng Premier League,24.0,1999.0,19,12,1063,11.8,1,1,2,1,0,0,1,0,0.4,0.4,0.7,1.1,0.17,0.1,7,64,12,11,3,27.3,0.93,0.25,0.09,0.33,23.2,3,0,0,0.4,0.4,0.04,0.6,0.6,717,854,84.0,12618,4375,1,0.7,1.2,0.3,11,80,5,1,64,731,119,36,4,2,43,64,19,11,5,1,717,10,9,6,3,1,9,33.3,6,14,6,8,13,23,23,4,18,1.52,11,5,1,1,0,0,3,0.25,952,43,267,516,176,7,952,17,7,41.2,6,35.3,486,1877,822,7,4,1,7,9,607,12,1,0,0,8,11,0,43,13,9,0,0,0,66,23,9,71.9,,,,,,,,,,,,,,,,,,,,,,,,,,,,,,,,2024-2025
1243,Vitaly Janelt,de GER,MF,Brentford,eng Premier League,26.0,1998.0,32,27,2254,25.0,1,3,4,1,0,0,3,0,0.8,0.8,2.2,3.0,0.16,0.12,17,80,38,14,4,28.6,0.56,0.16,0.07,0.25,17.7,0,0,0,0.8,0.8,0.06,0.2,0.2,872,1057,82.5,14466,4279,3,2.2,2.4,0.8,14,78,23,7,80,1033,18,12,3,6,30,6,0,0,0,0,872,38,22,14,13,11,36,58.3,15,33,9,24,27,65,53,1,32,1.28,31,1,0,0,0,0,3,0.12,1289,118,418,574,306,32,1289,12,3,25.0,7,58.3,651,3005,1278,17,18,3,16,10,814,38,3,0,0,24,15,1,30,27,22,0,0,2,107,19,11,63.3,,,,,,,,,,,,,,,,,,,,,,,,,,,,,,,,2024-2025
1244,Adnan Januzaj,be BEL,"MF,FW",Las Palmas,es La Liga,29.0,1995.0,18,5,598,6.6,2,1,3,2,0,0,5,0,0.8,0.8,1.1,1.9,0.45,0.29,24,41,58,16,5,31.3,2.41,0.75,0.13,0.4,23.6,4,0,0,0.8,0.8,0.05,1.2,1.2,242,350,69.1,4610,1469,1,1.1,1.6,-0.1,17,28,14,4,41,288,61,13,8,8,65,11,30,15,6,1,242,10,6,1,6,3,9,55.6,4,6,0,6,2,12,3,0,37,5.57,20,9,0,3,5,0,5,0.75,459,5,31,218,216,15,459,38,14,36.8,22,57.9,262,1780,781,24,14,5,31,9,319,58,5,0,0,5,22,0,65,2,6,0,0,0,30,4,14,22.2,,,,,,,,,,,,,,,,,,,,,,,,,,,,,,,,2024-2025
1246,Vitezslav Jaros,cz CZE,GK,Liverpool,eng Premier League,23.0,2001.0,1,0,12,0.1,0,0,0,0,0,0,0,0,0.0,0.0,0.0,0.0,0.0,0.0,0,0,0,0,0,,0.0,0.0,,,,0,0,0,0.0,0.0,,0.0,0.0,6,8,75.0,302,273,0,0.0,0.0,0.0,0,2,0,0,0,7,1,0,0,0,0,0,0,0,0,0,6,0,0,0,0,0,0,,0,0,0,0,0,0,0,0,0,0.0,0,0,0,0,0,0,0,0.0,8,5,8,0,0,0,8,0,0,,0,,7,29,8,0,0,0,0,0,5,0,0,0,0,0,0,0,0,0,0,0,0,0,0,0,0,,0.0,0.0,1.0,1.0,100.0,0.0,0.0,0.0,1.0,,0.0,0.0,0.0,0.0,0.0,0.03,0.0,0.25,5.0,7.0,71.4,7.0,2.0,85.7,50.9,2.0,0.0,0.0,0.0,0.0,11.0,2024-2025
1247,Ali Jasim,iq IRQ,"FW,DF",Como,it Serie A,20.0,2004.0,2,0,10,0.1,0,0,0,0,0,0,0,0,0.0,0.0,0.0,0.0,0.0,0.0,1,1,1,0,0,,0.0,0.0,,,,0,0,0,0.0,0.0,,0.0,0.0,7,9,77.8,71,35,0,0.0,0.0,0.0,0,2,0,0,1,9,0,0,0,0,1,0,0,0,0,0,7,1,0,1,0,0,1,100.0,0,0,0,0,0,1,0,0,1,9.0,1,0,0,0,0,0,0,0.0,11,0,6,4,1,0,11,0,0,,0,,7,54,36,1,0,0,0,0,8,1,0,0,0,1,0,0,1,0,0,0,0,0,1,1,0,100.0,,,,,,,,,,,,,,,,,,,,,,,,,,,,,,,,2024-2025
1248,Mikel Jauregizar,es ESP,MF,Athletic Club,es La Liga,20.0,2003.0,34,25,2244,24.9,2,1,3,2,0,0,4,1,1.1,1.1,1.4,2.5,0.12,0.1,14,118,31,21,8,38.1,0.84,0.32,0.1,0.25,22.1,0,0,0,1.1,1.1,0.05,0.9,0.9,904,1121,80.6,16776,4632,1,1.4,1.2,-0.4,23,106,11,1,118,1074,42,24,5,13,27,0,18,2,11,0,904,84,48,25,45,14,83,49.4,42,24,4,20,29,113,36,2,73,2.93,55,6,1,4,3,4,9,0.36,1418,43,276,847,306,12,1418,42,20,47.6,16,38.1,706,2968,1261,14,25,1,35,23,848,31,4,1,0,46,42,0,27,29,48,1,0,0,144,34,35,49.3,,,,,,,,,,,,,,,,,,,,,,,,,,,,,,,,2024-2025
1250,Gaby Jean,fr FRA,DF,Lecce,it Serie A,24.0,2000.0,19,16,1388,15.4,0,0,0,0,0,0,0,0,0.1,0.1,0.1,0.2,0.0,0.01,8,42,3,1,1,100.0,0.06,0.06,0.0,0.0,12.9,0,0,0,0.1,0.1,0.09,-0.1,-0.1,727,862,84.3,12291,5135,0,0.1,0.1,-0.1,1,33,1,1,42,773,87,29,0,4,1,12,0,0,0,0,727,14,7,8,5,1,11,54.5,5,13,10,3,9,23,71,1,4,0.26,4,0,0,0,0,0,0,0.0,992,136,580,396,22,3,992,3,2,66.7,1,33.3,500,2589,1296,8,1,0,5,5,618,3,0,0,0,15,13,0,1,9,7,0,1,0,55,41,24,63.1,,,,,,,,,,,,,,,,,,,,,,,,,,,,,,,,2024-2025
1251,Daniel Jebbison,eng ENG,FW,Bournemouth,eng Premier League,20.0,2003.0,16,0,119,1.3,1,0,1,1,0,0,1,0,1.0,1.0,0.2,1.2,0.76,0.9,4,3,16,5,2,40.0,3.78,1.51,0.2,0.5,10.6,0,0,0,1.0,1.0,0.2,0.0,0.0,33,42,78.6,361,44,0,0.2,0.1,-0.2,3,1,1,0,3,42,0,0,0,0,3,0,0,0,0,0,33,5,3,3,2,0,6,66.7,2,2,1,1,1,6,1,0,6,4.54,4,0,1,0,1,0,0,0.0,78,3,10,25,44,14,78,7,4,57.1,3,42.9,44,277,95,4,2,5,13,5,47,16,1,0,0,2,4,0,3,1,3,0,0,0,10,2,10,16.7,,,,,,,,,,,,,,,,,,,,,,,,,,,,,,,,2024-2025
1255,Mathias Jensen,dk DEN,MF,Brentford,eng Premier League,28.0,1996.0,24,8,862,9.6,0,2,2,0,0,0,2,0,0.2,0.2,1.7,1.9,0.21,0.2,6,61,27,6,1,16.7,0.63,0.1,0.0,0.0,23.1,0,0,0,0.2,0.2,0.04,-0.2,-0.2,363,486,74.7,6736,2465,2,1.7,1.7,0.3,16,42,19,3,61,404,78,15,2,5,33,44,14,11,0,0,363,14,10,6,6,2,16,50.0,8,15,4,11,8,22,13,2,41,4.28,29,11,1,0,0,0,5,0.52,573,27,126,243,207,9,573,17,9,52.9,6,35.3,300,1296,598,6,12,0,9,7,350,27,2,0,0,7,10,0,33,8,10,0,0,0,48,8,5,61.5,,,,,,,,,,,,,,,,,,,,,,,,,,,,,,,,2024-2025
1257,Gabriel Jesus,br BRA,FW,Arsenal,eng Premier League,27.0,1997.0,17,6,608,6.8,3,0,3,3,0,0,4,0,3.0,3.0,0.7,3.7,0.44,0.54,15,19,57,20,7,35.0,2.96,1.04,0.15,0.43,11.1,0,0,0,3.0,3.0,0.15,0.0,0.0,156,203,76.8,2030,378,0,0.7,0.5,-0.7,8,10,9,1,19,197,3,0,1,0,7,3,0,0,0,0,156,10,6,4,3,3,9,44.4,5,10,1,9,4,14,8,0,18,2.66,10,0,1,5,1,1,4,0.59,299,9,28,108,165,48,299,22,9,40.9,10,45.5,179,953,432,15,6,11,13,13,217,57,4,0,0,14,10,9,7,4,6,0,0,0,28,9,18,33.3,,,,,,,,,,,,,,,,,,,,,,,,,,,,,,,,2024-2025
1258,Juan Jesus,br BRA,DF,Napoli,it Serie A,33.0,1991.0,15,12,1074,11.9,0,1,1,0,0,0,2,0,0.3,0.3,0.0,0.4,0.08,0.03,3,50,2,3,0,0.0,0.25,0.0,0.0,,7.3,0,0,0,0.3,0.3,0.11,-0.3,-0.3,764,853,89.6,15673,4982,1,0.0,0.1,1.0,1,40,2,0,50,800,51,40,1,0,0,3,0,0,0,0,764,25,14,16,9,0,20,60.0,8,15,3,12,9,34,42,0,9,0.75,9,0,0,0,0,0,1,0.08,952,79,392,555,8,3,952,0,0,,0,,589,2476,1243,3,2,0,4,1,712,2,2,0,0,14,5,0,0,9,14,0,0,0,30,24,16,60.0,,,,,,,,,,,,,,,,,,,,,,,,,,,,,,,,2024-2025
1259,Alejandro Jiménez,es ESP,"DF,FW",Milan,it Serie A,19.0,2005.0,22,14,1266,14.1,0,1,1,0,0,0,6,0,0.8,0.8,1.3,2.1,0.07,0.15,55,37,72,15,5,33.3,1.07,0.36,0.0,0.0,22.1,0,0,0,0.8,0.8,0.06,-0.8,-0.8,452,564,80.1,7535,1817,1,1.3,1.3,-0.3,12,33,12,5,37,496,68,10,3,3,37,58,0,0,0,0,452,24,13,8,14,2,27,40.7,16,24,3,21,15,39,23,0,34,2.42,26,0,3,2,3,0,4,0.28,729,23,184,305,253,37,729,47,26,55.3,20,42.6,423,3072,1649,55,26,17,27,13,437,72,6,0,0,12,18,5,37,15,13,0,0,0,69,9,13,40.9,,,,,,,,,,,,,,,,,,,,,,,,,,,,,,,,2024-2025
1260,Raúl Jiménez,mx MEX,FW,Fulham,eng Premier League,33.0,1991.0,38,30,2494,27.7,12,3,15,9,3,3,4,0,12.0,9.6,3.3,12.9,0.43,0.55,35,62,125,93,30,32.3,3.36,1.08,0.1,0.3,14.5,1,3,3,12.0,9.6,0.1,0.0,-0.6,458,643,71.2,6916,1618,3,3.3,2.1,-0.3,24,41,14,3,62,635,7,3,3,5,23,4,0,0,0,0,458,35,24,9,17,9,22,36.4,14,21,5,16,10,45,23,3,66,2.38,48,1,2,9,5,1,7,0.25,999,35,120,431,464,165,996,50,21,42.0,26,52.0,549,2557,1112,35,24,17,74,45,734,125,4,0,0,39,41,15,23,10,24,1,0,0,80,91,99,47.9,,,,,,,,,,,,,,,,,,,,,,,,,,,,,,,,2024-2025
1261,Kim Jisoo,kr KOR,DF,Brentford,eng Premier League,19.0,2004.0,3,0,30,0.3,0,0,0,0,0,0,0,0,0.0,0.0,0.0,0.0,0.0,0.0,0,2,0,0,0,,0.0,0.0,,,,0,0,0,0.0,0.0,,0.0,0.0,25,28,89.3,552,202,0,0.0,0.0,0.0,0,1,0,0,2,27,1,1,0,0,0,0,0,0,0,0,25,0,0,0,0,0,0,,0,0,0,0,0,0,2,0,0,0.0,0,0,0,0,0,0,0,0.0,30,1,15,12,3,0,30,0,0,,0,,15,57,22,0,0,0,0,1,22,0,0,0,0,1,0,0,0,0,0,0,0,0,0,0,0,,,,,,,,,,,,,,,,,,,,,,,,,,,,,,,,,2024-2025
1262,João Pedro,br BRA,"FW,MF",Brighton,eng Premier League,22.0,2001.0,27,23,1948,21.6,10,6,16,5,5,5,4,1,8.9,5.0,5.0,10.0,0.51,0.64,66,78,128,42,15,35.7,1.94,0.69,0.12,0.33,17.2,0,5,5,8.9,5.0,0.12,1.1,0.0,482,661,72.9,6847,1766,6,5.0,3.1,1.0,30,42,36,5,78,631,26,5,10,3,22,9,4,0,0,0,482,16,12,6,6,4,11,36.4,7,12,0,12,9,25,12,0,72,3.32,56,0,3,2,10,1,9,0.42,940,12,60,387,508,122,935,86,29,33.7,47,54.7,616,3821,1821,66,39,30,72,38,732,128,4,1,0,26,46,2,22,9,12,3,1,0,59,41,43,48.8,,,,,,,,,,,,,,,,,,,,,,,,,,,,,,,,2024-2025
1263,John Joe,ie IRL,"MF,FW",Getafe,es La Liga,20.0,2003.0,4,0,48,0.5,0,0,0,0,0,0,1,0,0.1,0.1,0.0,0.1,0.0,0.26,1,0,6,2,0,0.0,3.75,0.0,0.0,,20.9,0,0,0,0.1,0.1,0.07,-0.1,-0.1,16,20,80.0,193,48,0,0.0,0.0,0.0,0,0,0,0,0,20,0,0,0,0,0,0,0,0,0,0,16,0,0,0,0,0,0,,0,1,1,0,0,0,1,0,0,0.0,0,0,0,0,0,0,0,0.0,33,1,5,10,18,1,33,5,2,40.0,3,60.0,21,102,47,1,1,0,4,1,23,6,1,0,0,1,2,0,0,0,0,0,0,0,3,2,2,50.0,,,,,,,,,,,,,,,,,,,,,,,,,,,,,,,,2024-2025
1265,Joelinton,br BRA,"MF,FW",Newcastle Utd,eng Premier League,27.0,1996.0,29,29,2393,26.6,4,3,7,4,0,0,10,0,3.9,3.9,2.5,6.4,0.26,0.24,40,116,110,45,13,28.9,1.69,0.49,0.09,0.31,14.0,0,0,0,3.9,3.9,0.09,0.1,0.1,863,1043,82.7,12199,3384,3,2.5,2.3,0.5,23,80,17,2,116,1014,26,11,7,2,16,14,0,0,0,0,863,57,35,23,23,11,44,56.8,19,37,7,30,23,80,47,2,61,2.29,46,2,1,5,1,6,9,0.34,1360,67,256,670,448,83,1360,46,15,32.6,28,60.9,729,3598,1786,40,26,9,39,53,934,110,10,0,0,58,35,7,16,23,35,0,0,0,149,59,46,56.2,,,,,,,,,,,,,,,,,,,,,,,,,,,,,,,,2024-2025
1266,Jofre,es ESP,"MF,FW",Espanyol,es La Liga,23.0,2001.0,37,26,2165,24.1,3,3,6,3,0,0,5,0,2.5,2.5,2.5,5.0,0.25,0.21,65,48,156,40,10,25.0,1.66,0.42,0.08,0.3,19.5,0,0,0,2.5,2.5,0.06,0.5,0.5,352,525,67.0,5352,1421,3,2.5,1.9,0.5,24,17,15,9,48,508,14,1,2,2,54,11,2,0,2,0,352,22,16,14,5,3,23,56.5,10,13,0,13,15,37,29,0,56,2.33,38,0,6,5,7,0,5,0.21,839,23,137,334,384,71,839,112,39,34.8,59,52.7,535,4112,2141,65,51,27,64,40,576,156,5,0,0,28,59,3,54,15,16,0,0,0,105,5,17,22.7,,,,,,,,,,,,,,,,,,,,,,,,,,,,,,,,2024-2025
1267,Þórir Jóhann Helgason,is ISL,MF,Lecce,it Serie A,23.0,2000.0,21,13,1156,12.8,0,4,4,0,0,0,0,0,1.2,1.2,1.1,2.3,0.31,0.18,20,38,58,16,5,31.3,1.25,0.39,0.0,0.0,20.8,5,0,0,1.2,1.2,0.08,-1.2,-1.2,255,395,64.6,4973,1486,4,1.1,0.9,2.9,22,23,13,4,38,315,79,19,0,3,71,2,52,13,34,0,255,10,7,3,6,1,13,53.8,6,7,2,5,6,16,11,2,39,3.04,25,9,0,2,3,0,7,0.55,491,13,59,215,225,24,491,14,8,57.1,6,42.9,230,1250,625,20,7,2,26,10,282,58,0,0,0,10,10,2,71,6,7,0,0,0,46,17,17,50.0,,,,,,,,,,,,,,,,,,,,,,,,,,,,,,,,2024-2025
1269,Ben Johnson,eng ENG,"DF,FW",Ipswich Town,eng Premier League,24.0,2000.0,23,14,1354,15.0,1,2,3,1,0,0,5,1,1.1,1.1,1.3,2.3,0.2,0.16,16,27,33,7,3,42.9,0.47,0.2,0.14,0.33,12.6,0,0,0,1.1,1.1,0.15,-0.1,-0.1,298,416,71.6,4835,2045,2,1.3,0.9,0.7,12,22,3,2,27,333,82,11,2,4,37,58,13,11,1,0,298,38,22,23,12,3,41,48.8,21,22,5,17,13,51,54,1,24,1.6,12,9,0,1,2,0,5,0.33,626,60,246,220,163,12,626,24,8,33.3,14,58.3,259,1503,585,16,12,3,23,17,292,33,5,1,1,27,6,1,37,13,22,0,0,0,57,19,18,51.4,,,,,,,,,,,,,,,,,,,,,,,,,,,,,,,,2024-2025
1270,Brennan Johnson,wls WAL,FW,Tottenham,eng Premier League,23.0,2001.0,33,24,2177,24.2,11,3,14,11,0,0,5,0,10.4,10.4,2.3,12.7,0.58,0.52,60,71,197,54,20,37.0,2.23,0.83,0.2,0.55,11.4,0,0,0,10.4,10.4,0.19,0.6,0.6,449,638,70.4,5932,1611,3,2.3,2.0,0.7,19,25,35,6,71,624,12,0,0,1,53,12,0,0,0,0,449,39,26,9,20,10,34,47.1,18,25,3,22,4,43,14,0,46,1.9,30,0,6,4,5,1,7,0.29,853,18,98,292,475,125,853,44,19,43.2,22,50.0,544,2939,1460,60,23,35,26,17,626,197,5,0,0,27,26,12,53,4,26,2,0,0,63,7,20,25.9,,,,,,,,,,,,,,,,,,,,,,,,,,,,,,,,2024-2025
1272,Sam Johnstone,eng ENG,GK,Wolves,eng Premier League,31.0,1993.0,7,7,630,7.0,0,0,0,0,0,0,0,0,0.0,0.0,0.0,0.0,0.0,0.0,0,0,0,0,0,,0.0,0.0,,,,0,0,0,0.0,0.0,,0.0,0.0,184,278,66.2,5548,4270,0,0.0,0.0,0.0,1,6,0,0,0,230,47,22,0,0,0,0,0,0,0,0,184,0,0,0,0,0,1,0.0,1,0,0,0,0,0,7,0,2,0.29,2,0,0,0,0,0,0,0.0,306,229,304,2,0,0,306,0,0,,0,,196,1221,756,0,0,0,0,0,179,0,0,0,0,0,0,0,0,0,0,0,0,0,9,4,0,100.0,17.0,2.43,39.0,23.0,61.5,0.0,1.0,6.0,0.0,0.0,2.0,2.0,0.0,0.0,13.0,0.29,-3.0,-0.43,52.0,129.0,40.3,252.0,28.0,45.6,36.6,104.0,8.0,7.7,11.0,1.57,13.4,2024-2025
1274,Curtis Jones,eng ENG,"MF,DF",Liverpool,eng Premier League,23.0,2001.0,33,19,1712,19.0,3,3,6,3,0,0,3,1,4.3,4.3,1.1,5.4,0.32,0.29,30,117,79,34,13,38.2,1.79,0.68,0.09,0.23,17.1,0,0,0,4.3,4.3,0.13,-1.3,-1.3,1021,1097,93.1,15072,3158,3,1.1,1.6,1.9,22,84,19,1,117,1037,58,11,2,2,8,28,1,0,0,0,1021,39,22,6,23,10,27,63.0,10,22,9,13,7,46,10,3,52,2.74,45,1,0,4,2,0,8,0.42,1288,41,220,683,393,58,1288,22,12,54.5,8,36.4,789,3889,1892,30,23,8,26,36,967,79,3,1,1,18,25,1,8,7,22,1,0,0,97,14,13,51.9,,,,,,,,,,,,,,,,,,,,,,,,,,,,,,,,2024-2025
1275,Frenkie de Jong,nl NED,MF,Barcelona,es La Liga,27.0,1997.0,26,9,1143,12.7,2,2,4,2,0,0,3,0,0.7,0.7,2.0,2.6,0.31,0.21,36,120,24,5,3,60.0,0.39,0.24,0.4,0.67,17.0,0,0,0,0.7,0.7,0.13,1.3,1.3,1084,1148,94.4,16878,4702,2,2.0,2.0,0.0,21,140,12,0,120,1120,26,24,4,2,6,2,0,0,0,0,1084,19,11,5,8,6,16,50.0,8,9,1,8,12,31,7,1,43,3.39,39,0,2,1,0,1,11,0.87,1226,15,137,821,271,13,1226,8,5,62.5,3,37.5,815,4667,2630,36,38,1,5,7,993,24,3,0,0,14,18,0,6,12,11,0,1,0,57,10,7,58.8,,,,,,,,,,,,,,,,,,,,,,,,,,,,,,,,2024-2025
1276,Joan Jordán,es ESP,MF,Alavés,es La Liga,30.0,1994.0,25,15,1414,15.7,5,2,7,2,3,4,4,0,4.8,1.6,2.3,4.0,0.25,0.45,7,104,35,13,4,30.8,0.83,0.25,0.15,0.5,26.7,5,3,4,4.8,1.6,0.13,0.2,0.4,685,915,74.9,13015,4116,2,2.3,2.6,-0.3,31,102,15,5,104,761,151,66,0,18,106,3,63,26,31,1,685,32,18,11,17,4,30,56.7,13,12,0,12,9,41,21,0,55,3.5,32,20,0,1,2,0,3,0.19,1038,26,130,598,321,11,1034,7,6,85.7,1,14.3,481,1625,845,7,19,1,16,7,620,35,4,0,0,28,11,1,106,9,18,0,0,0,61,16,13,55.2,,,,,,,,,,,,,,,,,,,,,,,,,,,,,,,,2024-2025
1277,Jorginho,it ITA,MF,Arsenal,eng Premier League,32.0,1991.0,15,9,704,7.8,0,0,0,0,0,0,5,0,0.1,0.1,0.4,0.5,0.0,0.06,12,48,6,2,0,0.0,0.26,0.0,0.0,,23.2,0,0,0,0.1,0.1,0.03,-0.1,-0.1,411,474,86.7,6468,1609,0,0.4,0.6,-0.4,3,44,10,0,48,466,8,7,4,1,1,0,0,0,0,0,411,12,4,1,7,4,20,40.0,12,3,0,3,7,19,2,2,12,1.54,10,0,0,0,2,0,0,0.0,522,9,93,304,131,3,522,4,1,25.0,2,50.0,302,1498,874,12,13,0,12,9,389,6,5,0,0,15,17,0,1,7,4,0,0,0,55,1,6,14.3,,,,,,,,,,,,,,,,,,,,,,,,,,,,,,,,2024-2025
1278,Jesse Joronen,fi FIN,GK,Venezia,it Serie A,31.0,1993.0,8,7,703,7.8,0,0,0,0,0,0,0,0,0.0,0.0,0.0,0.0,0.0,0.0,0,0,0,0,0,,0.0,0.0,,,,0,0,0,0.0,0.0,,0.0,0.0,223,302,73.8,5362,3464,0,0.0,0.0,0.0,0,1,0,0,0,241,60,19,0,0,0,0,0,0,0,0,223,0,0,0,0,0,0,,0,0,0,0,0,0,4,1,0,0.0,0,0,0,0,0,0,0,0.0,327,290,327,0,0,0,327,0,0,,0,,196,1068,567,0,0,0,0,0,171,0,0,0,0,1,0,0,0,0,0,0,1,1,11,3,0,100.0,15.0,1.92,40.0,27.0,70.0,1.0,1.0,5.0,2.0,28.6,3.0,3.0,0.0,0.0,12.6,0.26,-0.4,-0.05,20.0,84.0,23.8,260.0,46.0,28.1,31.0,125.0,6.0,4.8,5.0,0.64,9.4,2024-2025
1280,Diogo Jota,pt POR,FW,Liverpool,eng Premier League,27.0,1996.0,26,14,1196,13.3,6,3,9,6,0,0,2,0,7.9,7.9,1.8,9.8,0.68,0.74,37,34,88,51,13,25.5,3.84,0.98,0.12,0.46,12.4,0,0,0,7.9,7.9,0.16,-1.9,-1.9,216,310,69.7,3313,829,3,1.8,1.1,1.2,11,29,3,1,34,305,3,0,1,2,8,1,0,0,0,0,216,14,8,2,8,4,19,36.8,12,9,0,9,8,22,6,0,37,2.79,24,0,6,5,1,1,9,0.68,485,6,35,198,259,97,485,33,11,33.3,20,60.6,263,1500,796,37,23,21,40,22,333,88,2,0,0,23,14,1,8,8,8,1,0,0,41,22,32,40.7,,,,,,,,,,,,,,,,,,,,,,,,,,,,,,,,2024-2025
1282,Luka Jović,rs SRB,"FW,MF",Milan,it Serie A,26.0,1997.0,15,6,557,6.2,2,0,2,2,0,0,1,0,2.4,2.4,1.4,3.8,0.32,0.61,8,26,24,11,4,36.4,1.78,0.65,0.18,0.5,12.6,0,0,0,2.4,2.4,0.22,-0.4,-0.4,115,141,81.6,1787,418,0,1.4,1.0,-1.4,12,11,8,1,26,128,12,0,3,1,2,1,0,0,0,0,115,0,0,0,0,0,0,,0,2,1,1,1,1,3,0,16,2.59,14,0,2,0,0,0,0,0.0,171,4,13,106,56,18,171,7,4,57.1,2,28.6,99,540,193,8,3,1,9,6,144,24,1,0,0,4,7,0,2,1,0,0,0,0,9,9,9,50.0,,,,,,,,,,,,,,,,,,,,,,,,,,,,,,,,2024-2025
1283,Juanmi,es ESP,"FW,MF",Getafe,es La Liga,31.0,1993.0,13,8,696,7.7,0,0,0,0,0,0,2,0,2.9,2.9,0.3,3.2,0.0,0.41,6,8,28,13,6,46.2,1.68,0.78,0.0,0.0,12.8,0,0,0,2.9,2.9,0.22,-2.9,-2.9,105,137,76.6,1513,254,0,0.3,0.2,-0.3,4,3,4,0,8,131,6,0,0,0,0,3,0,0,0,0,105,14,11,4,7,3,19,31.6,13,6,0,6,2,16,3,0,9,1.16,7,0,1,0,0,1,1,0.13,220,1,23,107,92,20,220,10,4,40.0,6,60.0,125,587,186,6,5,1,27,8,141,28,2,0,0,19,10,6,0,2,11,0,0,0,23,6,8,42.9,,,,,,,,,,,,,,,,,,,,,,,,,,,,,,,,2024-2025
1284,Juanmi,es ESP,"FW,MF",Betis,es La Liga,31.0,1993.0,11,2,244,2.7,0,0,0,0,0,0,2,0,0.7,0.7,0.4,1.0,0.0,0.39,4,4,18,6,1,16.7,2.21,0.37,0.0,0.0,14.1,0,0,0,0.7,0.7,0.11,-0.7,-0.7,58,70,82.9,674,153,0,0.4,0.1,-0.4,4,2,1,0,4,67,3,1,0,0,1,2,0,0,0,0,58,7,4,3,3,1,6,66.7,2,4,0,4,1,8,4,0,5,1.84,3,0,1,0,1,0,0,0.0,109,3,23,46,41,14,109,8,4,50.0,3,37.5,62,307,101,4,1,2,7,4,74,18,2,0,0,6,7,1,1,1,4,0,0,0,14,6,1,85.7,,,,,,,,,,,,,,,,,,,,,,,,,,,,,,,,2024-2025
1285,Juanpe,es ESP,DF,Girona,es La Liga,33.0,1991.0,12,8,727,8.1,0,0,0,0,0,0,2,0,0.1,0.1,0.2,0.2,0.0,0.03,2,26,0,2,0,0.0,0.25,0.0,0.0,,21.8,1,0,0,0.1,0.1,0.04,-0.1,-0.1,507,581,87.3,10530,3421,0,0.2,0.1,-0.2,3,32,1,0,26,543,37,30,0,11,1,5,0,0,0,0,507,8,5,5,3,0,8,75.0,2,15,10,5,8,16,56,1,3,0.37,2,0,0,1,0,0,0,0.0,676,86,368,293,18,1,676,0,0,,0,,377,1847,1031,2,4,0,3,1,467,0,2,0,0,4,2,0,1,8,5,0,0,0,22,25,9,73.5,,,,,,,,,,,,,,,,,,,,,,,,,,,,,,,,2024-2025
1288,Luiz Lúcio Reis Júnior,br BRA,GK,Villarreal,es La Liga,23.0,2001.0,17,16,1458,16.2,0,0,0,0,0,0,2,0,0.0,0.0,0.0,0.0,0.0,0.0,0,0,0,0,0,,0.0,0.0,,,,0,0,0,0.0,0.0,,0.0,0.0,359,491,73.1,9354,6717,0,0.0,0.0,0.0,0,6,0,0,0,352,139,40,0,1,0,0,0,0,0,0,359,0,0,0,0,0,0,,0,0,0,0,0,0,14,1,1,0.06,1,0,0,0,0,0,0,0.0,542,472,535,7,0,0,542,0,0,,0,,284,1530,993,0,0,0,1,0,219,0,2,0,0,0,6,0,0,0,0,0,0,0,18,6,1,85.7,18.0,1.11,66.0,48.0,78.8,9.0,4.0,3.0,5.0,31.3,4.0,4.0,0.0,0.0,18.1,0.23,0.1,0.0,61.0,178.0,34.3,392.0,96.0,31.9,31.6,256.0,16.0,6.3,20.0,1.23,12.2,2024-2025
1290,Vinicius Júnior,br BRA,FW,Real Madrid,es La Liga,24.0,2000.0,30,24,2253,25.0,11,8,19,9,2,3,8,1,10.4,8.2,8.0,16.2,0.68,0.73,169,85,256,78,24,30.8,3.12,0.96,0.12,0.38,17.5,0,2,3,10.4,8.2,0.11,0.6,0.8,673,901,74.7,10433,2523,8,8.0,7.0,0.0,58,53,36,6,85,862,29,9,15,16,56,10,8,0,0,0,673,21,10,7,4,10,18,27.8,13,9,0,9,3,24,1,2,135,5.39,80,1,29,11,11,3,18,0.72,1264,4,75,378,839,199,1261,191,82,42.9,95,49.7,952,7763,4525,169,87,106,72,49,1059,256,8,1,0,30,70,10,56,3,10,2,0,0,71,1,7,12.5,,,,,,,,,,,,,,,,,,,,,,,,,,,,,,,,2024-2025
1293,Stanko Jurić,hr CRO,MF,Valladolid,es La Liga,27.0,1996.0,26,19,1729,19.2,0,0,0,0,0,0,7,1,0.8,0.8,0.5,1.3,0.0,0.07,5,57,8,8,2,25.0,0.42,0.1,0.0,0.0,15.0,0,0,0,0.8,0.8,0.1,-0.8,-0.8,636,755,84.2,10454,2996,0,0.5,0.3,-0.5,4,40,4,0,57,734,20,19,1,1,0,1,0,0,0,0,636,48,24,26,19,3,48,39.6,29,35,11,24,24,72,52,0,9,0.47,7,0,0,1,0,1,2,0.1,981,90,423,505,65,10,981,10,6,60.0,4,40.0,388,1841,789,5,6,2,21,14,544,8,7,1,1,38,9,0,0,24,24,0,0,0,92,50,22,69.4,,,,,,,,,,,,,,,,,,,,,,,,,,,,,,,,2024-2025
1294,James Justin,eng ENG,DF,Leicester City,eng Premier League,26.0,1998.0,36,34,2912,32.4,2,2,4,2,0,0,6,0,1.5,1.5,0.8,2.3,0.12,0.07,39,91,96,25,6,24.0,0.77,0.19,0.08,0.33,16.2,2,0,0,1.5,1.5,0.06,0.5,0.5,1205,1541,78.2,18606,5922,2,0.8,0.8,1.2,14,76,23,8,91,1268,270,22,1,2,57,248,0,0,0,0,1205,58,37,29,23,6,55,58.2,23,48,17,31,46,104,141,3,33,1.02,21,2,1,4,5,0,2,0.06,1948,151,692,881,387,38,1948,30,9,30.0,13,43.3,866,3649,1788,39,27,4,31,15,1077,96,6,0,0,29,44,2,57,46,37,0,0,0,88,69,55,55.6,,,,,,,,,,,,,,,,,,,,,,,,,,,,,,,,2024-2025
1295,Filip Jørgensen,dk DEN,GK,Chelsea,eng Premier League,22.0,2002.0,6,6,540,6.0,0,0,0,0,0,0,0,0,0.0,0.0,0.0,0.0,0.0,0.0,0,0,0,0,0,,0.0,0.0,,,,0,0,0,0.0,0.0,,0.0,0.0,158,189,83.6,2843,1649,0,0.0,0.0,0.0,0,1,0,0,0,169,20,2,0,0,0,0,0,0,0,0,158,0,0,0,0,0,0,,0,0,0,0,0,0,0,3,1,0.17,1,0,0,0,0,0,0,0.0,202,174,201,1,0,0,202,0,0,,0,,145,676,423,0,0,0,0,0,139,0,0,0,0,1,1,0,0,0,0,0,1,0,5,0,0,,9.0,1.5,28.0,19.0,71.4,3.0,0.0,3.0,1.0,16.7,1.0,1.0,0.0,0.0,9.3,0.3,0.3,0.04,7.0,33.0,21.2,171.0,19.0,18.1,24.1,53.0,2.0,3.8,2.0,0.33,13.2,2024-2025
1296,Mohamed Kaba,fr FRA,MF,Lecce,it Serie A,22.0,2001.0,15,2,452,5.0,0,0,0,0,0,0,1,0,0.3,0.3,0.0,0.4,0.0,0.08,3,18,8,4,0,0.0,0.8,0.0,0.0,,12.1,0,0,0,0.3,0.3,0.09,-0.3,-0.3,139,172,80.8,2228,625,0,0.0,0.1,0.0,1,18,1,0,18,169,3,3,1,1,1,0,0,0,0,0,139,13,8,7,5,1,10,80.0,2,11,4,7,4,17,10,1,10,1.99,8,0,0,1,1,0,0,0.0,240,14,63,139,39,6,240,6,2,33.3,3,50.0,136,655,243,3,4,0,13,5,162,8,1,0,0,6,10,0,1,4,8,0,0,0,19,8,12,40.0,,,,,,,,,,,,,,,,,,,,,,,,,,,,,,,,2024-2025
1299,Christian Kabasele,be BEL,DF,Udinese,it Serie A,33.0,1991.0,16,12,1161,12.9,2,0,2,2,0,0,0,0,1.5,1.5,0.4,1.9,0.16,0.14,9,44,7,15,4,26.7,1.16,0.31,0.13,0.5,12.1,0,0,0,1.5,1.5,0.1,0.5,0.5,481,564,85.3,9338,3292,0,0.4,0.5,-0.4,6,44,1,0,44,536,28,16,0,5,2,6,0,0,0,0,481,17,9,10,7,0,14,78.6,3,14,8,6,14,31,75,1,12,0.93,7,0,1,3,0,1,0,0.0,715,101,337,328,51,23,715,1,1,100.0,0,0.0,393,1930,1020,9,7,0,9,3,438,7,0,0,0,20,16,0,2,14,9,0,2,0,33,35,20,63.6,,,,,,,,,,,,,,,,,,,,,,,,,,,,,,,,2024-2025
1304,Ferdi Kadioglu,tr TUR,"DF,MF",Brighton,eng Premier League,24.0,1999.0,6,5,385,4.3,1,0,1,1,0,0,1,0,0.4,0.4,0.2,0.6,0.23,0.14,1,15,27,4,1,25.0,0.94,0.23,0.25,1.0,15.1,0,0,0,0.4,0.4,0.11,0.6,0.6,144,175,82.3,2372,698,0,0.2,0.3,-0.2,5,10,9,4,15,157,17,2,1,0,9,15,0,0,0,0,144,10,6,4,5,1,15,40.0,9,2,2,0,8,18,17,0,13,3.03,11,0,0,0,1,1,2,0.47,231,13,71,91,72,9,231,7,3,42.9,3,42.9,124,479,183,1,0,0,6,2,144,27,1,0,0,5,3,1,9,8,6,0,0,0,14,3,1,75.0,,,,,,,,,,,,,,,,,,,,,,,,,,,,,,,,2024-2025
1306,Pierre Kalulu,fr FRA,DF,Juventus,it Serie A,24.0,2000.0,29,25,2337,26.0,1,0,1,1,0,0,2,1,0.7,0.7,0.5,1.2,0.04,0.05,48,117,24,7,3,42.9,0.27,0.12,0.14,0.33,10.9,0,0,0,0.7,0.7,0.1,0.3,0.3,1932,2076,93.1,32032,9746,0,0.5,0.8,-0.5,11,133,11,5,117,1967,107,44,2,4,22,27,0,0,0,0,1932,41,25,29,9,3,24,75.0,6,27,15,12,17,58,68,1,36,1.39,30,0,1,1,3,1,1,0.04,2275,182,924,1197,165,17,2275,11,4,36.4,5,45.5,1559,9462,5089,48,36,2,19,7,1752,24,2,1,0,26,19,2,22,17,25,0,1,0,95,27,47,36.5,,,,,,,,,,,,,,,,,,,,,,,,,,,,,,,,2024-2025
1308,Daichi Kamada,jp JPN,MF,Crystal Palace,eng Premier League,27.0,1996.0,34,15,1564,17.4,0,0,0,0,0,0,4,1,1.1,1.1,1.9,3.0,0.0,0.17,25,89,56,20,4,20.0,1.15,0.23,0.0,0.0,20.3,0,0,0,1.1,1.1,0.05,-1.1,-1.1,603,752,80.2,9772,2644,0,1.9,1.6,-1.9,20,48,14,3,89,720,31,11,4,5,31,2,16,11,1,0,603,47,29,19,24,4,41,34.1,27,22,5,17,18,65,14,0,52,2.99,37,6,1,3,2,3,3,0.17,937,19,208,496,240,32,937,19,7,36.8,9,47.4,485,2295,1121,25,19,6,16,20,600,56,4,1,0,28,21,2,31,18,29,0,0,0,89,4,13,23.5,,,,,,,,,,,,,,,,,,,,,,,,,,,,,,,,2024-2025
1310,Boubacar Kamara,fr FRA,MF,Aston Villa,eng Premier League,24.0,1999.0,26,20,1726,19.2,1,0,1,1,0,0,2,0,0.8,0.8,0.9,1.7,0.05,0.09,19,85,7,10,3,30.0,0.52,0.16,0.1,0.33,19.6,0,0,0,0.8,0.8,0.08,0.2,0.2,825,931,88.6,13054,4037,0,0.9,0.8,-0.9,11,91,10,0,85,904,27,25,5,0,1,0,0,0,0,0,825,50,21,28,18,4,56,51.8,27,19,7,12,19,69,51,3,27,1.41,20,1,1,2,1,2,2,0.1,1113,95,344,637,141,12,1113,27,9,33.3,9,33.3,591,2976,1370,19,13,2,12,17,754,7,2,0,0,30,35,0,1,19,21,0,0,0,87,21,26,44.7,,,,,,,,,,,,,,,,,,,,,,,,,,,,,,,,2024-2025
1312,Hassane Kamara,ci CIV,DF,Udinese,it Serie A,30.0,1994.0,30,25,2001,22.2,1,4,5,1,0,0,8,1,0.9,0.9,2.7,3.6,0.22,0.16,52,61,103,17,3,17.6,0.76,0.13,0.06,0.33,20.1,0,0,0,0.9,0.9,0.05,0.1,0.1,780,1031,75.7,13889,4252,4,2.7,2.3,1.3,24,48,28,22,61,829,200,21,0,6,106,164,15,11,0,1,780,35,25,20,11,4,28,57.1,12,23,5,18,26,61,49,1,44,1.98,34,3,1,2,1,3,6,0.27,1241,57,363,509,384,24,1241,46,18,39.1,21,45.7,618,3311,1617,52,37,5,24,10,703,103,8,1,1,25,22,1,106,26,25,0,0,0,92,21,11,65.6,,,,,,,,,,,,,,,,,,,,,,,,,,,,,,,,2024-2025
1314,Willy Kambwala,fr FRA,DF,Villarreal,es La Liga,19.0,2004.0,19,12,1117,12.4,0,0,0,0,0,0,1,1,0.3,0.3,0.1,0.5,0.0,0.04,2,16,0,4,1,25.0,0.32,0.08,0.0,0.0,11.1,0,0,0,0.3,0.3,0.08,-0.3,-0.3,521,594,87.7,9621,3410,0,0.1,0.1,-0.1,1,9,1,0,16,538,52,24,0,2,0,13,0,0,0,0,521,17,12,14,2,1,12,83.3,2,10,7,3,10,27,56,1,5,0.4,3,0,0,2,0,0,0,0.0,706,118,431,262,17,6,706,5,5,100.0,0,0.0,367,1707,846,2,2,1,9,5,463,0,1,1,0,5,0,0,0,10,12,0,0,0,30,16,18,47.1,,,,,,,,,,,,,,,,,,,,,,,,,,,,,,,,2024-2025
1320,Yann Karamoh,fr FRA,"MF,FW",Torino,it Serie A,26.0,1998.0,29,10,1046,11.6,0,1,1,0,0,0,2,0,1.2,1.2,0.9,2.2,0.09,0.18,37,28,80,25,6,24.0,2.15,0.52,0.0,0.0,17.7,0,0,0,1.2,1.2,0.05,-1.2,-1.2,189,282,67.0,2731,585,1,0.9,1.0,0.1,9,8,9,1,28,274,6,0,2,1,23,4,0,0,0,0,189,5,2,2,1,2,9,44.4,5,10,2,8,3,8,5,0,24,2.06,16,1,3,4,0,0,2,0.17,412,8,49,161,205,49,412,38,12,31.6,22,57.9,292,2054,1023,37,27,21,26,26,328,80,2,0,0,12,14,4,23,3,2,0,0,0,42,5,9,35.7,,,,,,,,,,,,,,,,,,,,,,,,,,,,,,,,2024-2025
1322,Jesper Karlsson,se SWE,FW,Bologna,it Serie A,26.0,1998.0,7,3,298,3.3,1,0,1,1,0,0,1,0,0.7,0.7,0.1,0.8,0.3,0.25,6,6,31,6,2,33.3,1.81,0.6,0.17,0.5,20.3,1,0,0,0.7,0.7,0.12,0.3,0.3,72,96,75.0,962,159,0,0.1,0.1,-0.1,2,2,2,1,6,91,5,3,0,0,4,2,0,0,0,0,72,1,0,0,0,1,2,0.0,2,4,0,4,0,1,3,0,9,2.72,9,0,0,0,0,0,1,0.3,128,1,14,48,68,6,128,6,2,33.3,3,50.0,97,557,207,6,8,0,6,9,106,31,1,0,0,6,4,1,4,0,0,0,0,0,8,2,4,33.3,,,,,,,,,,,,,,,,,,,,,,,,,,,,,,,,2024-2025
1323,Jesper Karlsson,se SWE,FW,Lecce,it Serie A,26.0,1998.0,13,6,495,5.5,1,0,1,0,1,1,2,0,1.5,0.7,0.6,1.3,0.0,0.38,11,12,32,9,4,44.4,1.64,0.73,0.0,0.0,22.1,2,1,1,1.5,0.7,0.07,-0.5,-0.7,109,158,69.0,1711,437,0,0.6,0.5,-0.6,10,7,9,4,12,137,20,4,0,2,28,1,15,7,4,0,109,3,2,3,0,0,8,25.0,6,2,0,2,0,3,4,0,18,3.26,10,8,0,0,0,0,0,0.0,202,5,25,77,101,9,201,9,6,66.7,3,33.3,111,667,290,11,10,1,10,6,136,32,2,0,0,4,0,0,28,0,2,0,1,0,12,1,6,14.3,,,,,,,,,,,,,,,,,,,,,,,,,,,,,,,,2024-2025
1324,Jesper Karlström,se SWE,MF,Udinese,it Serie A,29.0,1995.0,37,36,3186,35.4,0,3,3,0,0,0,9,0,0.7,0.7,1.1,1.8,0.08,0.05,23,135,46,13,2,15.4,0.37,0.06,0.0,0.0,18.9,0,0,0,0.7,0.7,0.06,-0.7,-0.7,1331,1600,83.2,23418,7576,3,1.1,1.4,1.9,21,139,21,4,135,1520,78,72,0,5,15,4,0,0,0,0,1331,61,34,32,21,8,51,49.0,26,28,11,17,35,96,82,5,59,1.67,53,1,1,0,2,2,3,0.08,1882,101,534,1134,232,24,1882,15,6,40.0,9,60.0,1002,4851,2204,23,26,4,34,18,1199,46,9,0,0,42,25,1,15,35,34,0,0,0,146,31,31,50.0,,,,,,,,,,,,,,,,,,,,,,,,,,,,,,,,2024-2025
1325,Lior Kasa,il ISR,"MF,FW",Genoa,it Serie A,18.0,2005.0,8,2,230,2.6,0,0,0,0,0,0,2,0,1.1,1.1,0.1,1.2,0.0,0.48,1,7,7,5,2,40.0,1.96,0.78,0.0,0.0,16.7,0,0,0,1.1,1.1,0.23,-1.1,-1.1,62,72,86.1,1186,344,0,0.1,0.1,-0.1,2,6,1,0,7,69,3,1,0,2,2,0,2,1,1,0,62,4,4,2,2,0,5,40.0,3,4,1,3,3,7,5,0,5,1.97,3,1,0,1,0,0,0,0.0,111,8,26,54,33,6,111,5,1,20.0,2,40.0,58,288,124,1,3,0,6,1,64,7,2,0,0,4,3,0,2,3,4,0,0,0,14,1,3,25.0,,,,,,,,,,,,,,,,,,,,,,,,,,,,,,,,2024-2025
1326,Grigoris Kastanos,cy CYP,"MF,FW",Hellas Verona,it Serie A,26.0,1998.0,27,8,872,9.7,1,1,2,1,0,0,4,0,1.0,1.0,1.7,2.7,0.21,0.28,12,34,27,22,5,22.7,2.27,0.52,0.05,0.2,23.0,2,0,0,1.0,1.0,0.05,0.0,0.0,224,323,69.3,3767,1289,1,1.7,1.0,-0.7,12,30,7,1,34,293,29,8,3,3,23,5,15,6,7,1,224,23,16,8,7,8,21,42.9,12,17,2,15,7,30,8,0,24,2.47,13,8,0,2,1,0,2,0.21,438,8,69,218,156,14,438,15,0,0.0,14,93.3,239,1162,499,12,10,1,8,10,262,27,4,0,0,15,19,1,23,7,16,0,0,0,48,15,17,46.9,,,,,,,,,,,,,,,,,,,,,,,,,,,,,,,,2024-2025
1328,Joachim Kayi Sanda,fr FRA,DF,Southampton,eng Premier League,17.0,2006.0,2,0,14,0.2,0,0,0,0,0,0,0,0,0.0,0.0,0.0,0.0,0.0,0.0,0,1,0,0,0,,0.0,0.0,,,,0,0,0,0.0,0.0,,0.0,0.0,15,15,100.0,304,57,0,0.0,0.0,0.0,0,0,0,0,1,15,0,0,0,0,0,0,0,0,0,0,15,0,0,0,0,0,0,,0,0,0,0,2,2,0,0,0,0.0,0,0,0,0,0,0,0,0.0,19,1,8,10,1,1,19,0,0,,0,,14,63,35,0,0,0,1,0,15,0,0,0,0,0,0,0,0,2,0,0,0,0,0,0,1,0.0,,,,,,,,,,,,,,,,,,,,,,,,,,,,,,,,2024-2025
1329,Michael Kayode,it ITA,DF,Brentford,eng Premier League,20.0,2004.0,12,6,528,5.9,0,1,1,0,0,0,2,0,0.2,0.2,1.2,1.5,0.17,0.25,12,12,24,2,0,0.0,0.34,0.0,0.0,,16.8,0,0,0,0.2,0.2,0.1,-0.2,-0.2,184,241,76.3,3294,961,1,1.2,0.7,-0.2,8,12,3,2,12,183,58,0,0,0,10,58,0,0,0,0,184,17,11,12,5,0,13,69.2,4,3,0,3,7,24,19,0,19,3.24,9,7,1,1,1,0,3,0.51,313,23,101,121,97,13,313,18,9,50.0,8,44.4,144,944,500,12,7,3,13,3,143,24,2,0,0,8,3,0,10,7,11,0,0,0,34,9,4,69.2,,,,,,,,,,,,,,,,,,,,,,,,,,,,,,,,2024-2025
1330,Michael Kayode,it ITA,"DF,FW",Fiorentina,it Serie A,20.0,2004.0,5,1,127,1.4,0,0,0,0,0,0,0,0,0.1,0.1,0.2,0.3,0.0,0.21,3,8,6,1,0,0.0,0.71,0.0,0.0,,11.4,0,0,0,0.1,0.1,0.1,-0.1,-0.1,43,68,63.2,688,215,0,0.2,0.0,-0.2,1,4,1,0,8,52,16,1,0,0,6,15,0,0,0,0,43,1,1,1,0,0,0,,0,3,1,2,2,3,7,0,4,2.83,2,0,2,0,0,0,0,0.0,88,5,30,34,24,2,88,6,3,50.0,0,0.0,42,218,96,3,1,1,1,3,43,6,0,0,0,1,2,0,6,2,1,0,0,0,6,2,0,100.0,,,,,,,,,,,,,,,,,,,,,,,,,,,,,,,,2024-2025
1331,Moise Kean,it ITA,FW,Fiorentina,it Serie A,24.0,2000.0,31,30,2615,29.1,17,3,20,16,1,2,5,0,19.4,17.9,1.9,19.7,0.65,0.71,42,26,143,98,45,45.9,3.37,1.55,0.16,0.36,15.0,0,1,2,19.4,17.9,0.18,-0.4,0.1,228,326,69.9,3457,552,3,1.9,1.1,1.1,19,15,10,1,26,295,29,1,1,5,8,3,1,0,0,0,228,7,5,1,2,4,4,75.0,1,12,0,12,5,12,26,1,57,1.9,26,1,16,8,5,1,7,0.23,700,28,49,306,366,132,698,101,44,43.6,49,48.5,454,2460,1078,42,28,32,97,53,541,143,5,0,0,40,51,56,8,5,5,0,1,0,52,51,48,51.5,,,,,,,,,,,,,,,,,,,,,,,,,,,,,,,,2024-2025
1332,Michael Keane,eng ENG,DF,Everton,eng Premier League,31.0,1993.0,14,11,1049,11.7,3,0,3,3,0,0,5,0,0.6,0.6,0.1,0.7,0.26,0.06,1,14,3,10,4,40.0,0.86,0.34,0.3,0.75,13.2,0,0,0,0.6,0.6,0.06,2.4,2.4,312,377,82.8,7049,2396,0,0.1,0.0,-0.1,2,21,0,0,14,365,8,4,0,12,1,0,0,0,0,0,312,12,9,8,2,2,15,53.3,7,14,10,4,16,28,65,2,6,0.51,6,0,0,0,0,0,0,0.0,513,106,295,198,22,17,513,1,0,0.0,1,100.0,229,904,290,1,1,0,2,2,286,3,5,0,0,9,0,0,1,16,9,0,0,0,26,26,20,56.5,,,,,,,,,,,,,,,,,,,,,,,,,,,,,,,,2024-2025
1335,Abdoulaye Keita,es ESP,"FW,MF",Getafe,es La Liga,21.0,2002.0,3,1,95,1.1,0,0,0,0,0,0,0,0,0.0,0.0,0.0,0.0,0.0,0.05,1,2,4,2,0,0.0,1.89,0.0,0.0,,25.8,0,0,0,0.0,0.0,0.02,0.0,0.0,15,27,55.6,257,66,0,0.0,0.1,0.0,0,3,1,1,2,26,1,0,0,1,1,1,0,0,0,0,15,2,2,0,1,1,4,50.0,2,1,0,1,0,2,3,0,1,0.95,1,0,0,0,0,0,0,0.0,41,3,10,19,12,1,41,3,1,33.3,2,66.7,22,84,24,1,0,0,3,3,25,4,0,0,0,6,0,0,1,0,2,0,0,0,6,3,3,50.0,,,,,,,,,,,,,,,,,,,,,,,,,,,,,,,,2024-2025
1336,Mandela Keita,be BEL,MF,Parma,it Serie A,22.0,2002.0,30,24,1826,20.3,0,2,2,0,0,0,6,1,0.1,0.1,1.0,1.2,0.1,0.06,13,50,5,5,4,80.0,0.25,0.2,0.0,0.0,29.3,0,0,0,0.1,0.1,0.03,-0.1,-0.1,660,729,90.5,11055,2730,2,1.0,0.8,1.0,15,55,3,0,50,710,19,18,2,2,0,1,0,0,0,0,660,44,25,13,25,6,35,51.4,17,18,7,11,21,65,29,2,33,1.63,28,0,3,0,2,0,4,0.2,907,48,252,546,126,0,907,31,17,54.8,9,29.0,558,2750,1136,13,18,0,30,18,579,5,6,1,1,28,33,1,0,21,25,0,1,0,94,14,14,50.0,,,,,,,,,,,,,,,,,,,,,,,,,,,,,,,,2024-2025
1339,Caoimhín Kelleher,ie IRL,GK,Liverpool,eng Premier League,25.0,1998.0,10,10,900,10.0,0,0,0,0,0,0,0,0,0.0,0.0,0.0,0.0,0.0,0.0,0,0,0,0,0,,0.0,0.0,,,,0,0,0,0.0,0.0,,0.0,0.0,289,382,75.7,6252,3968,0,0.0,0.0,0.0,0,6,0,0,0,344,38,20,0,0,0,0,0,0,0,0,289,0,0,0,0,0,0,,0,0,0,0,0,0,1,2,3,0.3,3,0,0,0,0,0,1,0.1,398,286,396,2,0,0,398,1,1,100.0,0,0.0,290,1131,616,0,0,0,1,0,275,0,0,0,0,0,3,0,0,0,0,0,0,0,18,1,0,100.0,12.0,1.2,37.0,24.0,67.6,7.0,2.0,1.0,4.0,40.0,1.0,0.0,1.0,0.0,11.6,0.3,-0.4,-0.04,29.0,115.0,25.2,364.0,49.0,28.6,29.0,113.0,6.0,5.3,9.0,0.9,14.0,2024-2025
1341,Lloyd Kelly,eng ENG,DF,Newcastle Utd,eng Premier League,25.0,1998.0,10,4,303,3.4,0,1,1,0,0,0,2,0,0.4,0.4,0.5,0.9,0.3,0.26,0,9,5,3,0,0.0,0.89,0.0,0.0,,7.3,0,0,0,0.4,0.4,0.14,-0.4,-0.4,146,181,80.7,2636,867,1,0.5,0.1,0.5,2,6,1,1,9,159,22,7,0,0,1,15,0,0,0,0,146,5,4,4,1,0,1,100.0,0,6,4,2,1,6,17,0,2,0.59,2,0,0,0,0,0,1,0.3,215,26,105,94,19,4,215,3,2,66.7,1,33.3,120,474,202,0,2,0,3,2,129,5,2,0,0,5,5,1,1,1,4,0,0,0,19,6,2,75.0,,,,,,,,,,,,,,,,,,,,,,,,,,,,,,,,2024-2025
1342,Lloyd Kelly,eng ENG,DF,Juventus,it Serie A,25.0,1998.0,12,11,1013,11.3,0,0,0,0,0,0,1,0,0.4,0.4,0.1,0.5,0.0,0.05,10,36,26,7,1,14.3,0.62,0.09,0.0,0.0,17.6,0,0,0,0.4,0.4,0.06,-0.4,-0.4,559,673,83.1,9185,2902,0,0.1,0.3,-0.1,3,54,2,0,36,626,47,16,1,2,14,16,0,0,0,0,559,15,11,5,9,1,9,77.8,2,11,6,5,2,17,56,3,12,1.07,10,1,0,1,0,0,0,0.0,797,92,323,383,95,18,797,1,0,0.0,1,100.0,433,2179,1160,10,9,0,9,3,520,26,1,0,0,14,4,0,14,2,11,0,0,0,55,36,25,59.0,,,,,,,,,,,,,,,,,,,,,,,,,,,,,,,,2024-2025
1344,Marc-Oliver Kempf,de GER,DF,Como,it Serie A,29.0,1995.0,31,30,2615,29.1,0,0,0,0,0,0,6,1,1.6,1.6,1.2,2.7,0.0,0.09,17,85,4,20,4,20.0,0.69,0.14,0.0,0.0,10.8,0,0,0,1.6,1.6,0.08,-1.6,-1.6,1498,1718,87.2,26411,9892,0,1.2,1.2,-1.2,10,116,9,1,85,1582,127,59,3,14,4,12,0,0,0,0,1498,30,20,15,14,1,24,54.2,11,35,26,9,33,63,136,4,34,1.17,29,0,0,5,0,0,2,0.07,2010,305,1004,932,85,26,2010,5,4,80.0,1,20.0,1136,5290,2703,17,8,1,12,5,1313,4,6,1,1,21,20,0,4,33,20,0,0,0,106,108,39,73.5,,,,,,,,,,,,,,,,,,,,,,,,,,,,,,,,2024-2025
1345,Kenedy,br BRA,"MF,FW",Valladolid,es La Liga,28.0,1996.0,2,0,9,0.1,0,0,0,0,0,0,0,0,0.0,0.0,0.0,0.0,0.0,0.29,1,0,2,1,0,0.0,10.0,0.0,0.0,,7.2,0,0,0,0.0,0.0,0.03,0.0,0.0,1,2,50.0,10,0,0,0.0,0.0,0.0,0,0,0,0,0,2,0,0,0,0,0,0,0,0,0,0,1,0,0,0,0,0,0,,0,1,0,1,0,0,0,0,0,0.0,0,0,0,0,0,0,0,0.0,5,0,0,1,4,2,5,1,0,0.0,1,100.0,4,15,4,1,0,0,0,1,3,2,0,0,0,0,0,0,0,0,0,0,0,0,1,0,0,,,,,,,,,,,,,,,,,,,,,,,,,,,,,,,,,2024-2025
1347,Milos Kerkez,hu HUN,DF,Bournemouth,eng Premier League,20.0,2003.0,38,38,3336,37.1,2,5,7,2,0,0,4,0,0.6,0.5,3.9,4.4,0.19,0.12,106,159,197,19,5,26.3,0.51,0.13,0.11,0.4,20.2,0,0,0,0.6,0.5,0.03,1.4,1.5,1346,1776,75.8,20911,6878,5,3.9,2.6,1.1,35,87,41,27,159,1466,305,18,2,3,142,279,7,5,1,0,1346,52,26,25,20,7,38,63.2,14,38,11,27,45,97,106,4,83,2.24,67,4,2,2,5,3,9,0.24,2158,112,552,900,731,69,2158,48,22,45.8,16,33.3,1094,6388,3711,106,73,16,49,22,1196,197,4,0,0,30,50,3,142,45,26,0,0,0,169,28,49,36.4,,,,,,,,,,,,,,,,,,,,,,,,,,,,,,,,2024-2025
1349,Bilal El Khannouss,ma MAR,"MF,FW",Leicester City,eng Premier League,20.0,2004.0,32,27,2182,24.2,2,3,5,2,0,0,4,0,1.3,1.3,4.6,5.8,0.21,0.24,73,128,89,30,7,23.3,1.24,0.29,0.07,0.29,22.0,0,0,0,1.3,1.3,0.04,0.7,0.7,798,1063,75.1,14413,4123,3,4.6,3.1,-1.6,42,89,31,6,128,928,130,28,11,8,89,14,36,19,10,1,798,50,30,16,29,5,32,53.1,15,22,4,18,6,56,10,3,78,3.22,54,9,8,4,3,0,7,0.29,1268,18,183,655,445,35,1268,60,34,56.7,23,38.3,732,4494,2038,73,45,12,38,38,851,89,4,0,0,30,13,1,89,6,30,0,0,0,92,19,24,44.2,,,,,,,,,,,,,,,,,,,,,,,,,,,,,,,,2024-2025
1352,Abdukodir Khusanov,uz UZB,DF,Manchester City,eng Premier League,20.0,2004.0,6,6,503,5.6,0,0,0,0,0,0,1,0,0.0,0.0,0.1,0.1,0.0,0.02,1,25,2,1,0,0.0,0.18,0.0,0.0,,23.9,0,0,0,0.0,0.0,0.02,0.0,0.0,360,395,91.1,6126,1976,0,0.1,0.1,-0.1,2,23,0,0,25,385,10,6,0,1,1,3,0,0,0,0,360,5,4,4,1,0,3,66.7,1,5,4,1,3,8,29,1,5,0.89,5,0,0,0,0,0,0,0.0,445,45,205,211,31,1,445,2,0,0.0,2,100.0,274,1155,435,1,1,0,2,1,332,2,1,0,0,3,3,0,1,3,4,0,0,1,27,6,4,60.0,,,,,,,,,,,,,,,,,,,,,,,,,,,,,,,,2024-2025
1354,Kialonda,ao ANG,DF,Lecce,it Serie A,26.0,1997.0,24,24,2144,23.8,0,1,1,0,0,0,3,0,1.1,1.1,0.4,1.6,0.04,0.07,4,34,5,16,0,0.0,0.67,0.0,0.0,,10.7,0,0,0,1.1,1.1,0.07,-1.1,-1.1,801,926,86.5,17161,5538,1,0.4,0.7,0.6,6,29,0,0,34,883,41,35,0,5,3,4,0,0,0,0,801,34,12,24,10,0,17,70.6,5,44,28,16,32,66,132,1,15,0.63,12,0,0,3,0,0,1,0.04,1229,206,772,412,54,32,1229,10,8,80.0,2,20.0,572,2337,1043,4,3,1,14,1,719,5,3,0,0,9,20,0,3,32,12,0,1,0,58,90,44,67.2,,,,,,,,,,,,,,,,,,,,,,,,,,,,,,,,2024-2025
1355,Kiké,es ESP,FW,Alavés,es La Liga,34.0,1989.0,35,29,2542,28.2,13,0,13,10,3,3,5,1,9.6,7.2,0.9,8.2,0.35,0.37,25,50,158,60,24,40.0,2.12,0.85,0.17,0.42,15.4,0,3,3,9.6,7.2,0.12,3.4,2.8,384,588,65.3,5279,915,0,0.9,1.6,-0.9,13,30,6,1,50,571,14,2,4,6,13,1,0,0,0,0,384,19,14,1,12,6,17,35.3,11,11,4,7,1,20,23,0,38,1.35,30,0,0,2,6,0,4,0.14,894,24,70,404,433,120,891,35,13,37.1,20,57.1,548,2136,739,25,18,10,98,42,719,158,5,1,1,49,59,22,13,1,14,1,0,0,90,110,100,52.4,,,,,,,,,,,,,,,,,,,,,,,,,,,,,,,,2024-2025
1356,Max Kilman,eng ENG,DF,West Ham,eng Premier League,27.0,1997.0,38,38,3348,37.2,0,1,1,0,0,0,5,0,1.6,1.6,1.2,2.8,0.03,0.08,31,113,6,13,2,15.4,0.35,0.05,0.0,0.0,8.9,0,0,0,1.6,1.6,0.13,-1.6,-1.6,1697,1958,86.7,32592,10820,1,1.2,1.2,-0.2,16,109,4,0,113,1916,37,25,0,12,4,1,0,0,0,0,1697,39,24,16,20,3,27,85.2,4,58,40,18,38,77,212,6,32,0.86,28,0,2,0,0,2,5,0.13,2374,464,1317,962,113,32,2374,22,16,72.7,2,9.1,1270,5672,3185,31,14,2,17,4,1581,6,5,0,0,23,13,2,4,38,24,0,0,0,146,113,55,67.3,,,,,,,,,,,,,,,,,,,,,,,,,,,,,,,,2024-2025
1359,Joshua King,eng ENG,MF,Fulham,eng Premier League,17.0,2007.0,8,1,130,1.4,0,0,0,0,0,0,0,0,0.3,0.3,0.4,0.7,0.0,0.51,3,9,16,3,0,0.0,2.08,0.0,0.0,,9.0,0,0,0,0.3,0.3,0.11,-0.3,-0.3,54,64,84.4,928,172,0,0.4,0.7,-0.4,3,5,2,0,9,63,1,0,0,1,2,0,0,0,0,0,54,7,5,3,4,0,3,0.0,3,3,0,3,1,8,1,0,8,5.54,6,0,1,1,0,0,2,1.38,87,2,12,31,46,10,87,8,4,50.0,4,50.0,44,335,138,3,4,0,1,6,60,16,0,0,0,3,2,0,2,1,5,0,0,0,5,1,2,33.3,,,,,,,,,,,,,,,,,,,,,,,,,,,,,,,,2024-2025
1361,Tom King,wls WAL,GK,Wolves,eng Premier League,29.0,1995.0,1,0,1,0.0,0,0,0,0,0,0,0,0,0.0,0.0,0.0,0.0,0.0,0.0,0,0,0,0,0,,0.0,0.0,,,,0,0,0,0.0,0.0,,0.0,0.0,0,1,0.0,0,0,0,0.0,0.0,0.0,0,0,0,0,0,1,0,0,0,0,0,0,0,0,0,0,0,0,0,0,0,0,0,,0,0,0,0,0,0,0,0,0,0.0,0,0,0,0,0,0,0,0.0,1,1,1,0,0,0,1,0,0,,0,,1,8,5,0,0,0,0,0,0,0,0,0,0,0,0,0,0,0,0,0,0,0,0,0,0,,0.0,0.0,0.0,0.0,,0.0,0.0,0.0,0.0,,0.0,0.0,0.0,0.0,0.0,,0.0,0.0,0.0,0.0,,1.0,1.0,0.0,14.0,1.0,0.0,0.0,0.0,0.0,,2024-2025
1362,Antonín Kinský,cz CZE,GK,Tottenham,eng Premier League,21.0,2003.0,6,6,540,6.0,0,0,0,0,0,0,0,0,0.0,0.0,0.1,0.1,0.0,0.01,1,1,0,0,0,,0.0,0.0,,,,0,0,0,0.0,0.0,,0.0,0.0,167,217,77.0,3990,2480,0,0.1,0.0,-0.1,1,2,0,0,1,177,39,9,0,0,0,0,0,0,0,0,167,3,1,3,0,0,1,100.0,0,0,0,0,0,3,9,1,1,0.17,1,0,0,0,0,0,0,0.0,237,205,234,3,0,0,237,0,0,,0,,144,760,491,1,0,0,0,0,126,0,0,0,0,0,0,0,0,0,1,0,0,0,6,2,0,100.0,11.0,1.83,32.0,23.0,65.6,1.0,0.0,5.0,1.0,16.7,0.0,0.0,0.0,0.0,10.5,0.33,1.5,0.25,17.0,58.0,29.3,186.0,37.0,26.9,30.7,112.0,10.0,8.9,9.0,1.5,12.1,2024-2025
1364,Jakub Kiwior,pl POL,DF,Arsenal,eng Premier League,24.0,2000.0,17,10,1122,12.5,1,0,1,1,0,0,1,0,0.2,0.2,0.3,0.5,0.08,0.04,5,48,1,3,1,33.3,0.24,0.08,0.33,1.0,18.5,0,0,0,0.2,0.2,0.06,0.8,0.8,673,736,91.4,11598,3392,0,0.3,0.3,-0.3,5,65,3,0,48,704,31,10,3,1,2,4,0,0,0,0,673,22,8,13,7,2,15,73.3,4,13,8,5,6,28,58,3,8,0.64,7,0,1,0,0,0,0,0.0,846,100,281,494,72,5,846,5,3,60.0,2,40.0,492,1988,1037,5,7,1,3,2,615,1,1,0,0,10,4,1,2,6,8,0,0,0,31,11,13,45.8,,,,,,,,,,,,,,,,,,,,,,,,,,,,,,,,2024-2025
1367,Justin Kluivert,nl NED,MF,Bournemouth,eng Premier League,25.0,1999.0,34,29,2340,26.0,12,6,18,6,6,6,8,0,10.3,5.6,4.8,10.5,0.46,0.58,81,105,173,57,23,40.4,2.19,0.88,0.11,0.26,20.0,0,6,6,10.3,5.6,0.1,1.7,0.4,582,782,74.4,8844,2330,6,4.8,3.7,1.2,45,45,35,6,105,683,92,8,5,6,85,10,35,30,0,0,582,23,11,4,11,8,22,18.2,18,24,0,24,14,37,24,1,101,3.88,73,8,7,7,5,1,12,0.46,1086,24,99,366,641,134,1080,87,36,41.4,40,46.0,646,4198,2364,81,55,38,55,27,710,173,8,0,0,47,33,5,85,14,11,1,0,0,78,8,28,22.2,,,,,,,,,,,,,,,,,,,,,,,,,,,,,,,,2024-2025
1373,Magnus Kofod Andersen,dk DEN,MF,Venezia,it Serie A,25.0,1999.0,14,7,695,7.7,1,1,2,1,0,0,1,0,0.3,0.3,0.5,0.7,0.26,0.1,7,24,18,8,2,25.0,1.04,0.26,0.13,0.5,25.0,0,0,0,0.3,0.3,0.03,0.7,0.7,247,309,79.9,3986,1038,1,0.5,0.6,0.5,9,18,3,0,24,285,23,10,0,1,16,3,9,2,7,0,247,13,4,3,9,1,10,40.0,6,7,2,5,6,19,12,0,20,2.59,13,5,0,1,1,0,3,0.39,370,14,82,205,90,8,370,4,2,50.0,1,25.0,230,1014,496,7,6,0,8,6,238,18,1,0,0,7,5,0,16,6,4,0,0,0,31,8,7,53.3,,,,,,,,,,,,,,,,,,,,,,,,,,,,,,,,2024-2025
1378,Koke,es ESP,MF,Atlético Madrid,es La Liga,32.0,1992.0,32,20,1926,21.4,1,1,2,1,0,0,4,0,1.1,1.1,1.4,2.5,0.09,0.12,22,132,18,11,4,36.4,0.51,0.19,0.09,0.25,22.6,0,0,0,1.1,1.1,0.1,-0.1,-0.1,1444,1640,88.0,22797,7027,1,1.4,2.2,-0.4,16,134,22,6,132,1565,67,48,3,6,22,7,12,5,2,0,1444,46,23,18,22,6,43,48.8,22,24,2,22,20,66,29,2,51,2.38,48,2,0,0,0,1,5,0.23,1829,52,455,1075,313,10,1829,22,9,40.9,11,50.0,1138,4782,2255,22,21,0,15,8,1339,18,4,0,0,23,16,0,22,20,23,0,0,1,122,8,9,47.1,,,,,,,,,,,,,,,,,,,,,,,,,,,,,,,,2024-2025
1379,Sead Kolašinac,ba BIH,DF,Atalanta,it Serie A,31.0,1993.0,23,23,1903,21.1,0,2,2,0,0,0,7,0,0.8,0.8,1.8,2.6,0.09,0.12,52,142,47,10,2,20.0,0.47,0.09,0.0,0.0,13.2,0,0,0,0.8,0.8,0.08,-0.8,-0.8,1115,1275,87.5,17226,6037,2,1.8,1.5,0.2,17,105,12,2,142,1237,35,15,0,1,10,20,0,0,0,0,1115,41,26,21,20,0,30,53.3,14,16,7,9,25,66,53,1,37,1.75,33,0,0,3,1,0,4,0.19,1458,71,483,761,230,27,1458,15,3,20.0,12,80.0,878,4210,2812,52,52,2,17,16,1001,47,7,0,0,38,20,3,10,25,26,0,0,1,135,34,26,56.7,,,,,,,,,,,,,,,,,,,,,,,,,,,,,,,,2024-2025
1380,Randal Kolo Muani,fr FRA,FW,Juventus,it Serie A,25.0,1998.0,16,13,1160,12.9,8,1,9,7,1,1,0,0,4.7,3.9,1.6,5.5,0.62,0.49,21,20,100,25,13,52.0,1.94,1.01,0.28,0.54,13.2,0,1,1,4.7,3.9,0.16,3.3,3.1,151,216,69.9,1910,347,1,1.6,0.8,-0.6,17,8,9,0,20,192,23,0,2,1,8,1,0,0,0,0,151,11,7,3,5,3,5,80.0,1,8,0,8,4,15,2,0,27,2.09,20,0,6,0,1,0,3,0.23,364,3,27,147,193,71,363,44,18,40.9,24,54.5,213,1135,468,21,10,14,41,23,269,100,0,0,0,27,20,6,8,4,7,0,0,0,33,10,27,27.0,,,,,,,,,,,,,,,,,,,,,,,,,,,,,,,,2024-2025
1384,Ibrahima Konaté,fr FRA,DF,Liverpool,eng Premier League,25.0,1999.0,31,30,2560,28.4,1,2,3,1,0,0,5,0,1.7,1.7,1.0,2.7,0.11,0.1,25,115,3,19,3,15.8,0.67,0.11,0.05,0.33,10.5,0,0,0,1.7,1.7,0.09,-0.7,-0.7,1718,1905,90.2,31820,10824,2,1.0,0.9,1.0,10,143,9,0,115,1856,46,41,1,5,0,5,0,0,0,0,1718,40,26,25,13,2,35,71.4,10,29,15,14,17,57,133,3,31,1.09,26,0,0,4,0,1,7,0.25,2185,223,928,1145,119,23,2185,6,3,50.0,2,33.3,1290,6124,3603,25,15,0,8,2,1576,3,5,0,0,27,20,0,0,17,26,0,0,0,98,74,29,71.8,,,,,,,,,,,,,,,,,,,,,,,,,,,,,,,,2024-2025
1385,Ismael Konate,ci CIV,"FW,MF",Empoli,it Serie A,18.0,2006.0,12,0,116,1.3,0,1,1,0,0,0,0,0,0.2,0.2,0.0,0.2,0.78,0.19,5,2,7,3,2,66.7,2.33,1.55,0.0,0.0,20.9,0,0,0,0.2,0.2,0.07,-0.2,-0.2,15,33,45.5,244,47,1,0.0,0.0,1.0,2,2,0,0,2,33,0,0,0,1,1,0,0,0,0,0,15,4,2,4,0,0,3,66.7,1,3,2,1,0,4,1,0,3,2.31,2,0,1,0,0,0,1,0.77,51,3,10,20,22,4,51,2,2,100.0,0,0.0,23,115,74,5,2,2,5,1,35,7,0,0,0,5,2,0,1,0,2,0,0,0,3,5,8,38.5,,,,,,,,,,,,,,,,,,,,,,,,,,,,,,,,2024-2025
1391,Manu Koné,fr FRA,MF,Roma,it Serie A,23.0,2001.0,34,31,2572,28.6,2,1,3,2,0,0,6,0,3.4,3.4,1.7,5.0,0.1,0.18,70,144,50,34,8,23.5,1.19,0.28,0.06,0.25,19.9,0,0,0,3.4,3.4,0.1,-1.4,-1.4,1160,1273,91.1,18915,4440,1,1.7,1.6,-0.7,19,113,15,1,144,1241,30,29,4,5,2,1,0,0,0,0,1160,41,26,17,17,7,40,47.5,21,27,4,23,24,65,28,0,67,2.34,46,1,5,6,6,3,6,0.21,1555,34,244,969,374,40,1555,72,30,41.7,27,37.5,1006,6125,2923,70,66,13,54,45,1181,50,6,0,0,28,86,2,2,24,26,0,1,0,131,20,33,37.7,,,,,,,,,,,,,,,,,,,,,,,,,,,,,,,,2024-2025
1392,Ezri Konsa,eng ENG,DF,Aston Villa,eng Premier League,26.0,1997.0,34,33,2936,32.6,2,0,2,2,0,0,1,0,1.3,1.3,0.4,1.7,0.06,0.05,24,90,11,11,5,45.5,0.34,0.15,0.18,0.4,8.8,0,0,0,1.3,1.3,0.12,0.7,0.7,1555,1673,92.9,26299,8781,0,0.4,0.6,-0.4,6,106,2,0,90,1538,134,84,6,0,5,34,0,0,0,0,1555,34,18,20,10,4,25,80.0,5,20,11,9,24,58,114,4,24,0.74,19,2,1,2,0,0,3,0.09,1915,250,883,934,107,22,1915,18,8,44.4,7,38.9,1132,5817,3008,24,15,2,17,10,1338,11,1,0,0,9,47,1,5,24,18,0,0,0,97,31,23,57.4,,,,,,,,,,,,,,,,,,,,,,,,,,,,,,,,2024-2025
1393,Teun Koopmeiners,nl NED,"MF,FW",Juventus,it Serie A,26.0,1998.0,28,23,1994,22.2,3,3,6,3,0,0,3,0,3.9,3.9,2.9,6.8,0.27,0.31,32,89,127,42,10,23.8,1.9,0.45,0.07,0.3,18.2,2,0,0,3.9,3.9,0.09,-0.9,-0.9,761,953,79.9,12045,3133,3,2.9,3.8,0.1,38,63,18,3,89,819,129,34,4,3,113,18,74,44,28,0,761,32,16,6,19,7,30,33.3,20,36,14,22,8,40,26,2,63,2.84,39,17,2,2,2,1,3,0.14,1170,38,180,529,468,50,1170,22,10,45.5,11,50.0,591,2741,1266,32,28,5,40,16,790,127,3,0,0,32,9,3,113,8,16,0,0,0,51,22,22,50.0,,,,,,,,,,,,,,,,,,,,,,,,,,,,,,,,2024-2025
1395,Odilon Kossounou,ci CIV,DF,Atalanta,it Serie A,23.0,2001.0,18,12,1125,12.5,0,0,0,0,0,0,1,0,0.5,0.5,0.0,0.6,0.0,0.04,13,46,14,6,4,66.7,0.48,0.32,0.0,0.0,17.5,0,0,0,0.5,0.5,0.09,-0.5,-0.5,599,679,88.2,10625,3587,0,0.0,0.2,0.0,1,53,2,0,46,653,25,16,1,3,3,9,0,0,0,0,599,16,11,8,6,2,13,46.2,7,16,6,10,13,29,25,1,7,0.56,6,0,1,0,0,0,0,0.0,790,49,274,426,93,15,790,12,5,41.7,7,58.3,456,2228,1135,13,7,4,12,3,532,14,1,0,0,15,6,1,3,13,11,0,0,0,62,23,17,57.5,,,,,,,,,,,,,,,,,,,,,,,,,,,,,,,,2024-2025
1396,Christian Kouamé,ci CIV,"FW,MF",Fiorentina,it Serie A,26.0,1997.0,18,5,622,6.9,0,1,1,0,0,0,1,0,1.1,1.1,1.5,2.5,0.14,0.37,7,16,46,11,1,9.1,1.59,0.14,0.0,0.0,14.3,0,0,0,1.1,1.1,0.1,-1.1,-1.1,137,197,69.5,2017,386,1,1.5,0.7,-0.5,9,10,4,1,16,188,7,1,0,0,6,6,0,0,0,0,137,13,8,4,4,5,3,0.0,3,3,1,2,2,15,10,0,22,3.19,18,0,2,1,1,0,0,0.0,286,10,28,127,132,35,286,20,7,35.0,11,55.0,151,713,288,7,6,3,17,13,205,46,1,0,0,13,14,2,6,2,8,0,0,0,20,29,19,60.4,,,,,,,,,,,,,,,,,,,,,,,,,,,,,,,,2024-2025
1397,Christian Kouamé,ci CIV,"FW,MF",Empoli,it Serie A,26.0,1997.0,8,5,507,5.6,1,0,1,1,0,0,0,0,2.7,2.7,0.7,3.3,0.18,0.59,5,13,39,16,5,31.3,2.84,0.89,0.06,0.2,14.3,0,0,0,2.7,2.7,0.17,-1.7,-1.7,93,153,60.8,1277,304,0,0.7,0.6,-0.7,8,9,8,1,13,146,6,0,1,2,2,4,0,0,0,0,93,5,4,0,3,2,4,50.0,2,4,2,2,0,5,4,0,23,4.08,15,0,3,2,2,1,0,0.0,217,6,10,104,105,22,217,13,5,38.5,7,53.8,114,568,245,5,4,1,13,7,171,39,0,0,0,7,15,2,2,0,4,0,0,0,18,48,24,66.7,,,,,,,,,,,,,,,,,,,,,,,,,,,,,,,,2024-2025
1401,Jules Koundé,fr FRA,DF,Barcelona,es La Liga,25.0,1998.0,32,29,2605,28.9,2,3,5,2,0,0,4,0,1.8,1.8,3.9,5.7,0.17,0.2,44,165,190,18,6,33.3,0.62,0.21,0.11,0.33,14.1,0,0,0,1.8,1.8,0.11,0.2,0.2,1856,2140,86.7,28736,8279,3,3.9,3.8,-0.9,32,154,29,8,165,1803,332,66,6,13,63,266,0,0,0,0,1856,63,43,29,23,11,66,66.7,22,35,5,30,20,83,68,2,59,2.04,55,0,2,2,0,0,7,0.24,2453,79,567,1194,706,79,2453,50,22,44.0,27,54.0,1287,4667,2501,44,42,7,41,13,1625,190,4,0,0,22,19,7,63,20,43,0,0,0,107,30,23,56.6,,,,,,,,,,,,,,,,,,,,,,,,,,,,,,,,2024-2025
1403,Mateo Kovačić,hr CRO,MF,Manchester City,eng Premier League,30.0,1994.0,31,25,2198,24.4,6,2,8,6,0,0,5,1,1.9,1.9,3.6,5.5,0.33,0.23,56,164,16,45,12,26.7,1.84,0.49,0.13,0.5,22.9,0,0,0,1.9,1.9,0.04,4.1,4.1,1742,1882,92.6,27279,7278,2,3.6,3.2,-1.6,33,206,30,0,164,1845,33,32,15,8,0,0,0,0,0,0,1742,69,38,23,38,8,65,47.7,34,20,0,20,24,93,21,1,73,2.99,59,0,4,5,4,1,8,0.33,2123,53,318,1199,627,17,2123,41,22,53.7,11,26.8,1445,8397,3961,56,78,3,19,29,1729,16,5,1,0,24,26,0,0,24,38,0,0,0,114,10,9,52.6,,,,,,,,,,,,,,,,,,,,,,,,,,,,,,,,2024-2025
1404,Viktor Kovalenko,ua UKR,MF,Empoli,it Serie A,28.0,1996.0,6,0,77,0.9,0,0,0,0,0,0,0,0,0.1,0.1,0.0,0.1,0.0,0.12,1,4,3,3,1,33.3,3.51,1.17,0.0,0.0,22.2,0,0,0,0.1,0.1,0.03,-0.1,-0.1,26,37,70.3,410,67,0,0.0,0.0,0.0,0,4,0,0,4,36,1,1,0,1,1,0,0,0,0,0,26,2,1,0,2,0,1,0.0,1,0,0,0,0,2,0,0,0,0.0,0,0,0,0,0,0,0,0.0,44,0,8,24,12,3,44,1,1,100.0,0,0.0,21,106,43,1,0,0,1,2,31,3,0,0,0,2,2,0,1,0,1,0,0,0,3,3,3,50.0,,,,,,,,,,,,,,,,,,,,,,,,,,,,,,,,2024-2025
1406,Mateusz Kowalski,pl POL,MF,Parma,it Serie A,19.0,2005.0,1,1,56,0.6,0,0,0,0,0,0,0,0,0.4,0.4,0.0,0.4,0.0,0.69,0,0,2,1,0,0.0,1.61,0.0,0.0,,3.7,0,0,0,0.4,0.4,0.43,-0.4,-0.4,8,12,66.7,95,24,0,0.0,0.0,0.0,0,1,0,0,0,12,0,0,0,0,0,0,0,0,0,0,8,0,0,0,0,0,0,,0,1,0,1,0,0,1,0,0,0.0,0,0,0,0,0,0,0,0.0,18,1,2,10,6,2,18,0,0,,0,,9,31,10,0,0,0,2,2,14,2,0,0,0,1,0,0,0,0,0,0,0,0,0,0,3,0.0,,,,,,,,,,,,,,,,,,,,,,,,,,,,,,,,2024-2025
1408,Caleb Kporha,eng ENG,DF,Crystal Palace,eng Premier League,18.0,2006.0,2,0,13,0.1,0,0,0,0,0,0,0,0,0.0,0.0,0.0,0.0,0.0,0.0,1,0,0,0,0,,0.0,0.0,,,,0,0,0,0.0,0.0,,0.0,0.0,5,7,71.4,72,21,0,0.0,0.0,0.0,0,0,1,1,0,6,1,0,0,0,2,1,0,0,0,0,5,2,1,2,0,0,2,100.0,0,0,0,0,0,2,1,0,0,0.0,0,0,0,0,0,0,0,0.0,11,1,4,2,5,0,11,0,0,,0,,4,46,36,1,1,0,0,2,3,0,0,0,0,0,0,0,2,0,1,0,0,0,1,0,1,0.0,,,,,,,,,,,,,,,,,,,,,,,,,,,,,,,,2024-2025
1409,Emil Krafth,se SWE,DF,Newcastle Utd,eng Premier League,29.0,1994.0,12,2,342,3.8,0,0,0,0,0,0,2,0,0.0,0.0,0.1,0.1,0.0,0.03,5,8,3,1,0,0.0,0.26,0.0,0.0,,14.6,0,0,0,0.0,0.0,0.03,0.0,0.0,124,158,78.5,2017,786,0,0.1,0.0,-0.1,1,6,1,0,8,138,20,4,0,0,2,16,0,0,0,0,124,4,2,2,1,1,3,66.7,1,5,4,1,2,6,16,0,3,0.79,2,0,0,1,0,0,0,0.0,199,34,100,73,28,4,199,1,0,0.0,1,100.0,82,397,175,5,6,0,2,2,98,3,2,0,0,5,2,0,2,2,2,0,0,0,19,8,8,50.0,,,,,,,,,,,,,,,,,,,,,,,,,,,,,,,,2024-2025
1410,Alex Král,cz CZE,MF,Espanyol,es La Liga,26.0,1998.0,37,29,2714,30.2,0,1,1,0,0,0,1,0,1.5,1.5,1.5,3.0,0.03,0.1,49,78,79,21,2,9.5,0.7,0.07,0.0,0.0,16.0,0,0,0,1.5,1.5,0.07,-1.5,-1.5,602,837,71.9,10136,2618,1,1.5,1.6,-0.5,12,74,12,4,78,801,29,10,6,6,38,2,4,0,4,0,602,55,37,28,24,3,30,53.3,14,34,14,20,28,83,51,2,42,1.39,31,1,2,2,4,2,1,0.03,1155,84,278,646,253,45,1155,55,29,52.7,21,38.2,618,4041,1902,49,33,7,52,29,684,79,1,0,0,31,23,0,38,28,37,0,0,0,127,38,28,57.6,,,,,,,,,,,,,,,,,,,,,,,,,,,,,,,,2024-2025
1415,Ladislav Krejčí,cz CZE,DF,Girona,es La Liga,25.0,1999.0,28,27,2440,27.1,2,0,2,2,0,0,9,0,1.7,1.7,0.3,2.0,0.07,0.07,29,144,6,18,5,27.8,0.66,0.18,0.11,0.4,14.8,0,0,0,1.7,1.7,0.09,0.3,0.3,1924,2135,90.1,35129,12417,0,0.3,0.8,-0.3,8,150,12,2,144,2041,92,57,3,8,11,12,0,0,0,0,1924,23,16,19,4,0,26,53.8,12,24,19,5,34,57,93,5,29,1.07,25,1,0,2,1,0,4,0.15,2351,259,1089,1175,106,28,2351,12,7,58.3,4,33.3,1523,8408,5129,29,18,1,15,8,1805,6,9,0,0,24,17,0,11,34,16,1,0,1,101,55,24,69.6,,,,,,,,,,,,,,,,,,,,,,,,,,,,,,,,2024-2025
1417,Thomas Kristensen,dk DEN,DF,Udinese,it Serie A,22.0,2002.0,24,19,1754,19.5,1,0,1,1,0,0,5,0,0.9,0.9,0.3,1.2,0.05,0.06,19,76,19,4,1,25.0,0.21,0.05,0.25,1.0,11.0,0,0,0,0.9,0.9,0.23,0.1,0.1,757,947,79.9,14606,5161,0,0.3,0.6,-0.3,4,66,7,2,76,878,68,32,1,3,10,35,0,0,0,0,757,31,21,16,11,4,32,62.5,12,18,13,5,21,52,80,2,17,0.87,16,1,0,0,0,0,1,0.05,1144,105,464,612,79,14,1144,13,10,76.9,3,23.1,618,3172,1772,19,13,1,16,9,693,19,5,0,0,31,3,1,10,21,21,0,1,0,63,61,32,65.6,,,,,,,,,,,,,,,,,,,,,,,,,,,,,,,,2024-2025
1418,Nikola Krstović,me MNE,FW,Lecce,it Serie A,24.0,2000.0,37,37,3057,34.0,11,5,16,9,2,3,6,0,12.1,9.7,2.9,12.6,0.41,0.44,42,56,149,134,38,28.4,3.95,1.12,0.07,0.24,18.8,6,2,3,12.1,9.7,0.07,-1.1,-0.7,434,654,66.4,6532,1347,5,2.9,1.7,2.1,30,38,15,1,56,585,67,3,4,4,8,8,0,0,0,0,434,18,9,4,7,7,16,43.8,9,12,7,5,7,25,24,0,87,2.56,57,2,8,12,5,3,7,0.21,1051,30,63,476,526,152,1048,65,17,26.2,43,66.2,571,2693,1162,42,22,24,86,40,786,149,6,0,0,57,55,20,8,7,9,0,0,0,72,91,128,41.6,,,,,,,,,,,,,,,,,,,,,,,,,,,,,,,,2024-2025
1420,Takefusa Kubo,jp JPN,"MF,FW",Real Sociedad,es La Liga,23.0,2001.0,36,27,2372,26.4,5,0,5,5,0,0,5,0,3.6,3.6,4.5,8.0,0.19,0.31,133,110,218,43,14,32.6,1.63,0.53,0.12,0.36,16.1,0,0,0,3.6,3.6,0.08,1.4,1.4,694,962,72.1,9938,2961,0,4.5,3.8,-4.5,45,59,45,11,110,907,48,11,7,2,85,8,28,13,8,0,694,31,20,11,11,9,40,40.0,24,38,1,37,17,48,13,1,114,4.33,72,11,16,2,9,4,8,0.3,1341,10,126,537,703,118,1341,157,75,47.8,66,42.0,878,6399,3647,133,63,57,89,48,988,218,5,0,0,21,73,8,85,17,20,1,0,0,118,11,19,36.7,,,,,,,,,,,,,,,,,,,,,,,,,,,,,,,,2024-2025
1421,Mohammed Kudus,gh GHA,"FW,MF",West Ham,eng Premier League,23.0,2000.0,32,31,2590,28.8,5,3,8,5,0,0,2,1,6.9,6.9,3.1,10.0,0.28,0.35,98,79,216,75,21,28.0,2.61,0.73,0.07,0.24,16.0,0,0,0,6.9,6.9,0.09,-1.9,-1.9,715,855,83.6,11695,1800,3,3.1,2.7,-0.1,31,46,29,15,79,837,16,5,2,13,81,3,1,0,0,0,715,38,23,9,18,11,27,37.0,17,24,1,23,4,42,8,2,107,3.72,74,1,16,12,2,2,10,0.35,1274,13,171,536,612,127,1274,208,92,44.2,98,47.1,842,5574,2613,98,59,42,77,93,989,216,2,1,0,39,64,18,81,4,23,0,0,0,138,11,40,21.6,,,,,,,,,,,,,,,,,,,,,,,,,,,,,,,,2024-2025
1422,Dejan Kulusevski,se SWE,"MF,FW",Tottenham,eng Premier League,24.0,2000.0,32,27,2389,26.5,7,4,11,7,0,0,3,0,4.2,4.2,6.2,10.4,0.41,0.39,120,124,210,47,17,36.2,1.77,0.64,0.15,0.41,14.7,0,0,0,4.2,4.2,0.09,2.8,2.8,658,893,73.7,9216,2920,4,6.2,3.9,-2.2,65,62,52,6,124,800,84,4,11,1,89,6,62,26,0,0,658,45,23,17,13,15,51,37.3,32,34,5,29,13,58,10,1,128,4.82,95,12,15,3,3,0,9,0.34,1276,24,149,432,719,158,1276,117,38,32.5,71,60.7,823,6157,3208,120,67,40,77,74,895,210,3,0,0,48,38,5,89,13,23,0,0,0,121,10,15,40.0,,,,,,,,,,,,,,,,,,,,,,,,,,,,,,,,2024-2025
1424,Marash Kumbulla,al ALB,DF,Espanyol,es La Liga,24.0,2000.0,35,34,2972,33.0,3,0,3,3,0,0,9,0,1.8,1.8,0.0,1.9,0.09,0.06,11,71,3,16,5,31.3,0.48,0.15,0.19,0.6,11.4,0,0,0,1.8,1.8,0.11,1.2,1.2,1189,1407,84.5,23425,8594,0,0.0,0.3,0.0,1,43,4,2,71,1350,52,34,0,7,6,2,0,0,0,0,1189,51,26,35,14,2,41,58.5,17,48,35,13,34,85,224,2,16,0.48,11,0,1,3,1,0,2,0.06,1845,331,1149,653,51,24,1845,8,4,50.0,2,25.0,998,4956,2892,11,11,0,14,1,1155,3,9,0,0,37,29,0,6,34,26,0,0,1,74,71,44,61.7,,,,,,,,,,,,,,,,,,,,,,,,,,,,,,,,2024-2025
1427,Khvicha Kvaratskhelia,ge GEO,"FW,MF",Napoli,it Serie A,23.0,2001.0,17,15,1178,13.1,5,3,8,4,1,1,1,0,4.1,3.4,3.7,7.0,0.53,0.6,74,57,89,49,16,32.7,3.74,1.22,0.08,0.25,19.4,3,1,1,4.1,3.4,0.07,0.9,0.6,352,461,76.4,5985,1769,3,3.7,3.0,-0.7,28,31,23,4,57,401,56,14,7,5,51,11,30,20,5,0,352,15,9,4,10,1,15,26.7,11,13,0,13,4,19,7,0,57,4.35,40,10,2,2,3,0,6,0.46,659,2,55,275,342,74,658,72,19,26.4,42,58.3,405,3292,1912,74,51,37,25,21,471,89,1,0,0,12,33,0,51,4,9,0,0,0,45,4,5,44.4,,,,,,,,,,,,,,,,,,,,,,,,,,,,,,,,2024-2025
1430,Giorgos Kyriakopoulos,gr GRE,DF,Monza,it Serie A,28.0,1996.0,34,33,2845,31.6,2,4,6,2,0,0,5,0,0.9,0.9,3.3,4.2,0.19,0.13,67,97,132,27,9,33.3,0.85,0.28,0.07,0.22,21.5,4,0,0,0.9,0.9,0.03,1.1,1.1,1055,1411,74.8,17169,6200,4,3.3,2.6,0.7,41,75,25,15,97,1074,333,35,3,2,170,253,45,14,25,0,1055,43,26,20,18,5,61,49.2,31,28,10,18,23,66,79,0,70,2.21,41,18,3,3,5,0,6,0.19,1692,92,494,655,559,33,1692,43,16,37.2,16,37.2,865,5233,2772,67,52,11,27,17,942,132,5,0,0,24,37,6,170,23,26,0,1,1,94,26,33,44.1,,,,,,,,,,,,,,,,,,,,,,,,,,,,,,,,2024-2025
1431,Luca de la Torre,us USA,MF,Celta Vigo,es La Liga,26.0,1998.0,1,0,4,0.0,0,0,0,0,0,0,0,0,0.0,0.0,0.0,0.0,0.0,0.0,0,0,0,0,0,,0.0,0.0,,,,0,0,0,0.0,0.0,,0.0,0.0,4,5,80.0,55,0,0,0.0,0.0,0.0,0,0,0,0,0,5,0,0,0,0,0,0,0,0,0,0,4,0,0,0,0,0,0,,0,0,0,0,0,0,0,0,0,0.0,0,0,0,0,0,0,0,0.0,8,0,0,8,0,0,8,1,0,0.0,1,100.0,5,28,24,0,0,0,0,0,4,0,0,0,0,1,0,0,0,0,0,0,0,0,0,0,1,0.0,,,,,,,,,,,,,,,,,,,,,,,,,,,,,,,,2024-2025
1437,Maxence Lacroix,fr FRA,DF,Crystal Palace,eng Premier League,24.0,2000.0,35,35,3116,34.6,1,1,2,1,0,0,5,0,3.4,3.4,1.0,4.4,0.06,0.13,8,65,7,30,5,16.7,0.87,0.14,0.03,0.2,10.8,0,0,0,3.4,3.4,0.11,-2.4,-2.4,1207,1477,81.7,24841,9717,1,1.0,1.0,0.0,8,71,4,2,65,1433,44,40,3,7,7,2,0,0,0,0,1207,68,41,52,15,1,47,68.1,15,48,22,26,54,122,207,2,28,0.81,23,1,0,4,0,0,4,0.12,1934,362,1184,672,85,45,1934,14,8,57.1,4,28.6,1030,4806,2203,8,6,0,21,6,1136,7,5,0,0,34,19,1,7,54,41,0,1,0,130,60,50,54.5,,,,,,,,,,,,,,,,,,,,,,,,,,,,,,,,2024-2025
1439,Yoel Lago,es ESP,DF,Celta Vigo,es La Liga,20.0,2004.0,8,7,583,6.5,0,1,1,0,0,0,2,0,0.0,0.0,0.1,0.1,0.15,0.02,1,31,0,0,0,,0.0,0.0,,,,0,0,0,0.0,0.0,,0.0,0.0,394,426,92.5,7470,2948,1,0.1,0.1,0.9,1,25,0,0,31,412,14,12,2,1,0,2,0,0,0,0,394,12,8,8,3,1,9,77.8,2,5,4,1,4,16,30,0,2,0.31,2,0,0,0,0,0,1,0.15,487,64,274,205,10,2,487,5,3,60.0,1,20.0,289,1403,776,1,3,0,5,1,360,0,2,0,0,16,9,0,0,4,8,0,1,0,22,3,6,33.3,,,,,,,,,,,,,,,,,,,,,,,,,,,,,,,,2024-2025
1443,Adam Lallana,eng ENG,MF,Southampton,eng Premier League,36.0,1988.0,14,5,361,4.0,0,2,2,0,0,0,4,0,0.2,0.2,0.9,1.1,0.5,0.27,6,24,10,3,0,0.0,0.75,0.0,0.0,,18.1,0,0,0,0.2,0.2,0.06,-0.2,-0.2,221,260,85.0,2891,980,2,0.9,0.5,1.1,4,21,9,3,24,255,4,3,1,0,4,0,0,0,0,0,221,8,5,4,4,0,12,16.7,10,4,1,3,5,13,5,0,9,2.24,8,0,0,0,1,0,2,0.5,318,19,91,155,73,6,318,12,5,41.7,5,41.7,178,831,366,6,8,0,10,6,245,10,4,0,0,8,8,0,4,5,5,0,0,0,19,2,2,50.0,,,,,,,,,,,,,,,,,,,,,,,,,,,,,,,,2024-2025
1444,Mathis Lambourde,fr FRA,"FW,MF",Hellas Verona,it Serie A,18.0,2006.0,7,0,89,1.0,1,0,1,1,0,0,1,0,0.2,0.2,0.1,0.2,1.01,0.24,1,0,12,2,1,50.0,2.02,1.01,0.5,1.0,18.6,0,0,0,0.2,0.2,0.08,0.8,0.8,13,23,56.5,184,27,0,0.1,0.1,-0.1,1,0,0,0,0,21,1,0,0,0,1,0,0,0,0,0,13,3,1,2,1,0,3,33.3,2,3,0,3,0,3,1,0,2,2.0,1,0,1,0,0,0,1,1.0,38,2,9,12,17,4,38,3,1,33.3,2,66.7,24,67,19,1,1,1,3,6,26,12,1,0,0,4,1,0,1,0,1,0,0,0,3,2,4,33.3,,,,,,,,,,,,,,,,,,,,,,,,,,,,,,,,2024-2025
1446,Tariq Lamptey,gh GHA,DF,Brighton,eng Premier League,23.0,2000.0,15,10,860,9.6,2,2,4,2,0,0,0,0,0.4,0.4,0.8,1.2,0.42,0.12,32,14,45,6,2,33.3,0.63,0.21,0.33,1.0,18.5,0,0,0,0.4,0.4,0.06,1.6,1.6,335,413,81.1,5168,1326,2,0.8,0.8,1.2,5,12,6,5,14,346,66,5,0,1,28,60,1,1,0,0,335,17,11,8,9,0,25,36.0,16,15,7,8,7,24,23,1,17,1.78,14,1,0,0,1,1,3,0.31,535,29,161,224,154,11,535,31,10,32.3,18,58.1,292,2081,1034,32,17,3,11,5,302,45,0,0,0,15,10,0,28,7,11,0,1,0,39,1,14,6.7,,,,,,,,,,,,,,,,,,,,,,,,,,,,,,,,2024-2025
1447,Will Lankshear,eng ENG,"FW,MF",Tottenham,eng Premier League,19.0,2005.0,3,0,11,0.1,0,0,0,0,0,0,0,0,0.0,0.0,0.0,0.0,0.0,0.0,0,0,1,0,0,,0.0,0.0,,,,0,0,0,0.0,0.0,,0.0,0.0,0,1,0.0,0,0,0,0.0,0.0,0.0,0,0,0,0,0,1,0,0,0,0,0,0,0,0,0,0,0,0,0,0,0,0,0,,0,0,0,0,0,0,0,0,0,0.0,0,0,0,0,0,0,0,0.0,3,0,0,2,1,0,3,0,0,,0,,3,3,0,0,0,0,2,0,3,1,0,0,0,2,0,0,0,0,0,0,0,0,0,0,0,,,,,,,,,,,,,,,,,,,,,,,,,,,,,,,,,2024-2025
1448,Gianluca Lapadula,pe PER,"FW,MF",Cagliari,it Serie A,34.0,1990.0,12,1,310,3.4,0,0,0,0,0,0,1,0,1.4,1.4,0.1,1.4,0.0,0.42,7,7,16,15,3,20.0,4.35,0.87,0.0,0.0,12.8,0,0,0,1.4,1.4,0.1,-1.4,-1.4,38,63,60.3,433,77,0,0.1,0.2,-0.1,3,3,1,0,7,60,3,0,0,0,3,0,0,0,0,0,38,2,0,1,0,1,1,0.0,1,0,0,0,0,2,1,0,13,3.77,5,0,1,7,0,0,0,0.0,96,1,6,32,58,22,96,2,2,100.0,0,0.0,43,229,112,7,2,5,6,1,71,16,1,0,0,9,1,1,3,0,0,0,0,0,5,11,8,57.9,,,,,,,,,,,,,,,,,,,,,,,,,,,,,,,,2024-2025
1449,Cyle Larin,ca CAN,FW,Mallorca,es La Liga,29.0,1995.0,32,21,1764,19.6,7,2,9,6,1,1,4,0,6.9,6.1,1.4,7.5,0.41,0.42,20,20,95,38,14,36.8,1.94,0.71,0.16,0.43,11.7,0,1,1,6.9,6.1,0.16,0.1,-0.1,214,317,67.5,2655,399,2,1.4,0.4,0.6,8,11,3,0,20,309,7,0,0,0,6,2,0,0,0,0,214,12,6,1,6,5,9,33.3,6,12,3,9,1,13,16,0,21,1.07,13,0,0,4,4,0,3,0.15,561,20,55,266,247,72,560,30,8,26.7,20,66.7,316,1633,550,20,18,9,72,58,429,95,4,0,0,32,31,24,6,1,6,1,0,0,46,66,86,43.4,,,,,,,,,,,,,,,,,,,,,,,,,,,,,,,,2024-2025
1452,Juanmi Latasa,es ESP,FW,Valladolid,es La Liga,23.0,2001.0,28,14,1398,15.5,3,0,3,3,0,0,6,1,4.2,4.2,0.9,5.1,0.19,0.33,3,17,40,40,13,32.5,2.58,0.84,0.08,0.23,11.8,0,0,0,4.2,4.2,0.11,-1.2,-1.2,154,260,59.2,2311,420,0,0.9,0.4,-0.9,13,11,5,1,17,232,26,3,1,3,5,0,0,0,0,0,154,4,2,1,1,2,6,33.3,4,4,1,3,0,4,11,1,30,1.93,21,0,1,5,2,1,0,0.0,390,16,28,202,163,74,390,15,8,53.3,6,40.0,153,469,126,3,3,0,31,18,291,40,6,1,0,40,36,7,5,0,2,0,1,0,24,90,58,60.8,,,,,,,,,,,,,,,,,,,,,,,,,,,,,,,,2024-2025
1453,Toni Lato,es ESP,DF,Mallorca,es La Liga,26.0,1997.0,14,7,621,6.9,0,0,0,0,0,0,1,1,0.0,0.0,0.4,0.4,0.0,0.06,15,26,35,0,0,,0.0,0.0,,,,0,0,0,0.0,0.0,,0.0,0.0,236,314,75.2,4131,1522,0,0.4,0.8,-0.4,6,19,11,10,26,256,56,1,0,0,23,55,0,0,0,0,236,17,11,6,5,6,11,63.6,4,10,4,6,6,23,33,0,14,2.03,11,1,0,0,1,1,1,0.15,396,30,121,159,119,3,396,4,0,0.0,4,100.0,155,757,434,15,9,1,6,2,188,35,1,1,0,12,3,2,23,6,11,0,0,0,30,6,7,46.2,,,,,,,,,,,,,,,,,,,,,,,,,,,,,,,,2024-2025
1454,Roméo Lavia,be BEL,MF,Chelsea,eng Premier League,20.0,2004.0,16,11,797,8.9,0,1,1,0,0,0,4,0,0.3,0.3,0.7,1.0,0.11,0.11,3,31,7,2,0,0.0,0.23,0.0,0.0,,18.8,0,0,0,0.3,0.3,0.13,-0.3,-0.3,389,424,91.7,6552,1692,1,0.7,0.4,0.3,7,49,3,0,31,419,3,3,3,3,0,0,0,0,0,0,389,22,13,5,13,4,21,47.6,11,6,0,6,16,38,10,1,14,1.58,13,0,0,0,0,1,2,0.23,493,17,109,319,71,1,493,16,10,62.5,6,37.5,295,1373,567,3,9,0,3,7,359,7,4,0,0,16,7,0,0,16,13,0,1,0,40,12,6,66.7,,,,,,,,,,,,,,,,,,,,,,,,,,,,,,,,2024-2025
1455,Valentino Lazaro,at AUT,"DF,FW",Torino,it Serie A,28.0,1996.0,33,26,2307,25.6,0,6,6,0,0,0,6,0,1.0,1.0,3.3,4.4,0.23,0.17,35,76,131,16,2,12.5,0.62,0.08,0.0,0.0,19.5,2,0,0,1.0,1.0,0.06,-1.0,-1.0,880,1172,75.1,14662,4254,6,3.3,3.4,2.7,33,57,23,15,76,979,190,24,0,1,145,109,57,32,22,0,880,26,12,10,12,4,30,50.0,15,28,5,23,11,37,38,1,52,2.03,32,16,1,3,0,0,8,0.31,1368,53,237,616,528,27,1368,37,14,37.8,20,54.1,726,3080,1385,35,36,7,33,12,868,131,6,0,0,30,13,2,145,11,12,0,1,0,94,16,25,39.0,,,,,,,,,,,,,,,,,,,,,,,,,,,,,,,,2024-2025
1456,Darko Lazović,rs SRB,"DF,MF",Hellas Verona,it Serie A,33.0,1990.0,27,17,1459,16.2,2,3,5,1,1,1,0,0,2.5,1.7,3.4,5.1,0.25,0.36,22,40,88,19,3,15.8,1.17,0.19,0.05,0.33,18.2,0,1,1,2.5,1.7,0.09,-0.5,-0.7,315,505,62.4,5171,1949,3,3.4,1.8,-0.4,18,21,15,7,40,435,68,2,2,0,70,54,12,8,3,0,315,21,10,5,14,2,28,39.3,17,19,3,16,11,32,39,0,23,1.42,17,4,0,1,1,0,4,0.25,659,47,146,250,269,29,658,22,7,31.8,13,59.1,318,1673,776,22,14,7,13,10,385,88,0,0,0,9,5,4,70,11,10,1,0,0,59,9,13,40.9,,,,,,,,,,,,,,,,,,,,,,,,,,,,,,,,2024-2025
1457,Manuel Lazzari,it ITA,DF,Lazio,it Serie A,30.0,1993.0,25,16,1406,15.6,0,1,1,0,0,0,3,0,0.1,0.1,1.3,1.4,0.06,0.09,72,66,96,6,2,33.3,0.38,0.13,0.0,0.0,28.1,0,0,0,0.1,0.1,0.02,-0.1,-0.1,609,770,79.1,9626,2660,1,1.3,1.6,-0.3,20,36,22,14,66,633,136,15,1,3,97,121,0,0,0,0,609,26,16,13,11,2,24,58.3,10,9,5,4,10,36,19,0,36,2.3,32,0,2,0,1,1,2,0.13,896,24,179,409,319,17,896,24,15,62.5,6,25.0,518,3619,2123,72,61,6,27,7,577,96,3,0,0,12,29,1,97,10,16,0,1,0,50,5,13,27.8,,,,,,,,,,,,,,,,,,,,,,,,,,,,,,,,2024-2025
1460,Enzo Le Fée,fr FRA,MF,Roma,it Serie A,24.0,2000.0,6,4,318,3.5,0,0,0,0,0,0,1,0,0.2,0.2,0.1,0.3,0.0,0.1,15,28,3,4,2,50.0,1.13,0.57,0.0,0.0,24.9,0,0,0,0.2,0.2,0.06,-0.2,-0.2,226,263,85.9,3851,949,0,0.1,0.2,-0.1,3,26,2,0,28,247,15,9,1,2,7,2,3,2,1,0,226,7,4,5,2,0,6,33.3,4,9,3,6,5,12,2,0,9,2.55,7,1,1,0,0,0,0,0.0,297,6,46,189,66,6,297,8,4,50.0,2,25.0,204,1198,684,15,12,1,4,4,221,3,1,0,0,6,5,0,7,5,4,0,0,0,22,2,4,33.3,,,,,,,,,,,,,,,,,,,,,,,,,,,,,,,,2024-2025
1461,Robin Le Normand,es ESP,DF,Atlético Madrid,es La Liga,27.0,1996.0,27,24,2151,23.9,1,0,1,1,0,0,8,0,1.5,1.5,0.5,1.9,0.04,0.08,11,55,6,11,3,27.3,0.46,0.13,0.09,0.33,8.6,0,0,0,1.5,1.5,0.13,-0.5,-0.5,1174,1298,90.4,20104,6230,0,0.5,1.0,-0.5,3,41,2,0,55,1263,34,26,0,5,1,4,0,0,0,0,1174,27,18,23,4,0,20,60.0,8,20,9,11,10,37,120,1,7,0.29,4,0,0,3,0,0,1,0.04,1523,193,805,677,44,19,1523,4,2,50.0,2,50.0,1001,4140,2052,11,7,0,14,6,1100,6,8,0,0,35,24,3,1,10,18,0,1,0,82,54,39,58.1,,,,,,,,,,,,,,,,,,,,,,,,,,,,,,,,2024-2025
1462,Nicola Leali,it ITA,GK,Genoa,it Serie A,31.0,1993.0,29,29,2610,29.0,0,0,0,0,0,0,1,0,0.0,0.0,0.0,0.0,0.0,0.0,0,0,0,0,0,,0.0,0.0,,,,0,0,0,0.0,0.0,,0.0,0.0,667,938,71.1,18776,13282,0,0.0,0.0,0.0,0,10,0,0,0,636,300,86,0,1,0,0,0,0,0,0,667,0,0,0,0,0,0,,0,0,0,0,0,0,14,1,2,0.07,2,0,0,0,0,0,1,0.03,999,879,985,14,0,0,999,0,0,,0,,523,2571,1480,0,0,0,0,0,434,0,1,0,0,1,6,0,0,0,0,0,0,1,30,6,0,100.0,31.0,1.07,111.0,82.0,74.8,8.0,10.0,11.0,10.0,34.5,4.0,3.0,1.0,0.0,34.3,0.29,6.3,0.22,150.0,391.0,38.4,722.0,112.0,39.3,33.9,390.0,21.0,5.4,14.0,0.48,11.2,2024-2025
1463,Rafael Leão,pt POR,FW,Milan,it Serie A,25.0,1999.0,34,25,2323,25.8,8,8,16,8,0,0,5,0,7.6,7.6,8.4,15.9,0.62,0.62,123,93,262,66,29,43.9,2.56,1.12,0.12,0.28,16.6,0,0,0,7.6,7.6,0.11,0.4,0.4,630,849,74.2,10407,2763,8,8.4,6.2,-0.4,58,37,51,10,93,814,31,4,10,4,55,19,8,0,0,0,630,16,10,4,8,4,29,37.9,18,15,1,14,6,22,4,0,113,4.38,78,1,16,11,6,1,16,0.62,1135,7,71,455,636,152,1135,129,59,45.7,59,45.7,780,5745,3058,123,71,67,53,36,940,262,5,0,0,19,52,7,55,6,10,1,0,0,66,26,20,56.5,,,,,,,,,,,,,,,,,,,,,,,,,,,,,,,,2024-2025
1469,Florian Lejeune,fr FRA,DF,Rayo Vallecano,es La Liga,33.0,1991.0,37,37,3325,36.9,2,3,5,2,0,0,8,0,3.6,3.6,1.9,5.4,0.14,0.15,21,143,5,58,17,29.3,1.57,0.46,0.03,0.12,23.9,20,0,0,3.6,3.6,0.06,-1.6,-1.6,1728,2062,83.8,37399,15842,3,1.9,1.1,1.1,14,168,7,3,143,1955,105,85,0,35,8,6,0,0,0,0,1728,46,28,30,14,2,43,53.5,20,38,32,6,41,87,181,1,37,1.0,27,1,1,8,0,0,4,0.11,2486,298,1336,1051,111,38,2486,6,4,66.7,1,16.7,1469,6852,4056,21,13,1,17,4,1612,5,8,0,0,50,19,0,8,41,28,0,3,0,156,92,60,60.5,,,,,,,,,,,,,,,,,,,,,,,,,,,,,,,,2024-2025
1470,Stefan Lekovic,rs SRB,DF,Monza,it Serie A,20.0,2004.0,7,3,367,4.1,0,0,0,0,0,0,0,0,0.1,0.1,0.0,0.1,0.0,0.03,4,15,2,3,0,0.0,0.74,0.0,0.0,,15.9,0,0,0,0.1,0.1,0.04,-0.1,-0.1,162,188,86.2,2783,902,0,0.0,0.0,0.0,0,14,0,0,15,185,3,1,0,0,0,2,0,0,0,0,162,9,4,6,2,1,13,38.5,8,4,4,0,7,16,5,0,6,1.47,4,0,1,0,1,0,0,0.0,225,16,108,101,17,2,225,3,2,66.7,1,33.3,128,502,237,4,0,0,3,0,156,2,0,0,0,5,3,0,0,7,4,0,0,1,18,6,6,50.0,,,,,,,,,,,,,,,,,,,,,,,,,,,,,,,,2024-2025
1471,Iñigo Lekue,es ESP,DF,Athletic Club,es La Liga,31.0,1993.0,16,8,773,8.6,0,0,0,0,0,0,1,0,0.2,0.2,0.5,0.7,0.0,0.08,13,35,21,2,0,0.0,0.23,0.0,0.0,,18.2,0,0,0,0.2,0.2,0.09,-0.2,-0.2,345,439,78.6,5873,1993,0,0.5,0.5,-0.5,8,31,2,2,35,348,89,10,0,1,16,79,0,0,0,0,345,15,12,12,3,0,17,52.9,8,7,2,5,9,24,29,2,16,1.86,11,3,0,1,0,1,1,0.12,521,32,157,258,108,4,521,14,6,42.9,8,57.1,245,1062,515,13,6,1,5,5,268,21,1,0,0,5,2,0,16,9,12,0,0,0,39,6,2,75.0,,,,,,,,,,,,,,,,,,,,,,,,,,,,,,,,2024-2025
1472,Nunzio Lella,it ITA,MF,Venezia,it Serie A,24.0,2000.0,1,0,5,0.1,0,0,0,0,0,0,0,0,0.0,0.0,0.0,0.0,0.0,0.0,0,0,0,0,0,,0.0,0.0,,,,0,0,0,0.0,0.0,,0.0,0.0,1,1,100.0,6,0,0,0.0,0.0,0.0,0,0,0,0,0,1,0,0,0,0,0,0,0,0,0,0,1,0,0,0,0,0,0,,0,0,0,0,0,0,0,0,1,15.0,0,0,0,0,1,0,0,0.0,1,0,0,1,0,0,1,0,0,,0,,2,2,0,0,0,0,0,0,3,0,0,0,0,1,1,0,0,0,0,0,0,0,0,0,0,,,,,,,,,,,,,,,,,,,,,,,,,,,,,,,,,2024-2025
1473,Thomas Lemar,fr FRA,MF,Atlético Madrid,es La Liga,28.0,1995.0,5,0,85,0.9,0,0,0,0,0,0,0,0,0.3,0.3,0.2,0.5,0.0,0.5,1,8,4,2,1,50.0,2.12,1.06,0.0,0.0,23.4,1,0,0,0.3,0.3,0.14,-0.3,-0.3,57,68,83.8,893,323,0,0.2,0.2,-0.2,2,1,4,0,8,61,7,4,0,0,3,1,2,0,0,0,57,2,1,1,1,0,4,50.0,2,0,0,0,0,2,1,0,4,4.24,3,1,0,0,0,0,0,0.0,78,0,8,33,37,1,78,3,0,0.0,2,66.7,55,207,54,1,4,0,1,1,62,4,0,0,0,1,2,0,3,0,1,0,0,0,3,0,1,0.0,,,,,,,,,,,,,,,,,,,,,,,,,,,,,,,,2024-2025
1475,Mario Lemina,ga GAB,"MF,DF",Wolves,eng Premier League,30.0,1993.0,17,15,1364,15.2,1,3,4,1,0,0,4,0,1.4,1.4,1.1,2.5,0.26,0.17,8,48,21,18,5,27.8,1.19,0.33,0.06,0.2,21.9,0,0,0,1.4,1.4,0.08,-0.4,-0.4,493,613,80.4,9479,2966,3,1.1,1.2,1.9,10,43,13,4,48,582,26,9,6,4,10,9,0,0,0,0,493,51,31,27,19,5,29,69.0,9,12,7,5,27,78,50,3,26,1.71,21,0,2,2,0,1,5,0.33,809,92,324,378,119,18,809,16,10,62.5,4,25.0,382,2068,1038,8,12,2,21,11,482,21,4,0,0,17,8,4,10,27,31,0,1,0,73,25,16,61.0,,,,,,,,,,,,,,,,,,,,,,,,,,,,,,,,2024-2025
1476,Clément Lenglet,fr FRA,DF,Atlético Madrid,es La Liga,29.0,1995.0,23,23,1972,21.9,2,1,3,2,0,0,9,0,2.4,2.4,1.1,3.5,0.14,0.16,16,79,1,10,4,40.0,0.46,0.18,0.2,0.5,14.9,1,0,0,2.4,2.4,0.24,-0.4,-0.4,1193,1364,87.5,23967,9766,1,1.1,0.7,-0.1,5,74,0,0,79,1318,45,35,0,13,4,3,0,0,0,0,1193,27,17,19,8,0,15,73.3,4,24,18,6,22,49,104,1,17,0.78,16,0,1,0,0,0,2,0.09,1583,229,834,695,58,17,1583,3,3,100.0,0,0.0,1065,5692,3593,16,16,0,8,3,1162,1,9,0,0,29,19,2,4,22,17,0,2,0,74,37,38,49.3,,,,,,,,,,,,,,,,,,,,,,,,,,,,,,,,2024-2025
1477,Bernd Leno,de GER,GK,Fulham,eng Premier League,32.0,1992.0,38,38,3420,38.0,0,1,1,0,0,0,5,0,0.0,0.0,0.1,0.1,0.03,0.0,0,0,0,0,0,,0.0,0.0,,,,0,0,0,0.0,0.0,,0.0,0.0,1149,1404,81.8,28206,16978,1,0.1,0.1,0.9,2,16,2,0,0,1160,243,71,0,0,0,0,0,0,0,0,1149,2,2,2,0,0,2,100.0,0,1,0,1,0,2,11,5,6,0.16,6,0,0,0,0,0,2,0.05,1479,1190,1466,13,0,0,1479,0,0,,0,,955,3956,2233,0,0,0,0,0,862,0,5,0,0,0,4,0,0,0,2,0,0,0,50,9,1,90.0,54.0,1.42,159.0,106.0,67.9,15.0,9.0,14.0,5.0,13.2,4.0,3.0,1.0,0.0,48.9,0.29,-3.1,-0.08,141.0,367.0,38.4,1231.0,167.0,22.7,28.9,507.0,23.0,4.5,33.0,0.87,13.3,2024-2025
1479,Giovanni Leoni,it ITA,DF,Parma,it Serie A,17.0,2006.0,17,14,1199,13.3,1,0,1,1,0,0,3,1,0.1,0.1,0.0,0.1,0.08,0.01,0,21,5,2,1,50.0,0.15,0.08,0.5,1.0,9.6,0,0,0,0.1,0.1,0.07,0.9,0.9,562,641,87.7,10423,3033,0,0.0,0.1,0.0,1,21,0,0,21,592,48,27,0,3,3,18,0,0,0,0,562,14,6,10,4,0,10,50.0,5,20,11,9,15,29,63,1,3,0.23,3,0,0,0,0,0,0,0.0,774,92,412,338,27,5,774,3,3,100.0,0,0.0,449,1838,802,0,2,0,6,2,492,5,3,1,0,11,9,0,3,15,6,0,0,0,34,17,10,63.0,,,,,,,,,,,,,,,,,,,,,,,,,,,,,,,,2024-2025
1482,Jefferson Lerma,co COL,"MF,DF",Crystal Palace,eng Premier League,29.0,1994.0,33,26,2274,25.3,0,1,1,0,0,0,9,0,1.1,1.1,1.6,2.7,0.04,0.11,13,97,26,26,8,30.8,1.03,0.32,0.0,0.0,19.8,0,0,0,1.1,1.1,0.04,-1.1,-1.1,844,1121,75.3,14709,5135,1,1.6,1.7,-0.6,10,87,18,2,97,1052,61,13,9,8,12,46,0,0,0,0,844,35,17,15,16,4,36,52.8,17,38,18,20,42,77,80,1,47,1.86,37,5,1,3,0,1,3,0.12,1406,124,469,703,244,29,1406,13,7,53.8,4,30.8,649,2478,1100,13,11,0,15,18,803,26,9,0,0,35,39,0,12,42,17,0,0,0,154,41,39,51.3,,,,,,,,,,,,,,,,,,,,,,,,,,,,,,,,2024-2025
1484,Robert Lewandowski,pl POL,FW,Barcelona,es La Liga,35.0,1988.0,34,32,2667,29.6,27,2,29,24,3,4,1,0,27.1,24.0,2.3,26.3,0.88,0.99,27,48,164,111,45,40.5,3.75,1.52,0.22,0.53,13.2,5,3,4,27.1,24.0,0.22,-0.1,0.0,383,522,73.4,4856,900,2,2.3,1.5,-0.3,19,31,9,0,48,503,15,1,3,6,5,0,0,0,0,0,383,10,5,1,5,4,11,45.5,6,14,2,12,3,13,26,0,50,1.69,33,0,4,8,5,0,3,0.1,841,32,59,314,475,179,837,35,20,57.1,13,37.1,472,1785,589,27,11,16,75,45,667,164,1,0,0,30,39,17,5,3,5,0,0,0,45,37,39,48.7,,,,,,,,,,,,,,,,,,,,,,,,,,,,,,,,2024-2025
1486,Rico Lewis,eng ENG,"DF,MF",Manchester City,eng Premier League,19.0,2004.0,28,21,1893,21.0,1,2,3,1,0,0,5,1,1.4,1.4,0.3,1.7,0.14,0.08,39,107,78,10,2,20.0,0.48,0.1,0.1,0.5,15.8,0,0,0,1.4,1.4,0.14,-0.4,-0.4,1201,1312,91.5,17279,3228,2,0.3,1.0,1.7,7,92,14,0,107,1185,127,25,3,0,6,102,0,0,0,0,1201,30,19,13,12,5,21,61.9,8,28,7,21,13,43,45,1,31,1.47,30,0,0,0,1,0,3,0.14,1477,53,289,727,477,46,1477,21,9,42.9,11,52.4,865,4215,2155,39,41,8,20,19,1061,78,5,1,1,12,34,0,6,13,19,0,0,0,95,6,14,30.0,,,,,,,,,,,,,,,,,,,,,,,,,,,,,,,,2024-2025
1487,Keane Lewis-Potter,eng ENG,"DF,FW",Brentford,eng Premier League,23.0,2001.0,38,36,3093,34.4,1,3,4,1,0,0,7,0,3.1,3.1,3.2,6.3,0.12,0.18,98,98,156,28,14,50.0,0.81,0.41,0.04,0.07,20.2,1,0,0,3.1,3.1,0.11,-2.1,-2.1,982,1273,77.1,16310,5025,3,3.2,4.9,-0.2,26,69,47,18,98,1112,153,8,5,9,78,139,5,2,0,0,982,49,27,26,16,7,50,62.0,19,28,10,18,21,70,76,3,71,2.07,56,0,5,3,6,1,8,0.23,1613,102,504,625,505,74,1613,101,41,40.6,50,49.5,868,6085,3211,98,69,35,51,20,966,156,7,0,0,18,31,4,78,21,27,1,0,0,146,27,35,43.5,,,,,,,,,,,,,,,,,,,,,,,,,,,,,,,,2024-2025
1488,Myles Lewis-Skelly,eng ENG,DF,Arsenal,eng Premier League,17.0,2006.0,23,15,1369,15.2,1,0,1,1,0,0,3,2,0.2,0.2,0.4,0.6,0.07,0.04,37,71,37,3,1,33.3,0.2,0.07,0.33,1.0,14.7,0,0,0,0.2,0.2,0.05,0.8,0.8,708,776,91.2,10525,2307,0,0.4,0.5,-0.4,8,66,10,2,71,660,111,17,3,2,10,94,0,0,0,0,708,22,14,10,9,3,11,90.9,1,4,1,3,7,29,27,0,29,1.91,21,0,1,1,6,0,0,0.0,905,28,178,476,265,17,905,28,12,42.9,9,32.1,526,2692,1663,37,26,7,13,9,616,37,3,2,0,11,47,0,10,7,14,0,1,0,53,11,10,52.4,,,,,,,,,,,,,,,,,,,,,,,,,,,,,,,,2024-2025
1489,Ben Lhassine Kone,ci CIV,MF,Como,it Serie A,24.0,2000.0,4,0,51,0.6,0,0,0,0,0,0,1,0,0.0,0.0,0.0,0.0,0.0,0.03,0,3,1,1,0,0.0,1.76,0.0,0.0,,34.9,0,0,0,0.0,0.0,0.02,0.0,0.0,23,24,95.8,452,148,0,0.0,0.0,0.0,0,3,1,0,3,22,2,2,0,0,0,0,0,0,0,0,23,2,2,1,0,1,3,66.7,1,0,0,0,1,3,1,0,0,0.0,0,0,0,0,0,0,0,0.0,35,2,8,22,6,0,35,1,1,100.0,0,0.0,25,115,17,0,0,0,5,5,23,1,1,0,0,1,1,0,0,1,2,0,0,0,7,0,1,0.0,,,,,,,,,,,,,,,,,,,,,,,,,,,,,,,,2024-2025
1490,Mattia Liberali,it ITA,MF,Milan,it Serie A,17.0,2007.0,1,1,61,0.7,0,0,0,0,0,0,0,0,0.1,0.1,0.0,0.1,0.0,0.14,1,5,4,2,0,0.0,2.95,0.0,0.0,,17.7,0,0,0,0.1,0.1,0.03,-0.1,-0.1,24,31,77.4,362,80,0,0.0,0.0,0.0,1,4,1,0,5,31,0,0,0,0,2,0,0,0,0,0,24,2,1,0,1,1,2,100.0,0,0,0,0,0,2,0,0,1,1.48,1,0,0,0,0,0,0,0.0,38,0,1,21,16,2,38,1,0,0.0,0,0.0,30,121,71,1,0,0,1,2,30,4,0,0,0,1,0,0,2,0,1,0,0,0,4,1,0,100.0,,,,,,,,,,,,,,,,,,,,,,,,,,,,,,,,2024-2025
1492,Matthijs de Ligt,nl NED,DF,Manchester Utd,eng Premier League,24.0,1999.0,29,25,2123,23.6,2,0,2,2,0,0,3,0,2.5,2.5,0.3,2.8,0.08,0.12,7,55,6,18,9,50.0,0.76,0.38,0.11,0.22,7.9,0,0,0,2.5,2.5,0.14,-0.5,-0.5,1241,1380,89.9,21810,5955,0,0.3,0.3,-0.3,6,63,2,1,55,1350,27,19,0,9,6,1,0,0,0,0,1241,30,22,17,12,1,32,71.9,9,29,21,8,33,63,96,0,14,0.59,12,0,0,2,0,0,1,0.04,1608,184,828,731,56,29,1608,4,2,50.0,2,50.0,1078,4744,2225,7,3,0,5,3,1158,6,3,0,0,16,12,2,6,33,22,0,2,0,68,58,29,66.7,,,,,,,,,,,,,,,,,,,,,,,,,,,,,,,,2024-2025
1493,Pedro Lima,br BRA,DF,Wolves,eng Premier League,18.0,2006.0,3,1,70,0.8,0,0,0,0,0,0,0,0,0.1,0.1,0.1,0.1,0.0,0.16,4,4,11,1,1,100.0,1.29,1.29,0.0,0.0,22.5,0,0,0,0.1,0.1,0.06,-0.1,-0.1,28,38,73.7,457,188,0,0.1,0.1,-0.1,2,2,3,2,4,31,7,0,0,0,5,7,0,0,0,0,28,1,0,0,0,1,3,33.3,2,0,0,0,2,3,5,0,4,5.14,2,0,0,0,0,2,0,0.0,48,0,9,12,28,3,48,3,1,33.3,2,66.7,22,120,83,4,3,1,1,0,30,11,0,0,0,1,1,1,5,2,0,0,0,0,3,0,3,0.0,,,,,,,,,,,,,,,,,,,,,,,,,,,,,,,,2024-2025
1494,Victor Lindelöf,se SWE,DF,Manchester Utd,eng Premier League,30.0,1994.0,16,6,704,7.8,0,0,0,0,0,0,1,0,0.0,0.0,0.1,0.1,0.0,0.01,5,26,4,0,0,,0.0,0.0,,,,0,0,0,0.0,0.0,,0.0,0.0,362,386,93.8,6074,1912,0,0.1,0.1,-0.1,3,17,2,1,26,376,10,4,1,0,1,5,0,0,0,0,362,7,2,5,1,1,4,75.0,1,6,4,2,8,15,36,2,4,0.51,4,0,0,0,0,0,0,0.0,452,60,243,187,24,3,452,0,0,,0,,263,1171,553,5,4,0,1,1,313,4,1,0,0,8,1,0,1,8,2,0,0,0,29,17,15,53.1,,,,,,,,,,,,,,,,,,,,,,,,,,,,,,,,2024-2025
1495,Jesper Lindstrøm,dk DEN,FW,Everton,eng Premier League,24.0,2000.0,25,15,1239,13.8,0,1,1,0,0,0,2,0,2.1,2.1,2.0,4.1,0.07,0.3,30,25,81,28,10,35.7,2.03,0.73,0.0,0.0,21.0,6,0,0,2.1,2.1,0.08,-2.1,-2.1,297,428,69.4,4593,1335,1,2.0,2.0,-1.0,19,18,12,7,25,383,42,11,1,0,71,6,25,12,8,2,297,45,25,24,19,2,55,34.5,36,15,3,12,12,57,17,0,46,3.35,30,7,2,3,3,1,1,0.07,625,22,127,206,303,40,625,43,8,18.6,31,72.1,302,1627,780,30,19,7,31,24,347,81,2,0,0,15,10,1,71,12,25,0,0,0,70,6,12,33.3,,,,,,,,,,,,,,,,,,,,,,,,,,,,,,,,2024-2025
1496,Karol Linetty,pl POL,MF,Torino,it Serie A,29.0,1995.0,28,18,1540,17.1,1,0,1,1,0,0,6,0,1.1,1.1,0.9,2.0,0.06,0.12,18,47,19,17,4,23.5,0.99,0.23,0.06,0.25,20.9,0,0,0,1.1,1.1,0.06,-0.1,-0.1,478,565,84.6,8244,2067,0,0.9,0.9,-0.9,10,45,10,1,47,542,22,14,1,3,4,1,2,2,0,0,478,39,23,17,19,3,41,48.8,21,14,5,9,12,51,31,1,24,1.4,20,0,2,1,0,1,2,0.12,732,48,188,429,127,13,732,21,7,33.3,12,57.1,397,1999,872,18,21,2,17,9,450,19,6,0,0,39,13,0,4,12,23,0,0,0,63,8,14,36.4,,,,,,,,,,,,,,,,,,,,,,,,,,,,,,,,2024-2025
1497,Samuel Lino,br BRA,"MF,DF",Atlético Madrid,es La Liga,24.0,1999.0,31,21,1552,17.2,3,4,7,3,0,0,3,0,6.0,6.0,2.9,8.9,0.41,0.52,72,73,179,45,18,40.0,2.61,1.04,0.07,0.17,16.3,0,0,0,6.0,6.0,0.13,-3.0,-3.0,652,821,79.4,9905,2363,4,2.9,2.2,1.1,22,41,24,6,73,792,28,3,1,3,41,23,2,0,0,0,652,33,17,25,4,4,52,42.3,30,23,4,19,8,41,13,0,49,2.84,39,0,3,4,3,0,6,0.35,1038,21,203,420,429,75,1038,56,27,48.2,26,46.4,678,4000,2274,72,49,25,31,18,772,179,3,0,0,15,30,3,41,8,17,1,0,0,85,13,12,52.0,,,,,,,,,,,,,,,,,,,,,,,,,,,,,,,,2024-2025
1499,Dailon Livramento,cv CPV,"FW,MF",Hellas Verona,it Serie A,23.0,2001.0,29,8,940,10.4,1,1,2,1,0,0,2,1,1.8,1.8,0.9,2.7,0.19,0.26,23,13,67,13,4,30.8,1.24,0.38,0.08,0.25,12.0,0,0,0,1.8,1.8,0.14,-0.8,-0.8,97,180,53.9,1330,282,1,0.9,0.9,0.1,8,9,3,1,13,177,2,0,0,3,18,0,0,0,0,0,97,15,11,2,7,6,13,53.8,6,10,2,8,3,18,9,0,19,1.82,12,0,4,1,1,1,4,0.38,307,11,29,109,177,39,307,25,6,24.0,17,68.0,161,1052,524,23,11,9,30,12,202,67,2,1,0,21,6,8,18,3,11,0,0,0,21,32,51,38.6,,,,,,,,,,,,,,,,,,,,,,,,,,,,,,,,2024-2025
1500,Valentino Livramento,eng ENG,DF,Newcastle Utd,eng Premier League,21.0,2002.0,37,32,2840,31.6,0,1,1,0,0,0,1,0,0.3,0.3,2.6,2.9,0.03,0.09,83,158,119,6,2,33.3,0.19,0.06,0.0,0.0,19.7,0,0,0,0.3,0.3,0.05,-0.3,-0.3,1403,1643,85.4,20773,6686,1,2.6,2.7,-1.6,25,108,28,6,158,1387,251,17,1,1,52,233,1,0,0,0,1403,54,36,35,15,4,59,54.2,27,37,11,26,23,77,108,1,45,1.43,43,0,0,1,1,0,2,0.06,1964,119,619,894,482,41,1964,56,25,44.6,23,41.1,1023,6333,3316,83,42,13,32,39,1144,119,1,0,0,6,35,2,52,23,36,0,0,0,189,27,35,43.5,,,,,,,,,,,,,,,,,,,,,,,,,,,,,,,,2024-2025
1502,Javier Llabrés,es ESP,FW,Mallorca,es La Liga,21.0,2002.0,1,1,57,0.6,0,0,0,0,0,0,0,0,0.0,0.0,0.1,0.1,0.0,0.21,3,3,8,1,0,0.0,1.58,0.0,0.0,,19.7,0,0,0,0.0,0.0,0.05,0.0,0.0,20,24,83.3,294,88,0,0.1,0.1,-0.1,1,0,1,1,3,24,0,0,0,0,4,0,0,0,0,0,20,0,0,0,0,0,0,,0,1,0,1,0,0,0,0,3,4.74,2,0,0,1,0,0,0,0.0,29,2,6,9,14,0,29,0,0,,0,,17,160,69,3,2,0,1,2,19,8,0,0,0,0,1,1,4,0,0,0,0,0,3,1,0,100.0,,,,,,,,,,,,,,,,,,,,,,,,,,,,,,,,2024-2025
1503,Diego Llorente,es ESP,DF,Betis,es La Liga,30.0,1993.0,30,29,2519,28.0,2,0,2,2,0,0,4,0,1.5,1.5,0.3,1.8,0.07,0.06,7,81,3,11,4,36.4,0.39,0.14,0.18,0.5,11.3,0,0,0,1.5,1.5,0.14,0.5,0.5,1383,1595,86.7,27425,8921,0,0.3,0.4,-0.3,6,68,3,0,81,1533,59,53,0,11,1,5,0,0,0,0,1383,36,20,23,12,1,38,65.8,13,29,20,9,43,79,154,1,15,0.54,12,0,0,1,1,1,2,0.07,1915,235,1048,825,48,22,1915,9,6,66.7,2,22.2,1127,5465,3118,7,8,1,11,4,1243,3,4,0,0,20,23,0,1,43,20,0,1,1,93,77,45,63.1,,,,,,,,,,,,,,,,,,,,,,,,,,,,,,,,2024-2025
1504,Marcos Llorente,es ESP,"DF,MF",Atlético Madrid,es La Liga,29.0,1995.0,33,28,2513,27.9,2,4,6,2,0,0,0,1,0.8,0.8,4.3,5.1,0.21,0.18,82,111,151,16,5,31.3,0.57,0.18,0.13,0.4,19.2,0,0,0,0.8,0.8,0.05,1.2,1.2,1337,1563,85.5,20093,5694,4,4.3,3.1,-0.3,28,90,26,14,111,1371,183,13,1,2,62,170,0,0,0,0,1337,69,52,38,27,4,55,65.5,19,32,7,25,27,96,51,1,56,2.01,50,2,1,2,1,0,12,0.43,1808,78,546,791,487,58,1808,30,14,46.7,13,43.3,1116,5470,3070,82,51,15,29,9,1217,151,0,1,0,23,25,4,62,27,52,1,0,0,131,15,15,50.0,,,,,,,,,,,,,,,,,,,,,,,,,,,,,,,,2024-2025
1506,Giovani Lo Celso,ar ARG,"MF,FW",Betis,es La Liga,28.0,1996.0,25,15,1457,16.2,8,3,11,6,2,3,4,0,4.8,2.4,4.9,7.3,0.56,0.59,26,132,66,31,16,51.6,1.91,0.99,0.19,0.38,22.0,4,2,3,4.8,2.4,0.08,3.2,3.6,766,970,79.0,12440,4308,3,4.9,5.2,-1.9,43,89,41,1,132,812,157,73,15,8,95,11,67,36,22,0,766,34,22,8,17,9,25,68.0,8,14,2,12,5,39,3,1,93,5.74,67,19,3,0,4,0,9,0.56,1167,7,114,558,506,53,1164,55,21,38.2,27,49.1,702,3247,1450,26,31,9,38,31,832,66,4,0,0,13,63,0,95,5,22,0,0,0,76,5,11,31.3,,,,,,,,,,,,,,,,,,,,,,,,,,,,,,,,2024-2025
1507,Stanislav Lobotka,sk SVK,MF,Napoli,it Serie A,29.0,1994.0,32,31,2636,29.3,0,1,1,0,0,0,3,0,0.3,0.3,1.2,1.5,0.03,0.05,30,118,32,7,0,0.0,0.24,0.0,0.0,,23.3,0,0,0,0.3,0.3,0.05,-0.3,-0.3,1600,1762,90.8,28161,6745,1,1.2,1.9,-0.2,17,110,20,1,118,1719,38,38,3,10,2,0,0,0,0,0,1600,47,30,16,21,10,31,61.3,12,29,11,18,21,68,57,1,54,1.84,47,4,0,2,0,1,6,0.2,1967,105,546,1144,294,9,1967,11,8,72.7,3,27.3,1123,5350,2074,30,24,2,13,12,1459,32,3,0,0,24,31,0,2,21,30,0,1,0,166,6,6,50.0,,,,,,,,,,,,,,,,,,,,,,,,,,,,,,,,2024-2025
1508,Manuel Locatelli,it ITA,MF,Juventus,it Serie A,26.0,1998.0,36,34,2822,31.4,2,2,4,1,1,1,9,0,1.8,1.0,2.5,3.5,0.1,0.14,33,294,33,24,7,29.2,0.77,0.22,0.04,0.14,22.7,0,1,1,1.8,1.0,0.04,0.2,0.0,2134,2431,87.8,40150,14489,2,2.5,2.7,-0.5,29,327,31,2,294,2314,108,91,3,33,24,8,8,2,4,0,2134,72,49,29,35,8,56,57.1,24,58,20,38,23,95,77,0,98,3.13,85,5,1,3,2,2,8,0.26,2752,155,711,1654,408,18,2751,22,8,36.4,13,59.1,1559,6973,3661,33,40,1,25,8,2032,33,9,0,0,46,22,1,24,23,49,0,1,0,141,35,22,61.4,,,,,,,,,,,,,,,,,,,,,,,,,,,,,,,,2024-2025
1510,Ruben Loftus-Cheek,eng ENG,MF,Milan,it Serie A,28.0,1996.0,19,10,1037,11.5,0,0,0,0,0,0,3,0,0.7,0.7,1.9,2.6,0.0,0.22,27,51,32,9,2,22.2,0.78,0.17,0.0,0.0,16.6,0,0,0,0.7,0.7,0.08,-0.7,-0.7,435,485,89.7,6891,1390,0,1.9,0.9,-1.9,16,40,7,2,51,478,7,7,1,2,7,0,0,0,0,0,435,19,8,6,9,4,12,50.0,6,3,0,3,3,22,20,0,34,2.95,27,0,3,1,3,0,2,0.17,593,21,110,346,146,25,593,23,11,47.8,8,34.8,362,2159,1205,27,20,9,20,7,464,32,3,0,0,23,27,0,7,3,8,0,0,0,48,18,11,62.1,,,,,,,,,,,,,,,,,,,,,,,,,,,,,,,,2024-2025
1512,Enzo Loiodice,fr FRA,MF,Las Palmas,es La Liga,23.0,2000.0,17,7,684,7.6,0,0,0,0,0,0,3,0,0.3,0.3,0.2,0.4,0.0,0.06,3,31,3,7,4,57.1,0.92,0.53,0.0,0.0,25.9,0,0,0,0.3,0.3,0.04,-0.3,-0.3,377,443,85.1,6435,1576,0,0.2,0.2,-0.2,5,30,1,0,31,429,14,6,0,3,10,1,7,3,1,1,377,17,7,8,9,0,10,30.0,7,4,1,3,10,27,7,2,13,1.71,7,4,1,0,1,0,0,0.0,532,13,98,359,77,4,532,13,4,30.8,8,61.5,279,958,432,3,6,1,11,12,380,3,3,0,0,10,6,1,10,10,7,0,0,0,29,7,8,46.7,,,,,,,,,,,,,,,,,,,,,,,,,,,,,,,,2024-2025
1513,Sean Longstaff,eng ENG,MF,Newcastle Utd,eng Premier League,26.0,1997.0,25,8,798,8.9,0,0,0,0,0,0,2,0,0.6,0.6,0.2,0.8,0.0,0.09,4,40,22,6,1,16.7,0.68,0.11,0.0,0.0,13.5,0,0,0,0.6,0.6,0.1,-0.6,-0.6,295,349,84.5,4407,1175,0,0.2,0.2,-0.2,4,26,1,0,40,344,4,2,2,3,5,0,1,0,0,1,295,27,16,10,9,8,27,66.7,9,17,5,12,7,34,8,0,14,1.58,12,0,1,1,0,0,2,0.23,434,24,123,193,121,21,434,7,2,28.6,4,57.1,248,1176,429,4,10,2,9,7,308,22,2,0,0,9,6,0,5,7,16,0,0,0,31,7,7,50.0,,,,,,,,,,,,,,,,,,,,,,,,,,,,,,,,2024-2025
1514,Ademola Lookman,ng NGA,"MF,FW",Atalanta,it Serie A,26.0,1997.0,31,28,2247,25.0,15,5,20,14,1,1,4,0,10.3,9.5,7.1,16.7,0.76,0.7,142,73,316,81,32,39.5,3.24,1.28,0.17,0.44,14.7,0,1,1,10.3,9.5,0.12,4.7,4.5,684,944,72.5,9662,2659,5,7.1,7.9,-2.1,61,29,43,13,73,842,97,4,3,1,124,9,84,39,23,1,684,32,15,9,15,8,19,57.9,8,19,0,19,3,35,5,1,135,5.41,75,25,17,15,2,1,15,0.6,1274,1,68,400,824,199,1273,104,37,35.6,64,61.5,827,5454,3170,142,70,81,72,51,974,316,4,0,0,31,20,26,124,3,15,0,0,0,69,17,13,56.7,,,,,,,,,,,,,,,,,,,,,,,,,,,,,,,,2024-2025
1516,David López,es ESP,DF,Mallorca,es La Liga,21.0,2003.0,2,2,169,1.9,0,0,0,0,0,0,0,0,0.0,0.0,0.0,0.0,0.0,0.0,0,4,0,0,0,,0.0,0.0,,,,0,0,0,0.0,0.0,,0.0,0.0,43,53,81.1,763,267,0,0.0,0.0,0.0,0,0,1,0,4,52,0,0,0,0,0,0,0,0,0,0,43,3,2,3,0,0,2,100.0,0,2,2,0,1,4,10,0,0,0.0,0,0,0,0,0,0,0,0.0,71,13,38,30,3,0,71,0,0,,0,,38,173,86,0,1,0,1,0,41,0,0,0,0,0,0,0,0,1,2,0,0,0,2,2,5,28.6,,,,,,,,,,,,,,,,,,,,,,,,,,,,,,,,2024-2025
1517,David López,es ESP,DF,Girona,es La Liga,34.0,1989.0,29,27,2429,27.0,1,1,2,1,0,0,4,0,0.9,0.9,0.6,1.5,0.07,0.06,17,132,7,12,3,25.0,0.44,0.11,0.08,0.33,15.9,0,0,0,0.9,0.9,0.07,0.1,0.1,1879,2041,92.1,35775,12404,1,0.6,1.3,0.4,4,145,6,0,132,1946,92,64,0,16,3,9,0,0,0,0,1879,32,24,22,7,3,31,58.1,13,22,12,10,14,46,111,2,24,0.89,20,0,0,4,0,0,3,0.11,2263,259,1059,1133,76,17,2263,9,6,66.7,2,22.2,1405,8124,4714,17,20,0,11,7,1698,7,4,0,0,12,15,1,3,14,24,0,1,0,95,30,29,50.8,,,,,,,,,,,,,,,,,,,,,,,,,,,,,,,,2024-2025
1518,Diego López,es ESP,"MF,FW",Valencia,es La Liga,22.0,2002.0,38,35,2737,30.4,8,5,13,8,0,0,3,0,6.6,6.6,5.0,11.6,0.43,0.38,76,85,219,44,14,31.8,1.45,0.46,0.18,0.57,15.1,0,0,0,6.6,6.6,0.15,1.4,1.4,680,943,72.1,10541,2502,5,5.0,4.7,0.0,38,43,34,9,85,904,36,0,5,3,67,33,0,0,0,0,680,31,18,11,16,4,47,34.0,31,30,0,30,16,47,15,0,69,2.27,60,1,3,2,3,0,9,0.3,1257,11,132,510,634,100,1257,77,23,29.9,51,66.2,715,4212,2026,76,51,24,71,27,881,219,3,0,0,21,33,13,67,16,18,1,1,0,105,14,55,20.3,,,,,,,,,,,,,,,,,,,,,,,,,,,,,,,,2024-2025
1519,Fer López,,"FW,MF",Celta Vigo,es La Liga,,,17,7,671,7.5,2,0,2,2,0,0,2,0,2.7,2.7,1.9,4.6,0.27,0.62,27,43,58,20,5,25.0,2.68,0.67,0.1,0.4,15.7,0,0,0,2.7,2.7,0.14,-0.7,-0.7,220,260,84.6,3701,847,0,1.9,1.4,-1.9,14,19,12,0,43,254,2,0,7,4,2,0,2,1,1,0,220,9,5,1,6,2,13,15.4,11,10,0,10,2,11,7,0,30,4.02,23,0,3,2,1,1,3,0.4,365,6,37,162,174,32,365,34,18,52.9,13,38.2,264,1696,867,27,20,7,33,20,298,58,2,0,0,13,8,2,2,2,5,0,0,0,25,2,9,18.2,,,,,,,,,,,,,,,,,,,,,,,,,,,,,,,,2024-2025
1520,Fermin López,es ESP,"MF,FW",Barcelona,es La Liga,21.0,2003.0,28,12,1252,13.9,6,5,11,6,0,0,4,1,5.6,5.6,3.9,9.5,0.79,0.69,31,79,108,41,15,36.6,2.95,1.08,0.15,0.4,18.0,0,0,0,5.6,5.6,0.14,0.4,0.4,552,675,81.8,8398,2128,5,3.9,4.3,1.1,29,65,20,6,79,624,48,6,8,5,47,4,28,12,2,1,552,19,15,3,9,7,32,25.0,24,11,0,11,5,24,3,0,57,4.1,39,5,6,4,1,2,7,0.5,858,5,58,366,441,59,858,55,25,45.5,26,47.3,490,2516,1137,31,22,12,36,16,649,108,4,1,0,27,21,5,47,5,15,0,0,0,66,9,18,33.3,,,,,,,,,,,,,,,,,,,,,,,,,,,,,,,,2024-2025
1521,Javi López,es ESP,DF,Real Sociedad,es La Liga,22.0,2002.0,29,21,1936,21.5,0,0,0,0,0,0,4,0,0.1,0.1,0.4,0.5,0.0,0.03,36,73,64,5,1,20.0,0.23,0.05,0.0,0.0,22.5,0,0,0,0.1,0.1,0.02,-0.1,-0.1,814,1038,78.4,13096,4784,0,0.4,1.0,-0.4,5,49,14,7,73,783,254,21,0,8,60,233,0,0,0,0,814,40,23,23,12,5,37,62.2,14,21,7,14,11,51,59,2,20,0.93,16,1,1,0,2,0,2,0.09,1247,56,379,567,316,12,1247,39,18,46.2,18,46.2,571,3142,1360,36,29,4,24,22,674,64,4,0,0,30,27,1,60,11,23,0,0,0,92,10,19,34.5,,,,,,,,,,,,,,,,,,,,,,,,,,,,,,,,2024-2025
1522,Pau López,es ESP,GK,Girona,es La Liga,29.0,1994.0,1,0,45,0.5,0,0,0,0,0,0,0,0,0.0,0.0,0.0,0.0,0.0,0.0,0,0,0,0,0,,0.0,0.0,,,,0,0,0,0.0,0.0,,0.0,0.0,18,24,75.0,545,414,0,0.0,0.1,0.0,0,2,1,0,0,16,8,1,0,0,0,0,0,0,0,0,18,0,0,0,0,0,0,,0,0,0,0,0,0,1,0,1,2.0,1,0,0,0,0,0,0,0.0,26,20,26,0,0,0,26,0,0,,0,,17,62,31,0,0,0,0,0,13,0,0,0,0,0,1,0,0,0,0,0,0,0,1,0,0,,2.0,4.0,3.0,1.0,33.3,0.0,0.0,0.0,0.0,,0.0,0.0,0.0,0.0,1.3,0.44,-0.7,-1.33,4.0,9.0,44.4,17.0,2.0,35.3,35.8,17.0,3.0,17.6,1.0,2.0,9.8,2024-2025
1523,Roberto López,es ESP,MF,Leganés,es La Liga,24.0,2000.0,13,3,396,4.4,0,1,1,0,0,0,0,0,0.5,0.5,0.9,1.4,0.23,0.31,3,20,11,6,1,16.7,1.36,0.23,0.0,0.0,27.3,0,0,0,0.5,0.5,0.08,-0.5,-0.5,152,208,73.1,2443,735,1,0.9,0.5,0.1,10,22,2,1,20,176,28,13,0,3,24,1,12,7,3,0,152,8,6,4,4,0,15,33.3,10,5,0,5,1,9,7,2,15,3.41,8,5,1,0,0,1,1,0.23,242,5,42,130,72,2,242,4,2,50.0,2,50.0,122,541,243,3,3,0,6,5,141,11,0,0,0,1,3,0,24,1,6,0,0,0,28,1,5,16.7,,,,,,,,,,,,,,,,,,,,,,,,,,,,,,,,2024-2025
1524,Unai López,es ESP,MF,Rayo Vallecano,es La Liga,28.0,1995.0,32,23,1707,19.0,3,1,4,3,0,0,9,1,1.6,1.6,1.0,2.6,0.21,0.14,22,112,40,26,11,42.3,1.37,0.58,0.12,0.27,22.8,1,0,0,1.6,1.6,0.06,1.4,1.4,1041,1236,84.2,17637,4425,1,1.0,1.3,0.0,19,106,11,2,112,1172,62,22,5,8,33,12,19,10,5,0,1041,31,21,14,12,5,36,47.2,19,18,6,12,21,52,20,0,53,2.79,43,5,2,1,1,1,2,0.11,1410,41,327,813,281,20,1410,23,15,65.2,4,17.4,828,3437,1458,22,23,3,24,19,1036,40,9,1,0,18,21,1,33,21,21,0,0,0,117,10,18,35.7,,,,,,,,,,,,,,,,,,,,,,,,,,,,,,,,2024-2025
1525,Iker Losada,es ESP,"FW,MF",Celta Vigo,es La Liga,22.0,2001.0,12,4,358,4.0,1,0,1,1,0,0,2,0,1.1,1.1,0.3,1.5,0.25,0.38,9,17,23,3,2,66.7,0.75,0.5,0.33,0.5,11.7,0,0,0,1.1,1.1,0.38,-0.1,-0.1,96,128,75.0,1448,366,0,0.3,0.6,-0.3,5,14,6,2,17,127,0,0,3,2,5,0,0,0,0,0,96,3,3,0,1,2,5,20.0,4,4,1,3,1,4,8,0,8,2.02,8,0,0,0,0,0,0,0.0,162,4,21,78,66,15,162,5,2,40.0,3,60.0,87,492,280,9,5,4,9,3,123,23,2,0,0,3,0,0,5,1,3,0,0,0,8,2,7,22.2,,,,,,,,,,,,,,,,,,,,,,,,,,,,,,,,2024-2025
1526,Iker Losada,es ESP,"MF,FW",Betis,es La Liga,22.0,2001.0,10,3,336,3.7,0,0,0,0,0,0,0,0,0.5,0.5,0.3,0.8,0.0,0.21,9,14,16,5,1,20.0,1.34,0.27,0.0,0.0,18.5,0,0,0,0.5,0.5,0.1,-0.5,-0.5,107,142,75.4,1421,331,0,0.3,0.2,-0.3,6,4,5,1,14,141,1,1,2,1,4,0,0,0,0,0,107,10,7,2,4,4,10,50.0,5,2,0,2,3,13,2,0,8,2.14,7,0,0,1,0,0,0,0.0,180,1,30,73,80,6,180,6,2,33.3,4,66.7,101,569,294,9,6,1,6,5,130,16,0,0,0,1,2,0,4,3,7,0,0,0,19,3,4,42.9,,,,,,,,,,,,,,,,,,,,,,,,,,,,,,,,2024-2025
1530,Sandi Lovrić,si SVN,MF,Udinese,it Serie A,26.0,1998.0,36,31,2308,25.6,2,3,5,2,0,0,5,0,2.6,2.6,3.4,6.0,0.19,0.24,60,120,71,49,12,24.5,1.91,0.47,0.04,0.17,22.5,5,0,0,2.6,2.6,0.05,-0.6,-0.6,749,952,78.7,13335,3733,3,3.4,2.4,-0.4,32,81,21,4,120,847,102,44,3,6,90,9,49,5,31,0,749,46,29,25,17,4,44,50.0,22,33,5,28,22,68,27,1,81,3.16,49,18,2,7,4,1,10,0.39,1258,39,237,640,406,38,1258,48,21,43.8,25,52.1,670,4278,1969,60,45,7,53,28,786,71,5,0,0,54,34,0,90,22,29,1,0,0,118,1,17,5.6,,,,,,,,,,,,,,,,,,,,,,,,,,,,,,,,2024-2025
1531,Pol Lozano,es ESP,MF,Espanyol,es La Liga,24.0,1999.0,30,27,1943,21.6,0,1,1,0,0,0,12,0,0.2,0.2,0.8,1.0,0.05,0.05,18,115,12,8,2,25.0,0.37,0.09,0.0,0.0,29.7,0,0,0,0.2,0.2,0.02,-0.2,-0.2,694,828,83.8,12350,4139,1,0.8,1.0,0.2,17,95,11,4,115,777,47,32,4,8,19,5,10,2,5,0,694,53,34,23,25,5,58,43.1,33,32,6,26,22,75,31,0,40,1.84,32,6,0,0,0,2,2,0.09,1026,61,288,594,157,1,1026,19,5,26.3,12,63.2,506,2691,1302,18,12,0,18,15,596,12,12,0,0,56,14,0,19,22,34,0,0,0,86,10,16,38.5,,,,,,,,,,,,,,,,,,,,,,,,,,,,,,,,2024-2025
1532,Lorenzo Lucca,it ITA,FW,Udinese,it Serie A,23.0,2000.0,33,27,2353,26.1,12,1,13,11,1,1,10,0,7.6,6.8,1.6,8.4,0.46,0.35,15,18,98,64,25,39.1,2.45,0.96,0.17,0.44,13.6,0,1,1,7.6,6.8,0.11,4.4,4.2,240,375,64.0,3772,404,1,1.6,0.8,-0.6,14,17,1,0,18,328,47,1,1,3,5,0,0,0,0,0,240,10,6,3,2,5,11,45.5,6,18,1,17,7,17,27,0,33,1.26,19,0,1,10,3,0,4,0.15,641,27,57,335,259,109,640,25,12,48.0,11,44.0,350,1530,483,15,18,9,73,29,478,98,10,0,0,65,55,16,5,7,6,0,0,0,44,59,68,46.5,,,,,,,,,,,,,,,,,,,,,,,,,,,,,,,,2024-2025
1533,Jhon Lucumí,co COL,DF,Bologna,it Serie A,26.0,1998.0,32,29,2614,29.0,0,1,1,0,0,0,8,1,0.6,0.6,0.4,1.0,0.03,0.03,34,108,7,13,2,15.4,0.45,0.07,0.0,0.0,11.0,0,0,0,0.6,0.6,0.05,-0.6,-0.6,1859,2040,91.1,35721,10917,1,0.4,0.7,0.6,8,112,0,0,108,1923,113,69,0,16,4,6,0,0,0,0,1859,53,30,23,29,1,41,70.7,12,32,14,18,26,79,88,7,34,1.17,31,0,0,2,0,1,2,0.07,2294,195,886,1330,97,22,2294,14,10,71.4,2,14.3,1464,7785,4142,34,23,0,13,4,1557,7,8,1,0,22,16,0,4,26,30,0,1,0,176,45,45,50.0,,,,,,,,,,,,,,,,,,,,,,,,,,,,,,,,2024-2025
1535,José Luis Gayà,es ESP,DF,Valencia,es La Liga,29.0,1995.0,23,22,1803,20.0,0,1,1,0,0,0,7,0,1.0,1.0,2.6,3.6,0.05,0.18,29,59,156,12,4,33.3,0.6,0.2,0.0,0.0,19.3,0,0,0,1.0,1.0,0.09,-1.0,-1.0,775,996,77.8,13655,4068,1,2.6,3.2,-1.6,24,44,31,23,59,823,170,13,1,5,84,157,0,0,0,0,775,57,40,39,15,3,58,69.0,18,16,2,14,25,82,61,0,39,1.95,35,1,2,1,0,0,5,0.25,1202,51,346,500,362,18,1202,20,7,35.0,11,55.0,555,2520,1236,29,27,4,16,4,678,156,7,0,0,28,14,3,84,25,40,0,0,0,93,10,11,47.6,,,,,,,,,,,,,,,,,,,,,,,,,,,,,,,,2024-2025
1536,José Luis Palomino,ar ARG,DF,Cagliari,it Serie A,34.0,1990.0,18,10,1081,12.0,1,0,1,1,0,0,3,0,0.5,0.5,0.0,0.5,0.08,0.04,4,35,1,2,1,50.0,0.17,0.08,0.5,1.0,4.6,0,0,0,0.5,0.5,0.24,0.5,0.5,508,586,86.7,9656,3667,0,0.0,0.2,0.0,1,32,2,0,35,543,41,16,0,3,0,24,0,0,0,0,508,27,15,16,9,2,21,71.4,6,21,11,10,22,49,46,0,7,0.58,7,0,0,0,0,0,1,0.08,707,101,417,265,31,5,707,1,0,0.0,1,100.0,384,1724,735,4,4,0,3,1,422,1,3,0,0,11,2,0,0,22,15,0,1,0,50,16,12,57.1,,,,,,,,,,,,,,,,,,,,,,,,,,,,,,,,2024-2025
1537,Douglas Luiz,br BRA,MF,Juventus,it Serie A,26.0,1998.0,19,3,529,5.9,0,0,0,0,0,0,2,0,0.6,0.6,1.0,1.6,0.0,0.27,16,35,12,8,2,25.0,1.36,0.34,0.0,0.0,19.8,0,0,0,0.6,0.6,0.08,-0.6,-0.6,379,438,86.5,6855,1625,0,1.0,1.3,-1.0,15,19,9,1,35,400,37,15,1,4,26,4,18,6,11,0,379,13,8,7,5,1,9,66.7,3,5,2,3,4,17,5,0,28,4.75,18,7,0,3,0,0,1,0.17,487,14,95,261,135,8,487,14,11,78.6,3,21.4,276,1686,916,16,10,0,8,7,347,12,2,0,0,14,7,0,26,4,8,0,1,0,31,5,4,55.6,,,,,,,,,,,,,,,,,,,,,,,,,,,,,,,,2024-2025
1538,Romelu Lukaku,be BEL,FW,Napoli,it Serie A,31.0,1993.0,36,35,2843,31.6,14,10,24,11,3,4,4,0,13.0,9.8,4.0,13.8,0.66,0.54,31,36,219,60,20,33.3,1.9,0.63,0.18,0.55,14.3,1,3,4,13.0,9.8,0.17,1.0,1.2,353,497,71.0,4407,659,10,4.0,2.6,6.0,35,15,11,1,36,452,45,1,6,2,4,0,0,0,0,0,353,4,2,0,2,2,4,25.0,3,7,2,5,1,5,17,0,76,2.4,63,0,2,9,2,0,16,0.51,725,18,34,306,388,143,721,26,6,23.1,18,69.2,380,1608,677,31,13,23,55,53,589,219,4,0,0,47,36,24,4,1,2,0,0,0,34,42,56,42.9,,,,,,,,,,,,,,,,,,,,,,,,,,,,,,,,2024-2025
1540,Dodi Lukebakio,be BEL,FW,Sevilla,es La Liga,26.0,1997.0,38,36,3092,34.4,11,2,13,10,1,1,3,1,10.1,9.3,4.5,13.8,0.35,0.42,131,93,247,93,38,40.9,2.71,1.11,0.11,0.26,19.2,2,1,1,10.1,9.3,0.1,0.9,0.7,780,1052,74.1,12204,2657,2,4.5,4.0,-2.5,54,50,24,6,93,945,101,24,7,12,124,8,64,43,12,0,780,22,14,8,8,6,27,55.6,12,18,1,17,11,33,17,2,119,3.46,65,18,21,5,8,2,9,0.26,1494,11,147,552,818,145,1493,167,84,50.3,75,44.9,889,6488,3565,131,83,65,117,57,1110,247,3,1,0,39,55,27,124,11,14,0,0,0,120,18,21,46.2,,,,,,,,,,,,,,,,,,,,,,,,,,,,,,,,2024-2025
1541,Saša Lukić,rs SRB,MF,Fulham,eng Premier League,27.0,1996.0,30,28,2344,26.0,0,2,2,0,0,0,12,0,1.2,1.2,2.7,3.9,0.08,0.15,39,98,33,18,2,11.1,0.69,0.08,0.0,0.0,20.2,0,0,0,1.2,1.2,0.06,-1.2,-1.2,1100,1260,87.3,18730,4635,2,2.7,1.4,-0.7,26,104,17,7,98,1171,87,38,1,4,62,1,42,12,24,0,1100,68,39,22,40,6,55,41.8,32,20,7,13,28,96,35,1,55,2.11,36,12,0,5,1,1,4,0.15,1493,57,332,843,331,21,1493,17,8,47.1,5,29.4,825,4427,2190,39,40,4,23,8,963,33,12,0,0,66,26,0,62,28,39,0,1,0,109,19,25,43.2,,,,,,,,,,,,,,,,,,,,,,,,,,,,,,,,2024-2025
1543,Joe Lumley,eng ENG,GK,Southampton,eng Premier League,29.0,1995.0,3,3,270,3.0,0,0,0,0,0,0,0,0,0.0,0.0,0.0,0.0,0.0,0.0,0,0,0,0,0,,0.0,0.0,,,,0,0,0,0.0,0.0,,0.0,0.0,106,151,70.2,2342,1476,0,0.0,0.0,0.0,0,2,0,0,0,128,22,7,0,0,0,0,0,0,0,0,106,0,0,0,0,0,0,,0,0,0,0,0,0,3,3,0,0.0,0,0,0,0,0,0,0,0.0,164,116,161,3,0,0,164,0,0,,0,,103,476,296,0,0,0,0,0,108,0,0,0,0,0,0,0,0,0,0,0,0,0,2,2,1,66.7,7.0,2.33,20.0,13.0,65.0,0.0,1.0,2.0,0.0,0.0,0.0,0.0,0.0,0.0,7.7,0.39,0.7,0.22,15.0,50.0,30.0,135.0,14.0,34.1,30.0,56.0,2.0,3.6,7.0,2.33,18.0,2024-2025
1544,Daniel Luna,co COL,MF,Mallorca,es La Liga,21.0,2003.0,2,0,20,0.2,0,0,0,0,0,0,0,0,0.0,0.0,0.0,0.0,0.0,0.0,1,0,2,0,0,,0.0,0.0,,,,0,0,0,0.0,0.0,,0.0,0.0,8,13,61.5,88,16,0,0.0,0.0,0.0,0,1,0,0,0,11,2,0,0,0,3,1,1,1,0,0,8,0,0,0,0,0,0,,0,1,0,1,0,0,0,0,1,4.5,1,0,0,0,0,0,0,0.0,17,0,0,5,12,1,17,3,1,33.3,1,33.3,11,36,15,1,0,1,0,0,11,2,0,0,0,0,1,0,3,0,0,0,0,0,2,0,0,,,,,,,,,,,,,,,,,,,,,,,,,,,,,,,,,2024-2025
1545,Andriy Lunin,ua UKR,GK,Real Madrid,es La Liga,25.0,1999.0,7,7,630,7.0,0,1,1,0,0,0,0,0,0.0,0.0,0.9,0.9,0.14,0.13,0,0,0,0,0,,0.0,0.0,,,,0,0,0,0.0,0.0,,0.0,0.0,174,202,86.1,4252,2741,1,0.9,0.0,0.1,1,1,0,0,0,147,53,8,0,1,0,0,0,0,0,0,174,1,0,1,0,0,0,,0,0,0,0,0,1,3,0,1,0.14,1,0,0,0,0,0,1,0.14,209,178,208,1,0,0,209,0,0,,0,,116,399,212,0,0,0,0,0,109,0,0,0,0,0,1,0,0,0,0,0,0,0,14,2,0,100.0,7.0,1.0,20.0,13.0,65.0,6.0,0.0,1.0,4.0,57.1,0.0,0.0,0.0,0.0,6.4,0.32,-0.6,-0.09,21.0,42.0,50.0,155.0,29.0,20.0,26.9,61.0,2.0,3.3,12.0,1.71,14.9,2024-2025
1546,Massimo Luongo,au AUS,MF,Ipswich Town,eng Premier League,31.0,1992.0,11,2,201,2.2,0,0,0,0,0,0,0,0,0.0,0.0,0.0,0.0,0.0,0.0,0,6,1,0,0,,0.0,0.0,,,,0,0,0,0.0,0.0,,0.0,0.0,50,66,75.8,722,183,0,0.0,0.0,0.0,0,1,0,0,6,64,1,1,0,1,1,0,0,0,0,0,50,9,6,6,2,1,8,62.5,3,4,2,2,2,11,2,0,0,0.0,0,0,0,0,0,0,0,0.0,87,9,34,33,20,2,87,0,0,,0,,46,184,27,0,0,0,2,3,50,1,0,0,0,1,2,0,1,2,6,0,0,0,10,2,0,100.0,,,,,,,,,,,,,,,,,,,,,,,,,,,,,,,,2024-2025
1547,Sebastiano Luperto,it ITA,DF,Cagliari,it Serie A,27.0,1996.0,36,36,3240,36.0,1,3,4,1,0,0,4,0,2.2,2.2,1.3,3.4,0.11,0.1,22,96,11,21,5,23.8,0.58,0.14,0.05,0.2,12.4,0,0,0,2.2,2.2,0.1,-1.2,-1.2,1315,1568,83.9,24675,8234,3,1.3,0.8,1.7,8,87,6,1,96,1492,68,46,1,2,8,7,0,0,0,0,1315,48,27,31,16,1,28,64.3,10,30,15,15,33,81,161,1,30,0.83,23,0,0,6,1,0,5,0.14,1913,251,1065,777,81,29,1913,6,1,16.7,4,66.7,1060,4923,2539,22,15,2,12,3,1190,11,4,0,0,23,20,1,8,33,27,0,1,0,139,61,54,53.0,,,,,,,,,,,,,,,,,,,,,,,,,,,,,,,,2024-2025
1548,Zito Luvumbo,ao ANG,"FW,MF",Cagliari,it Serie A,22.0,2002.0,26,19,1606,17.8,2,2,4,2,0,0,2,0,2.1,2.1,3.1,5.2,0.22,0.29,70,31,125,23,4,17.4,1.29,0.22,0.09,0.5,16.0,0,0,0,2.1,2.1,0.09,-0.1,-0.1,181,302,59.9,2768,863,2,3.1,2.1,-1.1,17,16,13,8,31,287,15,1,0,1,65,4,2,1,0,0,181,10,6,4,3,3,19,31.6,13,5,0,5,4,14,4,0,35,1.96,24,1,4,3,3,0,4,0.22,477,4,44,166,277,67,477,63,25,39.7,25,39.7,347,2694,1426,70,21,35,67,29,367,125,2,0,0,38,51,11,65,4,6,0,0,0,50,6,17,26.1,,,,,,,,,,,,,,,,,,,,,,,,,,,,,,,,2024-2025
1549,Charalambos Lykogiannis,gr GRE,DF,Bologna,it Serie A,30.0,1993.0,17,12,1048,11.6,0,4,4,0,0,0,3,0,0.2,0.2,1.6,1.8,0.34,0.16,10,49,36,6,2,33.3,0.52,0.17,0.0,0.0,21.4,2,0,0,0.2,0.2,0.04,-0.2,-0.2,504,706,71.4,9875,3209,4,1.6,2.1,2.4,19,43,13,12,49,542,161,43,0,11,106,82,36,11,21,0,504,23,14,14,8,1,20,50.0,10,10,5,5,11,34,41,1,33,2.83,17,16,0,0,0,0,5,0.43,810,32,216,362,237,11,810,8,4,50.0,2,25.0,368,1410,611,10,8,1,7,3,471,36,3,0,0,10,7,2,106,11,14,0,0,0,35,26,13,66.7,,,,,,,,,,,,,,,,,,,,,,,,,,,,,,,,2024-2025
1551,Mathias Løvik,no NOR,"DF,FW",Parma,it Serie A,20.0,2003.0,6,0,92,1.0,0,0,0,0,0,0,0,0,0.1,0.1,0.1,0.2,0.0,0.18,0,1,6,1,0,0.0,0.98,0.0,0.0,,11.5,0,0,0,0.1,0.1,0.1,-0.1,-0.1,40,54,74.1,663,123,0,0.1,0.0,-0.1,1,1,1,0,1,45,8,0,0,0,3,8,0,0,0,0,40,1,0,0,1,0,3,33.3,2,1,1,0,2,3,3,0,1,0.98,0,0,0,1,0,0,0,0.0,70,5,19,33,19,2,70,4,2,50.0,2,50.0,42,168,56,0,1,0,6,1,45,6,0,0,0,2,0,0,3,2,0,0,0,0,2,2,2,50.0,,,,,,,,,,,,,,,,,,,,,,,,,,,,,,,,2024-2025
1553,Ian Maatsen,nl NED,DF,Aston Villa,eng Premier League,22.0,2002.0,29,10,1139,12.7,1,2,3,1,0,0,2,0,0.9,0.9,2.7,3.6,0.24,0.28,31,50,104,19,5,26.3,1.5,0.4,0.05,0.2,22.1,0,0,0,0.9,0.9,0.05,0.1,0.1,609,747,81.5,9635,2492,2,2.7,2.4,-0.7,19,22,19,3,50,646,101,16,1,2,51,80,5,2,0,0,609,29,17,17,9,3,24,70.8,7,13,0,13,15,44,39,3,52,4.11,38,3,5,5,0,1,7,0.55,917,56,247,334,348,47,917,29,13,44.8,16,55.2,505,2636,1184,31,17,13,22,25,564,104,2,0,0,11,9,3,51,15,17,0,1,0,67,10,6,62.5,,,,,,,,,,,,,,,,,,,,,,,,,,,,,,,,2024-2025
1554,Alexis Mac Allister,ar ARG,MF,Liverpool,eng Premier League,25.0,1998.0,35,30,2599,28.9,5,5,10,5,0,0,6,0,2.8,2.8,4.7,7.5,0.35,0.26,36,177,80,38,13,34.2,1.32,0.45,0.13,0.38,18.1,1,0,0,2.8,2.8,0.07,2.2,2.2,1273,1524,83.5,20344,5748,5,4.7,5.6,0.3,45,122,35,2,177,1403,116,35,6,3,86,9,71,26,36,0,1273,95,58,28,51,16,104,52.9,49,61,6,55,22,117,29,1,120,4.15,83,24,2,6,2,3,15,0.52,1860,56,284,960,637,60,1860,42,16,38.1,21,50.0,914,3773,2009,36,43,5,31,22,1227,80,6,0,0,62,40,2,86,22,58,0,0,0,148,19,34,35.8,,,,,,,,,,,,,,,,,,,,,,,,,,,,,,,,2024-2025
1558,Darwin Machís,ve VEN,"MF,FW",Valladolid,es La Liga,31.0,1993.0,18,7,639,7.1,0,1,1,0,0,0,0,0,0.9,0.9,0.5,1.4,0.14,0.2,17,19,43,14,2,14.3,1.97,0.28,0.0,0.0,22.1,1,0,0,0.9,0.9,0.06,-0.9,-0.9,160,268,59.7,2925,865,1,0.5,0.9,0.5,8,17,5,4,19,222,45,14,1,4,68,7,24,14,5,0,160,5,4,3,2,0,9,33.3,6,3,0,3,5,10,13,0,15,2.11,8,5,0,1,1,0,1,0.14,334,10,57,143,137,6,334,20,5,25.0,12,60.0,173,1196,588,17,15,1,5,4,219,43,0,0,0,4,14,2,68,5,4,0,0,0,34,6,2,75.0,,,,,,,,,,,,,,,,,,,,,,,,,,,,,,,,2024-2025
1560,James Maddison,eng ENG,MF,Tottenham,eng Premier League,27.0,1996.0,31,21,1809,20.1,9,7,16,9,0,0,6,0,5.8,5.8,4.2,10.0,0.8,0.5,45,164,95,39,17,43.6,1.94,0.85,0.23,0.53,16.7,6,0,0,5.8,5.8,0.15,3.2,3.2,1021,1256,81.3,16664,5028,7,4.2,5.9,2.8,41,123,32,5,164,1118,132,48,12,5,98,5,59,37,8,0,1021,31,19,8,16,7,29,31.0,20,15,4,11,12,43,19,1,95,4.73,66,13,7,3,6,0,18,0.9,1464,26,210,691,576,77,1464,77,33,42.9,34,44.2,1026,5128,2279,45,39,20,23,25,1125,95,6,0,0,32,64,4,98,12,19,0,0,0,76,5,7,41.7,,,,,,,,,,,,,,,,,,,,,,,,,,,,,,,,2024-2025
1562,Noni Madueke,eng ENG,FW,Chelsea,eng Premier League,22.0,2002.0,32,27,2033,22.6,7,3,10,7,0,0,3,0,9.6,9.6,4.2,13.9,0.44,0.61,154,69,226,80,30,37.5,3.54,1.33,0.09,0.23,14.4,0,0,0,9.6,9.6,0.12,-2.6,-2.6,530,685,77.4,7705,1853,3,4.2,3.2,-1.2,32,16,35,8,69,660,20,1,1,4,63,18,1,0,0,0,530,25,18,8,12,5,38,36.8,24,17,0,17,10,35,11,0,79,3.5,57,0,10,7,4,1,8,0.35,980,22,101,301,595,184,980,102,45,44.1,46,45.1,641,5413,3485,154,50,93,52,25,756,226,3,0,0,22,25,5,63,10,18,0,0,0,84,11,19,36.7,,,,,,,,,,,,,,,,,,,,,,,,,,,,,,,,2024-2025
1563,Pablo Maffeo,es ESP,DF,Mallorca,es La Liga,27.0,1997.0,30,28,2368,26.3,0,2,2,0,0,0,7,0,0.3,0.3,4.1,4.4,0.08,0.17,46,74,122,7,1,14.3,0.27,0.04,0.0,0.0,19.0,0,0,0,0.3,0.3,0.04,-0.3,-0.3,736,1039,70.8,12522,5186,2,4.1,3.5,-2.1,29,49,34,25,74,804,226,10,4,2,96,216,0,0,0,0,736,60,40,43,14,3,46,73.9,12,32,11,21,25,85,103,1,60,2.28,39,9,5,1,5,1,4,0.15,1389,96,442,558,416,20,1389,85,40,47.1,34,40.0,671,3711,1777,46,44,7,46,32,701,122,7,0,0,22,37,1,96,25,40,0,0,0,107,21,18,53.8,,,,,,,,,,,,,,,,,,,,,,,,,,,,,,,,2024-2025
1564,Gabriel Magalhães,br BRA,DF,Arsenal,eng Premier League,26.0,1997.0,28,28,2363,26.3,3,1,4,3,0,0,4,0,2.6,2.6,0.9,3.5,0.15,0.13,10,126,11,22,5,22.7,0.84,0.19,0.14,0.6,9.5,0,0,0,2.6,2.6,0.12,0.4,0.4,1480,1641,90.2,25788,7938,1,0.9,1.2,0.1,13,145,8,0,126,1560,80,51,1,8,9,3,0,0,0,0,1480,25,15,12,8,5,16,75.0,4,42,29,13,16,41,93,2,35,1.33,31,0,0,3,1,0,6,0.23,1873,189,672,985,225,40,1873,5,4,80.0,1,20.0,1116,4470,2669,10,22,0,9,2,1366,11,4,0,0,19,19,0,9,16,15,1,0,0,63,53,37,58.9,,,,,,,,,,,,,,,,,,,,,,,,,,,,,,,,2024-2025
1566,Edmond-Paris Maghoma,eng ENG,"MF,FW",Brentford,eng Premier League,23.0,2001.0,8,0,119,1.3,0,0,0,0,0,0,0,0,0.1,0.1,0.1,0.2,0.0,0.17,4,13,4,1,0,0.0,0.76,0.0,0.0,,23.8,0,0,0,0.1,0.1,0.12,-0.1,-0.1,76,84,90.5,1259,343,0,0.1,0.0,-0.1,1,2,0,0,13,83,1,1,0,0,3,0,0,0,0,0,76,2,1,0,2,0,3,33.3,2,2,2,0,1,3,2,0,4,3.03,4,0,0,0,0,0,1,0.76,101,2,18,58,27,4,101,4,3,75.0,1,25.0,68,414,221,4,3,1,2,0,75,4,0,0,0,2,4,0,3,1,1,0,0,0,7,1,3,25.0,,,,,,,,,,,,,,,,,,,,,,,,,,,,,,,,2024-2025
1567,Giangiacomo Magnani,it ITA,DF,Hellas Verona,it Serie A,28.0,1995.0,17,11,1065,11.8,1,0,1,1,0,0,2,0,1.1,1.1,0.0,1.2,0.08,0.1,4,31,7,11,2,18.2,0.93,0.17,0.09,0.5,10.7,0,0,0,1.1,1.1,0.1,-0.1,-0.1,317,393,80.7,6348,2269,0,0.0,0.1,0.0,1,22,0,0,31,373,19,14,0,2,2,5,0,0,0,0,317,20,15,14,6,0,7,100.0,0,16,9,7,17,37,73,1,4,0.34,2,1,0,1,0,0,0,0.0,540,82,276,240,30,14,540,4,1,25.0,3,75.0,251,1052,516,4,6,0,4,1,274,7,2,0,0,8,11,0,2,17,15,0,0,0,38,29,18,61.7,,,,,,,,,,,,,,,,,,,,,,,,,,,,,,,,2024-2025
1570,Harry Maguire,eng ENG,DF,Manchester Utd,eng Premier League,31.0,1993.0,27,19,1758,19.5,1,0,1,1,0,0,7,0,1.8,1.8,0.6,2.4,0.05,0.12,7,51,7,15,6,40.0,0.77,0.31,0.07,0.17,8.2,0,0,0,1.8,1.8,0.12,-0.8,-0.8,965,1128,85.5,17965,6236,0,0.6,0.3,-0.6,9,48,4,0,51,1083,41,26,0,9,4,1,0,0,0,0,965,30,15,23,6,1,23,73.9,6,15,12,3,40,70,78,1,20,1.02,14,1,0,5,0,0,0,0.0,1328,147,652,616,76,44,1328,5,2,40.0,3,60.0,782,4821,2056,7,9,3,10,2,856,7,7,0,0,18,11,2,4,40,15,0,0,0,68,64,25,71.9,,,,,,,,,,,,,,,,,,,,,,,,,,,,,,,,2024-2025
1571,Jon Magunazelaia,es ESP,MF,Real Sociedad,es La Liga,23.0,2001.0,2,0,7,0.1,0,0,0,0,0,0,0,0,0.0,0.0,0.0,0.0,0.0,0.0,0,1,0,0,0,,0.0,0.0,,,,0,0,0,0.0,0.0,,0.0,0.0,7,13,53.8,117,30,0,0.0,0.1,0.0,0,0,0,0,1,13,0,0,1,0,0,0,0,0,0,0,7,1,1,1,0,0,0,,0,0,0,0,0,1,0,0,1,12.86,1,0,0,0,0,0,1,12.86,16,0,5,9,4,0,16,0,0,,0,,9,28,9,0,0,0,0,0,9,0,0,0,0,1,1,0,0,0,1,0,0,0,5,3,0,100.0,,,,,,,,,,,,,,,,,,,,,,,,,,,,,,,,2024-2025
1573,Mike Maignan,fr FRA,GK,Milan,it Serie A,29.0,1995.0,37,37,3294,36.6,0,0,0,0,0,0,1,0,0.0,0.0,0.8,0.8,0.0,0.02,0,4,0,0,0,,0.0,0.0,,,,0,0,0,0.0,0.0,,0.0,0.0,1338,1553,86.2,33388,21322,0,0.8,0.2,-0.8,5,19,0,0,4,1281,268,73,2,2,0,1,0,0,0,0,1338,0,0,0,0,0,1,0.0,1,1,0,1,0,0,19,3,6,0.16,6,0,0,0,0,0,0,0.0,1635,1059,1606,30,0,0,1635,1,1,100.0,0,0.0,1026,5265,3456,0,0,0,1,0,959,0,1,0,0,1,7,0,0,0,0,0,1,0,67,4,0,100.0,41.0,1.12,136.0,97.0,70.6,17.0,9.0,11.0,12.0,32.4,2.0,1.0,1.0,0.0,36.8,0.26,-1.2,-0.03,118.0,306.0,38.6,1355.0,174.0,17.4,27.8,447.0,26.0,5.8,68.0,1.86,18.7,2024-2025
1575,Kobbie Mainoo,eng ENG,MF,Manchester Utd,eng Premier League,19.0,2005.0,25,19,1651,18.3,0,0,0,0,0,0,5,0,0.7,0.7,1.6,2.3,0.0,0.12,22,65,47,15,2,13.3,0.82,0.11,0.0,0.0,20.5,0,0,0,0.7,0.7,0.05,-0.7,-0.7,723,836,86.5,9649,2346,0,1.6,1.8,-1.6,14,50,12,1,65,808,23,13,2,4,7,6,0,0,0,0,723,46,29,18,14,14,40,60.0,16,16,2,14,19,65,14,1,34,1.85,29,0,4,0,1,0,3,0.16,1061,25,197,587,287,36,1061,50,23,46.0,25,50.0,652,2850,1222,22,17,10,36,36,760,47,5,0,0,27,21,3,7,19,29,0,0,0,88,19,31,38.0,,,,,,,,,,,,,,,,,,,,,,,,,,,,,,,,2024-2025
1581,Antoine Makoumbou,cg CGO,MF,Cagliari,it Serie A,26.0,1998.0,33,27,2150,23.9,0,3,3,0,0,0,4,1,0.3,0.3,0.9,1.3,0.13,0.05,11,92,14,7,0,0.0,0.29,0.0,0.0,,22.4,0,0,0,0.3,0.3,0.04,-0.3,-0.3,1051,1183,88.8,16948,4056,3,0.9,1.0,2.1,8,70,14,3,92,1141,39,37,3,2,7,2,0,0,0,0,1051,42,23,28,11,3,25,76.0,6,26,5,21,17,59,28,0,38,1.59,33,0,0,2,1,2,5,0.21,1367,59,452,714,210,4,1367,19,10,52.6,8,42.1,818,3733,1324,11,18,0,17,24,957,14,4,1,1,27,15,0,7,17,23,0,1,0,109,4,18,18.2,,,,,,,,,,,,,,,,,,,,,,,,,,,,,,,,2024-2025
1583,Tyrell Malacia,nl NED,DF,Manchester Utd,eng Premier League,24.0,1999.0,3,2,100,1.1,0,0,0,0,0,0,1,0,0.0,0.0,0.0,0.0,0.0,0.03,3,3,6,0,0,,0.0,0.0,,,,0,0,0,0.0,0.0,,0.0,0.0,49,55,89.1,642,260,0,0.0,0.0,0.0,1,7,1,0,3,49,6,0,0,0,1,6,0,0,0,0,49,2,1,2,0,0,2,50.0,1,0,0,0,1,3,1,1,2,1.8,1,0,0,0,1,0,0,0.0,62,2,20,27,15,0,62,1,1,100.0,0,0.0,37,190,118,3,2,0,1,2,43,6,1,0,0,3,2,0,1,1,1,0,0,0,3,0,0,,,,,,,,,,,,,,,,,,,,,,,,,,,,,,,,,2024-2025
1586,Daniel Maldini,it ITA,"MF,FW",Monza,it Serie A,22.0,2001.0,20,16,1306,14.5,3,0,3,3,0,0,5,0,4.8,4.8,0.9,5.7,0.21,0.39,41,34,66,39,13,33.3,2.69,0.9,0.08,0.23,19.7,5,0,0,4.8,4.8,0.13,-1.8,-1.8,261,382,68.3,4254,837,0,0.9,1.1,-0.9,12,14,8,2,34,344,37,9,1,4,38,2,11,4,7,0,261,14,6,5,9,0,13,46.2,7,8,2,6,4,18,12,2,40,2.75,21,3,6,6,4,0,5,0.34,584,13,70,287,242,41,584,72,30,41.7,37,51.4,388,2656,1287,41,31,10,36,31,426,66,5,0,0,15,39,2,38,4,6,0,0,0,52,22,27,44.9,,,,,,,,,,,,,,,,,,,,,,,,,,,,,,,,2024-2025
1587,Daniel Maldini,it ITA,"FW,MF",Atalanta,it Serie A,22.0,2001.0,10,2,258,2.9,3,0,3,3,0,0,0,0,1.9,1.9,0.2,2.1,1.05,0.74,12,7,30,10,5,50.0,3.49,1.74,0.3,0.6,15.5,0,0,0,1.9,1.9,0.19,1.1,1.1,61,97,62.9,788,163,0,0.2,0.3,-0.2,3,3,1,0,7,94,3,0,0,1,5,0,3,0,3,0,61,2,2,0,1,1,2,50.0,1,1,0,1,2,4,3,0,9,3.14,9,0,0,0,0,0,1,0.35,140,4,10,63,68,24,140,18,6,33.3,10,55.6,95,663,301,12,8,10,8,5,113,30,0,0,0,3,7,1,5,2,2,0,0,0,8,8,5,61.5,,,,,,,,,,,,,,,,,,,,,,,,,,,,,,,,2024-2025
1588,Youssef Maleh,ma MAR,MF,Empoli,it Serie A,25.0,1998.0,22,17,1510,16.8,0,1,1,0,0,0,5,1,0.9,0.9,0.9,1.8,0.06,0.1,10,72,37,17,3,17.6,1.01,0.18,0.0,0.0,24.0,0,0,0,0.9,0.9,0.05,-0.9,-0.9,398,560,71.1,6528,2261,1,0.9,0.4,0.1,12,62,11,2,72,542,13,8,1,1,16,4,0,0,0,0,398,45,23,17,23,5,34,50.0,17,25,6,19,16,61,25,0,30,1.79,26,0,1,1,2,0,2,0.12,744,18,167,432,158,15,744,13,4,30.8,6,46.2,299,1114,557,10,11,1,25,10,419,37,5,1,1,32,29,1,16,16,23,0,0,0,96,9,18,33.3,,,,,,,,,,,,,,,,,,,,,,,,,,,,,,,,2024-2025
1589,Donyell Malen,nl NED,FW,Aston Villa,eng Premier League,25.0,1999.0,14,2,305,3.4,3,0,3,3,0,0,0,0,2.2,2.2,0.2,2.4,0.89,0.69,12,6,30,15,9,60.0,4.43,2.66,0.2,0.33,15.2,0,0,0,2.2,2.2,0.14,0.8,0.8,53,77,68.8,712,144,0,0.2,0.2,-0.2,3,2,2,0,6,71,5,0,0,2,8,1,0,0,0,0,53,7,4,3,3,1,4,25.0,3,2,0,2,0,7,1,0,6,1.76,5,0,1,0,0,0,0,0.0,129,2,9,33,94,25,129,11,4,36.4,5,45.5,79,652,370,12,7,7,8,7,87,30,0,0,0,1,5,2,8,0,4,0,0,0,9,4,4,50.0,,,,,,,,,,,,,,,,,,,,,,,,,,,,,,,,2024-2025
1591,Ruslan Malinovskyi,ua UKR,"MF,FW",Genoa,it Serie A,31.0,1993.0,9,4,383,4.3,0,2,2,0,0,0,2,0,0.2,0.2,1.5,1.7,0.47,0.41,3,32,10,9,3,33.3,2.11,0.7,0.0,0.0,30.2,3,0,0,0.2,0.2,0.03,-0.2,-0.2,164,201,81.6,2906,846,2,1.5,0.7,0.5,8,22,9,0,32,194,7,3,6,1,3,2,2,1,1,0,164,12,8,4,7,1,6,50.0,3,2,0,2,1,13,4,0,17,3.98,11,2,0,3,1,0,2,0.47,242,6,43,134,66,0,242,4,3,75.0,1,25.0,151,711,244,3,9,0,7,5,163,10,2,0,0,9,5,0,3,1,8,0,0,0,16,7,6,53.8,,,,,,,,,,,,,,,,,,,,,,,,,,,,,,,,2024-2025
1595,Giorgi Mamardashvili,ge GEO,GK,Valencia,es La Liga,23.0,2000.0,34,34,3060,34.0,0,0,0,0,0,0,2,0,0.0,0.0,0.1,0.1,0.0,0.0,1,0,0,0,0,,0.0,0.0,,,,0,0,0,0.0,0.0,,0.0,0.0,732,1080,67.8,20581,15111,0,0.1,0.1,-0.1,2,11,1,0,0,742,336,117,0,3,0,0,0,0,0,0,732,2,2,2,0,0,3,66.7,1,0,0,0,1,3,16,3,9,0.26,6,3,0,0,0,0,2,0.06,1163,978,1155,8,0,0,1163,0,0,,0,,574,2610,1452,1,0,0,0,0,490,0,2,0,0,1,6,0,0,1,2,0,1,0,29,4,2,66.7,48.0,1.41,136.0,89.0,68.4,11.0,11.0,12.0,8.0,23.5,7.0,5.0,2.0,0.0,46.1,0.3,1.1,0.03,141.0,449.0,31.4,859.0,134.0,36.0,34.5,472.0,33.0,7.0,38.0,1.12,14.3,2024-2025
1596,Dennis Man,ro ROU,"FW,MF",Parma,it Serie A,25.0,1998.0,33,23,1995,22.2,4,4,8,4,0,0,0,0,5.5,5.5,4.2,9.7,0.36,0.44,67,60,142,49,20,40.8,2.21,0.9,0.08,0.2,17.1,0,0,0,5.5,5.5,0.11,-1.5,-1.5,631,793,79.6,8923,2252,4,4.2,2.7,-0.2,45,46,25,5,60,736,56,8,4,3,33,12,30,7,1,0,631,13,6,7,3,3,24,25.0,18,15,3,12,8,21,11,0,80,3.61,62,8,5,3,1,1,7,0.32,1027,8,100,426,517,87,1027,75,25,33.3,45,60.0,665,4491,1914,67,40,31,44,31,741,142,0,0,0,8,17,4,33,8,6,0,0,0,72,9,17,34.6,,,,,,,,,,,,,,,,,,,,,,,,,,,,,,,,2024-2025
1598,Gianluca Mancini,it ITA,DF,Roma,it Serie A,28.0,1996.0,37,36,3143,34.9,2,0,2,2,0,0,8,0,1.7,1.7,0.9,2.6,0.06,0.07,45,139,23,22,5,22.7,0.63,0.14,0.09,0.4,12.3,0,0,0,1.7,1.7,0.08,0.3,0.3,1689,1965,86.0,31192,10669,0,0.9,0.8,-0.9,14,138,17,4,139,1856,107,84,1,4,33,22,0,0,0,0,1689,42,26,22,18,2,34,58.8,14,22,16,6,35,77,103,0,41,1.17,35,0,0,4,1,1,2,0.06,2240,177,906,1133,208,42,2240,9,1,11.1,4,44.4,1341,5848,3350,45,44,3,10,8,1609,23,8,0,0,49,34,6,33,35,26,0,0,0,99,60,34,63.8,,,,,,,,,,,,,,,,,,,,,,,,,,,,,,,,2024-2025
1600,Christos Mandas,gr GRE,GK,Lazio,it Serie A,22.0,2001.0,9,9,810,9.0,0,0,0,0,0,0,0,0,0.0,0.0,0.0,0.0,0.0,0.0,0,3,0,0,0,,0.0,0.0,,,,0,0,0,0.0,0.0,,0.0,0.0,240,335,71.6,6911,4716,0,0.0,0.0,0.0,0,11,1,0,3,286,47,22,0,2,0,0,0,0,0,0,240,0,0,0,0,0,0,,0,0,0,0,0,0,4,0,2,0.22,2,0,0,0,0,0,1,0.11,351,266,339,13,0,0,351,0,0,,0,,237,1192,754,0,0,0,0,1,210,0,0,0,0,0,3,0,0,0,0,0,0,0,18,6,1,85.7,7.0,0.78,27.0,20.0,74.1,3.0,5.0,1.0,4.0,44.4,0.0,0.0,0.0,0.0,7.9,0.29,0.9,0.1,42.0,124.0,33.9,308.0,36.0,36.4,35.9,130.0,20.0,15.4,22.0,2.44,16.8,2024-2025
1601,Reinildo Mandava,mz MOZ,DF,Atlético Madrid,es La Liga,30.0,1994.0,19,10,941,10.5,0,0,0,0,0,0,4,0,0.1,0.1,0.1,0.2,0.0,0.02,14,34,15,1,1,100.0,0.1,0.1,0.0,0.0,9.3,0,0,0,0.1,0.1,0.07,-0.1,-0.1,515,612,84.2,7852,2969,0,0.1,0.2,-0.1,2,24,2,0,34,517,95,11,0,1,8,84,0,0,0,0,515,18,11,10,7,1,18,55.6,8,11,5,6,16,34,35,0,7,0.67,6,0,0,0,0,1,1,0.1,717,56,290,326,103,8,717,18,4,22.2,9,50.0,421,1705,853,14,15,2,8,4,459,15,4,0,0,19,18,1,8,16,11,0,1,0,52,10,14,41.7,,,,,,,,,,,,,,,,,,,,,,,,,,,,,,,,2024-2025
1603,Rolando Mandragora,it ITA,MF,Fiorentina,it Serie A,27.0,1997.0,28,22,1856,20.6,4,2,6,3,1,1,7,0,2.7,1.9,4.8,6.6,0.24,0.35,11,92,34,37,14,37.8,1.79,0.68,0.08,0.21,24.6,6,1,1,2.7,1.9,0.05,1.3,1.1,724,931,77.8,13418,4153,2,4.8,2.7,-2.8,31,69,16,7,92,814,109,65,4,6,39,7,31,12,8,0,724,23,13,9,12,2,31,45.2,17,22,7,15,15,38,54,1,56,2.61,35,11,1,3,3,3,5,0.23,1119,63,249,637,246,24,1118,14,7,50.0,6,42.9,580,2160,964,11,16,0,11,4,732,34,7,0,0,18,39,2,39,15,13,0,0,0,61,14,16,46.7,,,,,,,,,,,,,,,,,,,,,,,,,,,,,,,,2024-2025
1604,Mateus Mane,,MF,Wolves,eng Premier League,,,1,0,2,0.0,0,0,0,0,0,0,0,0,0.0,0.0,0.0,0.0,0.0,0.0,0,0,0,0,0,,0.0,0.0,,,,0,0,0,0.0,0.0,,0.0,0.0,4,5,80.0,60,0,0,0.0,0.0,0.0,0,0,0,0,0,5,0,0,0,0,0,0,0,0,0,0,4,0,0,0,0,0,0,,0,1,0,1,0,0,0,0,0,0.0,0,0,0,0,0,0,0,0.0,6,0,0,6,0,0,6,0,0,,0,,2,22,7,0,0,0,0,0,4,0,0,0,0,0,0,0,0,0,0,0,0,0,0,1,0,100.0,,,,,,,,,,,,,,,,,,,,,,,,,,,,,,,,2024-2025
1605,Orel Mangala,be BEL,MF,Everton,eng Premier League,26.0,1998.0,19,14,1261,14.0,1,0,1,1,0,0,2,0,1.1,1.1,0.6,1.8,0.07,0.13,6,34,19,16,6,37.5,1.14,0.43,0.06,0.17,22.1,0,0,0,1.1,1.1,0.07,-0.1,-0.1,437,490,89.2,6998,1567,0,0.6,0.6,-0.6,8,50,8,1,34,485,4,3,0,1,6,0,0,0,0,0,437,16,8,3,11,2,8,62.5,3,8,3,5,21,37,24,1,24,1.72,17,1,2,3,1,0,1,0.07,621,22,133,335,157,13,621,24,14,58.3,9,37.5,298,1574,576,6,6,3,12,12,406,19,2,0,0,24,17,2,6,21,8,0,0,0,49,6,8,42.9,,,,,,,,,,,,,,,,,,,,,,,,,,,,,,,,2024-2025
1607,Ryan Manning,ie IRL,"DF,MF",Southampton,eng Premier League,28.0,1996.0,24,18,1462,16.2,0,1,1,0,0,0,2,0,0.3,0.3,3.2,3.6,0.06,0.22,14,35,74,8,1,12.5,0.49,0.06,0.0,0.0,22.0,1,0,0,0.3,0.3,0.04,-0.3,-0.3,619,803,77.1,10360,3336,1,3.2,2.8,-2.2,34,33,12,8,35,634,162,38,1,3,84,92,32,24,5,0,619,28,17,16,10,2,26,53.8,12,20,11,9,17,45,47,0,50,3.08,25,22,0,1,1,1,3,0.18,968,72,260,397,321,22,968,36,11,30.6,16,44.4,483,2023,982,14,13,4,17,5,573,74,2,0,0,19,32,0,84,17,17,0,0,0,65,15,6,71.4,,,,,,,,,,,,,,,,,,,,,,,,,,,,,,,,2024-2025
1608,Javier Manquillo,es ESP,DF,Celta Vigo,es La Liga,30.0,1994.0,10,7,515,5.7,0,0,0,0,0,0,1,0,0.0,0.0,0.0,0.0,0.0,0.0,3,24,5,0,0,,0.0,0.0,,,,0,0,0,0.0,0.0,,0.0,0.0,335,373,89.8,5537,1582,0,0.0,0.1,0.0,0,22,2,0,24,358,15,9,1,0,3,6,0,0,0,0,335,7,5,4,3,0,10,20.0,8,5,3,2,7,14,14,0,1,0.18,1,0,0,0,0,0,0,0.0,413,20,161,222,31,1,413,1,0,0.0,1,100.0,248,1017,454,3,5,1,1,0,312,5,1,0,0,9,1,0,3,7,5,0,0,0,18,5,8,38.5,,,,,,,,,,,,,,,,,,,,,,,,,,,,,,,,2024-2025
1610,Alberto Manzoni,it ITA,MF,Atalanta,it Serie A,19.0,2005.0,1,0,6,0.1,0,0,0,0,0,0,0,0,0.1,0.1,0.0,0.1,0.0,0.94,0,0,0,1,0,0.0,15.0,0.0,0.0,,23.7,0,0,0,0.1,0.1,0.06,-0.1,-0.1,11,12,91.7,196,29,0,0.0,0.0,0.0,0,4,0,0,0,12,0,0,0,0,0,0,0,0,0,0,11,0,0,0,0,0,0,,0,0,0,0,0,0,0,0,1,15.0,0,0,0,0,1,0,0,0.0,14,0,3,10,1,0,14,0,0,,0,,8,25,12,0,0,0,0,0,13,0,0,0,0,1,1,0,0,0,0,0,0,0,0,1,0,100.0,,,,,,,,,,,,,,,,,,,,,,,,,,,,,,,,2024-2025
1612,Alessandro Marcandalli,it ITA,DF,Genoa,it Serie A,21.0,2002.0,2,1,46,0.5,0,0,0,0,0,0,0,0,0.0,0.0,0.0,0.0,0.0,0.0,0,1,0,0,0,,0.0,0.0,,,,0,0,0,0.0,0.0,,0.0,0.0,12,20,60.0,236,47,0,0.0,0.0,0.0,0,0,0,0,1,19,1,1,0,0,0,0,0,0,0,0,12,1,0,1,0,0,0,,0,0,0,0,0,1,2,0,0,0.0,0,0,0,0,0,0,0,0.0,24,6,17,6,1,0,24,0,0,,0,,11,20,4,0,1,0,0,0,11,0,0,0,0,0,0,0,0,0,0,0,0,0,3,2,0,100.0,,,,,,,,,,,,,,,,,,,,,,,,,,,,,,,,2024-2025
1613,Alessandro Marcandalli,it ITA,DF,Venezia,it Serie A,21.0,2002.0,8,5,354,3.9,0,0,0,0,0,0,2,0,0.3,0.3,0.0,0.3,0.0,0.07,2,10,1,2,1,50.0,0.51,0.25,0.0,0.0,6.3,0,0,0,0.3,0.3,0.14,-0.3,-0.3,110,150,73.3,1891,791,0,0.0,0.0,0.0,0,10,0,0,10,138,11,3,0,1,0,8,0,0,0,0,110,8,6,6,2,0,6,50.0,3,6,3,3,2,10,26,0,1,0.25,1,0,0,0,0,0,0,0.0,200,18,84,105,12,4,200,1,0,0.0,1,100.0,89,367,156,2,2,0,4,0,101,1,2,0,0,9,0,0,0,2,6,0,1,0,16,12,12,50.0,,,,,,,,,,,,,,,,,,,,,,,,,,,,,,,,2024-2025
1614,Marcão,br BRA,DF,Sevilla,es La Liga,28.0,1996.0,12,6,552,6.1,0,0,0,0,0,0,6,1,0.0,0.0,0.0,0.0,0.0,0.0,0,19,1,0,0,,0.0,0.0,,,,0,0,0,0.0,0.0,,0.0,0.0,284,315,90.2,5073,2049,0,0.0,0.1,0.0,0,14,0,0,19,296,18,10,0,0,0,0,0,0,0,0,284,10,7,6,4,0,5,60.0,2,9,6,3,7,17,29,1,2,0.33,2,0,0,0,0,0,0,0.0,382,58,234,143,6,3,382,5,2,40.0,1,20.0,216,987,415,0,0,0,4,3,247,1,6,1,1,9,10,0,0,7,7,0,1,0,27,14,5,73.7,,,,,,,,,,,,,,,,,,,,,,,,,,,,,,,,2024-2025
1615,Solly March,eng ENG,"FW,MF",Brighton,eng Premier League,30.0,1994.0,8,1,168,1.9,0,0,0,0,0,0,2,0,0.1,0.1,0.3,0.4,0.0,0.19,5,2,20,2,0,0.0,1.07,0.0,0.0,,22.5,0,0,0,0.1,0.1,0.04,-0.1,-0.1,60,95,63.2,990,222,0,0.3,0.3,-0.3,3,2,4,4,2,81,14,1,0,1,20,6,6,3,2,1,60,6,3,2,2,2,8,62.5,3,3,0,3,2,8,2,1,7,3.77,6,1,0,0,0,0,2,1.08,118,3,12,33,73,7,118,4,1,25.0,3,75.0,57,398,167,5,2,3,3,1,67,20,2,0,0,2,2,3,20,2,3,0,0,0,7,1,2,33.3,,,,,,,,,,,,,,,,,,,,,,,,,,,,,,,,2024-2025
1616,Filip Marchwiński,pl POL,MF,Lecce,it Serie A,22.0,2002.0,1,0,15,0.2,0,0,0,0,0,0,0,0,0.0,0.0,0.0,0.0,0.0,0.0,0,0,0,0,0,,0.0,0.0,,,,0,0,0,0.0,0.0,,0.0,0.0,4,5,80.0,60,6,0,0.0,0.0,0.0,0,0,0,0,0,5,0,0,0,0,0,0,0,0,0,0,4,0,0,0,0,0,0,,0,0,0,0,0,0,0,0,0,0.0,0,0,0,0,0,0,0,0.0,5,0,0,2,3,0,5,0,0,,0,,3,6,1,0,0,0,0,0,4,0,0,0,0,0,1,0,0,0,0,0,0,0,1,0,0,,,,,,,,,,,,,,,,,,,,,,,,,,,,,,,,,2024-2025
1617,Óscar de Marcos,es ESP,DF,Athletic Club,es La Liga,35.0,1989.0,26,17,1564,17.4,0,4,4,0,0,0,0,0,1.0,1.0,2.6,3.6,0.23,0.21,26,102,78,8,2,25.0,0.46,0.12,0.0,0.0,19.7,0,0,0,1.0,1.0,0.12,-1.0,-1.0,800,1010,79.2,14337,5393,4,2.6,2.2,1.4,19,101,25,16,102,793,213,21,4,2,55,192,0,0,0,0,800,32,15,15,13,4,37,56.8,16,17,1,16,16,48,35,0,47,2.7,43,3,0,0,1,0,8,0.46,1158,36,303,573,288,16,1158,17,4,23.5,11,64.7,478,2003,1036,26,24,2,11,7,627,78,0,0,0,16,5,1,55,16,15,0,0,0,89,8,12,40.0,,,,,,,,,,,,,,,,,,,,,,,,,,,,,,,,2024-2025
1618,Alberto Marí,es ESP,FW,Valencia,es La Liga,23.0,2001.0,1,0,7,0.1,0,0,0,0,0,0,0,0,0.0,0.0,0.0,0.0,0.0,0.0,0,1,2,0,0,,0.0,0.0,,,,0,0,0,0.0,0.0,,0.0,0.0,2,4,50.0,33,7,0,0.0,0.0,0.0,0,0,0,0,1,4,0,0,0,0,0,0,0,0,0,0,2,0,0,0,0,0,0,,0,0,0,0,0,0,0,0,1,12.86,1,0,0,0,0,0,0,0.0,4,0,0,3,1,0,4,0,0,,0,,2,11,10,0,0,0,0,0,4,2,0,0,0,1,0,0,0,0,0,0,0,0,0,0,0,,,,,,,,,,,,,,,,,,,,,,,,,,,,,,,,,2024-2025
1619,Pablo Marí,es ESP,DF,Monza,it Serie A,30.0,1993.0,19,19,1628,18.1,0,0,0,0,0,0,4,1,0.2,0.2,0.1,0.3,0.0,0.01,5,58,1,2,0,0.0,0.11,0.0,0.0,,9.3,0,0,0,0.2,0.2,0.08,-0.2,-0.2,997,1112,89.7,19296,6940,0,0.1,0.1,-0.1,3,50,0,0,58,1020,89,41,0,5,1,2,0,0,0,0,997,26,15,14,12,0,21,52.4,10,24,21,3,37,63,85,2,16,0.88,15,0,0,0,0,1,1,0.06,1296,228,753,534,12,5,1296,6,6,100.0,0,0.0,765,3398,1700,5,4,0,4,5,861,1,4,1,1,27,5,0,1,37,15,0,1,0,59,40,21,65.6,,,,,,,,,,,,,,,,,,,,,,,,,,,,,,,,2024-2025
1620,Pablo Marí,es ESP,DF,Fiorentina,it Serie A,30.0,1993.0,13,12,1098,12.2,0,0,0,0,0,0,2,0,0.1,0.1,0.0,0.1,0.0,0.01,2,27,0,5,1,20.0,0.41,0.08,0.0,0.0,21.6,0,0,0,0.1,0.1,0.03,-0.1,-0.1,565,619,91.3,10152,3710,0,0.0,0.1,0.0,0,31,0,0,27,594,21,13,0,0,0,2,0,0,0,0,565,14,9,11,3,0,11,54.5,5,19,14,5,25,39,94,0,10,0.82,9,0,0,1,0,0,0,0.0,784,134,447,319,21,5,784,1,0,0.0,1,100.0,409,1528,596,2,4,0,0,2,467,0,2,0,0,14,5,0,0,25,9,0,0,0,39,31,12,72.1,,,,,,,,,,,,,,,,,,,,,,,,,,,,,,,,2024-2025
1621,José María Giménez,uy URU,DF,Atlético Madrid,es La Liga,29.0,1995.0,27,20,1999,22.2,0,1,1,0,0,0,5,0,0.4,0.4,0.2,0.7,0.05,0.03,3,64,1,5,1,20.0,0.23,0.05,0.0,0.0,8.6,0,0,0,0.4,0.4,0.09,-0.4,-0.4,1250,1362,91.8,25411,9603,1,0.2,0.3,0.8,2,61,0,0,64,1283,78,54,1,18,0,5,0,0,0,0,1250,26,16,18,8,0,28,60.7,11,29,19,10,27,53,115,2,7,0.32,7,0,0,0,0,0,1,0.05,1582,272,822,735,30,11,1582,3,2,66.7,1,33.3,1006,4430,2336,3,2,0,6,3,1094,1,5,0,0,13,12,0,0,27,16,0,0,1,78,38,37,50.7,,,,,,,,,,,,,,,,,,,,,,,,,,,,,,,,2024-2025
1622,Luca Marianucci,it ITA,DF,Empoli,it Serie A,20.0,2004.0,18,12,1069,11.9,0,0,0,0,0,0,0,1,0.6,0.6,0.2,0.8,0.0,0.07,12,28,3,8,2,25.0,0.67,0.17,0.0,0.0,18.6,0,0,0,0.6,0.6,0.08,-0.6,-0.6,354,461,76.8,7473,3116,0,0.2,0.2,-0.2,3,29,2,1,28,414,43,18,0,9,7,17,0,0,0,0,354,28,12,17,11,0,19,57.9,8,16,8,8,19,47,63,1,12,1.01,6,2,2,2,0,0,0,0.0,609,64,290,286,35,5,609,10,5,50.0,3,30.0,299,1326,722,12,5,0,7,3,311,3,0,1,0,11,5,0,7,19,12,0,0,0,43,28,33,45.9,,,,,,,,,,,,,,,,,,,,,,,,,,,,,,,,2024-2025
1623,Mirko Marić,hr CRO,"FW,MF",Monza,it Serie A,29.0,1995.0,8,1,106,1.2,0,0,0,0,0,0,0,0,0.2,0.2,0.0,0.2,0.0,0.19,1,3,8,1,0,0.0,0.85,0.0,0.0,,16.0,0,0,0,0.2,0.2,0.18,-0.2,-0.2,26,41,63.4,384,111,0,0.0,0.1,0.0,1,1,3,1,3,40,1,0,0,0,2,1,0,0,0,0,26,1,0,1,0,0,2,50.0,1,1,1,0,1,2,1,0,2,1.68,2,0,0,0,0,0,0,0.0,54,1,9,26,19,6,54,1,1,100.0,0,0.0,25,103,51,1,0,0,3,1,40,8,0,0,0,2,2,0,2,1,0,0,0,0,4,6,12,33.3,,,,,,,,,,,,,,,,,,,,,,,,,,,,,,,,2024-2025
1624,Mirko Marić,hr CRO,FW,Venezia,it Serie A,29.0,1995.0,10,4,356,4.0,0,0,0,0,0,0,0,0,0.6,0.6,0.0,0.6,0.0,0.16,4,9,27,6,0,0.0,1.52,0.0,0.0,,13.6,0,0,0,0.6,0.6,0.1,-0.6,-0.6,85,114,74.6,1122,251,0,0.0,0.1,0.0,2,9,1,0,9,106,7,1,0,0,3,2,0,0,0,0,85,6,3,5,1,0,5,40.0,3,3,1,2,1,7,10,0,9,2.27,8,0,0,1,0,0,0,0.0,161,11,24,79,60,12,161,6,2,33.3,4,66.7,83,292,136,4,5,0,12,5,110,27,0,0,0,3,4,3,3,1,3,0,0,0,11,13,22,37.1,,,,,,,,,,,,,,,,,,,,,,,,,,,,,,,,2024-2025
1625,Arkaitz Mariezkurrena,es ESP,"FW,MF",Real Sociedad,es La Liga,19.0,2005.0,9,1,241,2.7,2,0,2,2,0,0,1,0,1.0,1.0,0.1,1.1,0.75,0.41,3,4,12,10,5,50.0,3.73,1.87,0.2,0.4,16.9,0,0,0,1.0,1.0,0.1,1.0,1.0,47,68,69.1,662,125,0,0.1,0.2,-0.1,2,1,4,1,4,65,3,1,0,0,5,0,0,0,0,0,47,1,0,1,0,0,4,0.0,4,4,1,3,1,2,4,0,7,2.61,4,0,2,1,0,0,1,0.37,105,5,22,38,46,8,105,5,3,60.0,2,40.0,60,222,100,3,1,1,9,6,68,12,1,0,0,13,1,0,5,1,0,0,0,0,10,4,3,57.1,,,,,,,,,,,,,,,,,,,,,,,,,,,,,,,,2024-2025
1626,Rafa Marín,es ESP,DF,Napoli,it Serie A,22.0,2002.0,4,1,142,1.6,0,0,0,0,0,0,1,0,0.2,0.2,0.0,0.2,0.0,0.14,2,5,0,2,1,50.0,1.27,0.63,0.0,0.0,16.6,0,0,0,0.2,0.2,0.11,-0.2,-0.2,115,118,97.5,2493,903,0,0.0,0.0,0.0,0,4,0,0,5,113,5,4,0,3,0,0,0,0,0,0,115,1,0,1,0,0,2,50.0,1,1,1,0,1,2,4,0,0,0.0,0,0,0,0,0,0,0,0.0,131,10,56,72,4,2,131,0,0,,0,,78,355,188,2,2,0,1,0,108,0,1,0,0,2,2,0,0,1,0,0,0,0,4,2,2,50.0,,,,,,,,,,,,,,,,,,,,,,,,,,,,,,,,2024-2025
1627,Pablo Marín,es ESP,MF,Real Sociedad,es La Liga,21.0,2003.0,23,14,1239,13.8,1,2,3,1,0,0,3,0,1.4,1.4,1.0,2.4,0.22,0.17,20,45,47,21,7,33.3,1.53,0.51,0.05,0.14,18.5,0,0,0,1.4,1.4,0.07,-0.4,-0.4,374,467,80.1,5952,1090,2,1.0,0.8,1.0,14,38,9,2,45,453,12,3,2,0,12,0,0,0,0,0,374,25,17,6,13,6,19,52.6,9,12,3,9,5,30,14,0,26,1.89,22,0,2,0,2,0,2,0.15,641,20,101,348,202,24,641,35,20,57.1,13,37.1,349,1703,753,20,20,6,40,17,419,47,3,0,0,19,16,0,12,5,17,0,1,0,62,18,26,40.9,,,,,,,,,,,,,,,,,,,,,,,,,,,,,,,,2024-2025
1628,Răzvan Marin,ro ROU,MF,Cagliari,it Serie A,28.0,1996.0,33,13,1406,15.6,3,2,5,1,2,2,4,0,2.4,0.8,3.6,4.5,0.19,0.39,22,84,29,21,8,38.1,1.34,0.51,0.05,0.13,25.6,2,2,2,2.4,0.8,0.04,0.6,0.2,564,741,76.1,10324,3201,2,3.6,3.5,-1.6,34,56,20,2,84,643,96,47,5,4,77,4,44,3,39,0,564,22,13,8,11,3,25,52.0,12,7,0,7,2,24,20,2,62,3.97,34,21,1,4,1,1,2,0.13,860,20,168,462,241,22,858,24,13,54.2,11,45.8,471,2414,1106,22,19,4,18,16,544,29,4,0,0,25,13,0,77,2,13,0,0,0,70,9,17,34.6,,,,,,,,,,,,,,,,,,,,,,,,,,,,,,,,2024-2025
1629,Guillermo Maripán,cl CHI,DF,Torino,it Serie A,30.0,1994.0,28,27,2340,26.0,1,1,2,1,0,0,4,1,0.9,0.9,1.0,2.0,0.08,0.08,14,96,9,12,5,41.7,0.46,0.19,0.08,0.2,12.8,0,0,0,0.9,0.9,0.08,0.1,0.1,1151,1333,86.3,23605,8277,1,1.0,0.9,0.0,5,79,5,0,96,1286,42,37,2,6,2,4,0,0,0,0,1151,40,23,25,14,1,33,63.6,12,27,13,14,41,81,138,1,19,0.73,15,1,0,3,0,0,2,0.08,1636,159,770,822,56,23,1636,8,2,25.0,6,75.0,962,4714,2538,14,11,2,19,5,1044,9,4,1,0,29,8,1,2,41,23,0,0,0,90,72,47,60.5,,,,,,,,,,,,,,,,,,,,,,,,,,,,,,,,2024-2025
1630,Mika Mármol,es ESP,DF,Las Palmas,es La Liga,23.0,2001.0,30,27,2399,26.7,0,1,1,0,0,0,5,0,0.4,0.4,1.5,1.9,0.04,0.07,33,106,62,10,0,0.0,0.38,0.0,0.0,,15.9,0,0,0,0.4,0.4,0.04,-0.4,-0.4,1112,1495,74.4,20092,8991,1,1.5,2.0,-0.5,16,119,16,7,106,1264,227,30,0,7,57,192,0,0,0,0,1112,61,29,35,24,2,52,65.4,18,46,14,32,38,99,121,2,39,1.46,34,4,0,1,0,0,4,0.15,1820,145,681,890,257,16,1820,15,7,46.7,8,53.3,793,3825,2342,33,26,1,15,5,1065,62,5,0,0,33,8,3,57,38,29,0,1,0,78,28,21,57.1,,,,,,,,,,,,,,,,,,,,,,,,,,,,,,,,2024-2025
1631,Omar Marmoush,eg EGY,"FW,MF",Manchester City,eng Premier League,25.0,1999.0,16,14,1175,13.1,7,0,7,7,0,0,0,0,5.5,5.5,2.8,8.3,0.54,0.64,29,37,78,49,17,34.7,3.75,1.3,0.14,0.41,18.6,7,0,0,5.5,5.5,0.11,1.5,1.5,252,318,79.2,3443,849,0,2.8,2.1,-2.8,15,10,29,4,37,291,24,4,2,0,28,1,14,8,3,0,252,13,8,2,9,2,16,50.0,8,15,1,14,6,19,3,0,39,2.99,22,3,2,5,7,0,2,0.15,504,6,34,152,326,68,504,46,20,43.5,21,45.7,320,1975,960,29,20,15,45,19,361,78,0,0,0,15,20,10,28,6,8,1,0,0,37,5,11,31.3,,,,,,,,,,,,,,,,,,,,,,,,,,,,,,,,2024-2025
1633,Mario Maroto,es ESP,MF,Valladolid,es La Liga,20.0,2003.0,2,0,64,0.7,0,1,1,0,0,0,0,0,0.0,0.0,0.1,0.1,1.41,0.12,0,2,0,1,0,0.0,1.41,0.0,0.0,,28.1,0,0,0,0.0,0.0,0.02,0.0,0.0,31,41,75.6,568,112,1,0.1,0.0,0.9,1,3,0,0,2,39,2,0,0,0,2,0,2,2,0,0,31,0,0,0,0,0,2,0.0,2,0,0,0,2,2,2,0,2,2.81,2,0,0,0,0,0,1,1.41,49,1,9,29,11,1,49,1,1,100.0,0,0.0,22,96,18,0,2,0,1,0,31,0,0,0,0,2,0,0,2,2,0,0,0,0,2,1,1,50.0,,,,,,,,,,,,,,,,,,,,,,,,,,,,,,,,2024-2025
1635,Unai Marrero,es ESP,GK,Real Sociedad,es La Liga,22.0,2001.0,2,2,180,2.0,0,0,0,0,0,0,0,0,0.0,0.0,0.0,0.0,0.0,0.0,0,0,0,0,0,,0.0,0.0,,,,0,0,0,0.0,0.0,,0.0,0.0,46,57,80.7,1155,682,0,0.0,0.0,0.0,0,0,0,0,0,37,19,4,0,0,0,0,0,0,0,0,46,0,0,0,0,0,0,,0,0,0,0,0,0,1,0,0,0.0,0,0,0,0,0,0,0,0.0,66,61,66,0,0,0,66,0,0,,0,,29,105,48,0,0,0,0,0,26,0,0,0,0,0,0,0,0,0,0,0,0,0,1,0,0,,3.0,1.5,12.0,8.0,75.0,0.0,0.0,2.0,0.0,0.0,1.0,0.0,1.0,0.0,3.5,0.22,0.5,0.26,7.0,16.0,43.8,41.0,11.0,24.4,28.3,21.0,1.0,4.8,3.0,1.5,16.8,2024-2025
1637,Aarón Martín,es ESP,DF,Genoa,it Serie A,27.0,1997.0,36,35,3085,34.3,0,8,8,0,0,0,5,0,0.9,0.9,5.5,6.4,0.23,0.19,50,90,108,16,4,25.0,0.47,0.12,0.0,0.0,23.6,5,0,0,0.9,0.9,0.06,-0.9,-0.9,1221,1685,72.5,23065,8738,8,5.5,6.1,2.5,65,77,30,21,90,1226,454,93,0,3,256,255,106,47,54,0,1221,71,47,41,26,4,51,64.7,18,33,11,22,19,90,73,1,95,2.77,42,48,2,1,2,0,13,0.38,1951,87,566,802,608,20,1951,27,12,44.4,12,44.4,878,4829,2293,50,31,4,22,17,1039,108,5,0,0,38,28,4,256,19,47,0,1,0,146,20,33,37.7,,,,,,,,,,,,,,,,,,,,,,,,,,,,,,,,2024-2025
1638,Carlos Martín,es ESP,"FW,MF",Alavés,es La Liga,22.0,2002.0,26,16,1333,14.8,2,2,4,2,0,0,3,0,2.3,2.3,2.7,5.0,0.27,0.34,13,21,67,26,12,46.2,1.76,0.81,0.08,0.17,17.0,0,0,0,2.3,2.3,0.09,-0.3,-0.3,261,400,65.3,3767,914,2,2.7,1.4,-0.7,13,15,7,4,21,394,6,2,4,2,24,4,0,0,0,0,261,43,21,18,16,9,49,26.5,36,30,1,29,5,48,20,0,29,1.96,20,0,3,4,2,0,3,0.2,612,21,117,265,236,40,612,36,9,25.0,26,72.2,305,1180,507,13,11,4,32,19,375,67,3,0,0,32,28,6,24,5,21,0,0,0,55,15,19,44.1,,,,,,,,,,,,,,,,,,,,,,,,,,,,,,,,2024-2025
1639,Diego Martín,es ESP,FW,Las Palmas,es La Liga,20.0,2003.0,2,0,40,0.4,0,0,0,0,0,0,0,0,0.0,0.0,0.0,0.0,0.0,0.08,1,2,5,1,0,0.0,2.25,0.0,0.0,,28.9,0,0,0,0.0,0.0,0.04,0.0,0.0,8,15,53.3,123,40,0,0.0,0.0,0.0,0,1,0,0,2,15,0,0,0,0,4,0,0,0,0,0,8,1,1,0,0,1,1,100.0,0,0,0,0,0,1,1,0,2,4.5,0,0,0,0,1,1,0,0.0,19,0,3,7,9,1,19,0,0,,0,,10,36,24,1,0,0,0,0,12,5,0,0,0,0,1,0,4,0,1,0,0,0,1,0,3,0.0,,,,,,,,,,,,,,,,,,,,,,,,,,,,,,,,2024-2025
1640,Gerard Martín,es ESP,DF,Barcelona,es La Liga,22.0,2002.0,28,11,1038,11.5,1,3,4,1,0,0,2,0,0.5,0.5,1.1,1.6,0.35,0.14,10,40,122,7,2,28.6,0.61,0.17,0.14,0.5,16.6,0,0,0,0.5,0.5,0.07,0.5,0.5,656,789,83.1,9965,2760,3,1.1,1.7,1.9,12,27,16,4,40,682,106,11,1,1,36,95,0,0,0,0,656,22,10,10,7,5,16,68.8,5,16,2,14,13,35,27,0,27,2.34,26,0,0,0,1,0,3,0.26,909,29,203,384,326,19,909,11,4,36.4,7,63.6,413,1438,720,10,12,1,7,4,586,122,2,0,0,14,9,0,36,13,10,0,0,0,42,14,6,70.0,,,,,,,,,,,,,,,,,,,,,,,,,,,,,,,,2024-2025
1641,Iván Martín,es ESP,MF,Girona,es La Liga,25.0,1999.0,32,24,2039,22.7,1,1,2,1,0,0,1,0,1.8,1.8,1.9,3.6,0.09,0.16,57,131,76,11,3,27.3,0.49,0.13,0.09,0.33,19.1,0,0,0,1.8,1.8,0.16,-0.8,-0.8,1251,1387,90.2,19711,3825,1,1.9,2.1,-0.9,22,101,15,3,131,1360,26,17,1,1,21,9,0,0,0,0,1251,32,19,14,14,4,34,44.1,19,20,6,14,11,43,15,1,56,2.47,53,0,0,2,1,0,4,0.18,1577,35,285,902,412,18,1577,47,25,53.2,16,34.0,1044,6536,3039,57,55,1,43,27,1264,76,1,0,0,21,14,4,21,11,19,0,0,0,110,4,18,18.2,,,,,,,,,,,,,,,,,,,,,,,,,,,,,,,,2024-2025
1642,Jon Martin,es ESP,DF,Real Sociedad,es La Liga,18.0,2006.0,13,6,904,10.0,0,1,1,0,0,0,2,0,0.6,0.6,0.2,0.8,0.1,0.08,4,34,0,9,1,11.1,0.9,0.1,0.0,0.0,10.2,0,0,0,0.6,0.6,0.07,-0.6,-0.6,468,539,86.8,9130,2975,1,0.2,0.2,0.8,4,19,2,0,34,527,12,12,0,1,0,0,0,0,0,0,468,11,9,7,3,1,9,66.7,3,13,9,4,7,18,80,1,8,0.8,6,0,0,2,0,0,1,0.1,677,99,381,278,20,13,677,0,0,,0,,375,1871,1034,4,1,0,8,0,432,0,2,0,0,20,0,0,0,7,9,0,0,0,22,53,9,85.5,,,,,,,,,,,,,,,,,,,,,,,,,,,,,,,,2024-2025
1644,Mario Martín,es ESP,MF,Valladolid,es La Liga,20.0,2004.0,30,20,1748,19.4,0,1,1,0,0,0,8,3,1.8,1.8,1.4,3.2,0.05,0.16,18,66,22,28,13,46.4,1.44,0.67,0.0,0.0,21.4,0,0,0,1.8,1.8,0.06,-1.8,-1.8,677,801,84.5,11986,2955,1,1.4,1.2,-0.4,12,52,3,1,66,761,38,25,2,4,11,2,1,1,0,0,677,62,32,31,27,4,49,42.9,28,32,7,25,21,83,46,7,33,1.7,20,1,3,3,6,0,1,0.05,1083,80,349,582,164,25,1083,38,19,50.0,15,39.5,558,3114,1352,18,16,2,37,23,673,22,8,3,1,50,44,1,11,21,32,0,1,0,83,31,34,47.7,,,,,,,,,,,,,,,,,,,,,,,,,,,,,,,,2024-2025
1645,Gabriel Martinelli,br BRA,"FW,MF",Arsenal,eng Premier League,23.0,2001.0,33,25,2290,25.4,8,4,12,8,0,0,1,0,7.4,7.4,5.0,12.4,0.47,0.49,124,52,289,55,24,43.6,2.16,0.94,0.15,0.33,12.9,0,0,0,7.4,7.4,0.14,0.6,0.6,499,699,71.4,7113,1534,4,5.0,4.7,-1.0,40,11,37,15,52,679,15,0,5,2,92,12,3,3,0,0,499,23,15,9,6,8,23,30.4,16,15,0,15,5,28,19,0,74,2.91,55,1,8,7,3,0,7,0.27,994,17,102,247,660,182,994,109,33,30.3,60,55.0,670,4985,2620,124,33,64,50,38,752,289,1,0,0,16,21,8,92,5,15,0,0,0,78,17,39,30.4,,,,,,,,,,,,,,,,,,,,,,,,,,,,,,,,2024-2025
1646,Arnau Martinez,es ESP,"DF,MF",Girona,es La Liga,21.0,2003.0,32,30,2624,29.2,2,2,4,2,0,0,3,0,1.2,1.2,2.2,3.5,0.14,0.12,41,162,102,19,6,31.6,0.65,0.21,0.11,0.33,15.4,0,0,0,1.2,1.2,0.07,0.8,0.8,1603,1855,86.4,25826,6911,2,2.2,1.8,-0.2,18,155,14,4,162,1590,258,44,6,5,58,213,1,0,1,0,1603,51,28,30,15,6,63,50.8,31,18,6,12,31,82,76,2,56,1.92,45,3,3,2,2,1,6,0.21,2108,89,625,1009,488,55,2108,37,20,54.1,14,37.8,1183,5730,2704,41,31,5,25,14,1402,102,3,0,0,20,37,2,58,31,28,0,1,0,125,29,22,56.9,,,,,,,,,,,,,,,,,,,,,,,,,,,,,,,,2024-2025
1647,Emiliano Martínez,ar ARG,GK,Aston Villa,eng Premier League,31.0,1992.0,37,37,3194,35.5,0,0,0,0,0,0,5,1,0.0,0.0,0.5,0.5,0.0,0.02,0,4,0,0,0,,0.0,0.0,,,,0,0,0,0.0,0.0,,0.0,0.0,1091,1387,78.7,28659,17513,0,0.5,0.1,-0.5,2,27,0,0,4,1117,263,91,0,2,0,0,0,0,0,0,1091,3,3,3,0,0,2,100.0,0,1,0,1,0,3,17,6,6,0.17,5,1,0,0,0,0,1,0.03,1449,1095,1429,20,0,0,1449,1,1,100.0,0,0.0,889,4616,2936,0,0,0,1,0,784,0,5,1,0,2,6,0,0,0,3,0,0,0,34,10,1,90.9,45.0,1.27,142.0,96.0,69.0,18.0,9.0,10.0,8.0,21.6,2.0,1.0,1.0,0.0,45.8,0.32,0.8,0.02,162.0,420.0,38.6,1208.0,132.0,26.3,30.4,498.0,56.0,11.2,35.0,0.99,13.7,2024-2025
1648,Iñigo Martínez,es ESP,DF,Barcelona,es La Liga,33.0,1991.0,28,28,2490,27.7,0,4,4,0,0,0,5,0,0.5,0.5,2.6,3.1,0.14,0.11,70,260,11,13,2,15.4,0.47,0.07,0.0,0.0,13.5,0,0,0,0.5,0.5,0.04,-0.5,-0.5,2217,2435,91.0,41890,14576,4,2.6,1.8,1.4,16,259,9,1,260,2316,116,94,3,34,8,7,0,0,0,0,2217,25,14,20,5,0,22,72.7,6,18,7,11,18,43,108,1,45,1.63,38,1,1,3,2,0,9,0.33,2652,146,875,1629,156,26,2652,3,3,100.0,0,0.0,1711,10196,7336,70,53,0,11,3,2003,11,5,0,0,18,28,0,8,18,14,1,0,0,126,58,33,63.7,,,,,,,,,,,,,,,,,,,,,,,,,,,,,,,,2024-2025
1649,Javi Martínez,es ESP,MF,Osasuna,es La Liga,24.0,1999.0,1,0,6,0.1,0,0,0,0,0,0,0,0,0.0,0.0,0.0,0.0,0.0,0.0,0,1,0,0,0,,0.0,0.0,,,,0,0,0,0.0,0.0,,0.0,0.0,9,9,100.0,126,55,0,0.0,0.0,0.0,0,1,0,0,1,9,0,0,0,0,0,0,0,0,0,0,9,0,0,0,0,0,0,,0,0,0,0,0,0,0,0,0,0.0,0,0,0,0,0,0,0,0.0,10,0,2,8,0,0,10,0,0,,0,,6,16,2,0,0,0,0,0,10,0,0,0,0,0,0,0,0,0,0,0,0,0,0,0,0,,,,,,,,,,,,,,,,,,,,,,,,,,,,,,,,,2024-2025
1650,Josep Martinez,es ESP,GK,Inter,it Serie A,26.0,1998.0,5,5,450,5.0,0,0,0,0,0,0,0,0,0.0,0.0,0.1,0.1,0.0,0.02,0,0,0,0,0,,0.0,0.0,,,,0,0,0,0.0,0.0,,0.0,0.0,206,241,85.5,5110,3113,0,0.1,0.0,-0.1,1,0,0,0,0,206,35,10,0,1,0,0,0,0,0,0,206,0,0,0,0,0,0,,0,0,0,0,0,0,0,0,1,0.2,0,1,0,0,0,0,0,0.0,246,218,245,1,0,0,246,0,0,,0,,176,619,344,0,0,0,0,0,179,0,0,0,0,0,1,0,0,0,0,0,0,0,4,1,0,100.0,3.0,0.6,14.0,11.0,78.6,4.0,1.0,0.0,3.0,60.0,0.0,0.0,0.0,0.0,4.1,0.31,1.1,0.23,23.0,51.0,45.1,216.0,15.0,20.4,28.6,81.0,3.0,3.7,3.0,0.6,15.8,2024-2025
1651,Lautaro Martínez,ar ARG,FW,Inter,it Serie A,26.0,1997.0,30,30,2474,27.5,12,3,15,12,0,0,1,0,13.5,13.5,4.3,17.8,0.55,0.62,34,68,197,99,33,33.3,3.6,1.2,0.12,0.36,13.8,0,0,0,13.5,13.5,0.13,-1.5,-1.5,472,634,74.4,7494,1609,3,4.3,4.3,-1.3,36,41,22,1,68,596,30,3,9,10,11,2,0,0,0,0,472,30,16,10,12,8,25,52.0,12,21,3,18,10,40,15,0,77,2.7,58,0,2,12,4,1,8,0.28,981,15,84,413,494,162,981,47,17,36.2,25,53.2,625,2739,1101,34,27,12,70,54,754,197,1,0,0,41,40,22,11,10,16,0,0,0,73,35,38,47.9,,,,,,,,,,,,,,,,,,,,,,,,,,,,,,,,2024-2025
1652,Lisandro Martínez,ar ARG,DF,Manchester Utd,eng Premier League,26.0,1998.0,20,20,1751,19.5,2,1,3,2,0,0,7,0,1.3,1.3,1.1,2.4,0.15,0.13,23,117,7,17,6,35.3,0.87,0.31,0.12,0.33,15.9,0,0,0,1.3,1.3,0.08,0.7,0.7,1200,1342,89.4,20292,7055,1,1.1,1.3,-0.1,9,91,18,2,117,1285,54,15,5,3,9,16,0,0,0,0,1200,40,24,25,12,3,36,58.3,15,22,8,14,32,72,57,1,26,1.34,23,0,0,2,0,1,2,0.1,1524,156,713,697,125,18,1524,7,6,85.7,1,14.3,1017,5141,3129,23,23,2,1,3,1069,7,7,0,0,22,7,0,9,32,24,0,0,0,81,16,13,55.2,,,,,,,,,,,,,,,,,,,,,,,,,,,,,,,,2024-2025
1653,Lucas Martínez Quarta,ar ARG,DF,Fiorentina,it Serie A,28.0,1996.0,8,4,351,3.9,1,0,1,1,0,0,1,0,0.7,0.7,0.0,0.7,0.26,0.19,3,14,2,3,1,33.3,0.77,0.26,0.33,1.0,12.7,0,0,0,0.7,0.7,0.24,0.3,0.3,226,255,88.6,4391,1769,0,0.0,0.1,0.0,1,15,0,0,14,243,11,7,0,3,0,4,0,0,0,0,226,12,7,9,3,0,13,61.5,5,5,2,3,3,15,25,1,4,1.03,4,0,0,0,0,0,0,0.0,316,39,157,139,21,6,316,2,2,100.0,0,0.0,181,1010,589,3,2,1,5,1,208,2,1,0,0,8,2,0,0,3,7,0,0,0,13,12,10,54.5,,,,,,,,,,,,,,,,,,,,,,,,,,,,,,,,2024-2025
1654,Ramón Martínez,es ESP,DF,Sevilla,es La Liga,21.0,2002.0,5,2,261,2.9,1,0,1,1,0,0,0,0,0.3,0.3,0.1,0.4,0.34,0.14,1,5,2,4,3,75.0,1.38,1.03,0.25,0.33,11.8,0,0,0,0.3,0.3,0.08,0.7,0.7,119,130,91.5,2397,541,0,0.1,0.0,-0.1,1,10,0,0,5,120,10,2,0,0,0,8,0,0,0,0,119,6,3,5,1,0,5,60.0,2,2,1,1,2,8,23,0,6,2.07,6,0,0,0,0,0,0,0.0,167,26,83,75,9,3,167,1,1,100.0,0,0.0,85,384,204,1,1,0,1,1,108,2,0,0,0,1,1,0,0,2,3,0,0,0,5,7,3,70.0,,,,,,,,,,,,,,,,,,,,,,,,,,,,,,,,2024-2025
1655,Toni Martínez,es ESP,FW,Alavés,es La Liga,27.0,1997.0,28,9,1012,11.2,4,0,4,4,0,0,1,0,3.6,3.6,0.6,4.2,0.36,0.37,13,11,57,46,15,32.6,4.09,1.33,0.09,0.27,17.1,0,0,0,3.6,3.6,0.08,0.4,0.4,140,240,58.3,1676,280,0,0.6,0.9,-0.6,11,11,4,1,11,227,10,0,2,3,7,1,0,0,0,0,140,12,7,5,4,3,8,50.0,4,8,2,6,1,13,15,0,27,2.4,16,0,5,2,2,2,1,0.09,401,15,34,171,203,70,401,15,9,60.0,5,33.3,162,801,270,13,9,7,41,11,272,57,1,0,0,17,13,8,7,1,7,0,1,0,30,79,68,53.7,,,,,,,,,,,,,,,,,,,,,,,,,,,,,,,,2024-2025
1656,Kevin Martins,it ITA,"MF,DF",Monza,it Serie A,19.0,2005.0,9,1,183,2.0,0,1,1,0,0,0,1,0,0.0,0.0,0.4,0.4,0.49,0.19,3,6,10,0,0,,0.0,0.0,,,,0,0,0,0.0,0.0,,0.0,0.0,38,56,67.9,633,139,1,0.4,0.2,0.6,2,6,1,1,6,51,5,0,0,0,6,5,0,0,0,0,38,5,4,3,2,0,6,50.0,3,1,0,1,1,6,4,1,2,0.98,2,0,0,0,0,0,1,0.49,80,3,30,30,22,2,80,6,4,66.7,2,33.3,51,344,144,3,2,2,8,1,49,10,1,0,0,3,4,0,6,1,4,0,0,0,12,2,1,66.7,,,,,,,,,,,,,,,,,,,,,,,,,,,,,,,,2024-2025
1657,Javi Martón,es ESP,"FW,MF",Athletic Club,es La Liga,25.0,1999.0,3,0,53,0.6,0,0,0,0,0,0,1,0,0.0,0.0,0.0,0.0,0.0,0.0,0,0,3,0,0,,0.0,0.0,,,,0,0,0,0.0,0.0,,0.0,0.0,6,7,85.7,68,2,0,0.0,0.0,0.0,0,1,0,0,0,7,0,0,0,0,0,0,0,0,0,0,6,0,0,0,0,0,0,,0,0,0,0,0,0,0,0,1,1.73,1,0,0,0,0,0,0,0.0,14,0,1,8,5,0,14,0,0,,0,,6,8,1,0,0,0,5,0,8,3,1,0,0,1,0,1,0,0,0,0,0,0,2,2,1,66.7,,,,,,,,,,,,,,,,,,,,,,,,,,,,,,,,2024-2025
1658,Adam Marušić,me MNE,DF,Lazio,it Serie A,31.0,1992.0,35,26,2337,26.0,4,0,4,4,0,0,1,0,2.0,2.0,0.6,2.6,0.15,0.1,23,84,108,23,10,43.5,0.89,0.39,0.17,0.4,15.4,0,0,0,2.0,2.0,0.09,2.0,2.0,1053,1240,84.9,16214,5156,0,0.6,0.6,-0.6,13,72,16,9,84,1044,195,26,0,3,54,169,0,0,0,0,1053,32,20,18,12,2,30,60.0,12,18,8,10,16,48,61,0,33,1.27,25,2,0,5,0,1,3,0.12,1433,76,410,697,341,31,1433,23,10,43.5,12,52.2,683,2521,1263,23,27,0,12,13,926,108,1,0,0,20,14,2,54,16,20,0,0,1,83,29,26,52.7,,,,,,,,,,,,,,,,,,,,,,,,,,,,,,,,2024-2025
1659,Marvin,es ESP,"DF,FW",Las Palmas,es La Liga,24.0,2000.0,23,9,1038,11.5,0,0,0,0,0,0,4,0,0.2,0.2,1.1,1.3,0.0,0.12,29,30,72,5,0,0.0,0.43,0.0,0.0,,13.7,0,0,0,0.2,0.2,0.04,-0.2,-0.2,370,502,73.7,6233,1918,0,1.1,1.2,-1.1,6,24,14,10,30,418,83,17,0,0,52,66,0,0,0,0,370,25,13,12,9,4,26,42.3,15,17,6,11,15,40,34,0,14,1.21,12,1,0,1,0,0,2,0.17,658,32,166,292,207,19,658,18,2,11.1,14,77.8,309,2037,879,29,20,1,26,8,347,72,4,0,0,20,17,0,52,15,13,0,1,0,53,10,17,37.0,,,,,,,,,,,,,,,,,,,,,,,,,,,,,,,,2024-2025
1660,Omar Mascarell,gq EQG,MF,Mallorca,es La Liga,31.0,1993.0,32,21,1992,22.1,1,0,1,1,0,0,5,1,0.5,0.5,0.2,0.7,0.05,0.03,10,75,12,9,2,22.2,0.41,0.09,0.11,0.5,16.8,0,0,0,0.5,0.5,0.05,0.5,0.5,809,963,84.0,14242,3936,0,0.2,0.3,-0.2,3,72,3,0,75,945,14,14,1,9,5,0,0,0,0,0,809,27,13,13,13,1,35,40.0,21,33,21,12,49,76,59,3,15,0.68,12,0,1,1,1,0,0,0.0,1189,98,374,719,107,10,1189,15,10,66.7,4,26.7,589,2750,1063,10,13,1,11,9,727,12,5,1,0,30,13,0,5,49,13,0,0,0,90,44,25,63.8,,,,,,,,,,,,,,,,,,,,,,,,,,,,,,,,2024-2025
1661,Adam Masina,ma MAR,DF,Torino,it Serie A,30.0,1994.0,28,20,1919,21.3,1,2,3,1,0,0,5,0,0.7,0.7,0.3,1.0,0.14,0.05,15,73,10,8,2,25.0,0.38,0.09,0.13,0.5,14.6,0,0,0,0.7,0.7,0.09,0.3,0.3,1066,1267,84.1,19972,7055,2,0.3,0.7,1.7,4,72,6,2,73,1198,66,27,1,8,14,25,0,0,0,0,1066,33,15,22,10,1,40,57.5,17,28,15,13,27,60,95,2,21,0.98,17,0,2,0,1,1,4,0.19,1502,187,660,768,80,12,1502,12,6,50.0,6,50.0,853,3907,2121,15,9,1,12,8,971,10,5,0,0,23,18,2,14,27,15,1,0,0,88,66,23,74.2,,,,,,,,,,,,,,,,,,,,,,,,,,,,,,,,2024-2025
1662,Patrizio Masini,it ITA,MF,Genoa,it Serie A,23.0,2001.0,26,16,1538,17.1,1,0,1,1,0,0,3,0,0.4,0.4,0.2,0.6,0.06,0.04,16,44,27,8,1,12.5,0.47,0.06,0.13,1.0,15.5,0,0,0,0.4,0.4,0.05,0.6,0.6,499,649,76.9,7915,1746,0,0.2,0.4,-0.2,6,29,4,3,44,622,27,21,2,4,26,3,0,0,0,0,499,54,29,18,26,10,40,47.5,21,26,8,18,15,69,37,0,24,1.4,18,0,1,0,5,0,3,0.18,878,44,211,514,165,22,878,25,10,40.0,9,36.0,391,1958,744,16,16,1,25,12,459,27,3,0,0,36,48,0,26,15,29,0,0,0,87,28,24,53.8,,,,,,,,,,,,,,,,,,,,,,,,,,,,,,,,2024-2025
1667,Jaime Mata,es ESP,"FW,MF",Las Palmas,es La Liga,35.0,1988.0,30,4,656,7.3,0,0,0,0,0,0,9,0,2.6,2.6,0.1,2.8,0.0,0.38,6,10,48,17,6,35.3,2.33,0.82,0.0,0.0,11.3,0,0,0,2.6,2.6,0.15,-2.6,-2.6,127,187,67.9,1817,282,0,0.1,0.3,-0.1,3,8,3,1,10,182,4,0,0,0,9,1,0,0,0,0,127,8,2,2,6,0,9,33.3,6,5,1,4,3,11,11,0,16,2.19,11,0,1,3,1,0,1,0.14,270,11,20,135,116,38,270,9,5,55.6,3,33.3,118,458,158,6,3,2,17,3,192,48,9,0,0,20,14,12,9,3,2,0,0,0,18,26,30,46.4,,,,,,,,,,,,,,,,,,,,,,,,,,,,,,,,2024-2025
1669,Pape Matar Sarr,sn SEN,MF,Tottenham,eng Premier League,21.0,2002.0,36,22,1913,21.3,3,2,5,3,0,0,6,0,3.7,3.7,1.6,5.3,0.24,0.25,33,88,53,34,13,38.2,1.6,0.61,0.09,0.23,20.9,0,0,0,3.7,3.7,0.11,-0.7,-0.7,889,1029,86.4,13609,3128,2,1.6,0.8,0.4,15,85,12,2,88,999,26,9,1,3,14,12,0,0,0,0,889,49,36,19,23,7,25,48.0,13,26,10,16,30,79,25,1,45,2.12,35,2,2,4,0,2,7,0.33,1253,47,274,699,302,28,1253,30,11,36.7,16,53.3,772,4547,1918,33,37,5,29,22,872,53,6,0,0,34,35,2,14,30,36,0,1,0,115,34,45,43.0,,,,,,,,,,,,,,,,,,,,,,,,,,,,,,,,2024-2025
1671,Jean-Philippe Mateta,fr FRA,FW,Crystal Palace,eng Premier League,27.0,1997.0,37,33,2648,29.4,14,2,16,12,2,2,2,0,13.5,11.9,3.2,15.1,0.48,0.57,45,52,122,68,29,42.6,2.31,0.99,0.18,0.41,15.6,0,2,2,13.5,11.9,0.18,0.5,0.1,291,447,65.1,3849,1016,2,3.2,2.3,-1.2,29,34,16,2,52,438,8,0,7,0,26,0,0,0,0,0,291,18,12,5,11,2,16,18.8,13,19,4,15,2,20,23,0,65,2.21,44,0,5,11,5,0,10,0.34,739,26,64,350,340,94,737,46,20,43.5,22,47.8,400,2143,1048,45,22,10,72,45,539,122,2,0,0,27,28,21,26,2,12,0,0,0,68,63,107,37.1,,,,,,,,,,,,,,,,,,,,,,,,,,,,,,,,2024-2025
1676,Alan Matturro,uy URU,DF,Genoa,it Serie A,19.0,2004.0,13,9,900,10.0,0,0,0,0,0,0,2,0,0.2,0.2,0.2,0.4,0.0,0.04,12,15,9,4,3,75.0,0.4,0.3,0.0,0.0,15.2,0,0,0,0.2,0.2,0.05,-0.2,-0.2,280,359,78.0,5637,1806,0,0.2,0.3,-0.2,3,10,4,2,15,325,33,4,0,1,8,28,0,0,0,0,280,11,6,6,5,0,14,21.4,11,10,3,7,14,25,38,0,9,0.9,7,1,0,0,0,1,0,0.0,458,51,243,170,47,9,458,5,3,60.0,2,40.0,218,1207,646,12,5,1,6,3,260,9,2,0,0,10,5,2,8,14,6,0,1,0,26,16,16,50.0,,,,,,,,,,,,,,,,,,,,,,,,,,,,,,,,2024-2025
1680,Stephy Mavididi,eng ENG,FW,Leicester City,eng Premier League,26.0,1998.0,30,16,1615,17.9,4,1,5,4,0,0,2,0,1.8,1.8,2.6,4.4,0.28,0.25,91,57,138,26,7,26.9,1.45,0.39,0.15,0.57,16.1,1,0,0,1.8,1.8,0.07,2.2,2.2,460,613,75.0,6191,1429,1,2.6,3.3,-1.6,22,32,26,7,57,588,20,2,6,0,69,11,7,4,2,0,460,34,19,16,10,8,42,33.3,28,26,2,24,11,45,15,0,50,2.78,39,2,4,2,2,1,7,0.39,863,23,132,327,421,61,863,95,35,36.8,47,49.5,583,4343,2355,91,40,27,39,35,623,138,2,0,0,18,18,3,69,11,19,0,0,0,83,9,15,37.5,,,,,,,,,,,,,,,,,,,,,,,,,,,,,,,,2024-2025
1681,Konstantinos Mavropanos,gr GRE,DF,West Ham,eng Premier League,26.0,1997.0,33,21,2045,22.7,0,0,0,0,0,0,6,1,1.5,1.5,0.5,2.0,0.0,0.09,17,61,2,18,5,27.8,0.79,0.22,0.0,0.0,14.8,0,0,0,1.5,1.5,0.09,-1.5,-1.5,1092,1265,86.3,21548,7277,0,0.5,0.4,-0.5,5,64,4,1,61,1203,58,39,1,24,2,15,0,0,0,0,1092,35,24,24,10,1,27,59.3,11,25,18,7,40,75,126,1,16,0.7,12,0,1,2,0,1,0,0.0,1532,244,806,671,63,24,1532,17,9,52.9,5,29.4,864,4287,2292,17,10,1,12,0,1008,2,6,1,1,17,16,3,2,40,24,0,0,0,77,57,25,69.5,,,,,,,,,,,,,,,,,,,,,,,,,,,,,,,,2024-2025
1684,Borja Mayoral,es ESP,FW,Getafe,es La Liga,27.0,1997.0,24,7,1114,12.4,5,1,6,4,1,1,0,0,3.4,2.6,0.9,3.6,0.4,0.35,10,13,43,19,8,42.1,1.54,0.65,0.21,0.5,13.9,0,1,1,3.4,2.6,0.14,1.6,1.4,197,254,77.6,2876,459,1,0.9,0.3,0.1,8,11,2,0,13,225,27,2,0,5,9,3,0,0,0,0,197,5,4,2,2,1,9,33.3,6,4,0,4,2,7,6,0,19,1.54,16,0,1,1,0,1,2,0.16,366,9,27,174,171,40,365,20,6,30.0,10,50.0,209,852,321,10,9,8,23,20,251,43,0,0,0,9,15,12,9,2,4,0,0,0,36,17,41,29.3,,,,,,,,,,,,,,,,,,,,,,,,,,,,,,,,2024-2025
1686,Noussair Mazraoui,ma MAR,DF,Manchester Utd,eng Premier League,26.0,1997.0,37,34,2838,31.5,0,1,1,0,0,0,3,0,0.7,0.7,1.5,2.2,0.03,0.07,42,115,58,13,3,23.1,0.41,0.1,0.0,0.0,20.6,0,0,0,0.7,0.7,0.05,-0.7,-0.7,1526,1781,85.7,23059,8056,1,1.5,1.9,-0.5,20,125,20,5,115,1578,202,24,7,6,23,168,0,0,0,0,1526,115,68,58,42,15,94,62.8,35,36,9,27,34,149,95,1,56,1.78,46,2,1,2,3,2,1,0.03,2139,167,839,976,349,30,2139,48,26,54.2,18,37.5,1172,5481,2884,42,32,3,25,17,1289,58,3,0,0,38,25,4,23,34,68,0,1,0,149,50,30,62.5,,,,,,,,,,,,,,,,,,,,,,,,,,,,,,,,2024-2025
1687,Andrea Mazza,it ITA,GK,Monza,it Serie A,20.0,2004.0,1,0,8,0.1,0,0,0,0,0,0,0,0,0.0,0.0,0.0,0.0,0.0,0.0,0,0,0,0,0,,0.0,0.0,,,,0,0,0,0.0,0.0,,0.0,0.0,6,7,85.7,134,94,0,0.0,0.0,0.0,0,0,0,0,0,5,2,0,0,0,0,0,0,0,0,0,6,0,0,0,0,0,0,,0,0,0,0,0,0,0,0,0,0.0,0,0,0,0,0,0,0,0.0,7,7,7,0,0,0,7,0,0,,0,,5,22,17,0,0,0,0,0,4,0,0,0,0,0,0,0,0,0,0,0,0,0,0,0,0,,0.0,0.0,0.0,0.0,,0.0,0.0,0.0,0.0,,0.0,0.0,0.0,0.0,0.0,,0.0,0.0,1.0,2.0,50.0,5.0,1.0,20.0,24.0,1.0,0.0,0.0,0.0,0.0,,2024-2025
1688,Luca Mazzitelli,it ITA,MF,Como,it Serie A,28.0,1995.0,11,3,335,3.7,1,1,2,1,0,0,1,0,0.2,0.2,0.6,0.8,0.54,0.21,2,27,14,7,3,42.9,1.88,0.81,0.14,0.33,17.5,0,0,0,0.2,0.2,0.03,0.8,0.8,156,197,79.2,2770,917,1,0.6,0.6,0.4,6,21,4,0,27,191,5,2,1,2,12,2,0,0,0,0,156,9,6,4,5,0,7,71.4,2,5,2,3,3,12,10,0,13,3.5,10,0,1,1,0,1,1,0.27,235,9,56,134,49,10,235,5,4,80.0,1,20.0,132,599,245,2,5,0,3,5,170,14,1,0,0,9,4,0,12,3,6,0,0,0,14,2,6,25.0,,,,,,,,,,,,,,,,,,,,,,,,,,,,,,,,2024-2025
1689,Pasquale Mazzocchi,it ITA,"DF,FW",Napoli,it Serie A,29.0,1995.0,20,7,702,7.8,0,0,0,0,0,0,3,0,0.3,0.3,0.4,0.6,0.0,0.08,20,23,43,3,1,33.3,0.38,0.13,0.0,0.0,13.4,0,0,0,0.3,0.3,0.09,-0.3,-0.3,244,304,80.3,3786,1012,0,0.4,0.6,-0.4,5,6,8,3,23,248,55,2,2,0,13,53,0,0,0,0,244,15,7,7,5,3,15,53.3,7,5,2,3,5,20,25,0,18,2.3,15,0,2,0,1,0,0,0.0,385,27,118,145,129,10,385,17,10,58.8,4,23.5,206,1290,707,20,13,2,13,11,228,43,3,0,0,9,5,1,13,5,7,0,0,0,31,5,8,38.5,,,,,,,,,,,,,,,,,,,,,,,,,,,,,,,,2024-2025
1690,Samuel Mbangula,be BEL,FW,Juventus,it Serie A,20.0,2004.0,23,7,709,7.9,3,3,6,3,0,0,1,0,0.6,0.6,1.4,2.0,0.76,0.25,25,17,44,9,5,55.6,1.14,0.63,0.33,0.6,18.7,0,0,0,0.6,0.6,0.07,2.4,2.4,230,269,85.5,3018,589,3,1.4,0.8,1.6,15,15,10,4,17,263,5,1,0,0,17,4,0,0,0,0,230,15,10,7,6,2,13,53.8,6,7,0,7,3,18,4,0,23,2.92,20,0,1,0,1,1,5,0.63,349,6,46,147,159,20,349,27,9,33.3,13,48.1,229,1362,711,25,11,7,13,10,270,44,1,0,0,6,14,0,17,3,10,1,0,0,33,2,7,22.2,,,,,,,,,,,,,,,,,,,,,,,,,,,,,,,,2024-2025
1692,Kylian Mbappé,fr FRA,FW,Real Madrid,es La Liga,25.0,1998.0,34,34,2907,32.3,31,3,34,24,7,9,3,1,25.9,18.6,7.7,26.3,0.84,1.04,150,140,386,152,75,49.3,4.71,2.32,0.16,0.32,17.3,3,7,9,25.9,18.6,0.12,5.1,5.4,949,1145,82.9,13622,2382,3,7.7,6.6,-4.7,51,75,52,3,140,1074,66,3,6,19,35,11,6,0,0,0,949,8,5,1,3,4,5,20.0,4,3,0,3,1,9,1,1,133,4.12,83,2,23,17,8,0,15,0.46,1572,1,35,439,1114,320,1563,187,83,44.4,91,48.7,1065,6987,3808,150,95,96,84,49,1355,386,3,1,0,25,40,44,35,1,5,3,0,0,36,4,6,40.0,,,,,,,,,,,,,,,,,,,,,,,,,,,,,,,,2024-2025
1694,Bryan Mbeumo,cm CMR,FW,Brentford,eng Premier League,24.0,1999.0,38,38,3414,37.9,20,7,27,15,5,6,3,0,12.3,7.5,8.3,15.9,0.58,0.54,130,141,351,79,34,43.0,2.08,0.9,0.19,0.44,17.9,6,5,6,12.3,7.5,0.1,7.7,7.5,872,1319,66.1,13902,4325,7,8.3,9.3,-1.3,70,63,59,19,141,1162,149,40,13,9,202,17,87,70,2,0,872,49,31,18,15,16,35,60.0,14,26,3,23,14,63,55,1,144,3.8,98,23,11,8,4,0,20,0.53,1781,62,246,567,998,168,1775,111,52,46.8,47,42.3,1077,6721,3519,130,69,75,106,47,1204,351,3,0,0,25,44,11,202,14,31,0,0,0,156,34,74,31.5,,,,,,,,,,,,,,,,,,,,,,,,,,,,,,,,2024-2025
1695,James Mcatee,eng ENG,"MF,FW",Manchester City,eng Premier League,21.0,2002.0,15,3,349,3.9,3,0,3,3,0,0,1,0,2.8,2.8,0.5,3.3,0.77,0.85,7,7,32,12,4,33.3,3.09,1.03,0.25,0.75,14.3,0,0,0,2.8,2.8,0.23,0.2,0.2,100,125,80.0,1491,254,0,0.5,0.8,-0.5,3,7,2,0,7,122,3,1,1,0,8,0,1,1,0,0,100,5,2,0,4,1,7,14.3,6,8,0,8,2,7,1,0,4,1.03,3,0,1,0,0,0,1,0.26,168,2,17,62,90,21,168,7,2,28.6,5,71.4,96,486,211,7,6,1,5,1,122,32,1,0,0,6,3,0,8,2,2,0,0,0,8,2,3,40.0,,,,,,,,,,,,,,,,,,,,,,,,,,,,,,,,2024-2025
1696,Kasey McAteer,ie IRL,FW,Leicester City,eng Premier League,22.0,2001.0,18,9,852,9.5,1,1,2,1,0,0,3,0,1.0,1.0,0.7,1.7,0.21,0.18,19,14,71,13,7,53.8,1.37,0.74,0.08,0.14,16.4,0,0,0,1.0,1.0,0.08,0.0,0.0,183,252,72.6,2556,613,1,0.7,0.6,0.3,9,13,6,2,14,241,7,0,0,0,21,7,0,0,0,0,183,23,16,11,9,3,29,48.3,15,18,2,16,5,28,15,0,20,2.11,18,0,0,0,2,0,2,0.21,379,21,76,141,169,30,379,25,6,24.0,15,60.0,224,1455,575,19,11,9,20,16,243,71,3,0,0,18,15,3,21,5,16,0,0,0,45,13,17,43.3,,,,,,,,,,,,,,,,,,,,,,,,,,,,,,,,2024-2025
1697,Oliver McBurnie,sct SCO,FW,Las Palmas,es La Liga,28.0,1996.0,34,20,1837,20.4,3,6,9,3,0,0,3,0,4.8,4.8,2.8,7.6,0.44,0.37,7,27,75,32,12,37.5,1.57,0.59,0.09,0.25,12.3,0,0,0,4.8,4.8,0.15,-1.8,-1.8,276,419,65.9,3391,779,6,2.8,1.0,3.2,24,23,7,1,27,386,31,1,0,0,2,5,0,0,0,0,276,15,7,5,8,2,12,41.7,7,15,5,10,6,21,24,0,42,2.06,32,0,3,4,3,0,6,0.29,605,29,57,307,247,93,605,34,16,47.1,18,52.9,269,958,233,7,4,7,38,21,426,75,3,0,0,32,19,9,2,6,7,0,0,0,40,87,93,48.3,,,,,,,,,,,,,,,,,,,,,,,,,,,,,,,,2024-2025
1698,Alex McCarthy,eng ENG,GK,Southampton,eng Premier League,34.0,1989.0,5,5,450,5.0,0,0,0,0,0,0,0,0,0.0,0.0,0.0,0.0,0.0,0.0,0,0,0,0,0,,0.0,0.0,,,,0,0,0,0.0,0.0,,0.0,0.0,117,156,75.0,2823,1985,0,0.0,0.0,0.0,0,5,0,0,0,126,29,6,0,1,0,0,0,0,0,0,117,0,0,0,0,0,0,,0,0,0,0,0,0,1,4,0,0.0,0,0,0,0,0,0,0,0.0,173,141,173,0,0,0,173,0,0,,0,,100,452,276,0,0,0,0,0,88,0,0,0,0,0,1,0,0,0,0,0,0,0,4,2,0,100.0,13.0,2.6,37.0,24.0,70.3,0.0,0.0,5.0,0.0,0.0,2.0,2.0,0.0,0.0,12.6,0.29,-0.4,-0.07,24.0,52.0,46.2,132.0,29.0,33.3,29.5,74.0,8.0,10.8,0.0,0.0,6.5,2024-2025
1699,John McGinn,sct SCO,"MF,FW",Aston Villa,eng Premier League,29.0,1994.0,34,27,2223,24.7,1,4,5,1,0,0,7,0,3.1,2.8,3.5,6.3,0.2,0.27,32,103,87,31,5,16.1,1.26,0.2,0.03,0.2,17.0,1,0,0,3.1,2.8,0.09,-2.1,-1.8,699,854,81.9,11807,3243,4,3.5,2.7,0.5,31,70,29,8,103,792,61,27,9,2,60,4,22,11,5,0,699,33,24,10,14,9,31,41.9,18,22,2,20,14,47,18,3,76,3.08,56,9,1,4,5,1,8,0.32,1072,31,164,558,361,58,1072,47,20,42.6,13,27.7,581,2930,1270,32,17,7,37,29,744,87,7,0,0,43,69,3,60,14,24,1,0,0,100,17,12,58.6,,,,,,,,,,,,,,,,,,,,,,,,,,,,,,,,2024-2025
1700,Scott McKenna,sct SCO,DF,Las Palmas,es La Liga,27.0,1996.0,29,28,2466,27.4,0,0,0,0,0,0,5,1,1.1,1.1,0.7,1.8,0.0,0.07,11,45,3,10,0,0.0,0.36,0.0,0.0,,12.5,0,0,0,1.1,1.1,0.11,-1.1,-1.1,1276,1471,86.7,23646,7874,0,0.7,0.4,-0.7,4,50,1,0,45,1411,58,36,0,6,2,5,0,0,0,0,1276,21,13,16,5,0,12,75.0,3,36,28,8,9,30,163,2,12,0.44,8,1,1,2,0,0,0,0.0,1745,272,1035,661,54,23,1745,3,3,100.0,0,0.0,912,4118,2131,11,10,2,8,4,1140,3,5,1,0,13,8,1,2,9,13,0,1,1,69,85,44,65.9,,,,,,,,,,,,,,,,,,,,,,,,,,,,,,,,2024-2025
1701,Weston McKennie,us USA,"MF,DF",Juventus,it Serie A,25.0,1998.0,32,27,2310,25.7,2,4,6,2,0,0,3,0,2.9,2.9,3.6,6.5,0.23,0.25,28,101,153,22,8,36.4,0.86,0.31,0.09,0.25,12.6,0,0,0,2.9,2.9,0.13,-0.9,-0.9,928,1117,83.1,14100,3768,4,3.6,3.5,0.4,32,70,22,2,101,1017,95,4,6,4,19,89,0,0,0,0,928,33,12,18,11,4,22,59.1,9,28,8,20,14,47,37,0,60,2.34,50,3,1,3,3,0,9,0.35,1350,51,259,593,508,57,1350,34,20,58.8,11,32.4,719,2986,1353,28,31,7,41,26,911,153,3,0,0,32,19,1,19,14,12,0,1,0,104,35,30,53.8,,,,,,,,,,,,,,,,,,,,,,,,,,,,,,,,2024-2025
1703,Dwight McNeil,eng ENG,"MF,FW",Everton,eng Premier League,24.0,1999.0,21,15,1371,15.2,4,6,10,4,0,0,1,0,1.1,1.1,5.2,6.3,0.66,0.41,38,69,80,25,10,40.0,1.64,0.66,0.16,0.4,21.9,0,0,0,1.1,1.1,0.04,2.9,2.9,461,619,74.5,8501,2790,6,5.2,4.3,0.8,37,40,36,10,69,516,99,32,8,5,105,5,45,32,5,4,461,13,8,6,5,2,21,42.9,12,7,0,7,6,19,2,1,72,4.73,39,22,6,2,2,1,10,0.66,748,6,73,328,368,25,748,45,24,53.3,20,44.4,443,2674,1162,38,34,5,26,33,510,80,1,0,0,6,18,1,105,6,8,0,0,0,76,3,17,15.0,,,,,,,,,,,,,,,,,,,,,,,,,,,,,,,,2024-2025
1704,Scott McTominay,sct SCO,MF,Manchester Utd,eng Premier League,27.0,1996.0,2,0,19,0.2,0,0,0,0,0,0,0,0,0.1,0.1,0.0,0.1,0.0,0.33,0,1,2,1,0,0.0,4.74,0.0,0.0,,10.7,0,0,0,0.1,0.1,0.07,-0.1,-0.1,10,10,100.0,186,99,0,0.0,0.0,0.0,0,2,0,0,1,8,2,0,0,0,0,1,0,0,0,0,10,0,0,0,0,0,1,0.0,1,0,0,0,0,0,1,0,1,4.74,0,0,0,1,0,0,0,0.0,14,1,3,8,3,1,14,1,0,0.0,1,100.0,10,68,44,0,0,0,1,1,9,2,0,0,0,0,0,0,0,0,0,0,0,0,1,1,0,100.0,,,,,,,,,,,,,,,,,,,,,,,,,,,,,,,,2024-2025
1705,Scott McTominay,sct SCO,MF,Napoli,it Serie A,27.0,1996.0,34,33,2938,32.6,12,4,16,12,0,0,3,0,7.4,7.4,2.7,10.1,0.49,0.31,56,112,131,76,33,43.4,2.33,1.01,0.16,0.36,15.3,2,0,0,7.4,7.4,0.1,4.6,4.6,777,924,84.1,12625,2930,4,2.7,1.7,1.3,26,72,22,1,112,909,13,7,9,8,11,4,0,0,0,0,777,43,25,12,27,4,36,50.0,18,22,5,17,24,67,51,0,69,2.11,45,0,3,14,5,2,10,0.31,1314,52,236,718,384,106,1314,88,39,44.3,35,39.8,726,4108,1993,56,40,15,68,48,944,131,3,0,0,45,60,5,11,24,25,1,0,0,143,66,50,56.9,,,,,,,,,,,,,,,,,,,,,,,,,,,,,,,,2024-2025
1708,Ben Mee,eng ENG,DF,Brentford,eng Premier League,34.0,1989.0,7,2,183,2.0,0,0,0,0,0,0,2,0,0.0,0.0,0.0,0.0,0.0,0.0,3,11,2,0,0,,0.0,0.0,,,,0,0,0,0.0,0.0,,0.0,0.0,93,120,77.5,1751,688,0,0.0,0.0,0.0,0,10,0,0,11,108,12,5,0,1,0,4,0,0,0,0,93,2,2,0,2,0,1,100.0,0,3,3,0,4,6,7,0,0,0.0,0,0,0,0,0,0,0,0.0,138,18,66,62,11,3,138,0,0,,0,,78,404,274,3,1,1,0,0,86,2,2,0,0,5,0,0,0,4,2,0,0,0,11,5,5,50.0,,,,,,,,,,,,,,,,,,,,,,,,,,,,,,,,2024-2025
1709,Jayden Meghoma,eng ENG,DF,Brentford,eng Premier League,18.0,2006.0,1,0,5,0.1,0,0,0,0,0,0,0,0,0.0,0.0,0.0,0.0,0.0,0.0,0,0,0,0,0,,0.0,0.0,,,,0,0,0,0.0,0.0,,0.0,0.0,3,3,100.0,28,7,0,0.0,0.0,0.0,0,0,0,0,0,3,0,0,0,0,0,0,0,0,0,0,3,0,0,0,0,0,0,,0,0,0,0,0,0,0,0,0,0.0,0,0,0,0,0,0,0,0.0,3,1,2,0,1,0,3,0,0,,0,,1,1,0,0,0,0,0,0,2,0,0,0,0,0,0,0,0,0,0,0,0,0,1,0,0,,,,,,,,,,,,,,,,,,,,,,,,,,,,,,,,,2024-2025
1714,Mateo Mejía,es ESP,FW,Sevilla,es La Liga,21.0,2003.0,1,0,11,0.1,0,0,0,0,0,0,0,0,0.0,0.0,0.0,0.0,0.0,0.0,0,0,0,0,0,,0.0,0.0,,,,0,0,0,0.0,0.0,,0.0,0.0,0,1,0.0,0,0,0,0.0,0.0,0.0,0,0,0,0,0,1,0,0,0,0,0,0,0,0,0,0,0,0,0,0,0,0,0,,0,0,0,0,0,0,0,0,1,8.18,0,0,0,0,1,0,0,0.0,2,0,0,1,1,0,2,1,0,0.0,0,0.0,1,2,0,0,0,0,0,0,1,0,0,0,0,0,1,0,0,0,0,0,0,0,0,1,0,100.0,,,,,,,,,,,,,,,,,,,,,,,,,,,,,,,,2024-2025
1716,Filippo Melegoni,it ITA,"MF,FW",Genoa,it Serie A,25.0,1999.0,3,1,89,1.0,0,1,1,0,0,0,0,0,0.0,0.0,0.5,0.5,1.01,0.55,0,1,2,1,0,0.0,1.01,0.0,0.0,,21.4,0,0,0,0.0,0.0,0.04,0.0,0.0,9,16,56.3,197,105,1,0.5,0.2,0.5,1,1,1,0,1,14,2,0,1,0,2,2,0,0,0,0,9,1,1,1,0,0,4,0.0,4,0,0,0,0,1,2,0,1,1.01,1,0,0,0,0,0,1,1.01,27,2,12,8,7,1,27,2,1,50.0,1,50.0,13,67,28,0,1,0,3,1,15,2,0,0,0,0,1,0,2,0,1,0,0,0,2,1,0,100.0,,,,,,,,,,,,,,,,,,,,,,,,,,,,,,,,2024-2025
1717,Arthur Melo,br BRA,MF,Girona,es La Liga,27.0,1996.0,15,10,941,10.5,0,0,0,0,0,0,2,0,0.2,0.2,0.2,0.4,0.0,0.04,24,70,17,6,1,16.7,0.57,0.1,0.0,0.0,26.0,1,0,0,0.2,0.2,0.03,-0.2,-0.2,668,723,92.4,12132,2545,0,0.2,0.6,-0.2,5,70,4,1,70,701,20,16,0,0,7,3,1,1,0,0,668,25,11,8,12,5,27,51.9,13,5,1,4,8,33,12,1,15,1.43,13,0,0,1,0,1,1,0.1,806,31,174,488,150,2,806,14,8,57.1,3,21.4,539,3605,1684,24,18,0,10,9,625,17,2,0,0,16,27,0,7,8,11,0,0,0,49,0,3,0.0,,,,,,,,,,,,,,,,,,,,,,,,,,,,,,,,2024-2025
1719,Brais Méndez,es ESP,MF,Real Sociedad,es La Liga,27.0,1997.0,27,19,1531,17.0,3,2,5,3,0,0,4,0,3.5,3.5,2.0,5.5,0.29,0.33,32,91,86,28,9,32.1,1.65,0.53,0.11,0.33,18.0,4,0,0,3.5,3.5,0.13,-0.5,-0.5,631,810,77.9,9572,2725,2,2.0,2.3,0.0,23,68,13,3,91,730,73,32,3,12,52,7,29,8,16,0,631,24,13,6,14,4,24,37.5,15,14,1,13,7,31,16,1,43,2.53,32,7,1,1,2,0,2,0.12,1020,17,129,527,369,58,1020,50,14,28.0,31,62.0,554,2635,1127,32,17,8,37,34,744,86,4,0,0,41,45,9,52,7,13,0,0,0,76,18,27,40.0,,,,,,,,,,,,,,,,,,,,,,,,,,,,,,,,2024-2025
1721,Ferland Mendy,fr FRA,DF,Real Madrid,es La Liga,29.0,1995.0,14,12,1005,11.2,0,1,1,0,0,0,1,1,0.0,0.0,0.5,0.5,0.09,0.05,12,36,40,0,0,,0.0,0.0,,,,0,0,0,0.0,0.0,,0.0,0.0,630,671,93.9,9091,2431,1,0.5,0.7,0.5,3,44,1,0,36,581,88,19,0,2,1,69,0,0,0,0,630,17,14,7,6,4,12,75.0,3,11,4,7,9,26,8,1,5,0.45,4,0,0,0,0,1,1,0.09,739,30,188,408,149,4,739,6,3,50.0,3,50.0,447,1626,717,12,10,1,10,9,535,40,1,1,0,5,7,0,1,9,14,0,0,0,36,4,2,66.7,,,,,,,,,,,,,,,,,,,,,,,,,,,,,,,,2024-2025
1723,Nobel Mendy,fr FRA,DF,Betis,es La Liga,19.0,2004.0,2,1,108,1.2,0,0,0,0,0,0,1,0,0.0,0.0,0.0,0.0,0.0,0.0,0,3,0,0,0,,0.0,0.0,,,,0,0,0,0.0,0.0,,0.0,0.0,46,53,86.8,1082,444,0,0.0,0.0,0.0,0,5,0,0,3,51,2,1,0,0,0,0,0,0,0,0,46,0,0,0,0,0,0,,0,2,0,2,4,4,10,1,1,0.83,1,0,0,0,0,0,0,0.0,71,18,43,28,0,0,71,0,0,,0,,35,131,68,0,0,0,1,0,38,0,1,0,0,1,1,0,0,4,0,0,0,0,7,1,0,100.0,,,,,,,,,,,,,,,,,,,,,,,,,,,,,,,,2024-2025
1725,Alex Meret,it ITA,GK,Napoli,it Serie A,27.0,1997.0,34,34,3005,33.4,0,0,0,0,0,0,0,0,0.0,0.0,0.0,0.0,0.0,0.0,0,1,0,0,0,,0.0,0.0,,,,0,0,0,0.0,0.0,,0.0,0.0,1050,1223,85.9,26863,16237,0,0.0,0.0,0.0,0,5,0,0,1,983,239,58,0,2,0,0,0,0,0,0,1050,0,0,0,0,0,0,,0,1,0,1,0,0,16,0,2,0.06,2,0,0,0,0,0,0,0.0,1290,1010,1284,6,0,0,1290,0,0,,0,,775,3529,1930,0,0,0,1,0,769,0,0,0,0,1,4,0,0,0,0,0,1,1,61,6,0,100.0,25.0,0.75,84.0,59.0,71.4,21.0,9.0,4.0,16.0,47.1,4.0,1.0,2.0,1.0,25.3,0.27,2.3,0.07,88.0,214.0,41.1,1041.0,117.0,15.4,27.7,378.0,21.0,5.6,47.0,1.41,16.5,2024-2025
1726,Mikel Merino,es ESP,"MF,FW",Arsenal,eng Premier League,28.0,1996.0,28,17,1586,17.6,7,2,9,7,0,0,4,1,5.9,5.9,2.0,7.9,0.51,0.45,11,69,94,38,13,34.2,2.16,0.74,0.18,0.54,10.7,0,0,0,5.9,5.9,0.16,1.1,1.1,451,577,78.2,6182,1776,2,2.0,1.2,0.0,17,40,24,4,69,567,5,4,5,1,13,1,0,0,0,0,451,46,28,7,26,13,36,55.6,16,18,5,13,15,61,26,2,43,2.44,35,0,0,6,2,0,4,0.23,783,37,140,330,323,79,783,23,9,39.1,10,43.5,388,1518,747,11,13,4,24,27,504,94,4,1,1,41,23,7,13,15,28,0,0,0,86,59,55,51.8,,,,,,,,,,,,,,,,,,,,,,,,,,,,,,,,2024-2025
1728,Víctor Meseguer,es ESP,MF,Valladolid,es La Liga,25.0,1999.0,14,2,418,4.6,0,0,0,0,0,0,1,0,0.7,0.7,0.0,0.7,0.0,0.15,2,22,22,6,0,0.0,1.29,0.0,0.0,,19.6,0,0,0,0.7,0.7,0.11,-0.7,-0.7,148,189,78.3,2262,703,0,0.0,0.3,0.0,1,17,1,1,22,183,6,3,1,1,3,1,0,0,0,0,148,10,6,4,4,2,10,20.0,8,3,0,3,2,12,4,1,8,1.72,5,0,0,2,1,0,1,0.22,234,5,59,124,51,11,234,4,1,25.0,3,75.0,100,349,151,2,1,0,7,3,151,22,1,0,0,8,5,0,3,2,6,0,0,0,25,10,8,55.6,,,,,,,,,,,,,,,,,,,,,,,,,,,,,,,,2024-2025
1730,Junior Messias,br BRA,"MF,FW",Genoa,it Serie A,33.0,1991.0,17,8,847,9.4,1,1,2,1,0,1,1,0,2.4,1.4,0.7,2.1,0.21,0.33,32,32,49,17,5,29.4,1.81,0.53,0.06,0.2,21.0,1,0,1,2.4,1.4,0.08,-1.4,-0.4,149,234,63.7,2611,897,1,0.7,0.6,0.3,8,23,8,2,32,222,12,2,2,1,22,7,2,0,1,0,149,13,7,6,6,1,10,30.0,7,8,2,6,6,19,20,0,23,2.44,13,0,3,3,4,0,3,0.32,397,23,63,192,151,18,396,44,10,22.7,25,56.8,226,1782,1027,32,26,5,34,5,251,49,1,0,0,8,21,0,22,6,7,0,0,0,39,14,26,35.0,,,,,,,,,,,,,,,,,,,,,,,,,,,,,,,,2024-2025
1735,Shumaira Mheuka,eng ENG,MF,Chelsea,eng Premier League,16.0,2007.0,1,0,1,0.0,0,0,0,0,0,0,0,0,0.1,0.1,0.0,0.1,0.0,5.06,0,0,0,1,1,100.0,90.0,90.0,0.0,0.0,7.2,0,0,0,0.1,0.1,0.06,-0.1,-0.1,0,0,,0,0,0,0.0,0.0,0.0,0,0,0,0,0,0,0,0,0,0,0,0,0,0,0,0,0,0,0,0,0,0,0,,0,0,0,0,0,0,0,0,0,0.0,0,0,0,0,0,0,0,0.0,2,0,0,0,2,1,2,0,0,,0,,1,0,0,0,0,0,0,0,2,0,0,0,0,0,0,0,0,0,0,0,0,0,0,1,0,100.0,,,,,,,,,,,,,,,,,,,,,,,,,,,,,,,,2024-2025
1738,Miguel,es ESP,FW,Leganés,es La Liga,24.0,1999.0,34,17,1724,19.2,1,3,4,0,1,2,3,0,4.9,3.3,1.4,4.8,0.16,0.33,14,16,90,33,14,42.4,1.72,0.73,0.0,0.0,15.5,0,1,2,4.9,3.3,0.1,-3.9,-3.3,139,237,58.6,2021,381,3,1.4,0.8,1.6,7,9,5,1,16,219,15,0,4,1,9,2,0,0,0,0,139,16,7,6,4,6,14,28.6,10,15,4,11,4,20,23,1,28,1.46,13,0,2,5,6,2,6,0.31,472,26,51,205,222,60,470,36,8,22.2,25,69.4,258,1047,343,14,17,9,72,26,327,90,3,0,0,23,30,12,9,4,7,0,0,0,27,29,96,23.2,,,,,,,,,,,,,,,,,,,,,,,,,,,,,,,,2024-2025
1739,Valentin Mihaila,ro ROU,"FW,MF",Parma,it Serie A,24.0,2000.0,21,16,1288,14.3,0,3,3,0,0,0,2,0,2.4,2.4,1.2,3.6,0.21,0.25,25,41,72,31,11,35.5,2.17,0.77,0.0,0.0,22.1,5,0,0,2.4,2.4,0.08,-2.4,-2.4,325,431,75.4,4879,1423,3,1.2,1.1,1.8,17,28,17,3,41,368,61,14,3,4,33,6,40,12,6,1,325,29,15,8,13,8,22,40.9,13,18,0,18,8,37,6,0,48,3.36,34,5,3,3,3,0,5,0.35,582,5,58,226,311,31,582,27,10,37.0,14,51.9,332,1995,835,25,26,11,29,20,389,72,2,0,0,17,20,1,33,8,15,0,1,0,39,13,27,32.5,,,,,,,,,,,,,,,,,,,,,,,,,,,,,,,,2024-2025
1742,Nikola Milenković,rs SRB,DF,Nott'ham Forest,eng Premier League,26.0,1997.0,37,37,3330,37.0,5,2,7,5,0,0,4,0,4.0,4.0,1.1,5.1,0.19,0.14,3,51,6,29,8,27.6,0.78,0.22,0.17,0.63,11.6,0,0,0,4.0,4.0,0.14,1.0,1.0,850,1033,82.3,17093,6325,2,1.1,0.5,0.9,9,53,2,0,51,994,32,32,0,3,0,0,0,0,0,0,850,51,29,36,13,2,34,79.4,7,41,24,17,27,78,209,1,21,0.57,16,0,0,4,0,1,3,0.08,1412,257,775,552,89,64,1412,1,1,100.0,0,0.0,547,2345,1116,3,3,2,4,2,727,6,4,0,0,20,5,2,0,27,29,0,0,0,85,101,39,72.1,,,,,,,,,,,,,,,,,,,,,,,,,,,,,,,,2024-2025
1743,Lewis Miley,eng ENG,MF,Newcastle Utd,eng Premier League,18.0,2006.0,14,1,313,3.5,1,0,1,1,0,0,0,0,0.5,0.5,0.0,0.6,0.29,0.16,2,17,8,3,2,66.7,0.86,0.58,0.33,0.5,14.6,0,0,0,0.5,0.5,0.18,0.5,0.5,168,191,88.0,2439,402,0,0.0,0.3,0.0,1,11,4,0,17,189,1,1,1,0,0,0,0,0,0,0,168,14,11,5,7,2,14,50.0,7,5,1,4,2,16,5,2,4,1.15,3,0,0,0,0,1,0,0.0,235,5,44,124,68,6,235,3,1,33.3,1,33.3,112,544,202,2,2,0,8,1,163,8,0,0,0,3,1,0,0,2,11,0,0,0,16,6,7,46.2,,,,,,,,,,,,,,,,,,,,,,,,,,,,,,,,2024-2025
1744,Vanja Milinković-Savić,rs SRB,GK,Torino,it Serie A,27.0,1997.0,37,37,3330,37.0,0,0,0,0,0,0,3,0,0.0,0.0,0.1,0.1,0.0,0.0,0,0,0,0,0,,0.0,0.0,,,,0,0,0,0.0,0.0,,0.0,0.0,1107,1628,68.0,33277,23338,0,0.1,0.3,-0.1,3,61,6,0,0,1229,394,123,1,5,0,0,0,0,0,0,1107,1,0,1,0,0,3,33.3,2,0,0,0,0,1,18,4,10,0.27,7,3,0,0,0,0,0,0.0,1737,1199,1706,32,0,0,1737,0,0,,0,,1112,6083,3843,0,0,0,1,1,889,0,3,0,0,1,10,0,0,0,0,0,1,0,51,11,2,84.6,42.0,1.14,173.0,129.0,77.5,10.0,14.0,13.0,10.0,27.0,7.0,3.0,4.0,0.0,51.4,0.27,11.4,0.31,223.0,702.0,31.8,1352.0,191.0,40.0,37.6,585.0,37.0,6.3,46.0,1.24,13.7,2024-2025
1745,Éder Militão,br BRA,DF,Real Madrid,es La Liga,26.0,1998.0,12,11,938,10.4,1,1,2,1,0,0,2,0,0.6,0.6,0.5,1.1,0.19,0.11,7,46,1,10,3,30.0,0.96,0.29,0.1,0.33,17.3,0,0,0,0.6,0.6,0.06,0.4,0.4,636,712,89.3,13095,4633,1,0.5,0.2,0.5,6,56,3,0,46,676,34,19,0,15,2,2,0,0,0,0,636,19,17,14,5,0,12,58.3,5,13,8,5,12,31,35,0,12,1.15,9,0,0,2,0,1,1,0.1,819,92,395,395,33,13,819,8,5,62.5,3,37.5,533,2738,1593,7,7,0,6,3,603,1,2,0,0,18,8,0,2,12,17,0,0,0,44,21,12,63.6,,,,,,,,,,,,,,,,,,,,,,,,,,,,,,,,2024-2025
1746,Luis Milla,es ESP,MF,Getafe,es La Liga,29.0,1994.0,33,32,2875,31.9,1,4,5,0,1,1,6,0,1.8,1.0,3.9,4.9,0.13,0.18,32,152,30,31,7,22.6,0.97,0.22,0.0,0.0,25.3,4,1,1,1.8,1.0,0.03,-0.8,-1.0,1129,1536,73.5,20495,6152,4,3.9,4.9,0.1,70,149,26,10,152,1220,304,171,4,23,201,1,113,45,49,1,1129,61,40,28,25,8,72,48.6,37,25,0,25,24,85,28,3,130,4.07,72,43,4,4,5,2,6,0.19,1802,43,251,1049,524,20,1801,39,21,53.8,14,35.9,799,3920,2139,32,37,4,46,17,890,30,6,0,0,38,48,0,201,24,40,0,1,0,168,31,35,47.0,,,,,,,,,,,,,,,,,,,,,,,,,,,,,,,,2024-2025
1747,Pere Milla,es ESP,"MF,FW",Espanyol,es La Liga,31.0,1992.0,20,1,456,5.1,3,0,3,3,0,0,3,0,1.5,1.5,0.3,1.8,0.59,0.35,9,13,27,11,5,45.5,2.17,0.99,0.27,0.6,15.7,1,0,0,1.5,1.5,0.13,1.5,1.5,97,165,58.8,1707,456,0,0.3,0.3,-0.3,5,9,5,0,13,145,19,6,5,2,14,5,7,2,5,0,97,6,2,5,0,1,18,5.6,17,10,2,8,3,9,5,0,13,2.57,11,1,0,1,0,0,1,0.2,239,5,44,107,91,17,239,7,2,28.6,4,57.1,117,536,239,9,5,4,16,6,140,27,3,0,0,5,12,2,14,3,2,0,0,0,25,11,8,57.9,,,,,,,,,,,,,,,,,,,,,,,,,,,,,,,,2024-2025
1749,James Milner,eng ENG,MF,Brighton,eng Premier League,38.0,1986.0,4,3,170,1.9,0,0,0,0,0,0,1,0,0.2,0.2,0.2,0.4,0.0,0.21,1,10,10,2,0,0.0,1.06,0.0,0.0,,16.0,0,0,0,0.2,0.2,0.08,-0.2,-0.2,55,74,74.3,899,347,0,0.2,0.2,-0.2,4,3,1,1,10,63,11,4,2,0,8,0,6,2,3,0,55,5,2,1,3,1,3,100.0,0,4,2,2,2,7,2,1,8,4.24,5,2,0,0,1,0,0,0.0,93,3,13,49,31,4,93,1,1,100.0,0,0.0,47,223,97,1,1,0,0,0,59,10,1,0,0,3,1,0,8,2,2,0,0,0,2,0,1,0.0,,,,,,,,,,,,,,,,,,,,,,,,,,,,,,,,2024-2025
1751,Yerry Mina,co COL,DF,Cagliari,it Serie A,29.0,1994.0,31,31,2569,28.5,1,0,1,1,0,0,6,1,2.3,2.3,0.3,2.6,0.04,0.09,17,76,9,26,8,30.8,0.91,0.28,0.04,0.13,11.2,0,0,0,2.3,2.3,0.09,-1.3,-1.3,1198,1394,85.9,22018,8376,0,0.3,0.7,-0.3,4,63,6,1,76,1313,78,67,1,2,1,6,0,0,0,0,1198,66,32,43,21,2,52,76.9,12,59,35,24,37,103,163,3,26,0.91,22,0,0,4,0,0,2,0.07,1797,332,1047,686,89,43,1797,8,3,37.5,2,25.0,948,4858,2737,17,11,0,20,13,969,9,6,1,1,40,58,2,1,37,32,0,0,0,158,94,50,65.3,,,,,,,,,,,,,,,,,,,,,,,,,,,,,,,,2024-2025
1754,Tyrone Mings,eng ENG,DF,Aston Villa,eng Premier League,31.0,1993.0,14,12,1120,12.4,0,0,0,0,0,0,1,0,0.8,0.8,0.2,1.0,0.0,0.08,7,40,1,9,1,11.1,0.72,0.08,0.0,0.0,11.8,0,0,0,0.8,0.8,0.09,-0.8,-0.8,596,676,88.2,10642,3364,0,0.2,0.2,-0.2,3,48,5,0,40,630,46,20,0,3,1,0,0,0,0,0,596,7,6,6,1,0,2,100.0,0,13,11,2,7,14,61,1,18,1.45,15,0,0,1,1,1,2,0.16,794,146,405,346,47,17,794,3,2,66.7,1,33.3,484,2662,1365,7,13,1,3,1,532,1,1,0,0,4,11,0,1,7,6,0,0,0,38,27,22,55.1,,,,,,,,,,,,,,,,,,,,,,,,,,,,,,,,2024-2025
1755,Óscar Mingueza,es ESP,"MF,DF",Celta Vigo,es La Liga,25.0,1999.0,34,31,2729,30.3,4,6,10,4,0,0,6,1,1.5,1.5,5.6,7.1,0.33,0.23,69,200,194,33,10,30.3,1.09,0.33,0.12,0.4,23.3,8,0,0,1.5,1.5,0.04,2.5,2.5,1692,2197,77.0,29803,11814,6,5.6,6.4,0.4,35,176,69,11,200,1814,374,69,15,14,139,270,35,14,16,0,1692,38,24,21,12,5,69,37.7,43,35,5,30,22,60,46,7,97,3.2,77,9,2,4,3,2,14,0.46,2460,63,598,1123,759,42,2460,60,25,41.7,31,51.7,1386,6489,3345,69,62,12,41,14,1692,194,6,1,0,24,31,2,139,22,24,1,0,0,138,11,11,50.0,,,,,,,,,,,,,,,,,,,,,,,,,,,,,,,,2024-2025
1756,Kim Minsu,kr KOR,"MF,FW",Girona,es La Liga,18.0,2006.0,3,0,22,0.2,0,0,0,0,0,0,0,0,0.0,0.0,0.0,0.0,0.0,0.0,0,0,2,0,0,,0.0,0.0,,,,0,0,0,0.0,0.0,,0.0,0.0,9,10,90.0,105,8,0,0.0,0.0,0.0,0,0,0,0,0,10,0,0,0,0,0,0,0,0,0,0,9,1,0,0,1,0,0,,0,0,0,0,0,1,0,0,0,0.0,0,0,0,0,0,0,0,0.0,18,0,0,8,10,0,18,2,0,0.0,2,100.0,12,62,9,0,0,0,3,1,15,2,0,0,0,0,1,0,0,0,0,0,0,0,1,0,1,0.0,,,,,,,,,,,,,,,,,,,,,,,,,,,,,,,,2024-2025
1757,Yankuba Minteh,gm GAM,"FW,MF",Brighton,eng Premier League,20.0,2004.0,32,20,1838,20.4,6,4,10,6,0,0,6,0,4.1,4.1,5.0,9.1,0.49,0.44,90,48,201,34,16,47.1,1.66,0.78,0.18,0.38,13.8,0,0,0,4.1,4.1,0.12,1.9,1.9,348,557,62.5,5531,1843,4,5.0,5.0,-1.0,29,14,36,9,48,510,45,9,4,4,91,20,16,7,6,0,348,48,35,25,13,10,45,37.8,28,22,0,22,11,59,31,0,64,3.14,37,8,13,3,2,1,13,0.64,836,30,135,228,491,146,836,98,46,46.9,43,43.9,481,3573,2105,90,24,67,53,28,511,201,6,0,0,21,11,6,91,11,35,0,0,0,85,17,34,33.3,,,,,,,,,,,,,,,,,,,,,,,,,,,,,,,,2024-2025
1758,Bojan Miovski,mk MKD,FW,Girona,es La Liga,25.0,1999.0,17,12,869,9.7,2,1,3,2,0,0,0,0,2.7,2.7,0.2,2.9,0.31,0.3,4,4,33,14,4,28.6,1.45,0.41,0.14,0.5,12.3,0,0,0,2.7,2.7,0.19,-0.7,-0.7,86,113,76.1,1260,106,1,0.2,0.2,0.8,4,2,1,1,4,94,18,0,0,0,3,0,0,0,0,0,86,7,5,2,2,3,7,28.6,5,4,0,4,2,9,7,0,10,1.03,4,0,1,2,2,1,4,0.41,182,5,20,73,89,29,182,7,3,42.9,2,28.6,88,325,83,4,1,4,17,6,121,33,0,0,0,13,11,8,3,2,5,1,0,0,13,13,22,37.1,,,,,,,,,,,,,,,,,,,,,,,,,,,,,,,,2024-2025
1759,Rafa Mir,es ESP,"FW,MF",Valencia,es La Liga,27.0,1997.0,20,5,753,8.4,1,2,3,1,0,0,4,0,3.0,3.0,0.7,3.8,0.36,0.45,10,20,28,27,7,25.9,3.23,0.84,0.04,0.14,16.5,0,0,0,3.0,3.0,0.11,-2.0,-2.0,144,200,72.0,2224,401,2,0.7,0.5,1.3,4,15,4,2,20,197,2,0,0,1,7,0,0,0,0,0,144,12,6,8,4,0,9,33.3,6,5,0,5,5,17,9,0,11,1.31,8,0,0,3,0,0,4,0.48,294,12,48,137,111,27,294,14,2,14.3,11,78.6,145,652,266,10,7,0,12,8,203,28,4,0,0,13,7,5,7,5,6,0,0,0,18,12,21,36.4,,,,,,,,,,,,,,,,,,,,,,,,,,,,,,,,2024-2025
1760,Juan Miranda,es ESP,DF,Bologna,it Serie A,24.0,2000.0,31,25,2277,25.3,0,6,6,0,0,0,4,1,0.7,0.7,6.1,6.8,0.24,0.27,34,163,88,22,5,22.7,0.87,0.2,0.0,0.0,26.1,6,0,0,0.7,0.7,0.03,-0.7,-0.7,1420,1877,75.7,27816,10135,6,6.1,5.6,-0.1,57,156,52,30,163,1490,382,80,5,4,211,222,80,18,42,0,1420,32,18,11,14,7,33,42.4,19,21,3,18,23,55,50,1,96,3.79,57,32,1,4,1,1,13,0.51,2080,62,588,848,655,20,2080,20,7,35.0,12,60.0,1047,3726,1792,34,27,4,23,8,1270,88,4,1,0,26,33,2,211,23,18,0,0,0,97,36,33,52.2,,,,,,,,,,,,,,,,,,,,,,,,,,,,,,,,2024-2025
1761,Fabio Miretti,it ITA,"MF,FW",Genoa,it Serie A,20.0,2003.0,25,22,1677,18.6,3,3,6,3,0,0,2,0,3.1,3.1,2.0,5.1,0.32,0.27,33,54,100,24,6,25.0,1.29,0.32,0.13,0.5,17.4,1,0,0,3.1,3.1,0.13,-0.1,-0.1,422,567,74.4,7280,2006,3,2.0,2.1,1.0,22,24,13,2,54,494,67,20,5,8,61,7,33,7,22,0,422,28,15,6,14,8,33,54.5,15,20,1,19,7,35,13,2,53,2.84,29,11,4,5,4,0,6,0.32,847,15,137,407,316,56,847,73,25,34.2,38,52.1,461,2721,1209,33,22,14,63,36,549,100,2,0,0,23,53,2,61,7,15,0,0,0,85,11,23,32.4,,,,,,,,,,,,,,,,,,,,,,,,,,,,,,,,2024-2025
1762,Tyrick Mitchell,eng ENG,DF,Crystal Palace,eng Premier League,24.0,1999.0,37,37,3092,34.4,0,5,5,0,0,0,2,0,1.3,1.3,6.4,7.7,0.15,0.22,63,70,171,12,3,25.0,0.35,0.09,0.0,0.0,12.8,0,0,0,1.3,1.3,0.11,-1.3,-1.3,976,1355,72.0,15688,5986,5,6.4,3.7,-1.4,41,51,33,16,70,1122,228,8,0,2,105,220,0,0,0,0,976,91,55,57,27,7,46,54.3,21,68,12,56,19,110,108,2,72,2.1,65,1,0,3,2,1,7,0.2,1754,114,622,671,475,43,1754,38,16,42.1,17,44.7,820,3825,1771,63,36,9,38,30,902,171,2,0,0,23,25,2,105,19,55,1,0,0,168,20,21,48.8,,,,,,,,,,,,,,,,,,,,,,,,,,,,,,,,2024-2025
1763,Kaoru Mitoma,jp JPN,"FW,MF",Brighton,eng Premier League,27.0,1997.0,36,28,2603,28.9,10,4,14,10,0,0,1,0,9.2,9.2,4.6,13.8,0.48,0.48,146,89,291,57,27,47.4,1.97,0.93,0.18,0.37,13.9,0,0,0,9.2,9.2,0.16,0.8,0.8,749,988,75.8,9777,2226,4,4.6,4.0,-0.6,37,36,36,8,89,965,19,0,9,1,75,19,0,0,0,0,749,45,27,15,14,16,49,38.8,30,48,3,45,14,59,10,0,87,3.01,73,0,6,3,4,1,10,0.35,1375,17,155,468,782,164,1375,131,52,39.7,74,56.5,830,6659,3906,146,82,56,53,23,966,291,1,0,0,40,24,5,75,14,27,0,0,0,99,26,27,49.1,,,,,,,,,,,,,,,,,,,,,,,,,,,,,,,,2024-2025
1766,Henrikh Mkhitaryan,am ARM,MF,Inter,it Serie A,35.0,1989.0,31,29,2328,25.9,1,4,5,1,0,0,4,0,1.5,1.5,2.7,4.2,0.19,0.16,72,199,93,23,2,8.7,0.89,0.08,0.04,0.5,21.0,0,0,0,1.5,1.5,0.07,-0.5,-0.5,1326,1518,87.4,21510,5499,4,2.7,4.1,1.3,29,156,53,5,199,1493,19,11,5,11,22,3,5,1,2,0,1326,43,24,17,16,10,45,44.4,25,29,5,24,16,59,41,0,101,3.8,96,2,2,0,1,0,12,0.45,1747,45,259,954,541,44,1747,26,7,26.9,19,73.1,1036,5328,2799,72,56,13,27,15,1301,93,4,0,0,33,24,5,22,16,24,0,0,0,131,23,13,63.9,,,,,,,,,,,,,,,,,,,,,,,,,,,,,,,,2024-2025
1767,Jakub Moder,pl POL,MF,Brighton,eng Premier League,25.0,1999.0,4,0,11,0.1,0,0,0,0,0,0,0,0,0.0,0.0,0.2,0.2,0.0,1.45,2,4,0,0,0,,0.0,0.0,,,,0,0,0,0.0,0.0,,0.0,0.0,18,22,81.8,254,82,0,0.2,0.5,-0.2,3,0,1,1,4,22,0,0,0,0,1,0,0,0,0,0,18,1,0,1,0,0,2,0.0,2,0,0,0,0,1,3,0,4,32.73,4,0,0,0,0,0,0,0.0,27,2,7,12,9,1,27,0,0,,0,,13,93,62,2,3,0,0,0,14,0,0,0,0,0,0,0,1,0,0,0,0,0,2,0,1,0.0,,,,,,,,,,,,,,,,,,,,,,,,,,,,,,,,2024-2025
1768,Rui Modesto,ao ANG,"DF,MF",Udinese,it Serie A,24.0,1999.0,20,4,608,6.8,0,1,1,0,0,0,1,0,0.5,0.5,0.8,1.3,0.15,0.19,16,22,43,3,2,66.7,0.44,0.3,0.0,0.0,17.4,0,0,0,0.5,0.5,0.17,-0.5,-0.5,231,310,74.5,3481,983,1,0.8,0.5,0.2,14,15,6,5,22,252,58,1,1,1,26,56,1,1,0,0,231,16,12,4,9,3,9,77.8,2,10,0,10,8,24,13,0,23,3.4,22,1,0,0,0,0,2,0.3,388,9,76,165,153,14,388,8,3,37.5,5,62.5,166,915,518,16,6,4,9,3,212,43,1,0,0,10,5,1,26,8,12,0,0,0,26,10,14,41.7,,,,,,,,,,,,,,,,,,,,,,,,,,,,,,,,2024-2025
1769,Luka Modrić,hr CRO,MF,Real Madrid,es La Liga,38.0,1985.0,35,17,1827,20.3,2,6,8,2,0,0,7,0,1.6,1.6,7.0,8.5,0.39,0.42,62,208,63,22,6,27.3,1.08,0.3,0.09,0.33,23.1,1,0,0,1.6,1.6,0.07,0.4,0.4,1724,1969,87.6,29739,9647,6,7.0,6.3,-1.0,66,225,34,2,208,1778,188,82,11,24,112,8,98,48,25,1,1724,31,20,16,13,2,32,43.8,18,17,5,12,27,58,17,0,122,6.01,84,33,0,4,0,1,15,0.74,2124,39,315,1170,659,26,2124,24,14,58.3,9,37.5,1419,7207,3491,62,58,13,23,13,1649,63,7,0,0,23,19,2,112,27,20,0,0,0,105,6,13,31.6,,,,,,,,,,,,,,,,,,,,,,,,,,,,,,,,2024-2025
1773,Johan Mojica,co COL,DF,Mallorca,es La Liga,31.0,1992.0,36,30,2755,30.6,1,2,3,1,0,0,5,0,0.9,0.9,4.1,5.0,0.1,0.16,66,130,142,17,3,17.6,0.56,0.1,0.06,0.33,24.2,4,0,0,0.9,0.9,0.05,0.1,0.1,1217,1641,74.2,21542,9303,2,4.1,4.4,-2.1,40,102,53,33,130,1297,332,28,2,9,143,303,1,0,1,0,1217,35,23,26,6,3,40,47.5,21,13,5,8,26,61,84,3,83,2.71,67,7,4,3,2,0,6,0.2,1949,96,593,818,569,18,1949,89,33,37.1,48,53.9,1024,5088,2228,66,53,5,52,27,1115,142,5,0,0,18,24,0,143,26,23,1,2,0,181,9,18,33.3,,,,,,,,,,,,,,,,,,,,,,,,,,,,,,,,2024-2025
1775,Alberto Moleiro,es ESP,"FW,MF",Las Palmas,es La Liga,20.0,2003.0,35,32,2714,30.2,6,1,7,6,0,0,5,0,5.6,5.6,3.3,8.9,0.23,0.3,97,116,179,68,24,35.3,2.25,0.8,0.09,0.25,19.0,0,0,0,5.6,5.6,0.08,0.4,0.4,845,1039,81.3,11961,2734,1,3.3,3.6,-2.3,41,75,29,5,116,1006,30,11,9,1,32,11,2,0,1,0,845,27,12,12,14,1,48,37.5,30,24,0,24,18,45,8,0,106,3.52,76,0,17,7,5,1,6,0.2,1416,4,153,682,607,102,1416,150,64,42.7,78,52.0,946,5912,3126,97,71,28,76,48,1097,179,5,0,0,31,40,2,32,18,12,0,0,0,132,5,22,18.5,,,,,,,,,,,,,,,,,,,,,,,,,,,,,,,,2024-2025
1776,Nahuel Molina,ar ARG,DF,Atlético Madrid,es La Liga,26.0,1998.0,30,17,1590,17.7,0,3,3,0,0,0,1,0,0.8,0.8,1.5,2.3,0.17,0.13,35,61,96,9,1,11.1,0.51,0.06,0.0,0.0,19.4,0,0,0,0.8,0.8,0.09,-0.8,-0.8,945,1182,79.9,14192,5083,3,1.5,1.9,1.5,13,43,19,5,61,998,178,15,2,6,55,154,9,3,6,0,945,44,19,21,21,2,56,55.4,25,16,3,13,13,57,53,0,44,2.49,32,6,3,1,0,2,5,0.28,1366,59,420,606,349,24,1366,30,15,50.0,13,43.3,782,3387,1971,35,28,4,21,3,883,96,1,0,0,13,8,4,55,13,19,0,0,0,66,10,12,45.5,,,,,,,,,,,,,,,,,,,,,,,,,,,,,,,,2024-2025
1778,Jon Moncayola,es ESP,MF,Osasuna,es La Liga,26.0,1998.0,32,26,2099,23.3,0,0,0,0,0,0,8,0,1.6,1.6,3.7,5.3,0.0,0.23,25,107,51,21,9,42.9,0.9,0.39,0.0,0.0,17.9,0,0,0,1.6,1.6,0.08,-1.6,-1.6,738,992,74.4,13615,4472,0,3.7,4.6,-3.7,33,76,25,13,107,887,100,40,1,9,107,5,47,14,19,0,738,70,41,29,33,8,60,51.7,29,34,3,31,11,81,20,0,67,2.87,46,18,0,2,0,1,4,0.17,1198,37,215,635,356,33,1198,12,4,33.3,7,58.3,571,2284,1070,25,15,6,24,8,727,51,8,0,0,34,9,0,107,11,41,0,0,0,91,15,16,48.4,,,,,,,,,,,,,,,,,,,,,,,,,,,,,,,,2024-2025
1779,Jeremy Monga,,"FW,MF",Leicester City,eng Premier League,,,7,0,112,1.2,0,0,0,0,0,0,0,0,0.2,0.2,0.0,0.2,0.0,0.14,6,3,10,3,1,33.3,2.41,0.8,0.0,0.0,19.8,0,0,0,0.2,0.2,0.05,-0.2,-0.2,18,29,62.1,215,53,0,0.0,0.0,0.0,1,2,1,0,3,28,1,1,0,0,4,0,0,0,0,0,18,2,1,0,1,1,1,100.0,0,3,2,1,0,2,1,0,2,1.61,2,0,0,0,0,0,0,0.0,51,1,9,16,27,5,51,7,2,28.6,3,42.9,37,336,157,6,2,3,5,2,32,10,0,0,0,0,5,0,4,0,1,0,0,0,10,0,1,0.0,,,,,,,,,,,,,,,,,,,,,,,,,,,,,,,,2024-2025
1780,Gonzalo Montiel,ar ARG,"DF,MF",Sevilla,es La Liga,27.0,1997.0,6,1,113,1.3,0,0,0,0,0,0,1,0,0.0,0.0,0.0,0.0,0.0,0.02,3,2,3,1,0,0.0,0.8,0.0,0.0,,14.7,0,0,0,0.0,0.0,0.03,0.0,0.0,68,78,87.2,1288,364,0,0.0,0.1,0.0,0,8,1,1,2,64,14,2,0,0,3,11,1,0,0,0,68,4,2,3,1,0,4,75.0,1,0,0,0,2,6,11,0,2,1.59,2,0,0,0,0,0,0,0.0,99,9,41,42,16,2,99,1,0,0.0,0,0.0,37,153,90,3,0,0,2,0,57,3,1,0,0,3,1,0,3,2,2,0,0,0,4,1,0,100.0,,,,,,,,,,,,,,,,,,,,,,,,,,,,,,,,2024-2025
1781,Lorenzo Montipò,it ITA,GK,Hellas Verona,it Serie A,28.0,1996.0,36,36,3240,36.0,0,0,0,0,0,0,0,0,0.0,0.0,0.0,0.0,0.0,0.0,0,1,0,0,0,,0.0,0.0,,,,0,0,0,0.0,0.0,,0.0,0.0,520,1068,48.7,18974,16089,0,0.0,0.1,0.0,0,37,0,0,1,644,414,116,0,3,0,0,0,0,0,0,520,1,0,1,0,0,4,25.0,3,0,0,0,0,1,24,4,5,0.14,5,0,0,0,0,0,0,0.0,1170,919,1150,20,0,0,1170,0,0,,0,,508,3248,1873,0,0,0,1,0,412,0,0,0,0,0,7,0,0,0,0,0,0,1,28,7,1,87.5,64.0,1.78,161.0,97.0,61.5,9.0,7.0,20.0,8.0,22.2,4.0,2.0,1.0,1.0,50.8,0.31,-12.2,-0.34,210.0,720.0,29.2,760.0,91.0,59.9,43.6,498.0,30.0,6.0,23.0,0.64,11.6,2024-2025
1782,Mikey Moore,eng ENG,FW,Tottenham,eng Premier League,16.0,2007.0,10,3,366,4.1,0,1,1,0,0,0,0,0,0.2,0.2,0.3,0.5,0.25,0.13,12,9,40,3,0,0.0,0.74,0.0,0.0,,19.5,0,0,0,0.2,0.2,0.07,-0.2,-0.2,67,96,69.8,853,226,1,0.3,0.6,0.7,3,2,5,1,9,88,8,0,0,0,16,2,6,3,0,0,67,2,1,2,0,0,4,0.0,4,2,0,2,1,3,4,0,12,2.95,7,2,0,1,2,0,2,0.49,142,4,17,43,83,13,142,17,2,11.8,13,76.5,106,781,374,12,6,5,10,7,107,40,0,0,0,3,7,3,16,1,1,0,0,0,11,1,6,14.3,,,,,,,,,,,,,,,,,,,,,,,,,,,,,,,,2024-2025
1783,Álvaro Morata,es ESP,"FW,MF",Milan,it Serie A,31.0,1992.0,16,13,1099,12.2,5,0,5,5,0,0,5,0,3.9,3.9,0.8,4.7,0.41,0.39,18,26,63,27,10,37.0,2.21,0.82,0.19,0.5,11.3,0,0,0,3.9,3.9,0.15,1.1,1.1,202,268,75.4,3147,538,0,0.8,0.3,-0.8,7,15,3,0,26,249,19,2,3,5,13,0,0,0,0,0,202,16,10,5,8,3,8,62.5,3,7,2,5,5,21,5,0,21,1.72,16,0,1,1,2,1,3,0.25,383,6,34,180,170,61,383,17,6,35.3,7,41.2,215,1182,519,18,13,7,24,16,292,63,5,0,0,25,18,11,13,5,10,0,0,0,31,14,20,41.2,,,,,,,,,,,,,,,,,,,,,,,,,,,,,,,,2024-2025
1784,Morato,br BRA,DF,Nott'ham Forest,eng Premier League,23.0,2001.0,26,6,907,10.1,0,0,0,0,0,0,5,0,0.2,0.2,0.0,0.2,0.0,0.02,1,19,1,2,1,50.0,0.2,0.1,0.0,0.0,8.6,0,0,0,0.2,0.2,0.09,-0.2,-0.2,238,309,77.0,3987,1931,0,0.0,0.0,0.0,0,19,0,0,19,290,17,11,1,0,0,3,0,0,0,0,238,22,14,18,3,1,21,61.9,8,14,5,9,10,32,78,2,3,0.3,3,0,0,0,0,0,0,0.0,457,90,270,170,19,2,457,2,2,100.0,0,0.0,164,789,417,1,2,0,6,3,206,1,5,0,0,11,2,0,0,10,14,0,0,0,36,6,14,30.0,,,,,,,,,,,,,,,,,,,,,,,,,,,,,,,,2024-2025
1786,Alberto Moreno,es ESP,DF,Como,it Serie A,32.0,1992.0,24,21,1727,19.2,0,0,0,0,0,0,4,0,0.4,0.4,1.2,1.6,0.0,0.08,23,81,58,14,6,42.9,0.73,0.31,0.0,0.0,25.6,0,0,0,0.4,0.4,0.03,-0.4,-0.4,893,1082,82.5,15712,5538,0,1.2,1.6,-1.2,19,63,23,12,81,909,170,31,1,5,49,139,0,0,0,0,893,25,11,17,8,0,26,46.2,14,12,3,9,14,39,40,2,36,1.88,32,3,0,1,0,0,2,0.1,1224,58,391,563,283,17,1224,7,3,42.9,3,42.9,722,3027,1350,23,30,4,18,3,805,58,4,0,0,17,14,1,49,14,11,0,0,0,74,11,20,35.5,,,,,,,,,,,,,,,,,,,,,,,,,,,,,,,,2024-2025
1787,Álex Moreno,es ESP,"DF,MF",Nott'ham Forest,eng Premier League,31.0,1993.0,15,11,955,10.6,0,1,1,0,0,0,2,0,0.2,0.2,1.3,1.4,0.09,0.13,26,34,34,6,0,0.0,0.57,0.0,0.0,,23.7,0,0,0,0.2,0.2,0.03,-0.2,-0.2,308,428,72.0,4574,1911,1,1.3,1.1,-0.3,8,25,9,2,34,338,86,1,3,1,19,85,0,0,0,0,308,25,18,20,5,0,39,38.5,24,11,5,6,15,40,43,0,16,1.51,15,1,0,0,0,0,2,0.19,559,60,210,202,158,8,559,21,8,38.1,8,38.1,229,1470,864,26,16,4,13,6,258,34,2,0,0,12,6,0,19,15,18,0,0,0,50,3,11,21.4,,,,,,,,,,,,,,,,,,,,,,,,,,,,,,,,2024-2025
1788,Gerard Moreno,es ESP,FW,Villarreal,es La Liga,32.0,1992.0,17,6,721,8.0,3,2,5,0,3,3,0,0,4.2,1.8,3.6,5.5,0.25,0.98,19,53,60,23,9,39.1,2.87,1.12,0.0,0.0,18.2,0,3,3,4.2,1.8,0.08,-1.2,-1.8,235,305,77.0,4192,1161,2,3.6,1.9,-1.6,17,30,15,2,53,289,12,1,2,2,10,0,0,0,0,0,235,7,4,3,2,2,12,25.0,9,0,0,0,2,9,8,0,39,4.87,31,0,2,3,2,1,4,0.5,404,8,30,183,195,48,401,31,18,58.1,13,41.9,243,1387,601,19,14,9,17,9,324,60,0,0,0,10,11,1,10,2,4,1,0,0,25,17,4,81.0,,,,,,,,,,,,,,,,,,,,,,,,,,,,,,,,2024-2025
1789,Matias Moreno,ar ARG,DF,Fiorentina,it Serie A,20.0,2003.0,4,2,144,1.6,0,0,0,0,0,0,0,0,0.0,0.0,0.0,0.0,0.0,0.01,1,6,1,0,0,,0.0,0.0,,,,0,0,0,0.0,0.0,,0.0,0.0,58,71,81.7,1022,367,0,0.0,0.0,0.0,1,5,2,0,6,67,4,4,0,1,2,0,0,0,0,0,58,8,8,5,3,0,4,100.0,0,5,1,4,1,9,9,0,3,1.87,2,0,1,0,0,0,0,0.0,98,8,41,48,10,1,98,3,3,100.0,0,0.0,55,251,145,1,0,0,1,1,55,1,0,0,0,4,0,0,2,1,8,0,1,0,5,3,4,42.9,,,,,,,,,,,,,,,,,,,,,,,,,,,,,,,,2024-2025
1790,Xavier Moreno,es ESP,FW,Valladolid,es La Liga,19.0,2004.0,1,1,45,0.5,0,0,0,0,0,0,0,0,0.0,0.0,0.0,0.0,0.0,0.0,1,1,5,0,0,,0.0,0.0,,,,0,0,0,0.0,0.0,,0.0,0.0,3,13,23.1,66,11,0,0.0,0.0,0.0,0,0,0,0,1,12,1,1,0,0,2,0,0,0,0,0,3,0,0,0,0,0,0,,0,0,0,0,0,0,1,0,0,0.0,0,0,0,0,0,0,0,0.0,17,1,5,7,6,2,17,1,0,0.0,1,100.0,8,50,27,1,1,0,0,1,9,5,0,0,0,0,1,0,2,0,0,0,0,0,1,1,0,100.0,,,,,,,,,,,,,,,,,,,,,,,,,,,,,,,,2024-2025
1791,Tete Morente,es ESP,"FW,MF",Lecce,it Serie A,27.0,1996.0,31,23,2021,22.5,3,2,5,3,0,0,5,0,2.9,2.9,1.6,4.5,0.22,0.2,48,102,144,41,13,31.7,1.83,0.58,0.07,0.23,20.8,0,0,0,2.9,2.9,0.07,0.1,0.1,545,729,74.8,9087,2766,2,1.6,1.2,0.4,25,54,23,9,102,697,27,2,3,5,56,21,4,0,3,0,545,27,17,10,11,6,36,27.8,26,16,1,15,14,41,31,1,61,2.72,50,1,4,3,2,1,4,0.18,983,24,146,465,388,40,983,55,30,54.5,22,40.0,560,3477,1689,48,43,6,43,15,643,144,5,0,0,26,24,0,56,14,17,0,0,0,104,37,23,61.7,,,,,,,,,,,,,,,,,,,,,,,,,,,,,,,,2024-2025
1792,Mateu Morey,es ESP,DF,Mallorca,es La Liga,24.0,2000.0,16,8,741,8.2,0,0,0,0,0,0,1,0,0.4,0.4,0.3,0.7,0.0,0.08,17,17,32,3,1,33.3,0.36,0.12,0.0,0.0,19.9,0,0,0,0.4,0.4,0.14,-0.4,-0.4,301,390,77.2,4650,1337,0,0.3,0.2,-0.3,4,14,3,1,17,331,57,3,1,0,16,54,0,0,0,0,301,22,18,13,6,3,22,54.5,10,11,0,11,15,37,32,2,12,1.46,9,0,1,0,1,1,1,0.12,502,38,177,227,101,7,502,17,9,52.9,6,35.3,254,1238,581,17,8,6,8,10,272,32,1,0,0,17,10,1,16,15,18,0,0,0,41,8,6,57.1,,,,,,,,,,,,,,,,,,,,,,,,,,,,,,,,2024-2025
1793,Ilaix Moriba,gn GUI,MF,Celta Vigo,es La Liga,21.0,2003.0,33,22,2132,23.7,1,1,2,1,0,0,9,1,1.7,1.7,1.5,3.2,0.08,0.14,34,119,64,34,11,32.4,1.44,0.46,0.03,0.09,23.7,0,0,0,1.7,1.7,0.05,-0.7,-0.7,843,984,85.7,13441,3569,1,1.5,2.4,-0.5,20,107,19,2,119,953,27,22,3,11,6,4,0,0,0,0,843,68,42,24,30,14,57,56.1,25,29,4,25,14,82,33,1,55,2.32,40,0,2,5,4,4,5,0.21,1305,36,218,740,364,39,1305,49,15,30.6,21,42.9,769,3643,1535,34,36,9,51,25,905,64,9,1,1,32,58,2,6,14,42,1,0,0,108,24,25,49.0,,,,,,,,,,,,,,,,,,,,,,,,,,,,,,,,2024-2025
1794,Manu Morlanes,es ESP,MF,Mallorca,es La Liga,25.0,1999.0,23,15,1338,14.9,0,0,0,0,0,0,7,0,0.6,0.6,0.3,0.9,0.0,0.06,16,88,39,11,1,9.1,0.74,0.07,0.0,0.0,22.2,0,0,0,0.6,0.6,0.05,-0.6,-0.6,630,709,88.9,10235,3100,0,0.3,0.7,-0.3,10,84,10,3,88,683,24,19,2,5,8,3,1,0,1,0,630,43,27,18,20,5,30,60.0,12,19,8,11,24,67,16,0,35,2.35,32,1,0,2,0,0,0,0.0,845,32,172,519,163,8,845,8,3,37.5,5,62.5,459,2371,1125,16,23,0,8,10,534,39,7,0,0,15,13,0,8,24,27,0,0,0,79,10,16,38.5,,,,,,,,,,,,,,,,,,,,,,,,,,,,,,,,2024-2025
1795,Nikola Moro,hr CRO,MF,Bologna,it Serie A,26.0,1998.0,22,15,1208,13.4,0,2,2,0,0,0,1,0,0.5,0.5,0.8,1.3,0.15,0.1,17,93,21,14,2,14.3,1.04,0.15,0.0,0.0,26.1,1,0,0,0.5,0.5,0.03,-0.5,-0.5,646,805,80.2,12659,3406,2,0.8,1.0,1.2,20,98,10,2,93,741,62,33,1,9,33,2,19,0,13,0,646,35,27,7,21,7,33,66.7,11,18,7,11,13,48,18,0,48,3.56,33,9,1,3,0,2,6,0.44,923,19,148,579,201,3,923,12,7,58.3,4,33.3,486,2144,968,17,11,0,11,4,592,21,1,0,0,22,9,0,33,13,27,0,0,0,73,17,16,51.5,,,,,,,,,,,,,,,,,,,,,,,,,,,,,,,,2024-2025
1796,Raúl Moro,es ESP,"MF,FW",Valladolid,es La Liga,21.0,2002.0,33,26,2341,26.0,4,5,9,4,0,0,2,0,4.1,4.1,5.7,9.8,0.35,0.38,112,81,190,46,16,34.8,1.77,0.62,0.09,0.25,17.8,0,0,0,4.1,4.1,0.09,-0.1,-0.1,517,797,64.9,10214,3063,5,5.7,5.5,-0.7,44,41,38,22,81,692,100,18,7,14,149,31,51,18,12,1,517,22,13,15,4,3,32,40.6,19,8,0,8,10,32,20,1,94,3.61,57,13,19,1,3,1,9,0.35,1050,17,124,389,559,108,1050,132,57,43.2,67,50.8,607,5692,2999,112,69,60,47,11,713,190,2,0,0,4,16,12,149,10,13,0,0,0,85,8,16,33.3,,,,,,,,,,,,,,,,,,,,,,,,,,,,,,,,2024-2025
1797,Sam Morsy,eg EGY,MF,Ipswich Town,eng Premier League,32.0,1991.0,33,31,2751,30.6,1,1,2,1,0,0,10,0,0.4,0.4,1.2,1.6,0.07,0.05,22,120,13,13,3,23.1,0.43,0.1,0.08,0.33,27.2,0,0,0,0.4,0.4,0.03,0.6,0.6,1249,1445,86.4,20142,5579,1,1.2,1.5,-0.2,24,149,17,4,120,1388,50,49,2,5,15,0,0,0,0,0,1249,68,41,40,24,4,62,43.5,35,34,13,21,29,97,47,5,51,1.67,46,4,0,0,1,0,2,0.07,1683,97,498,953,248,6,1683,29,17,58.6,9,31.0,852,4649,2101,22,24,3,17,13,1137,13,10,0,0,48,27,0,15,29,41,0,1,1,157,18,24,42.9,,,,,,,,,,,,,,,,,,,,,,,,,,,,,,,,2024-2025
1799,Cristhian Mosquera,es ESP,DF,Valencia,es La Liga,20.0,2004.0,37,37,3319,36.9,1,0,1,1,0,0,6,0,0.4,0.4,0.0,0.4,0.03,0.01,35,123,6,5,2,40.0,0.14,0.05,0.2,0.5,10.5,0,0,0,0.4,0.4,0.08,0.6,0.6,1858,2053,90.5,32827,11556,0,0.0,0.3,0.0,0,118,1,0,123,1931,117,57,0,6,2,49,0,0,0,0,1858,56,36,41,13,2,40,77.5,9,37,24,13,35,91,128,4,14,0.38,12,0,0,0,0,2,1,0.03,2367,233,1159,1144,74,7,2367,9,5,55.6,4,44.4,1401,7430,4283,35,11,0,18,10,1583,6,6,0,0,14,26,0,2,35,36,0,3,0,190,41,51,44.6,,,,,,,,,,,,,,,,,,,,,,,,,,,,,,,,2024-2025
1800,Daniel Mosquera,co COL,FW,Hellas Verona,it Serie A,24.0,1999.0,35,12,1375,15.3,5,1,6,5,0,0,4,0,6.6,6.6,1.3,7.9,0.39,0.52,17,25,83,57,15,26.3,3.73,0.98,0.09,0.33,13.5,0,0,0,6.6,6.6,0.12,-1.6,-1.6,230,335,68.7,2878,544,1,1.3,0.9,-0.3,12,21,4,0,25,319,15,0,1,0,2,1,0,0,0,0,230,11,8,3,5,3,15,6.7,14,11,1,10,2,13,10,0,43,2.82,28,0,1,11,1,2,3,0.2,509,12,36,246,236,74,509,25,16,64.0,8,32.0,250,1249,490,17,15,9,43,17,352,83,4,0,0,44,17,8,2,2,8,0,0,0,54,79,89,47.0,,,,,,,,,,,,,,,,,,,,,,,,,,,,,,,,2024-2025
1801,Yerson Mosquera,co COL,DF,Wolves,eng Premier League,23.0,2001.0,5,5,441,4.9,0,0,0,0,0,0,2,0,0.3,0.3,0.1,0.4,0.0,0.09,0,7,0,2,0,0.0,0.41,0.0,0.0,,12.4,0,0,0,0.3,0.3,0.17,-0.3,-0.3,205,240,85.4,3996,1184,0,0.1,0.0,-0.1,2,16,1,1,7,230,9,4,0,1,2,0,0,0,0,0,205,11,7,9,2,0,14,64.3,5,13,10,3,10,21,14,0,5,1.02,5,0,0,0,0,0,0,0.0,294,43,170,115,12,7,294,0,0,,0,,168,683,322,0,1,0,4,1,182,0,2,0,0,6,7,1,2,10,7,0,0,0,24,11,6,64.7,,,,,,,,,,,,,,,,,,,,,,,,,,,,,,,,2024-2025
1802,Dany Mota,pt POR,"FW,MF",Monza,it Serie A,26.0,1998.0,31,24,2104,23.4,5,2,7,5,0,0,3,0,5.1,5.1,1.8,6.9,0.3,0.29,53,47,139,42,11,26.2,1.8,0.47,0.12,0.45,13.1,0,0,0,5.1,5.1,0.12,-0.1,-0.1,412,569,72.4,6464,1039,2,1.8,1.7,0.2,22,27,19,6,47,533,35,2,4,6,38,6,0,0,0,0,412,13,3,2,3,8,8,50.0,4,18,1,17,9,22,27,3,55,2.35,41,0,3,4,7,0,3,0.13,820,24,85,376,368,80,820,39,13,33.3,22,56.4,501,3114,1295,53,29,12,63,29,605,139,3,0,0,30,36,7,38,9,3,0,0,0,61,60,71,45.8,,,,,,,,,,,,,,,,,,,,,,,,,,,,,,,,2024-2025
1807,Mason Mount,eng ENG,MF,Manchester Utd,eng Premier League,25.0,1999.0,17,8,622,6.9,1,0,1,1,0,0,3,0,3.2,3.2,0.6,3.8,0.14,0.55,15,33,41,20,9,45.0,2.89,1.3,0.05,0.11,15.0,0,0,0,3.2,3.2,0.17,-2.2,-2.2,207,253,81.8,3015,709,0,0.6,0.6,-0.6,8,19,8,2,33,238,15,8,2,2,13,3,4,3,1,0,207,15,5,5,8,2,12,75.0,3,11,1,10,4,19,4,0,22,3.18,15,3,0,3,1,0,0,0.0,339,11,45,161,137,31,339,10,1,10.0,8,80.0,215,1067,490,15,11,2,16,9,249,41,3,0,0,16,9,1,13,4,5,0,0,0,18,4,8,33.3,,,,,,,,,,,,,,,,,,,,,,,,,,,,,,,,2024-2025
1808,Santiago Mouriño,uy URU,DF,Alavés,es La Liga,22.0,2002.0,25,20,1849,20.5,0,1,1,0,0,0,7,0,0.9,0.9,0.9,1.8,0.05,0.09,14,46,1,13,3,23.1,0.63,0.15,0.0,0.0,15.5,0,0,0,0.9,0.9,0.07,-0.9,-0.9,539,691,78.0,9882,4329,1,0.9,0.6,0.1,7,47,5,2,46,638,50,23,2,3,4,23,0,0,0,0,539,43,28,31,12,0,38,55.3,17,27,12,15,29,72,120,0,11,0.54,8,1,0,0,2,0,2,0.1,952,116,465,442,57,14,952,11,4,36.4,5,45.5,442,2624,1513,14,15,0,7,11,440,1,7,0,0,32,23,1,4,29,28,1,0,0,85,38,28,57.6,,,,,,,,,,,,,,,,,,,,,,,,,,,,,,,,2024-2025
1810,Divin Mubama,eng ENG,FW,Manchester City,eng Premier League,19.0,2004.0,1,0,28,0.3,0,0,0,0,0,0,0,0,0.0,0.0,0.0,0.0,0.0,0.12,0,1,0,1,0,0.0,3.21,0.0,0.0,,17.2,0,0,0,0.0,0.0,0.04,0.0,0.0,2,3,66.7,44,18,0,0.0,0.0,0.0,0,0,0,0,1,3,0,0,0,0,0,0,0,0,0,0,2,0,0,0,0,0,0,,0,0,0,0,0,0,0,0,0,0.0,0,0,0,0,0,0,0,0.0,5,0,0,2,3,1,5,0,0,,0,,2,14,0,0,0,0,0,1,3,0,0,0,0,0,0,0,0,0,0,0,0,0,1,0,1,0.0,,,,,,,,,,,,,,,,,,,,,,,,,,,,,,,,2024-2025
1811,Mykhailo Mudryk,ua UKR,FW,Chelsea,eng Premier League,23.0,2001.0,7,1,151,1.7,0,0,0,0,0,0,0,0,0.3,0.3,1.0,1.2,0.0,0.73,7,5,12,1,1,100.0,0.6,0.6,0.0,0.0,11.6,0,0,0,0.3,0.3,0.25,-0.3,-0.3,28,42,66.7,431,165,0,1.0,0.5,-1.0,2,2,2,1,5,40,2,0,1,0,7,0,2,0,0,0,28,2,2,2,0,0,0,,0,3,1,2,0,2,1,0,6,3.6,4,1,0,0,1,0,0,0.0,62,3,12,15,38,6,62,8,3,37.5,5,62.5,39,468,227,7,8,0,3,7,42,12,0,0,0,2,2,1,7,0,2,0,0,0,9,2,4,33.3,,,,,,,,,,,,,,,,,,,,,,,,,,,,,,,,2024-2025
1818,Abdul Mumin,gh GHA,DF,Rayo Vallecano,es La Liga,26.0,1998.0,24,24,2017,22.4,2,1,3,2,0,0,6,1,0.6,0.6,0.2,0.8,0.13,0.03,12,40,6,10,3,30.0,0.45,0.13,0.2,0.67,12.9,0,0,0,0.6,0.6,0.06,1.4,1.4,900,1085,82.9,17231,7016,1,0.2,0.1,0.8,1,40,1,0,40,1017,65,25,0,8,6,1,0,0,0,0,900,37,25,30,7,0,27,63.0,10,40,29,11,23,60,125,0,11,0.49,10,0,0,0,1,0,3,0.13,1351,253,874,447,39,13,1351,10,5,50.0,4,40.0,725,3467,1525,12,5,2,16,5,819,6,6,1,0,22,12,0,6,23,25,0,0,0,93,31,25,55.4,,,,,,,,,,,,,,,,,,,,,,,,,,,,,,,,2024-2025
1819,Marshall Munetsi,zw ZIM,"MF,FW",Wolves,eng Premier League,28.0,1996.0,14,12,1078,12.0,2,1,3,2,0,0,0,0,3.3,3.3,1.8,5.1,0.25,0.42,9,10,35,22,7,31.8,1.84,0.58,0.09,0.29,15.0,0,0,0,3.3,3.3,0.15,-1.3,-1.3,152,212,71.7,1898,390,1,1.8,1.1,-0.8,9,7,3,2,10,205,7,0,1,0,10,1,0,0,0,0,152,24,10,7,11,6,23,56.5,10,14,1,13,6,30,18,0,21,1.75,16,0,0,2,2,1,1,0.08,364,21,58,182,128,36,364,11,3,27.3,7,63.6,148,580,215,9,4,4,32,12,182,35,0,0,0,19,10,3,10,6,10,0,0,0,35,29,23,55.8,,,,,,,,,,,,,,,,,,,,,,,,,,,,,,,,2024-2025
1821,Rodrigo Muniz,br BRA,FW,Fulham,eng Premier League,23.0,2001.0,31,8,964,10.7,8,1,9,8,0,0,1,0,5.8,5.8,0.7,6.5,0.84,0.61,6,27,31,39,19,48.7,3.64,1.77,0.21,0.42,12.0,0,0,0,5.8,5.8,0.15,2.2,2.2,92,142,64.8,1540,528,1,0.7,0.2,0.3,7,13,3,0,27,135,6,1,3,2,1,0,0,0,0,0,92,10,5,3,5,2,4,100.0,0,9,2,7,5,15,14,0,17,1.59,10,0,2,2,2,1,2,0.19,311,14,27,161,127,55,311,18,6,33.3,9,50.0,157,651,187,6,4,3,47,24,237,31,1,0,0,11,31,3,1,5,5,0,0,0,14,67,63,51.5,,,,,,,,,,,,,,,,,,,,,,,,,,,,,,,,2024-2025
1822,Aihen Muñoz,es ESP,DF,Real Sociedad,es La Liga,26.0,1997.0,21,13,1098,12.2,0,0,0,0,0,0,5,0,0.2,0.2,0.3,0.4,0.0,0.04,26,38,28,6,0,0.0,0.49,0.0,0.0,,30.0,0,0,0,0.2,0.2,0.03,-0.2,-0.2,448,631,71.0,7078,2813,0,0.3,0.3,-0.3,3,38,3,2,38,490,137,5,0,1,35,132,0,0,0,0,448,24,12,14,8,2,28,50.0,14,11,6,5,14,38,47,0,10,0.82,8,0,0,2,0,0,0,0.0,763,44,245,349,173,4,763,12,7,58.3,4,33.3,356,1491,703,26,16,3,10,3,404,28,5,0,0,15,12,0,35,14,12,0,1,0,43,23,17,57.5,,,,,,,,,,,,,,,,,,,,,,,,,,,,,,,,2024-2025
1823,Álex Muñoz,es ESP,DF,Las Palmas,es La Liga,30.0,1994.0,21,18,1415,15.7,3,0,3,3,0,0,3,0,0.9,0.9,0.5,1.4,0.19,0.09,15,45,53,9,5,55.6,0.57,0.32,0.33,0.6,14.5,0,0,0,0.9,0.9,0.1,2.1,2.1,618,775,79.7,9935,3534,0,0.5,0.7,-0.5,7,34,9,8,45,635,139,12,0,2,27,119,0,0,0,0,618,39,29,22,16,1,38,55.3,17,28,11,17,16,55,69,0,15,0.95,12,1,0,0,2,0,0,0.0,974,82,392,418,169,19,974,9,2,22.2,6,66.7,398,1740,1027,15,8,1,10,1,544,53,3,0,0,30,14,2,27,16,29,0,1,0,35,24,21,53.3,,,,,,,,,,,,,,,,,,,,,,,,,,,,,,,,2024-2025
1824,Daniel Muñoz,co COL,DF,Crystal Palace,eng Premier League,28.0,1996.0,37,37,3228,35.9,4,5,9,4,0,0,10,0,4.9,4.9,5.5,10.5,0.25,0.29,62,97,206,37,14,37.8,1.03,0.39,0.11,0.29,12.7,0,0,0,4.9,4.9,0.13,-0.9,-0.9,1129,1492,75.7,17091,5219,5,5.5,3.6,-0.5,46,59,35,15,97,1182,304,27,2,2,74,275,2,0,0,0,1129,123,80,57,41,25,97,56.7,42,40,6,34,44,167,108,1,85,2.37,69,2,2,6,1,5,11,0.31,2010,119,568,826,637,107,2010,56,21,37.5,33,58.9,806,4046,1797,62,40,18,55,20,956,206,10,0,0,56,19,15,74,44,80,0,0,0,171,58,78,42.6,,,,,,,,,,,,,,,,,,,,,,,,,,,,,,,,2024-2025
1825,Iker Muñoz,es ESP,MF,Osasuna,es La Liga,21.0,2002.0,23,4,610,6.8,0,1,1,0,0,0,2,0,0.5,0.5,1.0,1.4,0.15,0.21,6,24,10,11,0,0.0,1.62,0.0,0.0,,23.8,0,0,0,0.5,0.5,0.04,-0.5,-0.5,239,303,78.9,4147,1069,1,1.0,0.7,0.0,6,30,6,2,24,299,4,2,1,0,7,1,0,0,0,0,239,5,2,3,2,0,9,33.3,6,9,2,7,4,9,12,1,15,2.21,10,0,1,2,2,0,2,0.29,365,14,56,235,75,7,365,4,2,50.0,2,50.0,184,706,314,6,3,0,6,4,242,10,2,0,0,12,14,0,7,4,2,0,0,0,28,10,12,45.5,,,,,,,,,,,,,,,,,,,,,,,,,,,,,,,,2024-2025
1826,Javier Muñoz,es ESP,"MF,DF",Las Palmas,es La Liga,29.0,1995.0,35,28,2588,28.8,1,3,4,1,0,0,5,0,1.3,1.3,2.5,3.7,0.14,0.13,36,108,91,25,6,24.0,0.87,0.21,0.04,0.17,21.8,0,0,0,1.3,1.3,0.05,-0.3,-0.3,918,1178,77.9,15854,4646,3,2.5,2.3,0.5,29,115,32,13,108,1090,85,22,3,18,51,49,3,0,1,1,918,45,35,18,17,10,46,34.8,30,27,4,23,31,76,39,3,58,2.02,44,4,5,0,3,2,8,0.28,1411,44,272,814,342,32,1411,36,21,58.3,13,36.1,700,3825,1599,36,29,7,29,15,939,91,5,0,0,30,26,2,51,31,35,0,0,0,112,15,26,36.6,,,,,,,,,,,,,,,,,,,,,,,,,,,,,,,,2024-2025
1827,Víctor Muñoz,es ESP,"FW,DF",Real Madrid,es La Liga,21.0,2003.0,2,0,36,0.4,0,0,0,0,0,0,0,0,0.5,0.5,0.0,0.5,0.0,1.23,3,0,9,1,0,0.0,2.5,0.0,0.0,,15.3,0,0,0,0.5,0.5,0.49,-0.5,-0.5,11,12,91.7,150,21,0,0.0,0.3,0.0,0,0,1,1,0,12,0,0,0,0,2,0,0,0,0,0,11,0,0,0,0,0,0,,0,0,0,0,0,0,0,0,1,2.5,1,0,0,0,0,0,1,2.5,17,0,1,0,16,4,17,2,0,0.0,2,100.0,15,142,40,3,1,2,1,1,16,9,0,0,0,2,0,0,2,0,0,0,0,0,1,0,0,,,,,,,,,,,,,,,,,,,,,,,,,,,,,,,,,2024-2025
1828,Arijanet Muric,xk KVX,GK,Ipswich Town,eng Premier League,25.0,1998.0,18,18,1620,18.0,0,0,0,0,0,0,1,0,0.0,0.0,0.0,0.0,0.0,0.0,0,1,0,0,0,,0.0,0.0,,,,0,0,0,0.0,0.0,,0.0,0.0,454,633,71.7,11705,8247,0,0.0,0.0,0.0,0,14,0,0,1,485,143,49,0,3,0,0,0,0,0,0,454,0,0,0,0,0,2,0.0,2,0,0,0,0,0,10,5,1,0.06,0,1,0,0,0,0,0,0.0,689,559,672,18,0,0,689,0,0,,0,,405,2088,1178,0,0,0,3,1,321,0,1,0,0,0,4,0,0,0,0,0,0,0,26,11,1,91.7,33.0,1.83,100.0,67.0,70.0,2.0,6.0,10.0,1.0,5.6,3.0,3.0,0.0,0.0,31.4,0.29,-1.6,-0.09,76.0,229.0,33.2,534.0,94.0,29.6,30.3,249.0,39.0,15.7,20.0,1.11,12.2,2024-2025
1829,Murillo,br BRA,DF,Nott'ham Forest,eng Premier League,22.0,2002.0,36,36,3188,35.4,2,0,2,2,0,0,6,0,1.4,1.4,1.2,2.6,0.06,0.07,22,115,5,25,6,24.0,0.71,0.17,0.08,0.33,21.9,3,0,0,1.4,1.4,0.06,0.6,0.6,1138,1450,78.5,22680,10645,0,1.2,1.1,-1.2,13,139,13,1,115,1271,166,113,8,22,14,3,0,0,0,0,1138,53,36,38,12,3,46,58.7,19,69,45,24,36,89,249,3,44,1.24,30,7,0,4,1,2,2,0.06,1918,421,989,840,105,24,1918,37,27,73.0,10,27.0,821,4254,2531,22,25,1,19,10,989,5,6,0,0,27,6,0,14,36,36,0,1,0,142,44,22,66.7,,,,,,,,,,,,,,,,,,,,,,,,,,,,,,,,2024-2025
1830,Vedat Muriqi,xk KVX,FW,Mallorca,es La Liga,30.0,1994.0,29,24,2058,22.9,7,2,9,5,2,3,1,2,9.7,7.3,2.2,9.5,0.31,0.52,23,30,103,52,16,30.8,2.27,0.7,0.1,0.31,12.3,0,2,3,9.7,7.3,0.14,-2.7,-2.3,295,487,60.6,4299,870,2,2.2,1.7,-0.2,26,23,6,0,30,475,8,0,3,2,10,0,0,0,0,0,295,7,5,3,2,2,7,42.9,4,7,1,6,7,14,43,0,45,1.97,30,0,2,8,4,1,6,0.26,733,48,75,358,307,114,730,26,9,34.6,15,57.7,334,1463,476,23,12,10,55,26,550,103,1,2,0,29,41,19,10,7,5,1,1,1,49,135,98,57.9,,,,,,,,,,,,,,,,,,,,,,,,,,,,,,,,2024-2025
1831,Jacob Murphy,eng ENG,FW,Newcastle Utd,eng Premier League,29.0,1995.0,35,31,2360,26.2,8,12,20,8,0,0,4,0,5.7,5.7,8.9,14.6,0.76,0.56,79,83,231,43,15,34.9,1.64,0.57,0.19,0.53,18.2,0,0,0,5.7,5.7,0.13,2.3,2.3,688,1004,68.5,10412,3438,12,8.9,6.2,3.1,42,58,41,15,83,943,53,5,5,6,120,32,16,1,0,0,688,28,19,10,12,6,44,45.5,24,31,0,31,13,41,35,1,82,3.13,65,5,4,3,3,2,15,0.57,1271,27,188,474,622,92,1271,69,35,50.7,31,44.9,733,4416,2339,79,40,27,32,37,911,231,4,0,0,11,15,3,120,13,19,1,0,0,98,5,16,23.8,,,,,,,,,,,,,,,,,,,,,,,,,,,,,,,,2024-2025
1832,Bob Murphy Omoregbe,it ITA,MF,Milan,it Serie A,20.0,2003.0,1,0,3,0.0,0,0,0,0,0,0,0,0,0.0,0.0,0.0,0.0,0.0,0.0,0,0,1,0,0,,0.0,0.0,,,,0,0,0,0.0,0.0,,0.0,0.0,1,2,50.0,8,7,0,0.0,0.0,0.0,0,0,0,0,0,2,0,0,0,0,1,0,0,0,0,0,1,0,0,0,0,0,0,,0,0,0,0,0,0,0,0,0,0.0,0,0,0,0,0,0,0,0.0,2,0,0,0,2,1,2,0,0,,0,,1,13,9,0,0,0,0,0,1,1,0,0,0,1,0,0,1,0,0,0,0,0,0,0,0,,,,,,,,,,,,,,,,,,,,,,,,,,,,,,,,,2024-2025
1833,Yunus Musah,us USA,"MF,FW",Milan,it Serie A,21.0,2002.0,29,19,1571,17.5,0,2,2,0,0,0,5,0,1.9,1.9,1.8,3.8,0.11,0.22,51,84,74,22,5,22.7,1.26,0.29,0.0,0.0,19.5,0,0,0,1.9,1.9,0.09,-1.9,-1.9,631,724,87.2,10809,2425,2,1.8,1.5,0.2,23,60,17,7,84,694,29,7,3,2,24,21,1,0,0,0,631,27,19,13,9,5,17,70.6,5,9,1,8,7,34,9,3,45,2.58,34,1,5,3,1,1,4,0.23,888,19,144,468,293,37,888,37,21,56.8,12,32.4,581,4052,2074,51,44,12,46,13,671,74,5,0,0,36,17,1,24,7,19,0,0,0,60,8,14,36.4,,,,,,,,,,,,,,,,,,,,,,,,,,,,,,,,2024-2025
1837,Juan Musso,ar ARG,GK,Atalanta,it Serie A,30.0,1994.0,1,1,90,1.0,0,0,0,0,0,0,0,0,0.0,0.0,0.0,0.0,0.0,0.0,0,0,0,0,0,,0.0,0.0,,,,0,0,0,0.0,0.0,,0.0,0.0,17,33,51.5,486,331,0,0.0,0.0,0.0,0,0,0,0,0,17,16,2,0,0,0,0,0,0,0,0,17,0,0,0,0,0,0,,0,0,0,0,0,0,0,0,0,0.0,0,0,0,0,0,0,0,0.0,35,30,35,0,0,0,35,0,0,,0,,12,91,48,0,0,0,0,0,10,0,0,0,0,0,1,0,0,0,0,0,0,0,1,0,0,,0.0,0.0,4.0,4.0,100.0,1.0,0.0,0.0,1.0,100.0,0.0,0.0,0.0,0.0,0.7,0.19,0.7,0.74,4.0,20.0,20.0,19.0,4.0,36.8,33.1,15.0,0.0,0.0,1.0,1.0,17.5,2024-2025
1838,Juan Musso,ar ARG,GK,Atlético Madrid,es La Liga,30.0,1994.0,2,2,180,2.0,0,0,0,0,0,0,0,0,0.0,0.0,0.0,0.0,0.0,0.0,0,0,0,0,0,,0.0,0.0,,,,0,0,0,0.0,0.0,,0.0,0.0,51,60,85.0,972,521,0,0.0,0.0,0.0,0,0,0,0,0,41,18,5,0,1,0,0,0,0,0,0,51,0,0,0,0,0,0,,0,0,0,0,0,0,0,0,0,0.0,0,0,0,0,0,0,0,0.0,61,58,61,0,0,0,61,0,0,,0,,42,224,157,0,0,0,0,0,31,0,0,0,0,0,1,0,0,0,0,0,0,0,2,0,0,,0.0,0.0,2.0,2.0,100.0,2.0,0.0,0.0,2.0,100.0,0.0,0.0,0.0,0.0,0.1,0.05,0.1,0.05,1.0,9.0,11.1,46.0,11.0,15.2,24.0,23.0,2.0,8.7,0.0,0.0,11.2,2024-2025
1839,Kingstone Mutandwa,zm ZAM,"FW,MF",Cagliari,it Serie A,21.0,2003.0,6,0,127,1.4,0,0,0,0,0,0,0,0,0.4,0.4,0.0,0.4,0.0,0.25,1,0,7,4,0,0.0,2.83,0.0,0.0,,17.8,0,0,0,0.4,0.4,0.09,-0.4,-0.4,19,28,67.9,221,17,0,0.0,0.0,0.0,0,1,0,0,0,25,2,0,0,0,1,0,0,0,0,0,19,0,0,0,0,0,0,,0,0,0,0,0,0,0,0,1,0.71,0,0,0,0,1,0,0,0.0,44,0,4,24,16,4,44,3,1,33.3,2,66.7,25,183,41,1,1,0,7,0,31,7,0,0,0,7,1,0,1,0,0,0,0,0,6,3,4,42.9,,,,,,,,,,,,,,,,,,,,,,,,,,,,,,,,2024-2025
1843,Vitaliy Mykolenko,ua UKR,DF,Everton,eng Premier League,25.0,1999.0,35,35,3082,34.2,1,2,3,1,0,0,4,0,0.5,0.5,2.6,3.1,0.09,0.09,33,110,99,14,1,7.1,0.41,0.03,0.07,1.0,20.6,0,0,0,0.5,0.5,0.04,0.5,0.5,986,1322,74.6,16470,6579,2,2.6,2.2,-0.6,24,102,40,24,110,1060,259,13,2,3,101,246,0,0,0,0,986,63,38,39,14,10,56,51.8,27,25,10,15,44,107,145,2,43,1.26,40,0,1,2,0,0,4,0.12,1678,125,525,713,452,32,1678,20,8,40.0,9,45.0,697,2825,1506,33,28,1,23,11,860,99,4,0,0,22,34,3,101,44,38,0,1,0,88,47,37,56.0,,,,,,,,,,,,,,,,,,,,,,,,,,,,,,,,2024-2025
1845,Obite N'Dicka,ci CIV,DF,Roma,it Serie A,24.0,1999.0,38,38,3420,38.0,0,1,1,0,0,0,2,0,1.0,1.0,0.7,1.8,0.03,0.05,29,107,5,18,5,27.8,0.47,0.13,0.0,0.0,11.2,0,0,0,1.0,1.0,0.06,-1.0,-1.0,2295,2492,92.1,42188,14137,1,0.7,0.4,0.3,8,124,3,0,107,2374,115,56,0,4,0,5,0,0,0,0,2295,32,26,17,15,0,21,66.7,7,46,30,16,33,65,150,2,33,0.87,30,0,0,3,0,0,3,0.08,2823,360,1348,1401,85,26,2823,3,0,0.0,2,66.7,1734,8749,4009,29,19,0,20,3,2065,5,2,0,0,37,23,1,0,33,26,0,0,0,134,61,49,55.5,,,,,,,,,,,,,,,,,,,,,,,,,,,,,,,,2024-2025
1846,Konan N'dri,ci CIV,"FW,MF",Lecce,it Serie A,23.0,2000.0,11,2,306,3.4,0,0,0,0,0,0,0,0,0.5,0.5,0.2,0.7,0.0,0.21,16,2,22,9,2,22.2,2.65,0.59,0.0,0.0,19.2,0,0,0,0.5,0.5,0.06,-0.5,-0.5,45,67,67.2,718,112,0,0.2,0.1,-0.2,6,1,2,2,2,65,2,0,0,1,13,0,2,1,0,0,45,3,3,0,0,3,3,66.7,1,4,0,4,1,4,0,0,13,3.84,5,0,3,1,3,1,0,0.0,122,1,5,36,82,9,122,20,7,35.0,9,45.0,78,819,424,16,13,2,11,8,84,22,0,0,0,7,6,0,13,1,3,0,0,0,7,1,3,25.0,,,,,,,,,,,,,,,,,,,,,,,,,,,,,,,,2024-2025
1858,Matija Nastasić,rs SRB,DF,Leganés,es La Liga,31.0,1993.0,26,24,2110,23.4,1,0,1,1,0,0,3,0,0.1,0.1,0.1,0.2,0.04,0.01,1,59,0,2,1,50.0,0.09,0.04,0.5,1.0,11.7,0,0,0,0.1,0.1,0.03,0.9,0.9,704,852,82.6,14179,4820,0,0.1,0.4,-0.1,2,37,1,0,59,814,35,31,0,2,0,2,0,0,0,0,704,25,11,21,4,0,25,68.0,8,39,30,9,21,46,165,0,6,0.26,5,0,0,0,1,0,1,0.04,1128,190,638,476,15,7,1128,1,1,100.0,0,0.0,499,2052,1051,1,1,0,5,0,626,0,3,0,0,15,8,2,0,21,11,1,2,0,50,39,17,69.6,,,,,,,,,,,,,,,,,,,,,,,,,,,,,,,,2024-2025
1859,Natan,br BRA,DF,Betis,es La Liga,23.0,2001.0,31,23,2175,24.2,1,1,2,1,0,0,5,1,0.3,0.3,0.6,1.0,0.08,0.04,12,52,6,9,4,44.4,0.37,0.17,0.11,0.25,13.9,0,0,0,0.3,0.3,0.04,0.7,0.7,1122,1265,88.7,21511,7065,1,0.6,0.8,0.4,5,52,3,1,52,1197,64,48,0,11,2,11,0,0,0,0,1122,35,24,24,9,2,30,86.7,4,24,14,10,28,63,123,2,11,0.46,9,0,0,0,1,1,0,0.0,1514,197,813,671,42,19,1514,3,2,66.7,0,0.0,929,4788,2750,12,5,0,15,8,994,6,5,1,0,19,13,0,2,28,24,0,0,0,75,65,30,68.4,,,,,,,,,,,,,,,,,,,,,,,,,,,,,,,,2024-2025
1860,Pau Navarro,es ESP,DF,Villarreal,es La Liga,19.0,2005.0,17,8,916,10.2,0,0,0,0,0,0,1,0,0.0,0.0,0.0,0.0,0.0,0.0,3,40,7,1,0,0.0,0.1,0.0,0.0,,30.4,0,0,0,0.0,0.0,0.01,0.0,0.0,517,577,89.6,8684,3122,0,0.0,0.2,0.0,1,28,1,0,40,497,78,19,0,2,2,59,0,0,0,0,517,23,17,15,6,2,39,48.7,20,13,6,7,4,27,41,0,6,0.59,6,0,0,0,0,0,1,0.1,668,51,283,323,66,2,668,7,3,42.9,4,57.1,322,1190,568,3,3,0,4,4,403,7,1,0,0,10,8,0,2,4,17,0,0,0,46,9,14,39.1,,,,,,,,,,,,,,,,,,,,,,,,,,,,,,,,2024-2025
1861,Roberto Navarro,es ESP,"MF,FW",Mallorca,es La Liga,22.0,2002.0,23,15,1278,14.2,1,0,1,1,0,0,3,0,2.0,2.0,1.9,3.9,0.07,0.28,45,51,85,18,6,33.3,1.27,0.42,0.06,0.17,16.2,0,0,0,2.0,2.0,0.11,-1.0,-1.0,357,473,75.5,5122,1424,0,1.9,1.5,-1.9,13,27,14,3,51,451,17,5,5,0,29,5,7,2,2,0,357,29,22,14,11,4,19,47.4,10,18,0,18,19,48,12,0,44,3.1,36,1,4,1,2,0,2,0.14,683,16,112,316,278,42,683,67,35,52.2,21,31.3,425,2777,1409,45,46,10,47,34,441,85,3,0,0,14,21,2,29,19,22,0,0,0,94,5,9,35.7,,,,,,,,,,,,,,,,,,,,,,,,,,,,,,,,2024-2025
1862,Jesús Navas,es ESP,"FW,MF",Sevilla,es La Liga,38.0,1985.0,15,3,424,4.7,1,0,1,1,0,0,0,0,0.5,0.5,0.5,1.0,0.21,0.22,13,23,48,3,2,66.7,0.64,0.42,0.33,0.5,14.9,0,0,0,0.5,0.5,0.18,0.5,0.5,203,262,77.5,3443,816,0,0.5,0.6,-0.5,10,16,6,5,23,237,24,4,0,4,33,19,1,0,0,0,203,5,2,3,0,2,3,0.0,3,1,0,1,4,9,6,0,15,3.18,13,2,0,0,0,0,0,0.0,295,6,40,124,131,5,295,6,4,66.7,2,33.3,150,837,453,13,7,1,5,4,219,48,0,0,0,1,4,3,33,4,2,0,0,0,10,5,5,50.0,,,,,,,,,,,,,,,,,,,,,,,,,,,,,,,,2024-2025
1863,Michel Ndary Adopo,fr FRA,MF,Cagliari,it Serie A,24.0,2000.0,35,27,2409,26.8,1,1,2,1,0,0,5,1,1.1,1.1,2.3,3.4,0.07,0.13,20,106,61,20,4,20.0,0.75,0.15,0.05,0.25,15.2,0,0,0,1.1,1.1,0.06,-0.1,-0.1,813,979,83.0,12961,3819,1,2.3,1.3,-1.3,19,90,14,3,106,963,10,8,2,2,8,2,0,0,0,0,813,55,32,16,31,8,29,51.7,14,20,5,15,27,82,25,0,50,1.87,47,0,1,1,0,1,5,0.19,1222,51,268,713,254,32,1222,42,19,45.2,20,47.6,656,2774,1212,20,21,1,39,26,783,61,5,1,1,29,16,0,8,27,32,0,0,0,135,29,24,54.7,,,,,,,,,,,,,,,,,,,,,,,,,,,,,,,,2024-2025
1865,Iliman Ndiaye,sn SEN,FW,Everton,eng Premier League,24.0,2000.0,33,29,2430,27.0,9,0,9,7,2,2,3,0,6.2,4.7,1.9,6.5,0.26,0.3,86,59,122,35,15,42.9,1.3,0.56,0.2,0.47,17.1,0,2,2,6.2,4.7,0.13,2.8,2.3,602,736,81.8,9038,1875,0,1.9,1.4,-1.9,18,42,14,5,59,709,25,5,2,2,38,5,10,4,0,2,602,53,28,20,16,17,49,44.9,27,30,5,25,20,73,24,1,65,2.41,49,0,9,1,6,0,8,0.3,1084,36,219,451,464,83,1082,143,68,47.6,64,44.8,621,4800,2367,86,44,32,55,44,674,122,3,0,0,24,52,5,38,20,28,0,0,0,172,6,19,24.0,,,,,,,,,,,,,,,,,,,,,,,,,,,,,,,,2024-2025
1868,Wilfred Ndidi,ng NGA,MF,Leicester City,eng Premier League,27.0,1996.0,28,28,2324,25.8,0,5,5,0,0,0,8,0,2.0,2.0,1.9,3.9,0.19,0.15,18,70,75,22,8,36.4,0.85,0.31,0.0,0.0,13.9,0,0,0,2.0,2.0,0.09,-2.0,-2.0,839,1045,80.3,12034,3031,5,1.9,1.5,3.1,17,68,11,3,70,1020,22,13,4,4,30,9,0,0,0,0,839,85,51,45,32,8,61,49.2,31,47,19,28,31,116,80,0,31,1.2,29,0,1,1,0,0,4,0.15,1400,119,461,699,253,61,1400,33,13,39.4,18,54.5,670,2727,1101,18,23,2,37,33,834,75,8,0,0,39,18,3,30,31,51,0,0,1,127,61,59,50.8,,,,,,,,,,,,,,,,,,,,,,,,,,,,,,,,2024-2025
1871,Cher Ndour,it ITA,"MF,DF",Fiorentina,it Serie A,20.0,2004.0,9,4,406,4.5,0,0,0,0,0,0,1,0,0.1,0.1,0.0,0.2,0.0,0.04,12,17,26,4,0,0.0,0.89,0.0,0.0,,20.2,0,0,0,0.1,0.1,0.04,-0.1,-0.1,184,227,81.1,2792,521,0,0.0,0.1,0.0,1,15,3,3,17,221,4,2,0,1,7,2,0,0,0,0,184,4,1,2,1,1,10,20.0,8,5,1,4,2,6,7,1,10,2.22,8,0,0,0,1,1,0,0.0,265,7,50,146,72,8,265,4,2,50.0,1,25.0,155,988,388,12,7,1,5,6,186,26,1,0,0,6,7,0,7,2,1,0,0,0,20,14,14,50.0,,,,,,,,,,,,,,,,,,,,,,,,,,,,,,,,2024-2025
1872,Dan Ndoye,ch SUI,FW,Bologna,it Serie A,23.0,2000.0,30,26,2143,23.8,8,4,12,6,2,2,4,0,7.0,5.4,3.8,9.2,0.42,0.45,132,74,231,50,17,34.0,2.1,0.71,0.12,0.35,17.5,0,2,2,7.0,5.4,0.11,1.0,0.6,519,704,73.7,8220,1854,4,3.8,2.7,0.2,27,39,26,2,74,676,26,5,6,9,44,17,1,0,1,0,519,26,19,8,8,10,28,57.1,12,23,0,23,9,35,4,0,88,3.7,57,2,9,3,15,2,9,0.38,1021,4,74,410,560,105,1019,96,37,38.5,43,44.8,755,5756,3035,132,54,50,82,46,825,231,4,0,0,23,101,13,44,9,19,1,0,0,89,14,21,40.0,,,,,,,,,,,,,,,,,,,,,,,,,,,,,,,,2024-2025
1874,Kosta Nedeljković,rs SRB,DF,Aston Villa,eng Premier League,18.0,2005.0,5,0,126,1.4,0,0,0,0,0,0,0,0,0.0,0.0,0.0,0.0,0.0,0.0,1,6,0,0,0,,0.0,0.0,,,,0,0,0,0.0,0.0,,0.0,0.0,47,53,88.7,853,185,0,0.0,0.0,0.0,0,5,0,0,6,41,12,1,0,0,1,11,0,0,0,0,47,7,5,1,3,3,3,66.7,1,1,0,1,0,7,3,0,0,0.0,0,0,0,0,0,0,0,0.0,66,4,15,32,19,0,66,2,1,50.0,1,50.0,27,101,33,1,0,0,1,0,32,0,0,0,0,0,1,0,1,0,5,0,0,0,4,0,1,0.0,,,,,,,,,,,,,,,,,,,,,,,,,,,,,,,,2024-2025
1878,Reiss Nelson,eng ENG,FW,Arsenal,eng Premier League,24.0,1999.0,1,0,3,0.0,0,0,0,0,0,0,0,0,0.0,0.0,0.0,0.0,0.0,0.0,0,0,0,0,0,,0.0,0.0,,,,0,0,0,0.0,0.0,,0.0,0.0,0,0,,0,0,0,0.0,0.0,0.0,0,0,0,0,0,0,0,0,0,0,0,0,0,0,0,0,0,1,0,0,1,0,1,0.0,1,0,0,0,0,1,1,0,0,0.0,0,0,0,0,0,0,0,0.0,2,0,1,1,0,0,2,0,0,,0,,1,4,4,0,0,0,0,0,1,0,0,0,0,1,1,0,0,0,0,0,0,0,0,0,0,,,,,,,,,,,,,,,,,,,,,,,,,,,,,,,,,2024-2025
1879,Reiss Nelson,eng ENG,FW,Fulham,eng Premier League,24.0,1999.0,11,5,487,5.4,1,1,2,1,0,0,1,0,1.1,1.1,1.0,2.1,0.37,0.39,45,35,63,12,6,50.0,2.22,1.11,0.08,0.17,15.4,0,0,0,1.1,1.1,0.09,-0.1,-0.1,232,268,86.6,3429,761,1,1.0,1.0,0.0,13,7,15,3,35,261,6,0,2,2,23,1,5,3,1,0,232,8,6,3,3,2,13,38.5,8,11,0,11,5,13,2,0,31,5.73,21,2,3,4,0,1,1,0.18,347,5,30,110,212,35,347,35,13,37.1,13,37.1,259,1956,960,45,25,21,14,8,274,63,1,0,0,6,9,1,23,5,6,0,0,0,29,0,4,0.0,,,,,,,,,,,,,,,,,,,,,,,,,,,,,,,,2024-2025
1880,Victor Nelsson,dk DEN,DF,Roma,it Serie A,25.0,1998.0,4,1,187,2.1,0,0,0,0,0,0,0,0,0.0,0.0,0.0,0.0,0.0,0.02,0,4,0,1,0,0.0,0.48,0.0,0.0,,14.6,0,0,0,0.0,0.0,0.03,0.0,0.0,106,120,88.3,1908,447,0,0.0,0.0,0.0,0,7,0,0,4,114,6,2,0,0,0,4,0,0,0,0,106,5,4,3,1,1,5,60.0,2,1,0,1,2,7,9,0,0,0.0,0,0,0,0,0,0,0,0.0,141,6,61,73,8,2,141,1,1,100.0,0,0.0,66,269,149,0,0,0,4,0,99,0,0,0,0,2,5,0,0,2,4,0,0,0,4,7,2,77.8,,,,,,,,,,,,,,,,,,,,,,,,,,,,,,,,2024-2025
1882,David Neres,br BRA,FW,Napoli,it Serie A,27.0,1997.0,28,13,1283,14.3,2,4,6,2,0,0,1,0,2.7,2.7,3.5,6.2,0.42,0.44,73,32,143,29,7,24.1,2.03,0.49,0.07,0.29,18.1,0,0,0,2.7,2.7,0.09,-0.7,-0.7,420,555,75.7,6127,1548,4,3.5,3.2,0.5,26,23,21,14,32,504,49,4,3,0,92,9,35,10,19,1,420,21,11,10,4,7,15,66.7,5,7,0,7,7,28,4,0,59,4.14,39,7,10,2,1,0,9,0.63,724,8,73,287,388,60,724,75,33,44.0,36,48.0,443,3801,1903,73,37,30,38,23,513,143,1,0,0,14,10,4,92,7,11,0,0,0,52,3,10,23.1,,,,,,,,,,,,,,,,,,,,,,,,,,,,,,,,2024-2025
1883,Neto,br BRA,GK,Bournemouth,eng Premier League,35.0,1989.0,2,2,180,2.0,0,0,0,0,0,0,0,0,0.0,0.0,0.0,0.0,0.0,0.0,0,0,0,0,0,,0.0,0.0,,,,0,0,0,0.0,0.0,,0.0,0.0,40,62,64.5,1183,896,0,0.0,0.0,0.0,0,2,0,0,0,42,19,4,0,0,0,0,0,0,0,0,40,0,0,0,0,0,0,,0,0,0,0,0,0,1,1,0,0.0,0,0,0,0,0,0,0,0.0,70,60,70,0,0,0,70,0,0,,0,,35,148,99,0,0,0,0,0,28,0,0,0,0,0,2,0,0,0,0,0,0,0,3,0,0,,2.0,1.0,13.0,11.0,84.6,0.0,2.0,0.0,0.0,0.0,0.0,0.0,0.0,0.0,4.3,0.35,2.3,1.17,9.0,27.0,33.3,46.0,7.0,43.5,36.8,30.0,2.0,6.7,3.0,1.5,12.6,2024-2025
1884,Pedro Neto,pt POR,FW,Chelsea,eng Premier League,24.0,2000.0,35,24,2269,25.2,4,6,10,4,0,0,8,0,3.5,3.5,6.7,10.2,0.4,0.4,126,60,253,59,17,28.8,2.34,0.67,0.07,0.24,18.2,0,0,0,3.5,3.5,0.06,0.5,0.5,702,895,78.4,11347,2418,6,6.7,4.8,-0.7,46,30,37,23,60,807,86,14,0,5,149,13,56,16,15,5,702,23,9,9,9,5,21,42.9,12,14,2,12,9,32,6,0,90,3.57,64,9,6,7,4,0,9,0.36,1153,13,100,336,735,116,1153,104,34,32.7,46,44.2,746,6336,3342,126,57,45,45,30,838,253,8,0,0,21,33,3,149,9,9,0,0,0,81,11,30,26.8,,,,,,,,,,,,,,,,,,,,,,,,,,,,,,,,2024-2025
1889,Yvan Neyou,cm CMR,MF,Leganés,es La Liga,27.0,1997.0,30,27,2312,25.7,1,1,2,1,0,0,14,0,0.6,0.6,0.6,1.3,0.08,0.05,24,96,30,16,3,18.8,0.62,0.12,0.06,0.33,25.8,0,0,0,0.6,0.6,0.04,0.4,0.4,974,1127,86.4,15217,3867,1,0.6,1.1,0.4,13,86,10,1,96,1097,21,20,2,9,15,1,0,0,0,0,974,53,33,21,26,6,47,46.8,25,35,5,30,26,79,38,1,30,1.17,25,0,2,0,3,0,2,0.08,1379,45,325,878,194,9,1379,42,19,45.2,17,40.5,806,3496,1480,24,26,1,28,21,934,30,14,0,0,33,50,0,15,26,33,0,0,0,121,22,19,53.7,,,,,,,,,,,,,,,,,,,,,,,,,,,,,,,,2024-2025
1890,Cyril Ngonge,be BEL,FW,Napoli,it Serie A,24.0,2000.0,18,1,216,2.4,0,0,0,0,0,0,2,0,0.7,0.7,0.4,1.1,0.0,0.44,7,8,36,13,6,46.2,5.42,2.5,0.0,0.0,20.7,0,0,0,0.7,0.7,0.05,-0.7,-0.7,68,87,78.2,1031,234,0,0.4,0.2,-0.4,3,6,1,1,8,80,7,2,0,1,11,0,5,4,0,0,68,8,5,4,4,0,7,57.1,3,3,0,3,2,10,4,0,12,4.98,4,1,2,4,1,0,0,0.0,145,2,14,58,74,10,145,21,7,33.3,10,47.6,93,599,276,7,5,4,4,7,110,36,2,0,0,8,14,1,11,2,5,0,0,0,8,4,6,40.0,,,,,,,,,,,,,,,,,,,,,,,,,,,,,,,,2024-2025
1897,Tanguy Nianzou,fr FRA,DF,Sevilla,es La Liga,22.0,2002.0,6,6,518,5.8,0,0,0,0,0,0,3,1,0.2,0.2,0.0,0.2,0.0,0.03,4,10,0,2,0,0.0,0.35,0.0,0.0,,8.9,0,0,0,0.2,0.2,0.09,-0.2,-0.2,285,314,90.8,4654,1465,0,0.0,0.0,0.0,0,6,0,0,10,300,14,11,0,1,0,0,0,0,0,0,285,7,5,6,0,1,6,83.3,1,1,0,1,8,15,27,0,1,0.17,1,0,0,0,0,0,0,0.0,376,49,205,162,11,6,376,3,3,100.0,0,0.0,207,924,408,4,3,0,3,0,263,0,3,1,1,10,5,0,0,8,5,0,0,1,9,17,2,89.5,,,,,,,,,,,,,,,,,,,,,,,,,,,,,,,,2024-2025
1900,Hans Nicolussi Caviglia,it ITA,MF,Venezia,it Serie A,24.0,2000.0,35,33,2861,31.8,4,2,6,4,0,0,7,1,2.4,2.4,2.1,4.5,0.19,0.14,20,140,22,53,20,37.7,1.67,0.63,0.08,0.2,27.0,19,0,0,2.4,2.4,0.04,1.6,1.6,1119,1411,79.3,19770,6616,2,2.1,2.3,-0.1,29,123,15,1,140,1255,152,80,5,24,72,0,51,22,16,0,1119,47,28,17,22,8,64,45.3,35,39,12,27,28,75,55,2,66,2.08,40,21,3,2,0,0,4,0.13,1739,85,389,997,375,11,1739,50,17,34.0,29,58.0,901,4565,1704,20,24,1,40,37,1027,22,7,1,1,50,39,0,72,28,28,0,1,0,147,27,23,54.0,,,,,,,,,,,,,,,,,,,,,,,,,,,,,,,,2024-2025
1902,Oliver Nielsen,dk DEN,DF,Lazio,it Serie A,21.0,2003.0,2,0,35,0.4,0,0,0,0,0,0,1,0,0.0,0.0,0.0,0.0,0.0,0.0,0,0,0,0,0,,0.0,0.0,,,,0,0,0,0.0,0.0,,0.0,0.0,18,20,90.0,279,151,0,0.0,0.0,0.0,0,2,0,0,0,15,5,0,0,0,0,3,0,0,0,0,18,0,0,0,0,0,0,,0,1,0,1,1,1,2,0,0,0.0,0,0,0,0,0,0,0,0.0,23,3,9,12,2,0,23,0,0,,0,,10,28,11,0,0,0,0,0,13,0,1,0,0,2,0,1,0,1,0,0,0,0,1,0,2,0.0,,,,,,,,,,,,,,,,,,,,,,,,,,,,,,,,2024-2025
1903,Saúl Ñíguez,es ESP,MF,Sevilla,es La Liga,29.0,1994.0,24,17,1553,17.3,1,6,7,1,0,0,8,1,2.8,2.8,2.5,5.3,0.41,0.31,13,66,39,42,9,21.4,2.43,0.52,0.02,0.11,19.2,2,0,0,2.8,2.8,0.07,-1.8,-1.8,516,659,78.3,8573,2296,6,2.5,2.3,3.5,22,51,8,2,66,644,13,6,3,4,19,3,1,1,0,0,516,47,32,16,24,7,31,38.7,19,25,2,23,22,69,34,0,50,2.9,38,0,0,8,1,3,8,0.46,904,35,206,482,226,49,904,28,12,42.9,13,46.4,386,1971,829,13,15,3,26,13,536,39,8,1,0,44,11,1,19,22,32,0,1,0,86,40,33,54.8,,,,,,,,,,,,,,,,,,,,,,,,,,,,,,,,2024-2025
1904,Eybi Nije,se SWE,"FW,MF",Torino,it Serie A,19.0,2005.0,16,0,394,4.4,1,0,1,1,0,0,1,0,1.5,1.5,0.4,1.9,0.23,0.44,10,7,26,9,5,55.6,2.06,1.14,0.11,0.2,18.9,0,0,0,1.5,1.5,0.17,-0.5,-0.5,63,95,66.3,942,197,0,0.4,0.3,-0.4,4,4,4,1,7,89,5,0,1,1,6,5,0,0,0,0,63,5,1,3,1,1,3,0.0,3,5,1,4,0,5,1,0,9,2.06,6,0,2,0,1,0,1,0.23,167,2,21,61,86,14,167,19,7,36.8,11,57.9,108,748,276,10,7,5,14,9,115,26,1,0,0,12,12,2,6,0,1,0,0,0,12,12,17,41.4,,,,,,,,,,,,,,,,,,,,,,,,,,,,,,,,2024-2025
1905,Tamás Nikitscher,hu HUN,"MF,DF",Valladolid,es La Liga,24.0,1999.0,13,9,858,9.5,0,0,0,0,0,0,2,0,0.1,0.1,0.0,0.1,0.0,0.01,2,13,7,2,1,50.0,0.21,0.1,0.0,0.0,20.3,0,0,0,0.1,0.1,0.04,-0.1,-0.1,284,311,91.3,4518,985,0,0.0,0.1,0.0,2,13,1,0,13,305,6,6,0,1,1,0,0,0,0,0,284,17,8,8,9,0,13,61.5,5,17,4,13,11,28,16,1,4,0.42,4,0,0,0,0,0,0,0.0,401,29,143,233,31,6,401,7,5,71.4,1,14.3,189,1151,400,2,5,0,6,9,236,7,2,0,0,18,9,0,1,11,8,0,0,0,34,15,9,62.5,,,,,,,,,,,,,,,,,,,,,,,,,,,,,,,,2024-2025
1906,Adrian Niño,es ESP,FW,Atlético Madrid,es La Liga,20.0,2004.0,1,0,12,0.1,0,0,0,0,0,0,0,0,0.2,0.2,0.0,0.2,0.0,1.44,0,0,1,2,0,0.0,15.0,0.0,0.0,,13.9,0,0,0,0.2,0.2,0.1,-0.2,-0.2,0,0,,0,0,0,0.0,0.0,0.0,0,0,0,0,0,0,0,0,0,0,0,0,0,0,0,0,0,0,0,0,0,0,0,,0,0,0,0,0,0,0,0,0,0.0,0,0,0,0,0,0,0,0.0,2,0,0,0,2,2,2,0,0,,0,,1,4,0,0,0,0,0,0,1,1,0,0,0,0,0,0,0,0,0,0,0,0,0,0,1,0.0,,,,,,,,,,,,,,,,,,,,,,,,,,,,,,,,2024-2025
1908,Eddie Nketiah,eng ENG,"FW,MF",Crystal Palace,eng Premier League,25.0,1999.0,29,9,1034,11.5,3,1,4,3,0,0,6,1,5.8,5.8,1.7,7.4,0.35,0.65,41,19,79,43,16,37.2,3.74,1.39,0.07,0.19,13.8,0,0,0,5.8,5.8,0.13,-2.8,-2.8,179,241,74.3,2722,563,1,1.7,0.9,-0.7,13,11,5,0,19,229,12,0,2,0,5,1,0,0,0,0,179,15,8,7,4,4,13,53.8,6,10,1,9,3,18,12,0,31,2.69,20,0,3,3,5,0,3,0.26,412,11,47,176,198,67,412,31,11,35.5,16,51.6,246,1713,878,41,25,14,34,17,294,79,6,1,1,31,29,5,5,3,8,1,0,0,26,21,38,35.6,,,,,,,,,,,,,,,,,,,,,,,,,,,,,,,,2024-2025
1910,Christopher Nkunku,fr FRA,FW,Chelsea,eng Premier League,26.0,1997.0,27,9,921,10.2,3,2,5,3,0,0,2,0,4.8,4.8,2.1,6.9,0.49,0.68,17,25,68,25,11,44.0,2.44,1.07,0.12,0.27,12.6,0,0,0,4.8,4.8,0.19,-1.8,-1.8,299,334,89.5,3928,760,2,2.1,1.0,-0.1,14,26,7,0,25,327,7,1,2,1,4,0,2,0,0,0,299,12,8,3,4,5,8,75.0,2,9,2,7,7,19,10,0,34,3.32,21,0,5,5,1,2,4,0.39,448,10,52,183,217,52,448,27,10,37.0,14,51.9,280,1368,628,17,16,13,18,17,356,68,2,0,0,16,11,3,4,7,8,0,0,0,29,16,22,42.1,,,,,,,,,,,,,,,,,,,,,,,,,,,,,,,,2024-2025
1915,Brooke Norton-Cuffy,eng ENG,"DF,FW",Genoa,it Serie A,20.0,2004.0,14,8,719,8.0,0,0,0,0,0,0,0,0,0.3,0.3,0.2,0.4,0.0,0.05,12,18,21,5,2,40.0,0.63,0.25,0.0,0.0,21.4,0,0,0,0.3,0.3,0.05,-0.3,-0.3,197,262,75.2,3037,1174,0,0.2,0.1,-0.2,2,10,2,1,18,228,33,3,0,0,12,30,0,0,0,0,197,12,7,9,3,0,11,81.8,2,12,2,10,3,15,12,0,13,1.63,10,1,2,0,0,0,3,0.38,344,19,104,175,70,8,344,20,7,35.0,11,55.0,190,1060,480,12,12,3,14,9,209,21,0,0,0,7,3,0,12,3,7,0,0,0,26,12,16,42.9,,,,,,,,,,,,,,,,,,,,,,,,,,,,,,,,2024-2025
1916,Tijjani Noslin,nl NED,"FW,MF",Lazio,it Serie A,25.0,1999.0,30,8,861,9.6,2,2,4,2,0,0,2,0,2.0,2.0,1.6,3.6,0.42,0.38,13,16,56,19,6,31.6,1.99,0.63,0.11,0.33,12.6,0,0,0,2.0,2.0,0.11,0.0,0.0,186,248,75.0,2629,593,2,1.6,1.1,0.4,12,12,11,5,16,232,15,0,3,3,15,2,0,0,0,0,186,6,5,2,1,3,8,12.5,7,15,1,14,1,7,7,0,27,2.82,20,0,2,2,2,1,4,0.42,347,8,31,150,167,47,347,19,8,42.1,10,52.6,194,1124,495,13,12,6,24,13,252,56,2,0,0,21,15,1,15,1,5,0,0,0,22,27,29,48.2,,,,,,,,,,,,,,,,,,,,,,,,,,,,,,,,2024-2025
1917,Hugo Novoa,es ESP,"DF,MF",Alavés,es La Liga,21.0,2003.0,5,2,237,2.6,0,0,0,0,0,0,0,0,0.5,0.5,0.2,0.7,0.0,0.26,7,2,10,1,0,0.0,0.38,0.0,0.0,,9.7,0,0,0,0.5,0.5,0.49,-0.5,-0.5,53,69,76.8,798,261,0,0.2,0.2,-0.2,2,0,2,2,2,59,10,0,0,1,7,10,0,0,0,0,53,8,5,4,3,1,5,100.0,0,2,1,1,0,8,6,0,6,2.28,6,0,0,0,0,0,0,0.0,100,8,27,42,33,1,100,10,3,30.0,6,60.0,50,484,191,7,3,0,6,2,47,10,0,0,0,1,1,2,7,0,5,0,0,0,9,1,8,11.1,,,,,,,,,,,,,,,,,,,,,,,,,,,,,,,,2024-2025
1919,Randy Nteka,ao ANG,FW,Rayo Vallecano,es La Liga,26.0,1997.0,24,16,1129,12.5,3,0,3,3,0,0,6,0,2.6,2.6,0.5,3.1,0.24,0.25,10,8,44,16,8,50.0,1.28,0.64,0.19,0.38,13.6,0,0,0,2.6,2.6,0.16,0.4,0.4,144,223,64.6,1834,230,0,0.5,0.3,-0.5,9,5,2,0,8,209,13,0,0,0,4,0,0,0,0,0,144,16,5,3,9,4,12,41.7,7,13,2,11,4,20,20,0,21,1.67,12,1,1,4,3,0,0,0.0,366,24,45,148,175,40,366,15,5,33.3,8,53.3,159,610,202,10,3,5,32,17,241,44,6,0,0,39,15,16,4,4,5,0,0,0,26,41,51,44.6,,,,,,,,,,,,,,,,,,,,,,,,,,,,,,,,2024-2025
1922,Gustavo Nunes,br BRA,"FW,MF",Brentford,eng Premier League,18.0,2005.0,3,0,12,0.1,0,0,0,0,0,0,0,0,0.0,0.0,0.0,0.0,0.0,0.0,1,0,0,0,0,,0.0,0.0,,,,0,0,0,0.0,0.0,,0.0,0.0,1,1,100.0,15,0,0,0.0,0.0,0.0,0,0,0,0,0,1,0,0,0,0,0,0,0,0,0,0,1,3,2,2,0,1,2,100.0,0,0,0,0,0,3,2,0,0,0.0,0,0,0,0,0,0,0,0.0,7,1,4,1,2,1,7,0,0,,0,,1,16,11,1,0,1,1,0,1,0,0,0,0,0,0,0,0,0,2,0,0,0,0,0,0,,,,,,,,,,,,,,,,,,,,,,,,,,,,,,,,,2024-2025
1923,Matheus Nunes,pt POR,"DF,MF",Manchester City,eng Premier League,25.0,1998.0,26,19,1674,18.6,1,6,7,1,0,0,4,0,1.2,1.2,4.4,5.6,0.38,0.3,63,79,175,9,4,44.4,0.48,0.22,0.11,0.25,19.0,0,0,0,1.2,1.2,0.14,-0.2,-0.2,1065,1234,86.3,16409,2994,6,4.4,3.3,1.6,23,53,26,7,79,1103,130,13,3,8,45,109,7,5,0,0,1065,35,22,15,14,6,38,42.1,22,17,4,13,15,50,38,2,46,2.47,35,2,3,3,3,0,8,0.43,1416,47,251,560,614,62,1416,41,19,46.3,14,34.1,866,4503,2315,63,37,24,32,13,1013,175,4,0,0,30,20,6,45,15,22,0,1,0,70,14,19,42.4,,,,,,,,,,,,,,,,,,,,,,,,,,,,,,,,2024-2025
1924,Darwin Núñez,uy URU,FW,Liverpool,eng Premier League,25.0,1999.0,30,8,1133,12.6,5,2,7,5,0,0,8,0,5.8,5.8,1.3,7.1,0.56,0.57,23,27,78,34,13,38.2,2.7,1.03,0.15,0.38,14.3,0,0,0,5.8,5.8,0.17,-0.8,-0.8,163,230,70.9,2390,587,2,1.3,0.5,0.7,11,9,3,1,27,225,4,0,1,6,3,2,0,0,0,0,163,21,18,11,4,6,18,38.9,11,6,0,6,4,25,12,0,31,2.46,21,0,4,1,2,3,4,0.32,366,10,45,122,210,74,366,23,8,34.8,14,60.9,201,1063,568,23,19,12,24,21,248,78,8,0,0,27,14,12,3,4,18,1,0,0,41,20,33,37.7,,,,,,,,,,,,,,,,,,,,,,,,,,,,,,,,2024-2025
1925,Unai Núñez,es ESP,DF,Athletic Club,es La Liga,27.0,1997.0,10,7,645,7.2,0,0,0,0,0,0,4,0,0.2,0.2,0.1,0.3,0.0,0.04,2,26,0,1,0,0.0,0.14,0.0,0.0,,3.3,0,0,0,0.2,0.2,0.23,-0.2,-0.2,283,325,87.1,6367,2366,0,0.1,0.1,-0.1,1,16,1,0,26,310,15,13,0,7,0,0,0,0,0,0,283,10,5,7,3,0,7,57.1,3,4,4,0,17,27,46,1,2,0.28,2,0,0,0,0,0,0,0.0,415,55,199,216,3,2,415,3,2,66.7,0,0.0,225,1108,554,2,0,0,6,0,245,0,4,0,0,10,5,1,0,17,5,0,0,0,28,13,12,52.0,,,,,,,,,,,,,,,,,,,,,,,,,,,,,,,,2024-2025
1927,Ethan Nwaneri,eng ENG,"FW,MF",Arsenal,eng Premier League,17.0,2007.0,26,11,895,9.9,4,2,6,4,0,0,1,0,1.2,1.2,1.2,2.4,0.6,0.24,46,33,113,24,9,37.5,2.41,0.91,0.17,0.44,18.5,1,0,0,1.2,1.2,0.05,2.8,2.8,342,425,80.5,4906,1216,2,1.2,1.8,0.8,16,17,16,6,33,386,36,3,3,1,54,4,27,18,0,0,342,11,7,4,4,3,21,33.3,14,8,2,6,2,13,4,1,29,2.91,15,6,5,2,1,0,3,0.3,544,3,44,167,339,44,544,62,37,59.7,19,30.6,365,2852,1329,46,25,17,23,17,398,113,1,0,0,9,5,6,54,2,7,0,0,0,34,4,8,33.3,,,,,,,,,,,,,,,,,,,,,,,,,,,,,,,,2024-2025
1928,Ørjan Nyland,no NOR,GK,Sevilla,es La Liga,33.0,1990.0,30,30,2673,29.7,0,0,0,0,0,0,2,0,0.0,0.0,0.3,0.3,0.0,0.01,0,1,0,0,0,,0.0,0.0,,,,0,0,0,0.0,0.0,,0.0,0.0,637,1007,63.3,17132,12890,0,0.3,0.1,-0.3,4,27,2,0,1,778,224,57,0,0,0,1,0,0,0,0,637,3,2,3,0,0,5,60.0,2,0,0,0,0,3,12,4,11,0.37,10,1,0,0,0,0,2,0.07,1068,904,1057,11,0,0,1068,0,0,,0,,591,2868,1535,0,0,0,0,0,566,0,2,0,0,1,2,0,0,0,2,0,0,0,28,7,0,100.0,39.0,1.31,112.0,73.0,67.9,8.0,10.0,12.0,7.0,23.3,4.0,3.0,1.0,0.0,37.1,0.31,-0.9,-0.03,118.0,445.0,26.5,836.0,114.0,42.1,37.2,408.0,20.0,4.9,29.0,0.98,13.8,2024-2025
1929,Allan Nyom,cm CMR,"DF,MF",Getafe,es La Liga,36.0,1988.0,20,10,887,9.9,1,2,3,1,0,0,4,0,0.5,0.5,0.3,0.8,0.3,0.09,5,22,21,9,4,44.4,0.91,0.41,0.11,0.25,16.4,0,0,0,0.5,0.5,0.06,0.5,0.5,280,352,79.5,4530,1658,2,0.3,0.3,1.7,5,23,5,4,22,279,72,6,0,0,15,66,0,0,0,0,280,18,11,7,9,2,17,88.2,2,4,2,2,4,22,23,0,11,1.12,7,0,0,1,2,1,3,0.3,443,21,118,217,110,15,443,9,4,44.4,5,55.6,206,809,381,5,9,0,16,4,235,21,4,0,0,18,9,0,15,4,11,0,1,0,32,8,16,33.3,,,,,,,,,,,,,,,,,,,,,,,,,,,,,,,,2024-2025
1933,Christian Nørgaard,dk DEN,MF,Brentford,eng Premier League,30.0,1994.0,34,34,2819,31.3,5,4,9,5,0,0,8,1,4.3,4.3,1.3,5.6,0.29,0.18,14,154,42,39,15,38.5,1.25,0.48,0.13,0.33,14.3,0,0,0,4.3,4.3,0.11,0.7,0.7,1164,1427,81.6,19339,6409,4,1.3,1.4,2.7,18,137,27,4,154,1391,30,19,4,5,17,10,0,0,0,0,1164,79,49,37,35,7,81,59.3,33,52,20,32,49,128,70,1,58,1.85,48,0,0,7,2,1,13,0.42,1802,176,613,855,350,57,1802,14,7,50.0,5,35.7,826,3115,1391,14,16,4,34,20,1075,42,8,1,0,44,28,1,17,49,49,0,0,0,193,49,30,62.0,,,,,,,,,,,,,,,,,,,,,,,,,,,,,,,,2024-2025
1934,Jake O'Brien,ie IRL,DF,Everton,eng Premier League,23.0,2001.0,20,17,1571,17.5,2,0,2,2,0,0,5,0,0.8,0.8,0.6,1.3,0.11,0.08,7,50,25,6,3,50.0,0.34,0.17,0.33,0.67,11.1,0,0,0,0.8,0.8,0.13,1.2,1.2,577,725,79.6,10580,3946,0,0.6,0.3,-0.6,6,41,8,5,50,602,121,5,0,1,18,100,0,0,0,0,577,26,17,21,5,0,25,68.0,8,17,4,13,4,30,93,0,16,0.92,14,0,2,0,0,0,0,0.0,900,93,374,390,139,22,900,10,4,40.0,5,50.0,391,1801,906,7,6,2,5,5,481,25,5,0,0,13,5,3,18,4,17,0,0,0,52,41,30,57.7,,,,,,,,,,,,,,,,,,,,,,,,,,,,,,,,2024-2025
1935,Matt O'Riley,dk DEN,MF,Brighton,eng Premier League,23.0,2000.0,21,11,938,10.4,2,2,4,1,1,1,1,0,2.8,2.0,2.4,4.4,0.29,0.5,22,38,52,21,6,28.6,2.01,0.58,0.05,0.17,17.6,2,1,1,2.8,2.0,0.1,-0.8,-1.0,316,413,76.5,5018,1362,2,2.4,2.0,-0.4,21,30,8,1,38,345,67,13,2,2,51,1,36,23,8,0,316,16,9,4,8,4,13,30.8,9,7,3,4,13,29,9,1,40,3.84,23,11,1,2,1,2,5,0.48,525,20,80,232,215,47,524,13,8,61.5,4,30.8,275,1139,544,22,12,8,19,4,307,52,1,0,0,16,13,2,51,13,9,1,0,1,29,5,8,38.5,,,,,,,,,,,,,,,,,,,,,,,,,,,,,,,,2024-2025
1936,Dara O'Shea,ie IRL,DF,Ipswich Town,eng Premier League,25.0,1999.0,35,35,3122,34.7,0,2,2,0,0,0,6,0,1.3,1.3,0.5,1.8,0.06,0.05,3,80,8,22,2,9.1,0.63,0.06,0.0,0.0,13.6,0,0,0,1.3,1.3,0.06,-1.3,-1.3,1234,1579,78.2,24503,10549,2,0.5,0.7,1.5,3,89,4,1,80,1473,100,30,0,14,8,63,0,0,0,0,1234,49,31,33,13,3,34,64.7,12,62,50,12,33,82,225,4,24,0.69,19,0,0,2,2,1,4,0.12,2022,393,1169,730,129,51,2022,2,1,50.0,1,50.0,897,4023,2069,3,2,0,12,4,1162,8,6,0,0,21,26,3,8,33,31,0,0,0,110,114,85,57.3,,,,,,,,,,,,,,,,,,,,,,,,,,,,,,,,2024-2025
1937,Adam Obert,sk SVK,DF,Cagliari,it Serie A,21.0,2002.0,21,13,1077,12.0,1,1,2,1,0,0,4,0,0.9,0.9,0.4,1.3,0.17,0.11,12,50,19,9,2,22.2,0.75,0.17,0.11,0.5,12.0,0,0,0,0.9,0.9,0.11,0.1,0.1,413,537,76.9,6894,2626,1,0.4,0.2,0.6,10,36,4,1,50,430,104,12,0,3,11,92,0,0,0,0,413,31,18,12,17,2,27,59.3,11,19,7,12,23,54,48,2,25,2.09,19,3,0,2,1,0,4,0.33,710,67,309,312,105,13,710,14,5,35.7,9,64.3,298,1488,797,12,9,0,26,7,330,19,4,0,0,22,7,0,11,23,18,0,0,0,59,25,22,53.2,,,,,,,,,,,,,,,,,,,,,,,,,,,,,,,,2024-2025
1938,Chidozie Obi-Martin,dk DEN,FW,Manchester Utd,eng Premier League,16.0,2007.0,7,1,165,1.8,0,0,0,0,0,0,1,0,0.7,0.7,0.0,0.7,0.0,0.36,2,1,12,5,1,20.0,2.73,0.55,0.0,0.0,10.7,0,0,0,0.7,0.7,0.13,-0.7,-0.7,20,24,83.3,259,49,0,0.0,0.0,0.0,0,1,0,0,1,22,2,0,0,0,0,0,0,0,0,0,20,2,1,0,0,2,2,100.0,0,0,0,0,0,2,1,0,2,1.09,0,0,1,1,0,0,0,0.0,47,3,6,21,20,9,47,3,1,33.3,2,66.7,22,114,50,2,0,1,5,1,29,12,1,0,0,3,1,0,0,0,1,0,0,0,9,2,4,33.3,,,,,,,,,,,,,,,,,,,,,,,,,,,,,,,,2024-2025
1939,Jan Oblak,si SVN,GK,Atlético Madrid,es La Liga,31.0,1993.0,36,36,3240,36.0,0,0,0,0,0,0,0,0,0.0,0.0,0.0,0.0,0.0,0.0,0,0,0,0,0,,0.0,0.0,,,,0,0,0,0.0,0.0,,0.0,0.0,763,948,80.5,19982,13324,0,0.0,0.0,0.0,0,7,0,0,0,608,339,62,0,1,0,0,0,0,0,0,763,0,0,0,0,0,0,,0,0,0,0,0,0,17,2,6,0.17,4,2,0,0,0,0,1,0.03,1005,934,1004,1,0,0,1005,2,2,100.0,0,0.0,540,2652,1581,0,0,0,1,0,356,0,0,0,0,0,2,0,0,0,0,0,0,0,29,3,0,100.0,30.0,0.83,114.0,86.0,78.1,20.0,10.0,6.0,15.0,41.7,5.0,5.0,0.0,0.0,25.6,0.19,-2.4,-0.07,109.0,277.0,39.4,670.0,183.0,24.3,30.2,488.0,28.0,5.7,28.0,0.78,14.0,2024-2025
1940,Lucas Ocampos,ar ARG,FW,Sevilla,es La Liga,30.0,1994.0,2,2,175,1.9,0,1,1,0,0,0,0,0,0.2,0.2,0.3,0.5,0.51,0.25,5,7,20,4,2,50.0,2.06,1.03,0.0,0.0,24.4,0,0,0,0.2,0.2,0.04,-0.2,-0.2,65,91,71.4,1020,296,1,0.3,0.1,0.7,3,8,2,1,7,85,5,0,0,2,4,4,1,1,0,0,65,3,2,2,0,1,2,50.0,1,2,0,2,0,3,2,0,7,3.6,7,0,0,0,0,0,2,1.03,115,1,11,60,45,5,115,8,2,25.0,5,62.5,63,377,183,5,4,0,5,3,84,20,0,0,0,3,2,0,4,0,2,0,0,0,6,3,4,42.9,,,,,,,,,,,,,,,,,,,,,,,,,,,,,,,,2024-2025
1941,Jens Odgaard,dk DEN,"MF,FW",Bologna,it Serie A,25.0,1999.0,29,24,1952,21.7,6,1,7,6,0,0,1,0,3.6,3.6,1.8,5.4,0.32,0.25,35,50,99,49,22,44.9,2.26,1.01,0.12,0.27,19.5,1,0,0,3.6,3.6,0.07,2.4,2.4,374,500,74.8,5524,1386,1,1.8,1.4,-0.8,16,34,15,3,50,484,12,2,2,2,24,5,5,3,1,0,374,20,14,3,12,5,21,28.6,15,19,2,17,9,29,12,1,45,2.08,28,0,5,8,4,0,6,0.28,759,11,60,340,368,68,759,53,15,28.3,29,54.7,454,2628,1024,35,26,12,56,33,548,99,1,0,0,42,44,4,24,9,14,0,0,0,70,43,62,41.0,,,,,,,,,,,,,,,,,,,,,,,,,,,,,,,,2024-2025
1942,Wilson Odobert,fr FRA,"FW,MF",Tottenham,eng Premier League,19.0,2004.0,16,9,850,9.4,1,0,1,1,0,0,0,0,1.6,1.6,1.0,2.6,0.11,0.27,45,27,66,13,4,30.8,1.38,0.42,0.08,0.25,16.4,0,0,0,1.6,1.6,0.12,-0.6,-0.6,212,274,77.4,2878,567,0,1.0,0.8,-1.0,6,11,12,3,27,262,8,0,0,1,25,2,1,0,0,0,212,14,5,5,4,5,14,57.1,6,6,0,6,4,18,5,1,16,1.7,14,0,0,2,0,0,1,0.11,381,7,46,142,197,35,381,32,12,37.5,17,53.1,265,1949,1146,45,25,18,21,17,273,66,0,0,0,2,3,1,25,4,5,0,0,0,34,4,8,33.3,,,,,,,,,,,,,,,,,,,,,,,,,,,,,,,,2024-2025
1944,Álvaro Odriozola,es ESP,DF,Real Sociedad,es La Liga,28.0,1995.0,2,0,43,0.5,0,0,0,0,0,0,1,0,0.0,0.0,0.0,0.0,0.0,0.0,0,3,0,0,0,,0.0,0.0,,,,0,0,0,0.0,0.0,,0.0,0.0,22,30,73.3,344,111,0,0.0,0.0,0.0,0,4,1,1,3,25,5,0,0,0,1,5,0,0,0,0,22,1,1,1,0,0,0,,0,0,0,0,0,1,1,0,1,2.09,1,0,0,0,0,0,0,0.0,35,1,11,15,10,0,35,0,0,,0,,21,79,42,0,1,0,3,1,22,0,1,0,0,2,1,0,1,0,1,0,0,0,2,1,0,100.0,,,,,,,,,,,,,,,,,,,,,,,,,,,,,,,,2024-2025
1946,Chiedozie Ogbene,ie IRL,FW,Ipswich Town,eng Premier League,27.0,1997.0,5,3,238,2.6,0,0,0,0,0,0,0,0,0.0,0.0,0.1,0.1,0.0,0.03,7,0,15,0,0,,0.0,0.0,,,,0,0,0,0.0,0.0,,0.0,0.0,32,43,74.4,415,27,0,0.1,0.0,-0.1,2,0,0,0,0,43,0,0,0,0,4,0,0,0,0,0,32,7,3,1,2,4,4,50.0,2,1,0,1,1,8,3,0,3,1.13,2,0,0,0,1,0,0,0.0,70,3,11,19,40,6,70,7,1,14.3,3,42.9,41,330,139,7,2,2,4,2,43,15,0,0,0,2,7,1,4,1,3,0,0,0,6,1,6,14.3,,,,,,,,,,,,,,,,,,,,,,,,,,,,,,,,2024-2025
1948,Thiago Ojeda,ar ARG,MF,Villarreal,es La Liga,21.0,2003.0,1,0,8,0.1,0,0,0,0,0,0,1,0,0.0,0.0,0.0,0.0,0.0,0.12,1,2,0,1,0,0.0,11.25,0.0,0.0,,31.3,0,0,0,0.0,0.0,0.01,0.0,0.0,7,8,87.5,103,15,0,0.0,0.0,0.0,0,1,0,0,2,8,0,0,0,0,1,0,0,0,0,0,7,0,0,0,0,0,0,,0,0,0,0,0,0,1,0,0,0.0,0,0,0,0,0,0,0,0.0,11,1,2,5,4,0,11,0,0,,0,,5,42,34,1,1,0,1,0,7,0,1,0,0,1,0,0,1,0,0,0,0,0,0,0,0,,,,,,,,,,,,,,,,,,,,,,,,,,,,,,,,,2024-2025
1950,Noah Okafor,ch SUI,FW,Milan,it Serie A,24.0,2000.0,11,5,414,4.6,1,0,1,1,0,0,0,0,1.5,1.5,0.3,1.9,0.22,0.41,21,12,48,13,7,53.8,2.83,1.52,0.08,0.14,14.8,0,0,0,1.5,1.5,0.12,-0.5,-0.5,77,105,73.3,1323,270,0,0.3,0.7,-0.3,4,4,7,2,12,96,9,1,0,0,13,1,1,1,0,0,77,2,1,0,0,2,1,0.0,1,1,0,1,2,4,1,0,11,2.39,9,0,2,0,0,0,2,0.43,163,1,10,62,97,28,163,25,12,48.0,11,44.0,111,891,563,21,11,10,12,9,123,48,0,0,0,6,5,1,13,2,1,0,0,0,8,2,5,28.6,,,,,,,,,,,,,,,,,,,,,,,,,,,,,,,,2024-2025
1951,Noah Okafor,ch SUI,"FW,MF",Napoli,it Serie A,24.0,2000.0,4,0,40,0.4,0,0,0,0,0,0,0,0,0.0,0.0,0.6,0.7,0.0,1.47,7,1,6,1,0,0.0,2.25,0.0,0.0,,24.4,0,0,0,0.0,0.0,0.02,0.0,0.0,11,17,64.7,236,47,0,0.6,0.2,-0.6,3,2,1,1,1,16,1,1,0,0,3,0,0,0,0,0,11,3,2,3,0,0,2,100.0,0,0,0,0,0,3,1,0,4,9.0,3,0,1,0,0,0,0,0.0,29,0,7,10,13,6,29,7,2,28.6,4,57.1,15,178,117,7,2,3,2,2,18,6,0,0,0,2,1,0,3,0,2,0,0,0,3,2,2,50.0,,,,,,,,,,,,,,,,,,,,,,,,,,,,,,,,2024-2025
1952,Caleb Okoli,it ITA,DF,Leicester City,eng Premier League,23.0,2001.0,19,12,1125,12.5,1,0,1,1,0,0,4,0,0.6,0.6,0.0,0.6,0.08,0.05,3,32,2,4,2,50.0,0.32,0.16,0.25,0.5,13.5,0,0,0,0.6,0.6,0.15,0.4,0.4,559,648,86.3,9749,3849,0,0.0,0.2,0.0,0,21,1,0,32,597,51,21,1,3,1,4,0,0,0,0,559,25,14,8,15,2,18,61.1,7,24,14,10,15,40,79,3,4,0.32,4,0,0,0,0,0,0,0.0,806,152,451,325,35,10,806,0,0,,0,,468,2318,1106,3,6,0,10,2,484,2,4,0,0,16,9,0,1,15,14,0,0,0,44,23,21,52.3,,,,,,,,,,,,,,,,,,,,,,,,,,,,,,,,2024-2025
1953,Yllan Okou,fr FRA,DF,Hellas Verona,it Serie A,21.0,2002.0,1,0,2,0.0,0,0,0,0,0,0,0,0,0.0,0.0,0.0,0.0,0.0,0.0,0,0,0,0,0,,0.0,0.0,,,,0,0,0,0.0,0.0,,0.0,0.0,0,2,0.0,0,0,0,0.0,0.0,0.0,0,0,0,0,0,1,1,0,0,0,0,1,0,0,0,0,0,0,0,0,0,0,0,,0,1,0,1,0,0,0,0,0,0.0,0,0,0,0,0,0,0,0.0,3,0,2,0,1,0,3,0,0,,0,,1,2,1,0,0,0,0,0,1,0,0,0,0,0,0,0,0,0,0,0,0,0,0,0,0,,,,,,,,,,,,,,,,,,,,,,,,,,,,,,,,,2024-2025
1954,Maduka Okoye,ng NGA,GK,Udinese,it Serie A,24.0,1999.0,25,25,2250,25.0,0,0,0,0,0,0,1,0,0.0,0.0,0.0,0.0,0.0,0.0,0,1,0,0,0,,0.0,0.0,,,,0,0,0,0.0,0.0,,0.0,0.0,681,878,77.6,17288,12683,0,0.0,0.1,0.0,0,18,0,0,1,736,139,40,0,0,0,0,0,0,0,0,681,0,0,0,0,0,0,,0,0,0,0,0,0,12,1,1,0.04,1,0,0,0,0,0,0,0.0,940,753,930,10,0,0,940,0,0,,0,,589,2799,1484,0,0,0,0,0,548,0,1,0,0,0,1,0,0,0,0,0,0,1,51,7,0,100.0,40.0,1.6,110.0,73.0,67.3,6.0,4.0,15.0,4.0,16.0,5.0,4.0,0.0,1.0,37.0,0.32,0.0,0.0,120.0,292.0,41.1,776.0,80.0,29.9,30.2,315.0,14.0,4.4,23.0,0.92,14.1,2024-2025
1956,Aingeru Olabarrieta,es ESP,FW,Athletic Club,es La Liga,18.0,2005.0,1,1,54,0.6,0,0,0,0,0,0,0,0,0.0,0.0,0.0,0.0,0.0,0.0,2,1,3,0,0,,0.0,0.0,,,,0,0,0,0.0,0.0,,0.0,0.0,9,18,50.0,114,24,0,0.0,0.0,0.0,0,0,0,0,1,18,0,0,0,0,4,0,0,0,0,0,9,0,0,0,0,0,0,,0,2,0,2,1,1,1,0,0,0.0,0,0,0,0,0,0,0,0.0,25,1,2,11,13,0,25,4,1,25.0,3,75.0,15,106,59,2,2,0,0,1,18,3,0,0,0,1,0,0,4,1,0,0,0,0,4,1,0,100.0,,,,,,,,,,,,,,,,,,,,,,,,,,,,,,,,2024-2025
1958,Olasagasti,es ESP,MF,Real Sociedad,es La Liga,23.0,2000.0,22,7,857,9.5,1,1,2,1,0,0,2,0,0.9,0.9,0.8,1.7,0.21,0.18,11,38,41,13,2,15.4,1.37,0.21,0.08,0.5,18.5,0,0,0,0.9,0.9,0.07,0.1,0.1,314,407,77.1,4887,942,1,0.8,0.7,0.2,6,34,8,0,38,393,13,3,0,5,10,1,4,0,2,0,314,21,10,7,9,5,18,44.4,10,8,2,6,15,36,10,0,16,1.68,14,0,0,1,1,0,2,0.21,512,13,71,294,153,20,512,13,3,23.1,8,61.5,258,1206,534,11,16,2,11,4,335,41,2,0,0,15,7,0,10,15,10,0,0,0,42,12,22,35.3,,,,,,,,,,,,,,,,,,,,,,,,,,,,,,,,2024-2025
1962,Brian Oliván,es ESP,DF,Espanyol,es La Liga,30.0,1994.0,17,12,1017,11.3,0,1,1,0,0,0,2,0,0.4,0.4,1.1,1.5,0.09,0.13,21,40,57,6,1,16.7,0.53,0.09,0.0,0.0,23.8,2,0,0,0.4,0.4,0.06,-0.4,-0.4,317,458,69.2,5671,2788,1,1.1,0.8,-0.1,15,44,12,9,40,362,95,13,0,3,55,73,9,1,6,0,317,13,10,7,6,0,13,30.8,9,6,2,4,10,23,23,0,24,2.09,16,8,0,0,0,0,1,0.09,540,27,157,233,151,8,540,4,1,25.0,3,75.0,248,1152,723,21,10,0,10,1,299,57,2,0,0,13,6,3,55,10,10,0,0,0,28,3,10,23.1,,,,,,,,,,,,,,,,,,,,,,,,,,,,,,,,2024-2025
1963,Lucas Oliveira Rosa,br BRA,DF,Valladolid,es La Liga,24.0,2000.0,21,21,1890,21.0,0,1,1,0,0,0,6,0,0.9,0.9,2.0,2.8,0.05,0.13,31,50,74,8,3,37.5,0.38,0.14,0.0,0.0,18.3,0,0,0,0.9,0.9,0.11,-0.9,-0.9,637,833,76.5,10312,3479,1,2.0,1.5,-1.0,13,34,6,4,50,655,172,23,4,3,36,149,0,0,0,0,637,53,33,40,11,2,51,68.6,16,24,9,15,28,81,69,2,31,1.48,24,1,2,2,1,1,1,0.05,1076,76,411,461,219,21,1076,31,14,45.2,13,41.9,447,2693,1460,31,24,5,29,11,550,74,6,0,0,35,19,1,36,28,33,0,0,0,87,18,10,64.3,,,,,,,,,,,,,,,,,,,,,,,,,,,,,,,,2024-2025
1964,Mathías Olivera,uy URU,DF,Napoli,it Serie A,26.0,1997.0,32,26,2370,26.3,0,2,2,0,0,0,4,0,1.1,1.1,1.7,2.8,0.08,0.11,46,126,62,16,2,12.5,0.61,0.08,0.0,0.0,16.5,0,0,0,1.1,1.1,0.07,-1.1,-1.1,1350,1580,85.4,21815,7058,2,1.7,0.8,0.3,25,121,11,4,126,1377,196,29,1,6,22,167,0,0,0,0,1350,63,35,31,25,7,53,60.4,21,36,12,24,28,91,74,1,42,1.59,36,0,0,0,3,3,5,0.19,1884,98,639,962,295,42,1884,16,5,31.3,9,56.3,957,4602,2527,46,23,6,27,13,1205,62,4,0,0,28,22,2,22,28,35,1,0,0,93,41,36,53.2,,,,,,,,,,,,,,,,,,,,,,,,,,,,,,,,2024-2025
1965,Dani Olmo,es ESP,"MF,FW",Barcelona,es La Liga,26.0,1998.0,25,13,1212,13.5,10,3,13,8,2,2,1,0,6.5,4.9,3.0,7.9,0.82,0.7,33,81,97,40,15,37.5,2.97,1.11,0.2,0.53,18.1,1,2,2,6.5,4.9,0.12,3.5,3.1,520,641,81.1,7634,2216,3,3.0,3.7,0.0,26,49,29,1,81,611,28,10,11,6,21,0,11,6,2,0,520,16,11,8,5,3,14,28.6,10,6,3,3,3,19,11,1,66,4.9,46,2,7,5,5,1,12,0.89,797,18,64,351,390,77,795,45,23,51.1,17,37.8,505,2477,1363,33,35,7,35,26,662,97,1,0,0,21,27,1,21,3,11,3,0,0,46,9,9,50.0,,,,,,,,,,,,,,,,,,,,,,,,,,,,,,,,2024-2025
1966,Robin Olsen,se SWE,GK,Aston Villa,eng Premier League,34.0,1990.0,4,1,226,2.5,0,0,0,0,0,0,0,0,0.0,0.0,0.0,0.0,0.0,0.0,0,0,0,0,0,,0.0,0.0,,,,0,0,0,0.0,0.0,,0.0,0.0,65,101,64.4,2083,1590,0,0.0,0.0,0.0,0,4,0,0,0,65,36,10,0,0,0,0,0,0,0,0,65,1,0,1,0,0,1,100.0,0,0,0,0,0,1,2,1,2,0.8,0,2,0,0,0,0,1,0.4,110,94,109,1,0,0,110,0,0,,0,,50,270,132,0,0,0,0,0,46,0,0,0,0,0,0,0,0,0,0,0,0,0,2,0,0,,6.0,2.39,14.0,8.0,64.3,1.0,0.0,0.0,1.0,100.0,1.0,1.0,0.0,0.0,6.3,0.4,0.3,0.12,19.0,54.0,35.2,75.0,1.0,42.7,35.9,40.0,3.0,7.5,0.0,0.0,8.6,2024-2025
1972,Amadou Onana,be BEL,MF,Aston Villa,eng Premier League,22.0,2001.0,26,20,1617,18.0,3,0,3,3,0,0,4,0,2.1,2.1,0.7,2.8,0.17,0.16,29,75,16,17,6,35.3,0.95,0.33,0.18,0.5,14.7,0,0,0,2.1,2.1,0.12,0.9,0.9,703,802,87.7,11058,2897,0,0.7,0.8,-0.7,10,69,12,2,75,796,5,4,3,0,2,0,0,0,0,0,703,55,30,23,26,6,29,55.2,13,16,7,9,26,81,41,3,32,1.78,25,2,1,4,0,0,4,0.22,998,71,269,586,159,23,998,20,14,70.0,3,15.0,553,2931,1577,29,25,1,11,9,671,16,4,0,0,32,30,0,2,26,30,0,0,0,72,32,21,60.4,,,,,,,,,,,,,,,,,,,,,,,,,,,,,,,,2024-2025
1973,André Onana,cm CMR,GK,Manchester Utd,eng Premier League,28.0,1996.0,34,34,3060,34.0,0,0,0,0,0,0,0,0,0.0,0.0,0.2,0.2,0.0,0.0,0,1,0,0,0,,0.0,0.0,,,,0,0,0,0.0,0.0,,0.0,0.0,948,1306,72.6,22819,13922,0,0.2,0.2,-0.2,1,28,0,0,1,1066,235,86,1,2,0,0,0,0,0,0,948,2,2,2,0,0,4,50.0,2,0,0,0,0,2,11,4,4,0.12,3,1,0,0,0,0,0,0.0,1371,1046,1350,22,0,0,1371,1,1,100.0,0,0.0,961,4851,2676,0,0,0,1,0,832,0,0,0,0,0,2,0,0,0,2,0,0,0,34,6,0,100.0,44.0,1.29,132.0,88.0,68.9,10.0,9.0,15.0,9.0,26.5,4.0,3.0,1.0,0.0,44.0,0.31,1.0,0.03,118.0,440.0,26.8,1152.0,136.0,29.7,30.3,399.0,22.0,5.5,23.0,0.68,11.8,2024-2025
1974,Jean Onana,cm CMR,MF,Genoa,it Serie A,24.0,2000.0,9,2,304,3.4,0,0,0,0,0,0,1,0,0.0,0.0,0.1,0.1,0.0,0.03,1,11,4,1,0,0.0,0.3,0.0,0.0,,40.8,0,0,0,0.0,0.0,0.02,0.0,0.0,108,134,80.6,1788,423,0,0.1,0.1,-0.1,2,8,0,0,11,130,4,4,0,0,1,0,0,0,0,0,108,12,6,2,10,0,9,55.6,4,6,1,5,4,16,8,1,4,1.18,4,0,0,0,0,0,0,0.0,183,8,49,115,20,1,183,4,2,50.0,1,25.0,82,273,65,1,1,0,6,7,96,4,1,0,0,12,2,0,1,4,6,0,0,0,13,6,10,37.5,,,,,,,,,,,,,,,,,,,,,,,,,,,,,,,,2024-2025
1975,Jacob Ondrejka,se SWE,"MF,FW",Parma,it Serie A,21.0,2002.0,12,3,422,4.7,5,0,5,5,0,0,0,0,1.3,1.3,0.6,1.9,1.07,0.4,13,11,21,14,10,71.4,2.99,2.13,0.36,0.5,19.9,2,0,0,1.3,1.3,0.09,3.7,3.7,95,127,74.8,1400,463,0,0.6,1.1,-0.6,7,3,3,0,11,107,20,5,2,0,16,1,13,5,7,0,95,12,6,5,7,0,12,83.3,2,2,0,2,7,19,2,0,14,2.99,5,6,1,1,1,0,1,0.21,192,4,30,73,91,19,192,8,6,75.0,1,12.5,107,588,352,13,11,8,10,3,108,21,0,0,0,1,8,0,16,7,6,0,0,0,18,0,5,0.0,,,,,,,,,,,,,,,,,,,,,,,,,,,,,,,,2024-2025
1977,Paul Onuachu,ng NGA,FW,Southampton,eng Premier League,30.0,1994.0,25,11,1050,11.7,4,1,5,4,0,0,4,0,3.6,3.6,0.5,4.1,0.43,0.35,7,13,40,34,15,44.1,2.91,1.29,0.12,0.27,10.4,0,0,0,3.6,3.6,0.11,0.4,0.4,160,263,60.8,2292,365,1,0.5,0.3,0.5,8,13,2,0,13,261,0,0,0,4,0,0,0,0,0,0,160,7,2,1,5,1,7,42.9,4,7,2,5,1,8,16,1,9,0.77,8,0,0,1,0,0,1,0.09,440,17,45,235,163,67,440,26,8,30.8,14,53.8,214,857,248,7,5,2,50,36,358,40,4,0,0,28,16,10,0,1,2,0,0,0,19,93,59,61.2,,,,,,,,,,,,,,,,,,,,,,,,,,,,,,,,2024-2025
1978,Frank Onyeka,ng NGA,MF,Brentford,eng Premier League,26.0,1998.0,2,0,25,0.3,0,0,0,0,0,0,0,0,0.0,0.0,0.0,0.0,0.0,0.0,0,1,0,0,0,,0.0,0.0,,,,0,0,0,0.0,0.0,,0.0,0.0,6,7,85.7,71,19,0,0.0,0.0,0.0,0,0,1,0,1,7,0,0,0,0,0,0,0,0,0,0,6,0,0,0,0,0,0,,0,0,0,0,0,0,0,0,0,0.0,0,0,0,0,0,0,0,0.0,10,0,1,5,4,0,10,0,0,,0,,6,55,14,0,0,0,2,1,6,0,0,0,0,2,0,0,0,0,0,0,0,0,2,0,0,,,,,,,,,,,,,,,,,,,,,,,,,,,,,,,,,2024-2025
1989,Lewis Orford,eng ENG,MF,West Ham,eng Premier League,18.0,2006.0,2,0,49,0.5,0,0,0,0,0,0,0,0,0.0,0.0,0.0,0.0,0.0,0.09,0,0,1,1,0,0.0,1.84,0.0,0.0,,12.7,0,0,0,0.0,0.0,0.03,0.0,0.0,33,38,86.8,583,83,0,0.0,0.0,0.0,2,2,1,1,0,36,2,2,0,0,1,0,0,0,0,0,33,0,0,0,0,0,0,,0,1,0,1,1,1,0,0,2,3.67,2,0,0,0,0,0,0,0.0,42,1,8,28,7,2,42,0,0,,0,,22,98,27,0,0,0,1,0,31,1,0,0,0,0,0,0,1,1,0,0,0,0,7,0,1,0.0,,,,,,,,,,,,,,,,,,,,,,,,,,,,,,,,2024-2025
1990,Gaetano Oristanio,it ITA,"FW,MF",Venezia,it Serie A,21.0,2002.0,37,29,2315,25.7,3,3,6,3,0,0,3,0,4.1,4.1,2.6,6.8,0.23,0.26,72,64,131,44,12,27.3,1.71,0.47,0.07,0.25,17.1,3,0,0,4.1,4.1,0.09,-1.1,-1.1,307,443,69.3,4984,1398,3,2.6,2.2,0.4,33,32,22,8,64,419,21,5,4,6,59,2,9,7,0,0,307,17,13,5,8,4,15,46.7,8,16,0,16,6,23,6,1,69,2.68,43,4,9,3,9,1,7,0.27,758,5,70,300,416,88,757,123,55,44.7,59,48.0,543,4131,2046,72,48,30,80,72,569,131,3,0,0,50,71,11,59,6,13,0,0,0,84,14,38,26.9,,,,,,,,,,,,,,,,,,,,,,,,,,,,,,,,2024-2025
1991,Aimar Oroz,es ESP,MF,Osasuna,es La Liga,22.0,2001.0,37,35,2966,33.0,5,4,9,4,1,1,8,0,4.2,3.5,2.9,6.5,0.24,0.22,74,163,142,47,15,31.9,1.43,0.46,0.09,0.27,19.7,3,1,1,4.2,3.5,0.08,0.8,0.5,924,1128,81.9,14880,3661,4,2.9,3.5,1.1,41,91,36,5,163,1077,44,9,9,7,29,6,5,1,2,0,924,35,19,16,13,6,46,30.4,32,29,2,27,20,55,10,0,92,2.79,75,1,4,7,4,1,8,0.24,1432,13,174,682,607,73,1431,101,49,48.5,42,41.6,913,5564,2730,74,73,17,58,55,1038,142,8,0,0,28,64,5,29,20,19,0,0,0,164,18,22,45.0,,,,,,,,,,,,,,,,,,,,,,,,,,,,,,,,2024-2025
1992,Riccardo Orsolini,it ITA,FW,Bologna,it Serie A,27.0,1997.0,30,23,1878,20.9,15,4,19,12,3,3,2,0,10.1,7.8,3.7,11.5,0.77,0.66,61,69,186,72,25,34.7,3.45,1.2,0.17,0.48,17.5,6,3,3,10.1,7.8,0.11,4.9,4.2,425,646,65.8,7551,2206,4,3.7,2.9,0.3,30,34,29,11,69,615,29,5,4,13,70,4,20,18,0,0,425,16,13,6,6,4,11,45.5,6,26,0,26,8,24,10,1,59,2.83,39,5,4,6,5,0,5,0.24,916,9,85,349,494,88,913,73,33,45.2,35,47.9,589,3830,1777,61,27,25,48,25,675,186,2,0,0,27,46,12,70,8,13,0,0,0,65,23,19,54.8,,,,,,,,,,,,,,,,,,,,,,,,,,,,,,,,2024-2025
1993,Stefan Ortega,de GER,GK,Manchester City,eng Premier League,31.0,1992.0,13,12,1100,12.2,0,0,0,0,0,0,1,0,0.0,0.0,0.0,0.0,0.0,0.0,0,0,0,0,0,,0.0,0.0,,,,0,0,0,0.0,0.0,,0.0,0.0,373,459,81.3,8327,5597,0,0.0,0.0,0.0,0,6,0,0,0,388,70,21,0,2,0,0,0,0,0,0,373,0,0,0,0,0,1,0.0,1,0,0,0,0,0,11,1,0,0.0,0,0,0,0,0,0,0,0.0,492,383,489,3,0,0,492,0,0,,0,,323,1489,864,0,0,0,0,0,309,0,1,0,0,1,2,0,0,0,0,0,1,0,8,2,0,100.0,18.0,1.47,50.0,33.0,68.0,5.0,4.0,3.0,3.0,25.0,2.0,2.0,0.0,0.0,16.3,0.31,-0.7,-0.06,40.0,104.0,38.5,409.0,55.0,21.5,26.7,133.0,6.0,4.5,12.0,0.98,14.3,2024-2025
1994,Ángel Ortíz,es ESP,DF,Betis,es La Liga,20.0,2004.0,5,4,353,3.9,0,1,1,0,0,0,0,0,0.0,0.0,0.1,0.2,0.25,0.04,4,15,20,2,0,0.0,0.51,0.0,0.0,,23.0,0,0,0,0.0,0.0,0.02,0.0,0.0,167,225,74.2,2516,1084,1,0.1,0.2,0.9,3,15,3,2,15,186,38,3,0,0,19,35,0,0,0,0,167,12,8,8,3,1,17,47.1,9,6,0,6,5,17,7,0,6,1.53,5,0,0,0,1,0,2,0.51,272,7,96,114,64,7,272,8,4,50.0,4,50.0,133,669,375,4,3,1,7,2,153,20,0,0,0,6,6,0,19,5,8,0,0,0,16,5,7,41.7,,,,,,,,,,,,,,,,,,,,,,,,,,,,,,,,2024-2025
1995,Gabriel Osei Misehouy,nl NED,"FW,MF",Girona,es La Liga,19.0,2005.0,9,1,257,2.9,1,0,1,1,0,0,0,0,0.9,0.9,0.3,1.2,0.35,0.41,5,15,22,6,2,33.3,2.1,0.7,0.17,0.5,17.2,0,0,0,0.9,0.9,0.15,0.1,0.1,90,103,87.4,1327,247,0,0.3,0.3,-0.3,4,11,4,0,15,97,6,1,0,0,6,2,3,2,1,0,90,1,1,0,1,0,1,0.0,1,0,0,0,0,1,0,0,6,2.1,5,0,0,0,1,0,0,0.0,128,1,5,61,64,7,128,11,7,63.6,4,36.4,100,599,228,5,5,0,7,7,107,22,0,0,0,1,5,2,6,0,1,0,0,0,11,0,3,0.0,,,,,,,,,,,,,,,,,,,,,,,,,,,,,,,,2024-2025
1997,Yordan Osorio,ve VEN,DF,Parma,it Serie A,30.0,1994.0,3,2,172,1.9,0,0,0,0,0,0,0,0,0.0,0.0,0.1,0.1,0.0,0.08,1,3,0,1,0,0.0,0.52,0.0,0.0,,25.7,0,0,0,0.0,0.0,0.01,0.0,0.0,104,119,87.4,1866,555,0,0.1,0.1,-0.1,1,1,0,0,3,114,4,2,0,0,0,1,0,0,0,0,104,5,3,4,1,0,2,100.0,0,3,1,2,4,9,6,1,1,0.52,1,0,0,0,0,0,0,0.0,141,12,73,63,5,1,141,0,0,,0,,88,358,180,1,0,0,1,0,89,0,0,0,0,5,2,0,0,4,3,0,0,0,6,2,1,66.7,,,,,,,,,,,,,,,,,,,,,,,,,,,,,,,,2024-2025
1999,William Osula,dk DEN,FW,Newcastle Utd,eng Premier League,20.0,2003.0,14,0,134,1.5,1,0,1,1,0,0,0,0,0.2,0.2,0.1,0.3,0.67,0.21,5,4,17,4,1,25.0,2.69,0.67,0.25,1.0,13.5,0,0,0,0.2,0.2,0.04,0.8,0.8,18,29,62.1,200,68,0,0.1,0.1,-0.1,2,2,1,0,4,27,2,0,0,0,4,0,0,0,0,0,18,2,0,1,0,1,2,0.0,2,0,0,0,4,6,2,0,4,2.69,3,0,0,0,0,1,0,0.0,56,1,4,21,32,8,56,6,3,50.0,3,50.0,37,252,126,5,1,2,7,6,42,17,0,0,0,4,1,1,4,4,0,0,0,0,2,6,2,75.0,,,,,,,,,,,,,,,,,,,,,,,,,,,,,,,,2024-2025
2001,Sebastian Otoa,dk DEN,DF,Genoa,it Serie A,20.0,2004.0,3,3,179,2.0,0,0,0,0,0,0,1,1,0.0,0.0,0.0,0.0,0.0,0.0,0,0,0,0,0,,0.0,0.0,,,,0,0,0,0.0,0.0,,0.0,0.0,56,64,87.5,1121,241,0,0.0,0.0,0.0,0,0,0,0,0,62,2,1,0,0,0,1,0,0,0,0,56,1,0,1,0,0,2,50.0,1,1,1,0,3,4,14,0,0,0.0,0,0,0,0,0,0,0,0.0,88,16,56,31,1,0,88,0,0,,0,,49,147,36,0,0,0,2,1,48,0,1,1,0,5,0,0,0,3,0,0,0,0,5,6,3,66.7,,,,,,,,,,,,,,,,,,,,,,,,,,,,,,,,2024-2025
2002,David Otorbi,es ESP,MF,Valencia,es La Liga,16.0,2007.0,1,0,14,0.2,0,0,0,0,0,0,0,0,0.0,0.0,0.0,0.0,0.0,0.0,1,0,0,0,0,,0.0,0.0,,,,0,0,0,0.0,0.0,,0.0,0.0,2,4,50.0,27,4,0,0.0,0.0,0.0,0,0,0,0,0,4,0,0,0,0,0,0,0,0,0,0,2,0,0,0,0,0,0,,0,1,0,1,0,0,0,0,0,0.0,0,0,0,0,0,0,0,0.0,6,0,0,4,2,0,6,2,0,0.0,0,0.0,3,24,13,1,0,0,1,0,4,0,0,0,0,0,0,0,0,0,0,0,0,0,0,0,0,,,,,,,,,,,,,,,,,,,,,,,,,,,,,,,,,2024-2025
2003,Dango Ouattara,bf BFA,FW,Bournemouth,eng Premier League,22.0,2002.0,32,21,2005,22.3,7,4,11,7,0,0,3,0,8.4,8.4,5.5,13.8,0.49,0.62,79,43,191,62,20,32.3,2.78,0.9,0.11,0.35,13.5,1,0,0,8.4,8.4,0.14,-1.4,-1.4,367,612,60.0,5725,1706,4,5.5,3.3,-1.5,35,21,26,11,43,579,30,0,5,5,88,26,3,1,0,0,367,35,26,14,11,10,41,41.5,24,36,10,26,11,46,51,0,72,3.23,57,0,3,10,1,1,6,0.27,959,62,165,316,497,128,959,82,39,47.6,34,41.5,492,3577,1777,79,35,38,63,32,577,191,3,0,0,16,19,14,88,11,26,0,0,0,92,45,63,41.7,,,,,,,,,,,,,,,,,,,,,,,,,,,,,,,,2024-2025
2006,Remi Oudin,fr FRA,"MF,FW",Lecce,it Serie A,27.0,1996.0,11,3,299,3.3,0,0,0,0,0,0,1,0,0.1,0.1,0.6,0.7,0.0,0.22,2,13,16,3,1,33.3,0.9,0.3,0.0,0.0,28.0,2,0,0,0.1,0.1,0.04,-0.1,-0.1,96,143,67.1,1996,648,0,0.6,1.1,-0.6,6,9,5,2,13,118,23,9,2,4,23,4,10,6,3,0,96,3,1,1,1,1,4,50.0,2,6,2,4,2,5,1,0,14,4.23,8,4,0,2,0,0,1,0.3,168,5,34,75,61,2,168,6,3,50.0,3,50.0,94,523,139,2,5,0,5,3,104,16,1,0,0,2,1,0,23,2,1,0,0,0,18,1,1,50.0,,,,,,,,,,,,,,,,,,,,,,,,,,,,,,,,2024-2025
2009,Cheick Oumar Conde,gn GUI,MF,Venezia,it Serie A,24.0,2000.0,9,1,151,1.7,0,0,0,0,0,0,2,0,0.0,0.0,0.0,0.0,0.0,0.02,2,8,5,1,0,0.0,0.6,0.0,0.0,,30.6,0,0,0,0.0,0.0,0.01,0.0,0.0,34,51,66.7,484,222,0,0.0,0.1,0.0,1,6,1,0,8,51,0,0,0,0,0,0,0,0,0,0,34,6,5,3,2,1,5,40.0,3,7,2,5,4,10,3,0,5,2.96,4,0,0,0,1,0,0,0.0,80,8,22,43,17,3,80,5,2,40.0,2,40.0,31,189,86,2,4,0,2,5,35,5,2,0,0,5,4,0,0,4,5,0,0,0,13,7,3,70.0,,,,,,,,,,,,,,,,,,,,,,,,,,,,,,,,2024-2025
2010,Jesús Owono,gq EQG,GK,Alavés,es La Liga,23.0,2001.0,6,5,487,5.4,0,0,0,0,0,0,0,0,0.0,0.0,0.0,0.0,0.0,0.0,0,0,0,0,0,,0.0,0.0,,,,0,0,0,0.0,0.0,,0.0,0.0,99,163,60.7,3878,3470,0,0.0,0.0,0.0,0,5,0,0,0,108,54,18,1,0,0,0,0,0,0,0,99,1,1,1,0,0,1,100.0,0,0,0,0,0,1,2,0,1,0.18,0,1,0,0,0,0,0,0.0,173,144,173,0,0,0,173,1,1,100.0,0,0.0,88,405,281,0,0,0,0,0,76,0,0,0,0,1,2,0,0,0,1,0,1,0,3,0,0,,7.0,1.29,14.0,7.0,57.1,1.0,1.0,3.0,0.0,0.0,1.0,1.0,0.0,0.0,5.4,0.37,-1.6,-0.29,46.0,105.0,43.8,126.0,12.0,55.6,43.0,66.0,6.0,9.1,2.0,0.37,8.9,2024-2025
2013,Mikel Oyarzabal,es ESP,FW,Real Sociedad,es La Liga,27.0,1997.0,35,28,2250,25.0,9,3,12,5,4,4,4,1,9.9,6.8,2.4,9.2,0.32,0.5,31,28,133,39,13,33.3,1.56,0.52,0.13,0.38,13.4,0,4,4,9.9,6.8,0.17,-0.9,-1.8,371,505,73.5,4901,837,3,2.4,1.8,0.6,15,19,10,3,28,468,36,0,2,3,10,4,0,0,0,0,371,25,16,9,10,6,23,43.5,13,17,1,16,4,29,15,0,38,1.52,27,0,1,4,6,0,5,0.2,729,15,59,348,326,107,725,20,9,45.0,9,45.0,393,1837,772,31,18,16,63,30,532,133,4,1,0,14,22,18,10,4,16,1,0,0,48,32,73,30.5,,,,,,,,,,,,,,,,,,,,,,,,,,,,,,,,2024-2025
2014,Daniel Oyegoke,eng ENG,DF,Hellas Verona,it Serie A,21.0,2003.0,5,0,103,1.1,0,0,0,0,0,0,1,0,0.0,0.0,0.0,0.0,0.0,0.03,2,2,5,1,0,0.0,0.87,0.0,0.0,,23.2,0,0,0,0.0,0.0,0.03,0.0,0.0,32,46,69.6,421,208,0,0.0,0.0,0.0,0,1,1,0,2,31,14,0,0,0,4,14,0,0,0,0,32,2,2,1,0,1,1,100.0,0,1,0,1,1,3,7,0,0,0.0,0,0,0,0,0,0,0,0.0,65,7,21,17,27,1,65,3,2,66.7,1,33.3,32,133,42,2,0,0,2,2,31,5,1,0,0,2,0,0,4,1,2,0,0,0,5,0,2,0.0,,,,,,,,,,,,,,,,,,,,,,,,,,,,,,,,2024-2025
2017,Cenk Özkacar,tr TUR,DF,Valladolid,es La Liga,23.0,2000.0,11,8,757,8.4,0,0,0,0,0,0,1,0,0.1,0.1,0.0,0.1,0.0,0.02,2,15,0,2,0,0.0,0.24,0.0,0.0,,13.2,0,0,0,0.1,0.1,0.06,-0.1,-0.1,331,392,84.4,6430,2436,0,0.0,0.3,0.0,1,11,0,0,15,369,22,18,0,3,0,0,0,0,0,0,331,9,5,7,2,0,14,28.6,10,9,6,3,18,27,69,1,1,0.12,1,0,0,0,0,0,0,0.0,507,88,313,187,8,6,507,0,0,,0,,244,1202,624,2,2,0,4,1,306,0,1,0,0,5,1,0,0,18,5,0,1,0,30,11,15,42.3,,,,,,,,,,,,,,,,,,,,,,,,,,,,,,,,2024-2025
2018,Nico O’Reilly,eng ENG,DF,Manchester City,eng Premier League,19.0,2005.0,9,6,528,5.9,2,0,2,2,0,0,0,0,1.3,1.3,0.4,1.6,0.34,0.28,16,17,26,8,3,37.5,1.36,0.51,0.25,0.67,15.4,0,0,0,1.3,1.3,0.16,0.7,0.7,305,353,86.4,4042,780,0,0.4,0.7,-0.4,4,28,1,1,17,311,41,5,1,0,8,36,0,0,0,0,305,9,4,3,3,3,8,50.0,4,5,1,4,4,13,12,0,12,2.05,9,1,1,0,1,0,2,0.34,419,14,71,223,130,18,419,15,9,60.0,6,40.0,249,1171,575,16,15,0,14,15,298,26,0,0,0,6,4,1,8,4,4,0,0,0,31,6,9,40.0,,,,,,,,,,,,,,,,,,,,,,,,,,,,,,,,2024-2025
2019,Jon Pacheco,es ESP,DF,Real Sociedad,es La Liga,23.0,2001.0,14,9,854,9.5,0,0,0,0,0,0,3,0,0.1,0.1,0.1,0.2,0.0,0.02,12,27,0,1,0,0.0,0.11,0.0,0.0,,8.7,0,0,0,0.1,0.1,0.09,-0.1,-0.1,411,494,83.2,7915,2381,0,0.1,0.4,-0.1,1,28,2,0,27,467,26,19,1,9,0,1,0,0,0,0,411,15,9,12,3,0,12,83.3,2,8,6,2,9,24,49,2,4,0.42,3,1,0,0,0,0,0,0.0,585,74,281,299,9,5,585,2,1,50.0,1,50.0,313,1925,1242,12,3,1,4,0,358,0,3,0,0,18,5,0,0,9,9,0,0,0,35,19,17,52.8,,,,,,,,,,,,,,,,,,,,,,,,,,,,,,,,2024-2025
2021,Daniele Padelli,it ITA,GK,Udinese,it Serie A,38.0,1985.0,1,1,90,1.0,0,0,0,0,0,0,0,0,0.0,0.0,0.0,0.0,0.0,0.0,0,0,0,0,0,,0.0,0.0,,,,0,0,0,0.0,0.0,,0.0,0.0,15,20,75.0,344,255,0,0.0,0.0,0.0,0,0,0,0,0,17,3,1,0,0,0,0,0,0,0,0,15,0,0,0,0,0,1,0.0,1,0,0,0,0,0,0,0,0,0.0,0,0,0,0,0,0,0,0.0,22,17,22,0,0,0,22,0,0,,0,,10,35,19,0,0,0,0,0,13,0,0,0,0,0,0,0,0,0,0,0,0,0,0,0,0,,0.0,0.0,3.0,3.0,100.0,1.0,0.0,0.0,1.0,100.0,0.0,0.0,0.0,0.0,0.8,0.26,0.8,0.77,3.0,7.0,42.9,18.0,2.0,33.3,30.5,11.0,1.0,9.1,0.0,0.0,15.0,2024-2025
2022,Alex Padilla,es ESP,GK,Athletic Club,es La Liga,20.0,2003.0,5,3,321,3.6,0,0,0,0,0,0,0,0,0.0,0.0,0.0,0.0,0.0,0.0,0,0,0,0,0,,0.0,0.0,,,,0,0,0,0.0,0.0,,0.0,0.0,67,121,55.4,2317,1964,0,0.0,0.0,0.0,0,4,0,0,0,79,41,19,0,0,0,0,0,0,0,0,67,0,0,0,0,0,0,,0,0,0,0,0,0,2,1,0,0.0,0,0,0,0,0,0,0,0.0,134,110,131,3,0,0,134,0,0,,0,,69,383,239,0,0,0,0,0,46,0,0,0,0,0,1,0,0,0,0,0,0,1,4,1,0,100.0,6.0,1.68,17.0,12.0,70.6,0.0,1.0,2.0,0.0,0.0,1.0,1.0,0.0,0.0,4.8,0.26,-0.2,-0.06,27.0,78.0,34.6,98.0,15.0,58.2,41.5,57.0,2.0,3.5,3.0,0.84,13.4,2024-2025
2023,Simone Pafundi,it ITA,"MF,DF",Udinese,it Serie A,18.0,2006.0,9,0,116,1.3,0,0,0,0,0,0,0,0,0.1,0.1,0.7,0.7,0.0,0.57,3,0,7,2,1,50.0,1.55,0.78,0.0,0.0,23.4,1,0,0,0.1,0.1,0.03,-0.1,-0.1,57,77,74.0,1004,168,0,0.7,0.3,-0.7,3,4,0,0,0,63,14,4,0,1,14,2,8,5,3,0,57,3,3,2,0,1,4,25.0,3,0,0,0,0,3,1,0,6,4.66,4,2,0,0,0,0,0,0.0,95,1,8,47,41,1,95,7,1,14.3,2,28.6,56,381,131,3,9,0,2,1,57,7,0,0,0,1,6,0,14,0,3,0,0,0,3,0,2,0.0,,,,,,,,,,,,,,,,,,,,,,,,,,,,,,,,2024-2025
2025,Tomás Palacios,ar ARG,DF,Monza,it Serie A,21.0,2003.0,8,5,446,5.0,0,0,0,0,0,0,2,0,0.0,0.0,0.0,0.0,0.0,0.01,3,21,2,1,0,0.0,0.2,0.0,0.0,,25.8,1,0,0,0.0,0.0,0.04,0.0,0.0,321,362,88.7,5597,2094,0,0.0,0.1,0.0,0,21,1,0,21,338,23,12,1,2,1,2,0,0,0,0,321,11,5,9,2,0,13,69.2,4,7,2,5,8,19,17,2,5,1.01,4,0,0,0,1,0,0,0.0,417,58,229,178,16,1,417,9,8,88.9,1,11.1,293,1248,683,3,1,0,3,4,305,2,2,0,0,2,10,1,1,8,5,0,0,0,29,6,4,60.0,,,,,,,,,,,,,,,,,,,,,,,,,,,,,,,,2024-2025
2026,Tomás Palacios,ar ARG,DF,Inter,it Serie A,21.0,2003.0,2,0,11,0.1,0,0,0,0,0,0,0,0,0.0,0.0,0.0,0.0,0.0,0.0,0,3,0,0,0,,0.0,0.0,,,,0,0,0,0.0,0.0,,0.0,0.0,15,15,100.0,243,75,0,0.0,0.0,0.0,0,2,0,0,3,15,0,0,0,0,0,0,0,0,0,0,15,0,0,0,0,0,0,,0,0,0,0,1,1,0,0,1,8.18,1,0,0,0,0,0,0,0.0,15,0,2,12,1,0,15,0,0,,0,,14,51,32,0,0,0,0,0,14,0,0,0,0,0,0,0,0,1,0,0,0,0,2,0,0,,,,,,,,,,,,,,,,,,,,,,,,,,,,,,,,,2024-2025
2027,Isaac Palazón Camacho,es ESP,"MF,FW",Rayo Vallecano,es La Liga,29.0,1994.0,35,25,2162,24.0,4,4,8,4,0,0,5,0,4.7,4.7,4.4,9.2,0.33,0.38,30,117,123,61,18,29.5,2.54,0.75,0.07,0.22,22.3,1,0,0,4.7,4.7,0.08,-0.7,-0.7,783,1015,77.1,13214,3942,4,4.4,4.7,-0.4,48,77,19,4,117,868,136,17,13,6,111,5,92,46,31,0,783,22,17,10,6,6,34,23.5,26,22,3,19,8,30,13,1,110,4.57,63,25,6,7,9,0,5,0.21,1285,12,120,592,583,43,1285,66,25,37.9,34,51.5,716,3520,1317,30,29,7,54,43,913,123,5,0,0,39,53,3,111,8,17,0,0,0,102,18,40,31.0,,,,,,,,,,,,,,,,,,,,,,,,,,,,,,,,2024-2025
2028,Alberto Paleari,it ITA,GK,Torino,it Serie A,31.0,1992.0,1,1,90,1.0,0,0,0,0,0,0,0,0,0.0,0.0,0.0,0.0,0.0,0.0,0,0,0,0,0,,0.0,0.0,,,,0,0,0,0.0,0.0,,0.0,0.0,28,32,87.5,826,650,0,0.0,0.0,0.0,0,0,0,0,0,23,9,3,0,0,0,0,0,0,0,0,28,0,0,0,0,0,0,,0,0,0,0,0,0,2,0,0,0.0,0,0,0,0,0,0,0,0.0,37,29,37,0,0,0,37,0,0,,0,,23,111,65,0,0,0,0,0,15,0,0,0,0,0,1,0,0,0,0,0,0,0,2,0,0,,3.0,3.0,7.0,4.0,57.1,0.0,0.0,1.0,0.0,0.0,0.0,0.0,0.0,0.0,2.2,0.32,-0.8,-0.77,8.0,12.0,66.7,26.0,5.0,34.6,31.0,12.0,0.0,0.0,5.0,5.0,27.3,2024-2025
2029,Marco Palestra,it ITA,DF,Atalanta,it Serie A,19.0,2005.0,9,2,222,2.5,0,0,0,0,0,0,0,0,0.0,0.0,0.2,0.2,0.0,0.1,13,6,14,0,0,,0.0,0.0,,,,0,0,0,0.0,0.0,,0.0,0.0,85,109,78.0,1246,347,0,0.2,0.5,-0.2,3,7,3,3,6,92,17,4,0,0,12,13,0,0,0,0,85,6,4,3,2,1,3,100.0,0,4,1,3,2,8,4,0,8,3.21,7,0,0,0,0,1,0,0.0,137,4,30,54,53,12,137,12,4,33.3,5,41.7,89,644,411,13,6,6,3,1,94,14,0,0,0,1,10,1,12,2,4,0,0,0,7,2,2,50.0,,,,,,,,,,,,,,,,,,,,,,,,,,,,,,,,2024-2025
2032,Matteo Palma,de GER,DF,Udinese,it Serie A,16.0,2008.0,1,0,5,0.1,0,0,0,0,0,0,0,0,0.0,0.0,0.0,0.0,0.0,0.0,0,1,0,0,0,,0.0,0.0,,,,0,0,0,0.0,0.0,,0.0,0.0,5,7,71.4,80,13,0,0.0,0.0,0.0,0,0,0,0,1,6,1,0,0,0,0,1,0,0,0,0,5,0,0,0,0,0,0,,0,1,1,0,0,0,1,0,0,0.0,0,0,0,0,0,0,0,0.0,9,1,3,6,0,0,9,0,0,,0,,5,7,4,0,0,0,0,0,5,0,0,0,0,1,0,0,0,0,0,0,0,0,1,1,0,100.0,,,,,,,,,,,,,,,,,,,,,,,,,,,,,,,,2024-2025
2033,Alex Palmer,eng ENG,GK,Ipswich Town,eng Premier League,27.0,1996.0,13,13,1170,13.0,0,0,0,0,0,0,2,0,0.0,0.0,0.0,0.0,0.0,0.0,0,1,0,0,0,,0.0,0.0,,,,0,0,0,0.0,0.0,,0.0,0.0,299,423,70.7,8545,6103,0,0.0,0.0,0.0,1,8,0,0,1,287,136,42,0,0,0,0,0,0,0,0,299,0,0,0,0,0,0,,0,0,0,0,0,0,12,0,3,0.23,3,0,0,0,0,0,0,0.0,470,396,461,10,0,0,470,0,0,,0,,210,1205,750,0,0,0,2,0,170,0,2,0,0,1,4,0,0,0,0,0,0,0,17,5,0,100.0,30.0,2.31,71.0,43.0,59.2,1.0,3.0,9.0,0.0,0.0,1.0,1.0,0.0,0.0,25.1,0.35,-2.9,-0.22,71.0,186.0,38.2,329.0,55.0,36.8,33.9,249.0,20.0,8.0,13.0,1.0,11.5,2024-2025
2034,Cole Palmer,eng ENG,"MF,FW",Chelsea,eng Premier League,22.0,2002.0,37,36,3191,35.5,15,8,23,11,4,5,7,0,17.3,13.3,10.9,24.2,0.54,0.79,120,214,187,121,44,36.4,3.41,1.24,0.09,0.25,20.4,12,4,5,17.3,13.3,0.11,-2.3,-2.3,1140,1480,77.0,21582,5611,8,10.9,9.1,-2.9,87,163,64,17,214,1273,198,45,22,14,144,17,75,49,5,0,1140,34,20,12,10,12,27,44.4,15,16,1,15,11,45,20,1,202,5.7,134,21,16,21,8,2,15,0.42,1851,23,150,824,901,144,1846,113,51,45.1,46,40.7,1173,7917,3804,120,76,41,71,37,1366,187,7,0,0,15,60,7,144,11,20,1,0,0,106,2,7,22.2,,,,,,,,,,,,,,,,,,,,,,,,,,,,,,,,2024-2025
2035,Emerson Palmieri,it ITA,DF,West Ham,eng Premier League,29.0,1994.0,31,26,2113,23.5,2,1,3,2,0,0,5,0,2.0,2.0,1.5,3.4,0.13,0.15,47,66,83,16,7,43.8,0.68,0.3,0.13,0.29,19.0,3,0,0,2.0,2.0,0.12,0.0,0.0,861,1077,79.9,12546,4549,1,1.5,2.2,-0.5,16,51,13,5,66,887,185,20,1,2,64,140,25,7,15,0,861,60,31,37,18,5,48,56.3,21,32,8,24,21,81,59,0,41,1.75,25,11,0,2,2,1,2,0.09,1325,82,422,559,359,28,1325,30,10,33.3,17,56.7,555,3013,1737,47,25,9,24,7,747,83,5,0,0,25,13,0,64,21,31,0,0,0,84,18,20,47.4,,,,,,,,,,,,,,,,,,,,,,,,,,,,,,,,2024-2025
2037,Lucas Paquetá,br BRA,"MF,FW",West Ham,eng Premier League,26.0,1997.0,33,27,2380,26.4,4,0,4,2,2,2,10,0,5.3,3.7,3.1,6.8,0.08,0.32,26,155,85,39,3,7.7,1.47,0.11,0.05,0.67,19.5,4,2,2,5.3,3.7,0.1,-1.3,-1.7,1126,1456,77.3,18683,6014,0,3.1,3.3,-3.1,36,132,44,4,155,1367,81,35,18,12,29,12,4,1,3,0,1126,66,37,25,30,11,55,49.1,28,29,4,25,18,84,37,6,82,3.1,68,2,2,4,5,1,6,0.23,1796,62,367,989,454,59,1794,47,21,44.7,21,44.7,921,3358,1416,26,34,2,54,51,1268,85,10,0,0,53,62,6,29,18,37,0,1,0,149,48,57,45.7,,,,,,,,,,,,,,,,,,,,,,,,,,,,,,,,2024-2025
2038,Aitor Paredes,es ESP,DF,Athletic Club,es La Liga,24.0,2000.0,23,21,1812,20.1,3,0,3,3,0,0,4,1,2.3,2.3,0.1,2.3,0.15,0.12,4,46,2,6,3,50.0,0.3,0.15,0.5,1.0,4.7,0,0,0,2.3,2.3,0.38,0.7,0.7,789,947,83.3,16864,6216,0,0.1,0.2,-0.1,2,42,2,0,46,909,36,29,0,6,1,0,0,0,0,0,789,15,13,10,5,0,15,53.3,7,26,15,11,22,37,114,4,8,0.4,8,0,0,0,0,0,1,0.05,1154,127,623,519,15,11,1154,1,0,0.0,1,100.0,596,2995,1615,4,3,0,7,1,708,2,4,1,1,23,6,0,1,22,13,0,1,0,62,30,29,50.8,,,,,,,,,,,,,,,,,,,,,,,,,,,,,,,,2024-2025
2040,Leandro Paredes,ar ARG,MF,Roma,it Serie A,30.0,1994.0,22,15,1373,15.3,3,1,4,1,2,2,4,0,2.3,0.7,1.5,2.2,0.13,0.25,17,106,14,24,7,29.2,1.57,0.46,0.04,0.14,29.3,5,2,2,2.3,0.7,0.03,0.7,0.3,1105,1256,88.0,21192,6511,1,1.5,1.6,-0.5,21,110,15,3,106,1144,107,66,6,11,57,4,37,12,21,0,1105,26,14,9,12,5,32,50.0,16,14,5,9,19,45,33,2,48,3.15,33,9,1,3,0,2,2,0.13,1381,78,357,827,208,5,1379,3,3,100.0,0,0.0,826,4085,2020,17,16,0,6,1,996,14,4,0,0,15,16,0,57,19,14,0,1,0,83,9,2,81.8,,,,,,,,,,,,,,,,,,,,,,,,,,,,,,,,2024-2025
2041,Daniel Parejo,es ESP,MF,Villarreal,es La Liga,35.0,1989.0,36,26,2273,25.3,3,3,6,2,1,2,8,0,2.5,0.8,1.8,2.7,0.2,0.17,19,176,26,12,2,16.7,0.48,0.08,0.17,1.0,22.8,0,1,2,2.5,0.8,0.07,0.5,1.2,1354,1548,87.5,25577,7819,3,1.8,1.9,1.2,23,176,17,3,176,1448,96,60,3,14,37,1,35,16,8,2,1354,52,40,27,20,5,54,53.7,25,24,7,17,24,76,40,1,77,3.05,61,13,0,2,1,0,12,0.48,1732,90,451,989,302,12,1730,12,8,66.7,3,25.0,898,3618,1638,19,29,0,17,13,1200,26,8,0,0,20,37,1,37,24,40,0,0,0,142,24,9,72.7,,,,,,,,,,,,,,,,,,,,,,,,,,,,,,,,2024-2025
2042,Iago Parente,es ESP,DF,Valladolid,es La Liga,18.0,2006.0,1,1,71,0.8,0,0,0,0,0,0,0,0,0.0,0.0,0.0,0.0,0.0,0.04,0,4,1,0,0,,0.0,0.0,,,,0,0,0,0.0,0.0,,0.0,0.0,27,37,73.0,466,230,0,0.0,0.0,0.0,1,3,0,0,4,36,1,1,0,0,1,0,0,0,0,0,27,0,0,0,0,0,0,,0,0,0,0,0,0,2,0,2,2.54,2,0,0,0,0,0,0,0.0,40,2,20,19,1,0,40,0,0,,0,,32,122,61,0,0,0,0,0,32,1,0,0,0,0,1,0,1,0,0,0,0,0,1,0,0,,,,,,,,,,,,,,,,,,,,,,,,,,,,,,,,,2024-2025
2043,Fabiano Parisi,it ITA,"DF,MF",Fiorentina,it Serie A,23.0,2000.0,25,11,1049,11.7,2,0,2,2,0,0,3,0,0.5,0.5,0.8,1.3,0.17,0.1,25,40,35,8,4,50.0,0.69,0.34,0.25,0.5,19.7,0,0,0,0.5,0.5,0.05,1.5,1.5,383,476,80.5,6092,1888,0,0.8,0.9,-0.8,4,27,9,3,40,415,60,6,1,1,12,54,0,0,0,0,383,27,17,11,12,4,21,57.1,9,14,2,12,17,44,17,0,14,1.12,8,1,3,0,2,0,2,0.16,607,19,198,263,159,16,607,26,10,38.5,11,42.3,341,2113,1128,25,17,10,18,16,340,35,3,0,0,16,25,0,12,17,17,0,0,0,64,13,17,43.3,,,,,,,,,,,,,,,,,,,,,,,,,,,,,,,,2024-2025
2044,Thomas Partey,gh GHA,"MF,DF",Arsenal,eng Premier League,31.0,1993.0,35,31,2797,31.1,4,2,6,4,0,0,4,0,2.3,2.3,2.1,4.3,0.19,0.14,36,185,48,26,9,34.6,0.84,0.29,0.15,0.44,19.2,0,0,0,2.3,2.3,0.09,1.7,1.7,1678,1920,87.4,26697,7155,2,2.1,2.6,-0.1,20,168,33,2,185,1819,95,27,6,4,12,62,0,0,0,0,1678,89,53,26,39,24,76,60.5,30,29,9,20,35,124,49,4,62,2.0,52,2,1,2,1,4,13,0.42,2193,74,457,1214,534,33,2193,35,24,68.6,9,25.7,1256,6822,3691,36,42,3,24,17,1561,48,4,0,0,45,31,1,12,35,53,0,0,0,138,28,27,50.9,,,,,,,,,,,,,,,,,,,,,,,,,,,,,,,,2024-2025
2045,Mario Pašalić,hr CRO,MF,Atalanta,it Serie A,29.0,1995.0,34,23,1967,21.9,3,4,7,3,0,1,1,0,6.6,5.8,3.3,9.1,0.32,0.45,44,149,68,45,11,24.4,2.06,0.5,0.07,0.27,13.5,0,0,1,6.6,5.8,0.13,-3.6,-2.8,1198,1373,87.3,21236,6027,4,3.3,2.2,0.7,32,132,24,1,149,1323,42,27,3,8,11,5,2,0,0,0,1198,26,16,11,13,2,26,42.3,15,22,7,15,12,38,28,1,71,3.25,60,4,2,4,0,1,9,0.41,1580,46,278,923,391,70,1579,18,5,27.8,12,66.7,1048,5542,2729,44,52,6,24,22,1212,68,1,0,0,19,10,2,11,12,16,0,0,0,112,30,29,50.8,,,,,,,,,,,,,,,,,,,,,,,,,,,,,,,,2024-2025
2046,Álvaro Pascual,es ESP,FW,Sevilla,es La Liga,22.0,2002.0,8,4,408,4.5,1,0,1,1,0,0,1,0,1.1,1.1,0.0,1.1,0.22,0.25,4,3,27,11,4,36.4,2.43,0.88,0.09,0.25,11.6,0,0,0,1.1,1.1,0.1,-0.1,-0.1,48,74,64.9,770,93,0,0.0,0.1,0.0,2,4,1,0,3,67,6,0,1,0,3,0,0,0,0,0,48,5,3,0,3,2,5,20.0,4,4,0,4,2,7,9,0,6,1.32,4,0,0,2,0,0,1,0.22,132,9,18,47,70,20,132,2,1,50.0,1,50.0,67,282,79,4,3,3,22,5,84,27,1,0,0,11,5,1,3,2,3,0,0,0,12,11,17,39.3,,,,,,,,,,,,,,,,,,,,,,,,,,,,,,,,2024-2025
2048,Patric,es ESP,DF,Lazio,it Serie A,31.0,1993.0,10,5,607,6.7,1,0,1,1,0,0,2,0,1.1,1.1,0.0,1.1,0.15,0.16,4,30,5,2,1,50.0,0.3,0.15,0.5,1.0,5.1,0,0,0,1.1,1.1,0.53,-0.1,-0.1,356,403,88.3,7390,2194,0,0.0,0.1,0.0,1,23,2,1,30,388,12,11,0,4,2,0,0,0,0,0,356,9,6,6,3,0,10,60.0,4,3,2,1,3,12,22,1,11,1.63,11,0,0,0,0,0,0,0.0,449,38,203,230,19,4,449,0,0,,0,,276,1514,779,4,2,0,2,0,320,5,2,0,0,5,5,0,2,3,6,0,0,0,29,7,6,53.8,,,,,,,,,,,,,,,,,,,,,,,,,,,,,,,,2024-2025
2049,Rui Patrício,pt POR,GK,Atalanta,it Serie A,36.0,1988.0,3,3,270,3.0,0,0,0,0,0,0,0,0,0.0,0.0,0.0,0.0,0.0,0.0,0,0,0,0,0,,0.0,0.0,,,,0,0,0,0.0,0.0,,0.0,0.0,85,101,84.2,2071,1243,0,0.0,0.0,0.0,0,0,0,0,0,78,23,5,0,1,0,0,0,0,0,0,85,0,0,0,0,0,0,,0,0,0,0,0,0,3,0,0,0.0,0,0,0,0,0,0,0,0.0,107,86,107,0,0,0,107,0,0,,0,,68,367,197,0,0,0,0,0,59,0,0,0,0,0,0,0,0,0,0,0,0,0,7,1,0,100.0,3.0,1.0,14.0,11.0,78.6,2.0,1.0,0.0,1.0,33.3,0.0,0.0,0.0,0.0,4.2,0.34,1.2,0.41,8.0,19.0,42.1,83.0,12.0,18.1,27.6,29.0,0.0,0.0,10.0,3.33,23.1,2024-2025
2050,Nathan Patterson,sct SCO,DF,Everton,eng Premier League,22.0,2001.0,10,3,347,3.9,0,1,1,0,0,0,1,0,0.1,0.1,0.4,0.5,0.26,0.13,6,13,18,1,0,0.0,0.26,0.0,0.0,,16.8,0,0,0,0.1,0.1,0.07,-0.1,-0.1,130,176,73.9,2272,806,1,0.4,0.4,0.6,4,9,5,3,13,134,42,0,1,0,14,42,0,0,0,0,130,11,6,7,4,0,14,50.0,7,2,0,2,2,13,7,0,11,2.85,8,1,2,0,0,0,1,0.26,215,11,52,90,75,5,215,12,9,75.0,2,16.7,95,420,216,6,5,2,4,2,117,18,1,0,0,6,1,0,14,2,6,0,0,0,12,1,7,12.5,,,,,,,,,,,,,,,,,,,,,,,,,,,,,,,,2024-2025
2051,Benjamin Pavard,fr FRA,DF,Inter,it Serie A,28.0,1996.0,23,18,1584,17.6,0,1,1,0,0,0,4,0,0.5,0.5,0.8,1.3,0.06,0.08,13,92,26,8,1,12.5,0.45,0.06,0.0,0.0,12.7,0,0,0,0.5,0.5,0.07,-0.5,-0.5,1050,1150,91.3,19188,5573,1,0.8,1.0,0.2,8,84,8,2,92,1109,39,21,0,4,11,18,0,0,0,0,1050,29,16,12,12,5,25,72.0,7,16,12,4,16,45,52,0,21,1.19,19,0,0,1,1,0,1,0.06,1291,112,479,657,162,35,1291,2,0,0.0,1,50.0,855,4903,2133,13,20,1,5,1,996,26,4,0,0,18,9,2,11,16,16,0,0,0,46,40,32,55.6,,,,,,,,,,,,,,,,,,,,,,,,,,,,,,,,2024-2025
2053,Strahinja Pavlović,rs SRB,DF,Milan,it Serie A,23.0,2001.0,24,21,1864,20.7,2,1,3,2,0,0,3,1,1.8,1.8,1.1,2.9,0.14,0.14,40,94,10,17,8,47.1,0.82,0.39,0.12,0.25,15.7,1,0,0,1.8,1.8,0.11,0.2,0.2,1208,1369,88.2,21120,7800,1,1.1,0.4,-0.1,6,98,5,1,94,1285,80,35,0,2,10,7,0,0,0,0,1208,52,31,32,19,1,50,58.0,21,17,6,11,16,68,82,0,29,1.4,24,0,0,2,3,0,3,0.14,1589,143,758,747,97,18,1589,12,4,33.3,4,33.3,1036,5862,3662,40,29,0,18,4,1147,10,3,1,0,20,18,2,10,16,31,1,0,0,67,45,21,68.2,,,,,,,,,,,,,,,,,,,,,,,,,,,,,,,,2024-2025
2054,Leonardo Pavoletti,it ITA,"FW,MF",Cagliari,it Serie A,35.0,1988.0,26,1,445,4.9,2,0,2,2,0,0,5,0,2.7,2.7,1.0,3.7,0.4,0.74,1,17,26,18,7,38.9,3.64,1.42,0.11,0.29,11.5,0,0,0,2.7,2.7,0.15,-0.7,-0.7,92,158,58.2,1149,333,0,1.0,0.7,-1.0,9,9,6,0,17,155,3,0,0,0,0,1,0,0,0,0,92,1,0,0,1,0,0,,0,4,1,3,0,1,3,0,17,3.42,15,0,0,1,1,0,1,0.2,225,4,15,107,104,28,225,1,0,0.0,0,0.0,86,189,63,1,2,0,18,2,168,26,5,0,0,25,7,7,0,0,0,0,0,0,9,56,44,56.0,,,,,,,,,,,,,,,,,,,,,,,,,,,,,,,,2024-2025
2055,Martín Payero,ar ARG,MF,Udinese,it Serie A,25.0,1998.0,25,16,1381,15.3,1,1,2,1,0,0,5,0,1.2,1.2,1.3,2.5,0.13,0.16,33,51,44,31,5,16.1,2.02,0.33,0.03,0.2,23.5,2,0,0,1.2,1.2,0.04,-0.2,-0.2,353,454,77.8,6081,1375,1,1.3,1.1,-0.3,15,46,8,6,51,421,30,11,2,5,39,2,17,11,3,0,353,24,16,4,14,6,16,50.0,8,16,2,14,13,37,13,0,51,3.32,25,5,5,1,10,5,5,0.33,649,12,86,351,230,26,649,70,30,42.9,31,44.3,368,2284,1094,33,35,6,27,13,390,44,5,0,0,35,39,0,39,13,16,1,2,0,75,21,20,51.2,,,,,,,,,,,,,,,,,,,,,,,,,,,,,,,,2024-2025
2057,Nicolás Paz,ar ARG,"MF,FW",Como,it Serie A,19.0,2004.0,35,30,2687,29.9,6,8,14,6,0,1,6,0,9.3,8.5,6.0,14.5,0.47,0.51,77,163,171,109,37,33.9,3.65,1.24,0.06,0.16,20.7,12,0,1,9.3,8.5,0.08,-3.3,-2.5,992,1231,80.6,13933,3946,8,6.0,3.9,2.0,54,116,38,2,163,1173,47,17,15,3,41,3,22,6,9,0,992,51,33,18,26,7,51,47.1,27,49,3,46,21,72,16,0,144,4.82,96,11,19,11,6,1,16,0.54,1683,21,225,821,667,85,1682,135,69,51.1,58,43.0,1093,6153,2878,77,62,16,101,45,1265,171,6,0,0,47,33,2,41,21,33,0,1,0,118,31,23,57.4,,,,,,,,,,,,,,,,,,,,,,,,,,,,,,,,2024-2025
2059,Marcus Pedersen,no NOR,DF,Torino,it Serie A,24.0,2000.0,29,15,1362,15.1,0,0,0,0,0,0,3,0,0.6,0.6,0.4,1.0,0.0,0.06,44,19,77,8,3,37.5,0.53,0.2,0.0,0.0,17.1,0,0,0,0.6,0.6,0.07,-0.6,-0.6,376,516,72.9,5860,1387,0,0.4,0.4,-0.4,7,14,8,7,19,423,93,0,0,0,56,93,0,0,0,0,376,13,8,6,6,1,16,62.5,6,11,2,9,13,26,34,1,15,0.99,12,0,0,2,1,0,0,0.0,655,27,151,263,250,27,655,25,7,28.0,18,72.0,365,2329,1118,44,24,9,22,12,391,77,3,0,0,16,5,4,56,13,8,0,1,0,43,6,19,24.0,,,,,,,,,,,,,,,,,,,,,,,,,,,,,,,,2024-2025
2060,Alfonso Pedraza,es ESP,"DF,MF",Villarreal,es La Liga,28.0,1996.0,12,4,460,5.1,0,2,2,0,0,0,0,0,0.5,0.5,1.4,1.9,0.39,0.37,21,9,43,5,2,40.0,0.98,0.39,0.0,0.0,13.9,0,0,0,0.5,0.5,0.09,-0.5,-0.5,157,213,73.7,2500,918,2,1.4,1.4,0.6,9,7,8,6,9,187,26,3,2,1,26,23,0,0,0,0,157,3,2,2,0,1,4,50.0,2,3,1,2,6,9,16,0,17,3.33,12,1,2,2,0,0,3,0.59,274,17,91,90,96,16,274,19,9,47.4,9,47.4,155,1034,586,21,12,6,5,2,165,43,0,0,0,4,2,0,26,6,2,0,0,0,18,5,2,71.4,,,,,,,,,,,,,,,,,,,,,,,,,,,,,,,,2024-2025
2061,Pedri,es ESP,MF,Barcelona,es La Liga,21.0,2002.0,37,35,2879,32.0,4,5,9,4,0,0,3,0,2.2,2.2,7.4,9.6,0.28,0.3,92,360,136,25,11,44.0,0.78,0.34,0.16,0.36,19.6,0,0,0,2.2,2.2,0.09,1.8,1.8,2404,2749,87.4,40804,10163,5,7.4,9.0,-2.4,70,331,79,4,360,2605,140,74,27,16,58,15,41,22,1,0,2404,61,34,14,38,9,70,34.3,46,45,3,42,26,87,21,1,165,5.16,148,8,2,2,4,1,17,0.53,3060,37,279,1824,988,50,3060,61,40,65.6,20,32.8,2012,11238,5463,92,103,8,48,35,2389,136,3,0,0,10,51,2,58,26,34,0,0,0,254,7,6,53.8,,,,,,,,,,,,,,,,,,,,,,,,,,,,,,,,2024-2025
2062,Pedro,es ESP,"FW,MF",Lazio,it Serie A,37.0,1987.0,30,6,1102,12.2,10,1,11,8,2,2,2,0,5.3,3.8,1.7,5.4,0.74,0.57,48,76,89,37,16,43.2,3.02,1.31,0.22,0.5,19.1,0,2,2,5.3,3.8,0.1,4.7,4.2,482,604,79.8,7852,1822,1,1.7,2.1,-0.7,22,53,25,5,76,552,49,14,11,2,65,6,24,13,8,0,482,19,14,5,9,5,21,47.6,11,11,0,11,3,22,3,1,50,4.09,36,8,2,3,0,1,3,0.25,722,4,69,343,319,61,720,32,16,50.0,11,34.4,435,2960,1575,48,25,15,20,21,546,89,2,0,0,17,24,1,65,3,14,0,0,0,59,1,6,14.3,,,,,,,,,,,,,,,,,,,,,,,,,,,,,,,,2024-2025
2064,Adrià Pedrosa,es ESP,DF,Sevilla,es La Liga,26.0,1998.0,31,27,2298,25.5,1,1,2,1,0,0,7,0,0.9,0.9,1.6,2.5,0.08,0.1,41,79,96,24,7,29.2,0.94,0.27,0.04,0.14,24.5,0,0,0,0.9,0.9,0.04,0.1,0.1,886,1196,74.1,15011,5325,1,1.6,1.7,-0.6,20,66,22,10,79,940,250,37,1,9,97,203,10,6,3,0,886,56,32,34,16,6,54,57.4,23,43,11,32,24,80,85,0,47,1.84,31,8,4,3,1,0,4,0.16,1526,90,533,634,373,21,1526,37,17,45.9,18,48.6,617,3350,1832,41,49,6,37,15,826,96,7,0,0,38,19,3,97,24,32,0,0,0,100,11,28,28.2,,,,,,,,,,,,,,,,,,,,,,,,,,,,,,,,2024-2025
2067,Pejiño,es ESP,FW,Las Palmas,es La Liga,28.0,1996.0,1,0,16,0.2,0,0,0,0,0,0,0,0,0.0,0.0,0.0,0.0,0.0,0.17,1,1,2,1,0,0.0,5.63,0.0,0.0,,24.6,0,0,0,0.0,0.0,0.03,0.0,0.0,6,7,85.7,87,22,0,0.0,0.0,0.0,0,0,1,0,1,7,0,0,0,0,1,0,0,0,0,0,6,1,1,0,1,0,1,100.0,0,0,0,0,0,1,0,0,1,5.63,1,0,0,0,0,0,0,0.0,9,0,2,3,4,0,9,0,0,,0,,9,57,17,1,0,0,1,0,7,2,0,0,0,1,0,0,1,0,1,0,0,0,2,0,0,,,,,,,,,,,,,,,,,,,,,,,,,,,,,,,,,2024-2025
2068,Pietro Pellegri,it ITA,FW,Empoli,it Serie A,23.0,2001.0,11,5,414,4.6,3,0,3,3,0,0,2,0,0.3,0.3,0.6,0.9,0.65,0.19,12,8,28,8,4,50.0,1.74,0.87,0.38,0.75,18.5,0,0,0,0.3,0.3,0.04,2.7,2.7,50,72,69.4,725,123,0,0.6,0.2,-0.6,7,3,2,0,8,62,10,0,0,0,3,0,0,0,0,0,50,7,2,0,6,1,4,50.0,2,2,0,2,0,7,3,0,15,3.27,10,0,4,1,0,0,2,0.44,128,4,7,66,58,14,128,14,5,35.7,7,50.0,80,682,215,12,6,6,16,15,91,28,2,0,0,10,5,1,3,0,2,0,0,0,15,3,20,13.0,,,,,,,,,,,,,,,,,,,,,,,,,,,,,,,,2024-2025
2069,Lorenzo Pellegrini,it ITA,MF,Roma,it Serie A,28.0,1996.0,25,20,1626,18.1,2,1,3,1,1,1,4,0,4.7,3.9,2.5,6.4,0.11,0.4,27,61,82,41,13,31.7,2.27,0.72,0.02,0.08,19.2,2,1,1,4.7,3.9,0.1,-2.7,-2.9,519,653,79.5,8369,1865,1,2.5,2.7,-1.5,27,35,19,0,61,575,73,26,5,0,49,8,36,20,10,0,519,24,16,5,13,6,19,42.1,11,8,1,7,6,30,22,0,60,3.32,33,14,2,8,2,1,5,0.28,825,21,108,400,328,53,824,27,11,40.7,16,59.3,463,2834,1185,27,27,5,26,16,589,82,4,0,0,26,27,4,49,6,16,0,0,0,61,10,20,33.3,,,,,,,,,,,,,,,,,,,,,,,,,,,,,,,,2024-2025
2070,Luca Pellegrini,it ITA,DF,Lazio,it Serie A,25.0,1999.0,22,10,1067,11.9,0,4,4,0,0,0,5,0,0.7,0.7,1.8,2.4,0.34,0.2,21,72,61,13,4,30.8,1.1,0.34,0.0,0.0,24.4,1,0,0,0.7,0.7,0.05,-0.7,-0.7,541,717,75.5,9376,3332,4,1.8,1.6,2.2,20,63,21,12,72,586,130,24,0,4,89,101,5,1,3,0,541,23,11,11,10,2,32,53.1,15,10,3,7,19,42,32,0,46,3.88,33,5,2,3,1,2,12,1.01,851,29,196,382,285,15,851,28,11,39.3,16,57.1,420,1901,1067,21,23,4,17,9,516,61,5,0,0,18,11,0,89,19,11,1,0,0,41,8,7,53.3,,,,,,,,,,,,,,,,,,,,,,,,,,,,,,,,2024-2025
2071,Mateo Pellegrino,ar ARG,FW,Parma,it Serie A,23.0,2001.0,13,8,737,8.2,3,1,4,3,0,0,2,0,3.3,3.3,0.7,4.0,0.49,0.49,6,15,37,22,9,40.9,2.69,1.1,0.14,0.33,12.9,0,0,0,3.3,3.3,0.15,-0.3,-0.3,89,164,54.3,1520,423,1,0.7,0.6,0.3,5,11,6,1,15,160,4,0,1,2,4,0,0,0,0,0,89,3,2,1,2,0,4,25.0,3,6,1,5,1,4,6,0,20,2.44,12,0,3,4,1,0,3,0.37,263,6,18,123,125,39,263,9,3,33.3,5,55.6,164,626,214,6,5,3,29,16,210,37,2,0,0,27,16,0,4,1,2,0,0,0,20,49,44,52.7,,,,,,,,,,,,,,,,,,,,,,,,,,,,,,,,2024-2025
2073,Andy Pelmard,fr FRA,DF,Lecce,it Serie A,24.0,2000.0,3,1,129,1.4,0,0,0,0,0,0,1,0,0.0,0.0,0.0,0.0,0.0,0.0,1,1,0,0,0,,0.0,0.0,,,,0,0,0,0.0,0.0,,0.0,0.0,27,34,79.4,525,145,0,0.0,0.0,0.0,0,0,0,0,1,25,9,1,0,0,0,8,0,0,0,0,27,6,6,5,1,0,4,100.0,0,1,0,1,0,6,5,0,1,0.7,1,0,0,0,0,0,0,0.0,48,5,23,20,7,0,48,1,1,100.0,0,0.0,19,72,24,1,1,0,0,0,19,0,1,0,0,2,0,0,0,0,6,0,0,0,4,0,1,0.0,,,,,,,,,,,,,,,,,,,,,,,,,,,,,,,,2024-2025
2074,Andy Pelmard,fr FRA,DF,Las Palmas,es La Liga,24.0,2000.0,4,2,205,2.3,0,0,0,0,0,0,1,0,0.0,0.0,0.0,0.1,0.0,0.03,1,13,5,1,0,0.0,0.44,0.0,0.0,,28.9,0,0,0,0.0,0.0,0.01,0.0,0.0,98,115,85.2,1674,470,0,0.0,0.1,0.0,1,9,4,0,13,97,18,3,0,0,2,15,0,0,0,0,98,5,0,3,2,0,5,80.0,1,3,1,2,2,7,20,0,3,1.32,1,0,0,1,1,0,0,0.0,152,11,50,77,25,0,152,2,1,50.0,0,0.0,71,418,159,1,1,0,3,0,90,5,1,0,0,2,3,0,2,2,0,0,0,0,4,1,1,50.0,,,,,,,,,,,,,,,,,,,,,,,,,,,,,,,,2024-2025
2077,Iñaki Peña,es ESP,GK,Barcelona,es La Liga,25.0,1999.0,16,15,1396,15.5,0,0,0,0,0,0,1,0,0.0,0.0,0.0,0.0,0.0,0.0,0,3,0,0,0,,0.0,0.0,,,,0,0,0,0.0,0.0,,0.0,0.0,562,630,89.2,12479,7084,0,0.0,0.0,0.0,0,0,0,0,3,517,113,29,0,0,0,0,0,0,0,0,562,0,0,0,0,0,2,0.0,2,0,0,0,0,0,20,1,2,0.13,2,0,0,0,0,0,2,0.13,667,472,651,16,0,0,667,0,0,,0,,399,1757,991,0,0,0,0,0,362,0,1,0,0,0,0,0,0,0,0,0,0,0,65,1,0,100.0,18.0,1.16,53.0,35.0,69.8,7.0,3.0,5.0,4.0,26.7,2.0,2.0,0.0,0.0,16.7,0.29,-1.3,-0.08,23.0,78.0,29.5,546.0,80.0,10.8,24.7,143.0,3.0,2.1,89.0,5.74,23.5,2024-2025
2078,Rubén Peña,es ESP,"FW,DF",Osasuna,es La Liga,33.0,1991.0,25,7,775,8.6,0,0,0,0,0,0,1,0,0.7,0.7,0.6,1.3,0.0,0.15,18,27,57,10,3,30.0,1.16,0.35,0.0,0.0,15.4,0,0,0,0.7,0.7,0.07,-0.7,-0.7,183,309,59.2,3045,1408,0,0.6,0.7,-0.6,13,20,10,6,27,275,33,2,0,1,52,27,4,2,1,0,183,12,5,4,3,5,24,20.8,19,11,0,11,6,18,12,0,23,2.67,19,1,1,0,2,0,1,0.12,418,13,64,165,192,18,418,27,10,37.0,14,51.9,219,1069,536,18,11,4,25,12,256,57,1,0,0,12,7,0,52,6,5,1,0,0,33,7,15,31.8,,,,,,,,,,,,,,,,,,,,,,,,,,,,,,,,2024-2025
2079,Nicolas Pépé,ci CIV,"FW,MF",Villarreal,es La Liga,29.0,1995.0,28,15,1500,16.7,3,6,9,3,0,0,3,0,3.8,3.8,4.8,8.6,0.54,0.52,76,60,159,38,17,44.7,2.28,1.02,0.08,0.18,16.0,1,0,0,3.8,3.8,0.1,-0.8,-0.8,499,631,79.1,6872,1622,6,4.8,4.1,1.2,33,25,27,3,60,575,51,13,5,2,44,8,20,12,2,0,499,22,9,12,6,4,17,35.3,11,12,1,11,5,27,12,0,65,3.9,46,8,5,2,4,0,7,0.42,842,20,112,266,477,89,842,64,27,42.2,29,45.3,518,3665,1976,76,40,30,52,20,622,159,3,0,0,20,25,8,44,5,9,1,0,0,53,16,18,47.1,,,,,,,,,,,,,,,,,,,,,,,,,,,,,,,,2024-2025
2080,Peque,es ESP,"MF,FW",Sevilla,es La Liga,21.0,2002.0,26,14,1134,12.6,1,1,2,1,0,0,1,0,2.5,2.5,1.2,3.7,0.16,0.29,14,35,44,19,4,21.1,1.51,0.32,0.05,0.25,15.7,0,0,0,2.5,2.5,0.13,-1.5,-1.5,279,349,79.9,4138,852,1,1.2,0.9,-0.2,12,25,6,1,35,329,20,0,5,0,10,0,4,2,0,0,279,16,5,4,10,2,17,41.2,10,16,0,16,8,24,5,0,32,2.54,24,0,0,5,3,0,3,0.24,485,3,51,253,186,35,485,26,11,42.3,12,46.2,266,1161,556,14,12,1,23,26,346,44,1,0,0,22,26,2,10,8,5,0,1,0,41,8,26,23.5,,,,,,,,,,,,,,,,,,,,,,,,,,,,,,,,2024-2025
2081,Sergiu Perciun,md MDA,"FW,MF",Torino,it Serie A,18.0,2006.0,5,0,152,1.7,0,0,0,0,0,0,0,0,0.0,0.0,0.1,0.2,0.0,0.1,2,4,12,2,1,50.0,1.18,0.59,0.0,0.0,22.4,0,0,0,0.0,0.0,0.02,0.0,0.0,34,52,65.4,535,160,0,0.1,0.5,-0.1,2,2,3,2,4,52,0,0,0,0,5,0,0,0,0,0,34,2,2,0,0,2,4,25.0,3,2,0,2,1,3,2,0,8,4.77,6,0,0,0,1,1,1,0.6,72,3,11,24,37,6,72,5,2,40.0,2,40.0,48,221,87,2,0,2,6,1,52,12,0,0,0,3,4,0,5,1,2,0,0,0,10,0,2,0.0,,,,,,,,,,,,,,,,,,,,,,,,,,,,,,,,2024-2025
2083,Andreas Pereira,br BRA,MF,Fulham,eng Premier League,28.0,1996.0,33,25,2013,22.4,2,4,6,2,0,1,7,0,3.8,3.0,4.6,7.6,0.27,0.38,29,104,81,38,8,21.1,1.7,0.36,0.05,0.25,21.8,6,0,1,3.8,3.0,0.08,-1.8,-1.0,670,970,69.1,12139,3902,4,4.6,4.6,-0.6,57,67,19,4,104,761,205,50,5,8,171,9,109,53,47,0,670,24,13,8,11,5,42,23.8,32,17,2,15,8,32,17,3,104,4.65,54,41,0,4,4,1,8,0.36,1148,22,169,466,531,46,1147,30,14,46.7,8,26.7,578,2764,1341,29,38,9,29,22,676,81,7,0,0,28,24,1,171,8,13,1,0,0,100,13,23,36.1,,,,,,,,,,,,,,,,,,,,,,,,,,,,,,,,2024-2025
2085,Pedro Pereira,pt POR,DF,Monza,it Serie A,26.0,1998.0,35,32,2665,29.6,1,3,4,1,0,0,10,0,1.2,1.2,1.6,2.8,0.14,0.1,52,66,107,13,6,46.2,0.44,0.2,0.08,0.17,15.3,0,0,0,1.2,1.2,0.09,-0.2,-0.2,925,1146,80.7,15992,5248,3,1.6,1.4,1.4,14,54,15,10,66,1003,140,15,2,2,57,125,0,0,0,0,925,53,32,30,18,5,55,63.6,20,26,12,14,21,74,85,5,35,1.18,29,2,3,0,0,1,4,0.13,1409,109,508,596,311,33,1409,25,14,56.0,11,44.0,798,3867,2063,52,37,7,25,18,872,107,10,0,0,48,9,0,57,21,32,0,0,0,88,27,40,40.3,,,,,,,,,,,,,,,,,,,,,,,,,,,,,,,,2024-2025
2086,Ricardo Pereira,pt POR,DF,Leicester City,eng Premier League,30.0,1993.0,10,4,388,4.3,0,0,0,0,0,0,1,0,0.1,0.1,0.0,0.1,0.0,0.02,3,18,5,2,1,50.0,0.46,0.23,0.0,0.0,17.0,0,0,0,0.1,0.1,0.05,-0.1,-0.1,207,248,83.5,3368,956,0,0.0,0.1,0.0,0,19,1,0,18,207,40,6,0,1,3,34,0,0,0,0,207,13,8,4,6,3,14,50.0,7,8,3,5,4,17,11,0,3,0.7,3,0,0,0,0,0,0,0.0,296,17,90,166,41,5,296,9,6,66.7,2,22.2,151,453,186,3,3,2,3,1,172,5,1,0,0,6,8,0,3,4,8,0,0,0,19,4,2,66.7,,,,,,,,,,,,,,,,,,,,,,,,,,,,,,,,2024-2025
2087,Gastón Pereiro,uy URU,MF,Genoa,it Serie A,29.0,1995.0,2,0,31,0.3,0,0,0,0,0,0,0,0,0.0,0.0,0.0,0.0,0.0,0.0,0,2,2,0,0,,0.0,0.0,,,,0,0,0,0.0,0.0,,0.0,0.0,11,15,73.3,139,33,0,0.0,0.0,0.0,0,1,0,0,2,13,2,1,0,0,1,0,1,1,0,0,11,1,0,0,1,0,1,100.0,0,0,0,0,0,1,1,0,1,2.9,1,0,0,0,0,0,0,0.0,17,1,3,6,8,2,17,0,0,,0,,7,22,6,0,0,0,0,0,13,2,0,0,0,0,1,0,1,0,0,0,0,0,0,1,1,50.0,,,,,,,,,,,,,,,,,,,,,,,,,,,,,,,,2024-2025
2089,Ayoze Pérez,es ESP,FW,Villarreal,es La Liga,31.0,1993.0,30,22,1970,21.9,19,2,21,19,0,0,4,0,12.7,12.7,3.0,15.7,0.96,0.71,59,73,124,75,31,41.3,3.43,1.42,0.25,0.61,14.2,0,0,0,12.7,12.7,0.18,6.3,6.3,314,414,75.8,5024,1316,2,3.0,1.9,-1.0,32,37,21,5,73,369,41,2,8,0,15,1,0,0,0,0,314,27,14,5,18,4,24,25.0,18,17,0,17,8,35,15,0,72,3.26,50,0,9,7,4,2,5,0.23,705,7,66,296,355,136,705,78,34,43.6,36,46.2,429,2599,1453,59,31,33,62,34,514,124,4,0,0,22,39,6,15,8,14,0,0,0,56,13,32,28.9,,,,,,,,,,,,,,,,,,,,,,,,,,,,,,,,2024-2025
2090,Carles Pérez,es ESP,"MF,FW",Getafe,es La Liga,26.0,1998.0,27,15,1431,15.9,3,0,3,3,0,0,2,0,2.4,2.4,1.5,3.9,0.19,0.24,31,20,77,34,9,26.5,2.14,0.57,0.09,0.33,21.1,1,0,0,2.4,2.4,0.07,0.6,0.6,226,336,67.3,3455,818,0,1.5,1.3,-1.5,17,17,14,8,20,317,17,9,2,0,42,1,7,4,1,0,226,33,23,11,14,8,48,43.8,27,19,2,17,6,39,22,0,40,2.52,26,1,6,2,3,2,1,0.06,551,16,74,198,291,44,551,50,21,42.0,27,54.0,298,2194,952,31,33,9,37,20,327,77,2,0,0,44,11,1,42,6,23,0,0,0,50,13,27,32.5,,,,,,,,,,,,,,,,,,,,,,,,,,,,,,,,2024-2025
2091,Francisco Perez,es ESP,"FW,MF",Valencia,es La Liga,21.0,2002.0,26,4,570,6.3,0,0,0,0,0,0,1,0,0.3,0.3,2.6,2.9,0.0,0.45,24,13,71,6,1,16.7,0.95,0.16,0.0,0.0,18.3,0,0,0,0.3,0.3,0.05,-0.3,-0.3,169,230,73.5,2529,533,0,2.6,1.5,-2.6,7,7,6,2,13,222,8,0,1,2,27,7,1,0,0,0,169,17,12,7,8,2,16,62.5,6,8,1,7,3,20,6,0,16,2.53,16,0,0,0,0,0,1,0.16,327,5,50,126,154,16,327,22,8,36.4,14,63.6,198,1440,658,24,11,4,17,14,230,71,1,0,0,6,12,0,27,3,12,0,0,0,27,5,7,41.7,,,,,,,,,,,,,,,,,,,,,,,,,,,,,,,,2024-2025
2092,Kike Pérez,es ESP,MF,Venezia,it Serie A,27.0,1997.0,16,13,1114,12.4,1,0,1,1,0,0,4,0,0.9,0.9,1.2,2.1,0.08,0.17,18,60,31,13,7,53.8,1.05,0.57,0.08,0.14,19.0,0,0,0,0.9,0.9,0.07,0.1,0.1,475,635,74.8,8317,3029,0,1.2,1.5,-1.2,16,61,13,3,60,553,79,33,2,5,49,14,30,16,8,0,475,41,25,18,12,11,44,40.9,26,14,2,12,10,51,15,0,31,2.5,22,6,2,1,0,0,2,0.16,793,29,164,397,244,10,793,28,13,46.4,13,46.4,443,2470,1111,18,19,2,24,22,474,31,4,0,0,31,16,1,49,10,25,0,0,0,71,14,16,46.7,,,,,,,,,,,,,,,,,,,,,,,,,,,,,,,,2024-2025
2093,Kike Pérez,es ESP,MF,Valladolid,es La Liga,27.0,1997.0,19,14,1191,13.2,2,0,2,2,0,0,6,0,2.1,2.1,1.0,3.1,0.15,0.24,19,67,28,20,4,20.0,1.51,0.3,0.1,0.5,21.1,1,0,0,2.1,2.1,0.11,-0.1,-0.1,440,564,78.0,8065,2480,0,1.0,1.1,-1.0,17,47,5,0,67,481,78,37,2,13,33,5,18,4,10,0,440,37,26,15,19,3,26,57.7,11,16,4,12,7,44,18,0,36,2.72,20,11,1,1,2,1,1,0.08,723,19,166,412,159,18,723,22,8,36.4,12,54.5,344,2211,1125,19,18,4,25,13,441,28,6,0,0,32,21,1,33,7,26,0,0,0,60,12,15,44.4,,,,,,,,,,,,,,,,,,,,,,,,,,,,,,,,2024-2025
2094,Luis Pérez,es ESP,DF,Valladolid,es La Liga,29.0,1995.0,30,28,2558,28.4,0,0,0,0,0,0,2,0,0.2,0.2,2.1,2.2,0.0,0.08,41,89,117,5,2,40.0,0.18,0.07,0.0,0.0,25.3,0,0,0,0.2,0.2,0.03,-0.2,-0.2,905,1195,75.7,16078,5899,0,2.1,2.6,-2.1,27,57,32,29,89,954,236,27,2,6,105,209,0,0,0,0,905,41,30,25,11,5,40,60.0,16,26,9,17,29,70,86,0,53,1.86,46,6,0,0,0,1,2,0.07,1444,88,490,630,336,9,1444,21,12,57.1,7,33.3,585,2748,1388,41,23,3,28,5,792,117,2,0,0,13,25,3,105,29,30,0,1,0,77,15,34,30.6,,,,,,,,,,,,,,,,,,,,,,,,,,,,,,,,2024-2025
2095,Nehuén Pérez,ar ARG,DF,Udinese,it Serie A,24.0,2000.0,2,2,180,2.0,0,0,0,0,0,0,0,0,0.0,0.0,0.0,0.0,0.0,0.0,2,4,2,0,0,,0.0,0.0,,,,0,0,0,0.0,0.0,,0.0,0.0,49,60,81.7,1023,477,0,0.0,0.0,0.0,0,5,0,0,4,51,9,7,0,2,0,0,0,0,0,0,49,1,1,0,0,1,1,0.0,1,2,2,0,1,2,7,0,0,0.0,0,0,0,0,0,0,0,0.0,74,13,41,31,4,1,74,1,1,100.0,0,0.0,28,151,78,2,1,1,0,0,34,2,0,0,0,3,2,0,0,1,1,0,0,0,6,3,1,75.0,,,,,,,,,,,,,,,,,,,,,,,,,,,,,,,,2024-2025
2096,Simone Perilli,it ITA,GK,Hellas Verona,it Serie A,29.0,1995.0,2,2,180,2.0,0,0,0,0,0,0,0,0,0.0,0.0,0.0,0.0,0.0,0.0,0,0,0,0,0,,0.0,0.0,,,,0,0,0,0.0,0.0,,0.0,0.0,13,49,26.5,621,573,0,0.0,0.0,0.0,0,1,0,0,0,24,24,10,0,0,0,0,0,0,0,0,13,0,0,0,0,0,0,,0,0,0,0,0,0,1,0,0,0.0,0,0,0,0,0,0,0,0.0,56,42,55,1,0,0,56,0,0,,0,,22,192,165,0,0,0,0,0,14,0,0,0,0,0,0,0,0,0,0,0,0,0,1,1,0,100.0,2.0,1.0,11.0,9.0,81.8,1.0,0.0,1.0,0.0,0.0,0.0,0.0,0.0,0.0,3.0,0.3,1.0,0.51,7.0,41.0,17.1,34.0,2.0,82.4,55.4,46.0,2.0,4.3,3.0,1.5,20.3,2024-2025
2097,Mattia Perin,it ITA,GK,Juventus,it Serie A,31.0,1992.0,5,5,450,5.0,0,0,0,0,0,0,0,0,0.0,0.0,0.0,0.0,0.0,0.0,0,0,0,0,0,,0.0,0.0,,,,0,0,0,0.0,0.0,,0.0,0.0,145,182,79.7,3391,1965,0,0.0,0.0,0.0,0,2,0,0,0,165,17,5,0,0,0,0,0,0,0,0,145,0,0,0,0,0,0,,0,0,0,0,0,0,2,0,0,0.0,0,0,0,0,0,0,0,0.0,185,161,185,0,0,0,185,0,0,,0,,123,703,460,0,0,0,0,0,110,0,0,0,0,0,0,0,0,0,0,0,0,0,6,1,0,100.0,3.0,0.6,16.0,13.0,81.3,2.0,3.0,0.0,3.0,60.0,0.0,0.0,0.0,0.0,3.7,0.23,0.7,0.14,11.0,44.0,25.0,170.0,30.0,22.4,29.4,50.0,3.0,6.0,3.0,0.6,14.0,2024-2025
2098,Romain Perraud,fr FRA,DF,Betis,es La Liga,26.0,1997.0,28,22,2002,22.2,2,2,4,2,0,0,8,1,0.6,0.6,1.6,2.1,0.18,0.1,51,62,106,20,5,25.0,0.9,0.22,0.1,0.4,21.7,0,0,0,0.6,0.6,0.03,1.4,1.4,921,1157,79.6,12710,4374,2,1.6,1.4,0.4,16,61,16,11,62,916,236,31,0,5,71,205,0,0,0,0,921,36,22,15,16,5,46,45.7,25,18,4,14,22,58,71,1,36,1.62,32,1,1,2,0,0,5,0.23,1419,62,442,565,423,28,1419,35,11,31.4,18,51.4,766,3846,1881,51,25,10,33,14,842,106,8,1,0,26,44,5,71,22,22,0,1,0,95,9,17,34.6,,,,,,,,,,,,,,,,,,,,,,,,,,,,,,,,2024-2025
2101,Máximo Perrone,ar ARG,MF,Como,it Serie A,21.0,2003.0,26,20,1857,20.6,0,3,3,0,0,0,6,0,0.9,0.9,2.2,3.1,0.15,0.15,16,98,19,10,2,20.0,0.48,0.1,0.0,0.0,22.2,0,0,0,0.9,0.9,0.09,-0.9,-0.9,1214,1343,90.4,19177,6168,3,2.2,1.7,0.8,30,97,16,0,98,1296,42,38,7,6,4,3,1,0,0,0,1214,38,27,19,14,5,38,34.2,25,15,2,13,20,58,43,0,49,2.37,47,1,0,0,1,0,4,0.19,1502,62,372,932,205,15,1502,8,3,37.5,5,62.5,934,3623,1660,16,18,1,20,16,1165,19,6,0,0,26,13,0,4,20,27,0,0,0,96,11,14,44.0,,,,,,,,,,,,,,,,,,,,,,,,,,,,,,,,2024-2025
2103,Matteo Pessina,it ITA,MF,Monza,it Serie A,27.0,1997.0,11,10,854,9.5,0,0,0,0,0,0,2,0,0.2,0.2,0.1,0.3,0.0,0.03,8,28,20,3,0,0.0,0.32,0.0,0.0,,24.2,1,0,0,0.2,0.2,0.06,-0.2,-0.2,424,490,86.5,7412,1478,0,0.1,0.2,-0.1,4,31,4,1,28,462,26,14,0,1,6,0,0,0,0,0,424,15,4,3,11,1,14,64.3,5,6,0,6,12,27,7,0,9,0.95,8,1,0,0,0,0,1,0.11,559,16,155,317,91,5,559,10,5,50.0,3,30.0,333,1750,735,8,10,1,9,13,397,20,2,0,0,5,13,0,6,12,4,0,0,0,58,10,8,55.6,,,,,,,,,,,,,,,,,,,,,,,,,,,,,,,,2024-2025
2104,Andrea Petagna,it ITA,FW,Monza,it Serie A,29.0,1995.0,13,2,335,3.7,0,0,0,0,0,0,1,0,0.2,0.2,0.0,0.2,0.0,0.05,2,1,17,4,0,0.0,1.07,0.0,0.0,,14.6,0,0,0,0.2,0.2,0.04,-0.2,-0.2,45,70,64.3,696,55,0,0.0,0.1,0.0,1,2,0,0,1,63,7,0,0,1,1,0,0,0,0,0,45,2,1,0,1,1,2,50.0,1,0,0,0,1,3,2,0,2,0.54,2,0,0,0,0,0,0,0.0,100,1,15,51,34,12,100,4,2,50.0,2,50.0,66,327,96,2,3,1,9,4,74,17,1,0,0,6,4,4,1,1,1,0,0,0,7,7,17,29.2,,,,,,,,,,,,,,,,,,,,,,,,,,,,,,,,2024-2025
2108,Giuseppe Pezzella,it ITA,"DF,FW",Empoli,it Serie A,26.0,1997.0,35,34,2878,32.0,0,3,3,0,0,0,7,0,0.6,0.6,4.6,5.2,0.09,0.16,77,80,143,15,3,20.0,0.47,0.09,0.0,0.0,20.6,0,0,0,0.6,0.6,0.04,-0.6,-0.6,829,1246,66.5,13802,5619,3,4.6,4.4,-1.6,36,56,30,22,80,912,329,21,2,0,178,285,20,6,10,0,829,55,31,28,17,10,57,50.9,28,32,8,24,15,70,110,2,59,1.85,43,11,2,0,2,1,5,0.16,1579,88,448,630,521,33,1579,51,17,33.3,24,47.1,673,4110,2076,77,33,12,46,32,778,143,7,0,0,49,33,6,178,15,31,0,1,0,88,36,19,65.5,,,,,,,,,,,,,,,,,,,,,,,,,,,,,,,,2024-2025
2109,Valentín Pezzolesi,es ESP,DF,Las Palmas,es La Liga,17.0,2007.0,1,0,6,0.1,0,0,0,0,0,0,0,0,0.0,0.0,0.0,0.0,0.0,0.0,0,0,0,0,0,,0.0,0.0,,,,0,0,0,0.0,0.0,,0.0,0.0,2,5,40.0,45,4,0,0.0,0.0,0.0,0,0,0,0,0,5,0,0,0,0,0,0,0,0,0,0,2,0,0,0,0,0,0,,0,0,0,0,0,0,1,1,0,0.0,0,0,0,0,0,0,0,0.0,6,1,5,0,1,0,6,0,0,,0,,2,4,2,0,0,0,0,0,1,0,0,0,0,0,0,0,0,0,0,0,0,0,1,0,0,,,,,,,,,,,,,,,,,,,,,,,,,,,,,,,,,2024-2025
2112,Kalvin Phillips,eng ENG,MF,Ipswich Town,eng Premier League,28.0,1995.0,19,14,1237,13.7,0,0,0,0,0,0,6,1,0.4,0.4,0.2,0.7,0.0,0.05,4,51,4,11,2,18.2,0.8,0.15,0.0,0.0,24.3,3,0,0,0.4,0.4,0.04,-0.4,-0.4,436,551,79.1,8581,2474,0,0.2,0.5,-0.2,5,49,6,1,51,510,40,27,1,6,20,2,11,8,2,1,436,35,19,8,20,7,39,38.5,24,35,6,29,19,54,37,2,17,1.24,13,3,0,1,0,0,3,0.22,739,61,223,398,122,5,739,12,5,41.7,6,50.0,310,1489,569,4,5,0,25,10,394,4,6,1,1,28,20,0,20,19,19,0,0,0,68,7,22,24.1,,,,,,,,,,,,,,,,,,,,,,,,,,,,,,,,2024-2025
2113,Jaden Philogene Bidace,eng ENG,"FW,MF",Aston Villa,eng Premier League,22.0,2002.0,11,2,332,3.7,0,0,0,0,0,0,4,1,0.5,0.5,0.3,0.8,0.0,0.2,7,4,17,7,0,0.0,1.9,0.0,0.0,,16.0,0,0,0,0.5,0.5,0.07,-0.5,-0.5,63,86,73.3,850,161,0,0.3,0.2,-0.3,1,1,3,0,4,85,1,0,1,0,4,1,0,0,0,0,63,11,5,4,7,0,6,66.7,2,5,0,5,3,14,2,1,5,1.36,3,0,0,0,1,1,0,0.0,145,4,27,54,66,14,145,15,4,26.7,8,53.3,75,520,239,7,5,7,7,3,83,17,4,1,1,12,8,1,4,3,5,0,0,0,21,0,5,0.0,,,,,,,,,,,,,,,,,,,,,,,,,,,,,,,,2024-2025
2114,Jaden Philogene Bidace,eng ENG,"FW,DF",Ipswich Town,eng Premier League,22.0,2002.0,10,5,474,5.3,2,0,2,2,0,0,1,0,2.0,2.0,0.2,2.2,0.38,0.42,13,10,36,12,5,41.7,2.28,0.95,0.17,0.4,16.4,0,0,0,2.0,2.0,0.17,0.0,0.0,95,131,72.5,1536,414,0,0.2,0.2,-0.2,5,7,4,3,10,129,1,0,0,1,13,1,0,0,0,0,95,14,7,6,6,2,15,53.3,7,11,1,10,10,24,9,1,9,1.71,6,0,1,1,1,0,0,0.0,220,10,53,68,101,18,220,18,5,27.8,11,61.1,127,862,305,13,3,5,11,10,133,36,1,0,0,8,10,1,13,10,7,0,0,0,23,5,3,62.5,,,,,,,,,,,,,,,,,,,,,,,,,,,,,,,,2024-2025
2115,Pica,es ESP,DF,Alavés,es La Liga,22.0,2002.0,9,5,499,5.5,0,0,0,0,0,0,1,0,0.3,0.3,0.0,0.4,0.0,0.06,3,15,0,4,1,25.0,0.72,0.18,0.0,0.0,10.7,0,0,0,0.3,0.3,0.08,-0.3,-0.3,155,201,77.1,3111,1328,0,0.0,0.0,0.0,1,15,1,0,15,188,12,4,0,1,2,1,0,0,0,0,155,9,7,7,2,0,9,44.4,5,7,6,1,9,18,26,0,3,0.54,3,0,0,0,0,0,0,0.0,263,33,135,120,8,5,263,1,1,100.0,0,0.0,124,728,496,3,2,0,2,1,133,0,1,0,0,6,3,0,2,9,7,0,0,0,13,18,11,62.1,,,,,,,,,,,,,,,,,,,,,,,,,,,,,,,,2024-2025
2116,Roberto Piccoli,it ITA,FW,Cagliari,it Serie A,23.0,2001.0,37,37,3127,34.7,10,1,11,9,1,1,6,0,12.7,12.0,0.9,12.9,0.29,0.39,30,37,165,97,28,28.9,2.79,0.81,0.09,0.32,13.1,1,1,1,12.7,12.0,0.12,-2.7,-3.0,343,517,66.3,4700,823,1,0.9,0.5,0.1,13,32,7,0,37,447,66,0,0,4,8,3,0,0,0,0,343,13,9,2,6,5,12,25.0,9,12,4,8,3,16,31,0,57,1.64,25,1,2,16,13,0,8,0.23,919,29,76,468,385,144,918,63,14,22.2,41,65.1,511,2406,774,30,27,14,114,46,666,165,6,0,0,60,54,23,8,3,9,2,0,0,54,110,147,42.8,,,,,,,,,,,,,,,,,,,,,,,,,,,,,,,,2024-2025
2118,Jordan Pickford,eng ENG,GK,Everton,eng Premier League,30.0,1994.0,38,38,3420,38.0,0,1,1,0,0,0,7,0,0.0,0.0,0.4,0.4,0.03,0.01,0,0,0,0,0,,0.0,0.0,,,,0,0,0,0.0,0.0,,0.0,0.0,1057,1595,66.3,33692,25121,1,0.4,0.2,0.6,2,74,8,0,0,1167,419,188,0,7,0,0,0,0,0,0,1057,1,0,1,0,0,2,50.0,1,0,0,0,1,2,30,2,13,0.34,12,1,0,0,0,0,2,0.05,1708,1116,1640,69,0,0,1708,0,0,,0,,989,5989,3568,0,0,0,2,0,871,0,7,0,0,0,7,0,0,1,0,0,0,0,36,5,1,83.3,44.0,1.16,163.0,117.0,73.0,11.0,15.0,12.0,12.0,31.6,2.0,0.0,2.0,0.0,48.8,0.3,4.8,0.13,304.0,806.0,37.7,1355.0,161.0,48.8,39.7,558.0,31.0,5.6,57.0,1.5,15.2,2024-2025
2121,Nicholas Pierini,it ITA,MF,Venezia,it Serie A,25.0,1998.0,2,0,83,0.9,0,0,0,0,0,0,0,0,0.0,0.0,0.1,0.1,0.0,0.13,1,2,4,1,0,0.0,1.08,0.0,0.0,,32.9,1,0,0,0.0,0.0,0.03,0.0,0.0,15,20,75.0,210,65,0,0.1,0.1,-0.1,2,1,0,0,2,18,2,0,0,0,3,0,2,0,2,0,15,0,0,0,0,0,1,0.0,1,2,0,2,0,0,0,0,2,2.17,1,1,0,0,0,0,0,0.0,28,1,6,10,12,3,28,1,0,0.0,1,100.0,16,79,21,1,1,0,2,3,18,4,0,0,0,1,2,0,3,0,0,0,0,0,2,1,3,25.0,,,,,,,,,,,,,,,,,,,,,,,,,,,,,,,,2024-2025
2122,Santiago Pierotti,ar ARG,FW,Lecce,it Serie A,23.0,2001.0,36,22,1937,21.5,4,2,6,4,0,0,6,1,3.1,3.1,2.4,5.5,0.28,0.25,43,38,85,32,7,21.9,1.49,0.33,0.13,0.57,15.1,0,0,0,3.1,3.1,0.1,0.9,0.9,311,436,71.3,4334,1135,2,2.4,1.4,-0.4,25,27,9,3,38,421,12,3,2,2,17,8,0,0,0,0,311,46,24,22,18,6,51,45.1,28,31,5,26,14,60,32,0,50,2.32,34,0,6,6,3,1,2,0.09,730,45,148,322,279,81,730,49,22,44.9,26,53.1,353,2266,1103,43,25,21,60,33,406,85,6,1,1,55,13,12,17,14,24,0,0,0,111,49,61,44.5,,,,,,,,,,,,,,,,,,,,,,,,,,,,,,,,2024-2025
2123,Balthazar Pierret,fr FRA,MF,Lecce,it Serie A,24.0,2000.0,30,21,1723,19.1,0,0,0,0,0,0,2,0,0.2,0.2,0.4,0.6,0.0,0.03,13,82,13,6,0,0.0,0.31,0.0,0.0,,23.8,0,0,0,0.2,0.2,0.03,-0.2,-0.2,696,833,83.6,10978,3431,0,0.4,0.6,-0.4,10,80,5,1,82,810,21,17,0,7,9,0,4,3,1,0,696,51,31,25,23,3,30,43.3,17,19,5,14,19,70,31,1,39,2.04,33,0,0,1,2,3,0,0.0,1020,61,236,667,130,13,1020,24,13,54.2,6,25.0,512,2404,1041,13,11,1,25,10,635,13,2,0,0,34,20,0,9,19,31,0,1,0,93,27,33,45.0,,,,,,,,,,,,,,,,,,,,,,,,,,,,,,,,2024-2025
2124,Andrea Pinamonti,it ITA,FW,Genoa,it Serie A,25.0,1999.0,36,33,2850,31.7,10,1,11,10,0,1,4,0,7.7,7.0,1.7,8.7,0.35,0.3,20,46,132,78,29,37.2,2.46,0.92,0.13,0.34,16.1,2,0,1,7.7,7.0,0.09,2.3,3.0,419,667,62.8,6023,1027,1,1.7,1.3,-0.7,15,24,9,3,46,609,53,1,4,2,17,1,0,0,0,0,419,10,6,0,7,3,8,25.0,6,16,4,12,1,11,28,2,48,1.52,35,1,0,10,2,0,5,0.16,952,32,77,531,349,116,951,23,11,47.8,12,52.2,491,1829,557,20,12,11,67,34,710,132,4,0,0,21,43,16,17,1,6,0,0,0,53,83,111,42.8,,,,,,,,,,,,,,,,,,,,,,,,,,,,,,,,2024-2025
2125,Ethan Pinnock,jm JAM,DF,Brentford,eng Premier League,31.0,1993.0,22,21,1913,21.3,2,0,2,2,0,0,2,0,1.1,1.1,1.2,2.3,0.09,0.11,3,41,9,10,6,60.0,0.47,0.28,0.2,0.33,11.1,0,0,0,1.1,1.1,0.11,0.9,0.9,924,1080,85.6,17045,6094,0,1.2,0.7,-1.2,8,48,4,1,41,954,126,15,0,0,9,39,0,0,0,0,924,35,19,15,16,4,24,54.2,11,29,18,11,24,59,142,4,21,0.99,13,5,0,2,1,0,0,0.0,1348,294,783,457,109,24,1348,9,3,33.3,6,66.7,633,3117,1633,3,4,0,2,4,760,9,2,0,0,8,4,0,9,24,19,0,1,1,50,63,43,59.4,,,,,,,,,,,,,,,,,,,,,,,,,,,,,,,,2024-2025
2126,Yeremi Pino,es ESP,"MF,FW",Villarreal,es La Liga,21.0,2002.0,34,25,1934,21.5,4,7,11,4,0,0,11,0,3.9,3.9,5.3,9.2,0.51,0.43,42,66,213,29,8,27.6,1.35,0.37,0.14,0.5,12.8,0,0,0,3.9,3.9,0.13,0.1,0.1,523,708,73.9,7895,2225,7,5.3,3.8,1.7,37,35,32,8,66,699,9,1,6,1,47,7,1,0,0,0,523,60,32,20,32,8,65,49.2,33,38,3,35,8,68,18,0,67,3.12,53,0,5,5,3,1,11,0.51,986,30,169,356,477,104,986,58,25,43.1,25,43.1,565,2781,1416,42,26,21,52,23,668,213,11,0,0,49,30,15,47,8,32,1,0,0,93,12,16,42.9,,,,,,,,,,,,,,,,,,,,,,,,,,,,,,,,2024-2025
2127,Nicola Pintus,it ITA,DF,Cagliari,it Serie A,19.0,2005.0,1,0,4,0.0,0,0,0,0,0,0,0,0,0.0,0.0,0.0,0.0,0.0,0.0,0,0,0,0,0,,0.0,0.0,,,,0,0,0,0.0,0.0,,0.0,0.0,1,1,100.0,11,0,0,0.0,0.0,0.0,0,0,0,0,0,1,0,0,0,0,0,0,0,0,0,0,1,0,0,0,0,0,0,,0,0,0,0,0,0,2,0,0,0.0,0,0,0,0,0,0,0,0.0,3,1,3,0,0,0,3,0,0,,0,,1,0,0,0,0,0,0,0,1,0,0,0,0,0,0,0,0,0,0,0,0,0,0,0,0,,,,,,,,,,,,,,,,,,,,,,,,,,,,,,,,,2024-2025
2128,Niccolò Pisilli,it ITA,MF,Roma,it Serie A,19.0,2004.0,28,11,1227,13.6,2,1,3,2,0,0,7,0,2.7,2.7,0.7,3.4,0.22,0.25,22,63,44,27,7,25.9,1.98,0.51,0.07,0.29,18.1,0,0,0,2.7,2.7,0.1,-0.7,-0.7,471,564,83.5,7869,1905,1,0.7,1.0,0.3,10,67,8,2,63,555,5,3,3,3,10,1,1,0,0,0,471,24,11,11,8,5,22,54.5,10,14,3,11,11,35,16,0,35,2.57,27,0,1,3,3,1,5,0.37,718,19,101,417,205,34,718,14,5,35.7,6,42.9,389,1888,921,22,16,6,27,15,507,44,7,0,0,19,13,1,10,11,11,0,0,0,58,3,21,12.5,,,,,,,,,,,,,,,,,,,,,,,,,,,,,,,,2024-2025
2129,Damián Pizarro,cl CHI,"FW,MF",Udinese,it Serie A,19.0,2005.0,2,0,16,0.2,0,0,0,0,0,0,0,0,0.0,0.0,0.0,0.0,0.0,0.0,0,0,0,0,0,,0.0,0.0,,,,0,0,0,0.0,0.0,,0.0,0.0,2,3,66.7,25,0,0,0.0,0.0,0.0,0,0,0,0,0,1,2,0,0,0,0,0,0,0,0,0,2,0,0,0,0,0,0,,0,0,0,0,0,0,0,0,0,0.0,0,0,0,0,0,0,0,0.0,3,0,0,2,1,0,3,0,0,,0,,0,0,0,0,0,0,0,0,1,0,0,0,0,0,0,0,0,0,0,0,0,0,0,0,1,0.0,,,,,,,,,,,,,,,,,,,,,,,,,,,,,,,,2024-2025
2130,Semuel Pizzignacco,it ITA,GK,Monza,it Serie A,22.0,2001.0,9,8,736,8.2,0,0,0,0,0,0,0,0,0.0,0.0,0.0,0.0,0.0,0.0,0,0,0,0,0,,0.0,0.0,,,,0,0,0,0.0,0.0,,0.0,0.0,239,322,74.2,5851,4075,0,0.0,0.0,0.0,0,3,0,0,0,254,68,18,0,1,0,1,0,0,0,0,239,0,0,0,0,0,1,0.0,1,0,0,0,0,0,6,0,0,0.0,0,0,0,0,0,0,0,0.0,340,277,336,3,1,0,340,0,0,,0,,210,883,622,0,0,0,0,0,185,0,0,0,0,0,2,0,0,0,0,0,0,1,7,5,0,100.0,17.0,2.08,38.0,22.0,55.3,1.0,2.0,5.0,1.0,12.5,0.0,0.0,0.0,0.0,12.4,0.33,-3.6,-0.44,39.0,113.0,34.5,273.0,30.0,33.7,31.4,119.0,4.0,3.4,7.0,0.86,12.8,2024-2025
2132,Tommaso Pobega,it ITA,MF,Bologna,it Serie A,25.0,1999.0,21,13,1178,13.1,2,2,4,2,0,0,6,2,2.1,2.0,1.4,3.4,0.31,0.27,12,42,23,24,8,33.3,1.83,0.61,0.08,0.25,18.8,0,0,0,2.1,2.0,0.08,-0.1,0.0,384,468,82.1,6373,1664,2,1.4,0.8,0.6,12,51,5,3,42,450,13,8,1,4,8,3,0,0,0,0,384,33,19,12,15,6,30,73.3,8,16,4,12,14,47,16,0,27,2.06,24,0,0,1,2,0,4,0.31,608,24,106,368,141,20,608,8,3,37.5,4,50.0,293,1224,517,12,10,2,13,6,358,23,6,2,1,33,14,0,8,14,19,1,0,0,45,14,16,46.7,,,,,,,,,,,,,,,,,,,,,,,,,,,,,,,,2024-2025
2133,Daniel Podence,pt POR,"MF,FW",Wolves,eng Premier League,28.0,1995.0,2,0,48,0.5,0,0,0,0,0,0,0,0,0.0,0.0,0.0,0.0,0.0,0.07,1,2,3,1,0,0.0,1.87,0.0,0.0,,24.4,0,0,0,0.0,0.0,0.04,0.0,0.0,11,16,68.8,132,78,0,0.0,0.0,0.0,0,1,1,0,2,15,1,1,0,0,1,0,0,0,0,0,11,0,0,0,0,0,1,0.0,1,0,0,0,0,0,0,0,0,0.0,0,0,0,0,0,0,0,0.0,20,0,2,11,7,0,20,2,2,100.0,0,0.0,13,77,43,1,1,0,0,0,17,3,0,0,0,0,2,0,1,0,0,0,0,0,1,0,1,0.0,,,,,,,,,,,,,,,,,,,,,,,,,,,,,,,,2024-2025
2134,Joel Pohjanpalo,fi FIN,FW,Venezia,it Serie A,29.0,1994.0,20,19,1603,17.8,6,0,6,3,3,4,1,0,7.5,4.3,1.7,6.0,0.17,0.51,9,29,72,34,13,38.2,1.91,0.73,0.09,0.23,16.9,0,3,4,7.5,4.3,0.13,-1.5,-1.3,211,350,60.3,3005,737,0,1.7,1.0,-1.7,15,25,7,0,29,315,32,0,3,1,3,0,0,0,0,0,211,3,3,1,2,0,4,0.0,4,7,4,3,4,7,24,0,33,1.85,25,0,0,5,3,0,3,0.17,491,24,67,240,187,66,487,10,3,30.0,7,70.0,249,957,367,9,7,4,23,11,343,72,1,0,0,12,15,10,3,4,3,1,0,0,20,46,59,43.8,,,,,,,,,,,,,,,,,,,,,,,,,,,,,,,,2024-2025
2135,Matteo Politano,it ITA,"FW,MF",Napoli,it Serie A,30.0,1993.0,37,34,2804,31.2,3,4,7,3,0,0,3,0,3.1,3.1,4.8,7.9,0.22,0.25,135,129,278,56,14,25.0,1.8,0.45,0.05,0.21,19.5,1,0,0,3.1,3.1,0.06,-0.1,-0.1,873,1261,69.2,14730,4786,4,4.8,5.2,-0.8,56,65,55,23,129,1131,123,18,1,10,229,26,78,66,3,1,873,29,15,17,11,1,43,34.9,28,21,1,20,13,42,50,1,105,3.37,73,20,5,4,3,0,10,0.32,1561,49,233,533,804,90,1561,80,32,40.0,36,45.0,920,6414,3264,135,57,38,47,24,1137,278,3,0,0,14,31,6,229,13,15,1,0,0,95,6,20,23.1,,,,,,,,,,,,,,,,,,,,,,,,,,,,,,,,2024-2025
2136,Alfie Pond,eng ENG,DF,Wolves,eng Premier League,20.0,2004.0,1,0,1,0.0,0,0,0,0,0,0,0,0,0.0,0.0,0.0,0.0,0.0,0.0,0,0,0,0,0,,0.0,0.0,,,,0,0,0,0.0,0.0,,0.0,0.0,1,1,100.0,23,0,0,0.0,0.0,0.0,0,0,0,0,0,1,0,0,0,0,0,0,0,0,0,0,1,0,0,0,0,0,0,,0,0,0,0,0,0,0,0,0,0.0,0,0,0,0,0,0,0,0.0,1,0,0,1,0,0,1,0,0,,0,,1,2,2,0,0,0,0,0,1,0,0,0,0,0,0,0,0,0,0,0,0,0,0,0,0,,,,,,,,,,,,,,,,,,,,,,,,,,,,,,,,,2024-2025
2137,Marin Pongračić,hr CRO,DF,Fiorentina,it Serie A,26.0,1997.0,19,14,1292,14.4,0,0,0,0,0,0,3,1,0.2,0.2,0.2,0.4,0.0,0.03,7,34,5,2,1,50.0,0.14,0.07,0.0,0.0,17.7,0,0,0,0.2,0.2,0.09,-0.2,-0.2,691,775,89.2,13999,4692,0,0.2,0.3,-0.2,5,43,3,0,34,717,58,49,1,5,1,6,1,0,0,0,691,18,13,13,4,1,11,63.6,4,14,6,8,12,30,69,2,12,0.79,10,2,0,0,0,0,1,0.07,922,136,494,399,42,6,922,14,9,64.3,4,28.6,560,3544,1465,7,13,1,10,7,585,5,3,1,1,26,7,0,1,12,13,0,0,1,73,25,11,69.4,,,,,,,,,,,,,,,,,,,,,,,,,,,,,,,,2024-2025
2138,Nick Pope,eng ENG,GK,Newcastle Utd,eng Premier League,32.0,1992.0,28,28,2520,28.0,0,0,0,0,0,0,2,0,0.0,0.0,0.0,0.0,0.0,0.0,0,1,0,0,0,,0.0,0.0,,,,0,0,0,0.0,0.0,,0.0,0.0,575,782,73.5,14597,8818,0,0.0,0.0,0.0,1,2,0,0,1,528,254,67,0,0,0,0,0,0,0,0,575,0,0,0,0,0,0,,0,1,0,1,1,1,32,5,7,0.25,6,1,0,0,0,0,0,0.0,872,688,857,15,0,0,872,0,0,,0,,439,2510,1708,0,0,0,0,1,305,0,2,0,0,2,5,0,0,1,0,0,2,0,24,11,1,91.7,35.0,1.25,120.0,86.0,71.7,13.0,6.0,9.0,8.0,28.6,2.0,1.0,1.0,0.0,34.8,0.28,1.8,0.06,72.0,257.0,28.0,595.0,192.0,25.7,30.7,359.0,39.0,10.9,64.0,2.29,16.0,2024-2025
2140,Pedro Porro,es ESP,DF,Tottenham,eng Premier League,24.0,1999.0,33,28,2610,29.0,2,6,8,2,0,0,5,0,1.6,1.6,5.0,6.6,0.28,0.23,65,154,109,39,8,20.5,1.34,0.28,0.05,0.25,23.0,4,0,0,1.6,1.6,0.04,0.4,0.4,1385,1892,73.2,24256,9602,6,5.0,4.6,1.0,57,124,57,27,154,1530,355,53,4,16,196,249,53,4,44,0,1385,66,49,34,22,10,77,57.1,33,44,17,27,36,102,84,2,108,3.72,72,23,3,5,4,1,8,0.28,2237,128,675,812,763,32,2237,40,14,35.0,24,60.0,1187,5444,2841,65,43,5,25,18,1291,109,5,0,0,25,33,1,196,36,49,0,0,0,152,12,23,34.3,,,,,,,,,,,,,,,,,,,,,,,,,,,,,,,,2024-2025
2141,Portu,es ESP,"FW,MF",Girona,es La Liga,32.0,1992.0,27,6,779,8.7,1,2,3,1,0,0,4,0,1.6,1.6,1.7,3.3,0.35,0.38,20,16,79,8,3,37.5,0.92,0.35,0.13,0.33,16.6,0,0,0,1.6,1.6,0.21,-0.6,-0.6,169,237,71.3,2427,444,2,1.7,1.5,0.3,14,12,7,3,16,218,16,3,1,0,26,1,10,7,2,0,169,13,7,5,5,3,10,70.0,3,8,0,8,0,13,2,0,25,2.88,20,1,3,1,0,0,4,0.46,301,4,33,110,160,25,301,10,4,40.0,5,50.0,168,846,518,20,15,4,11,3,214,79,4,0,0,14,10,7,26,0,7,0,0,0,24,10,12,45.5,,,,,,,,,,,,,,,,,,,,,,,,,,,,,,,,2024-2025
2142,Stefan Posch,at AUT,DF,Bologna,it Serie A,27.0,1997.0,14,7,714,7.9,0,0,0,0,0,0,1,0,0.3,0.3,0.7,1.0,0.0,0.13,11,36,35,2,0,0.0,0.25,0.0,0.0,,20.5,0,0,0,0.3,0.3,0.14,-0.3,-0.3,396,505,78.4,7784,2928,0,0.7,0.5,-0.7,10,40,11,7,36,406,97,23,0,4,18,74,0,0,0,0,396,26,15,12,9,5,25,60.0,10,19,4,15,5,31,22,0,18,2.26,14,3,0,0,1,0,1,0.13,602,33,186,290,133,13,602,11,3,27.3,8,72.7,295,1505,581,11,8,1,9,12,348,35,1,0,0,16,17,1,18,5,15,0,0,0,43,13,8,61.9,,,,,,,,,,,,,,,,,,,,,,,,,,,,,,,,2024-2025
2143,Stefan Posch,at AUT,DF,Atalanta,it Serie A,27.0,1997.0,5,4,387,4.3,0,0,0,0,0,0,0,0,0.2,0.2,0.0,0.2,0.0,0.05,5,23,5,3,2,66.7,0.7,0.47,0.0,0.0,11.2,0,0,0,0.2,0.2,0.07,-0.2,-0.2,205,245,83.7,3257,1119,0,0.0,0.1,0.0,0,21,2,0,23,235,10,7,0,0,5,3,0,0,0,0,205,18,11,7,8,3,9,88.9,1,5,1,4,4,22,13,0,5,1.16,3,0,0,2,0,0,1,0.23,299,21,113,142,46,4,299,2,1,50.0,1,50.0,202,1298,728,5,7,0,3,5,199,5,0,0,0,11,0,0,5,4,11,0,0,0,22,4,6,40.0,,,,,,,,,,,,,,,,,,,,,,,,,,,,,,,,2024-2025
2146,Beñat Prados,es ESP,MF,Athletic Club,es La Liga,23.0,2001.0,30,21,1715,19.1,1,0,1,1,0,0,7,0,1.0,1.0,1.1,2.1,0.05,0.11,20,78,32,16,5,31.3,0.84,0.26,0.06,0.2,20.1,0,0,0,1.0,1.0,0.06,0.0,0.0,647,789,82.0,10848,2659,0,1.1,1.3,-1.1,11,70,6,1,78,774,14,11,4,3,9,3,0,0,0,0,647,55,36,20,27,8,53,47.2,28,21,2,19,28,83,26,0,21,1.1,20,0,0,1,0,0,3,0.16,991,33,190,628,184,24,991,30,15,50.0,12,40.0,480,2312,1081,20,19,1,25,20,604,32,7,0,0,40,15,0,9,28,36,0,0,0,91,29,22,56.9,,,,,,,,,,,,,,,,,,,,,,,,,,,,,,,,2024-2025
2148,Matteo Prati,it ITA,MF,Cagliari,it Serie A,20.0,2003.0,12,8,570,6.3,0,0,0,0,0,0,1,0,0.1,0.1,0.7,0.8,0.0,0.12,2,23,7,4,0,0.0,0.63,0.0,0.0,,27.9,0,0,0,0.1,0.1,0.03,-0.1,-0.1,180,250,72.0,3556,1034,0,0.7,0.4,-0.7,6,20,4,1,23,239,11,8,1,2,5,1,2,1,1,0,180,10,4,2,7,1,11,27.3,8,5,2,3,7,17,10,1,11,1.74,9,1,0,0,1,0,1,0.16,313,12,89,177,48,3,313,11,3,27.3,6,54.5,155,569,244,2,3,0,4,2,177,7,1,0,0,8,6,0,5,7,4,0,0,0,24,1,6,14.3,,,,,,,,,,,,,,,,,,,,,,,,,,,,,,,,2024-2025
2149,Abdón Prats,es ESP,"FW,MF",Mallorca,es La Liga,31.0,1992.0,24,3,456,5.1,2,0,2,1,1,1,4,0,2.2,1.5,0.1,1.6,0.2,0.47,0,7,14,13,4,30.8,2.57,0.79,0.08,0.25,14.7,0,1,1,2.2,1.5,0.11,-0.2,-0.5,58,87,66.7,837,164,0,0.1,0.1,-0.1,3,5,1,0,7,82,5,0,0,0,0,0,0,0,0,0,58,2,1,1,1,0,2,50.0,1,2,1,1,1,3,5,0,7,1.39,5,0,0,1,1,0,1,0.2,146,6,15,76,55,25,145,3,1,33.3,2,66.7,77,215,41,0,0,0,17,12,104,14,4,0,0,6,19,2,0,1,1,1,0,0,13,19,32,37.3,,,,,,,,,,,,,,,,,,,,,,,,,,,,,,,,2024-2025
2152,Ivan Provedel,it ITA,GK,Lazio,it Serie A,30.0,1994.0,29,29,2610,29.0,0,0,0,0,0,0,0,0,0.0,0.0,0.3,0.3,0.0,0.01,0,4,0,0,0,,0.0,0.0,,,,0,0,0,0.0,0.0,,0.0,0.0,865,1118,77.4,24564,16820,0,0.3,0.1,-0.3,3,25,2,0,4,946,169,63,0,4,0,0,0,0,0,0,865,0,0,0,0,0,0,,0,1,0,1,1,1,12,3,13,0.45,10,2,0,0,1,0,0,0.0,1167,859,1135,33,0,0,1167,0,0,,0,,744,3740,2307,0,0,0,0,0,749,0,0,0,0,0,5,0,0,1,0,0,0,0,44,7,1,87.5,42.0,1.45,92.0,52.0,58.7,15.0,6.0,8.0,5.0,17.2,4.0,4.0,0.0,0.0,31.5,0.32,-8.5,-0.29,146.0,374.0,39.0,1009.0,96.0,30.8,33.3,366.0,29.0,7.9,32.0,1.1,14.5,2024-2025
2154,Javi Puado,es ESP,"FW,MF",Espanyol,es La Liga,26.0,1998.0,35,35,2974,33.0,12,4,16,7,5,5,8,0,11.6,7.7,3.0,10.7,0.33,0.44,73,75,113,66,19,28.8,2.0,0.57,0.11,0.37,20.7,0,5,5,11.6,7.7,0.12,0.4,-0.7,521,678,76.8,7991,1449,4,3.0,2.1,1.0,22,36,15,4,75,651,23,0,6,6,27,7,1,0,0,0,521,22,17,14,4,4,20,40.0,12,18,3,15,5,27,19,0,55,1.66,44,0,2,5,4,0,7,0.21,985,27,140,452,413,102,980,61,21,34.4,35,57.4,623,4528,1960,73,48,22,71,33,703,113,8,0,0,22,27,6,27,5,17,1,0,0,105,9,30,23.1,,,,,,,,,,,,,,,,,,,,,,,,,,,,,,,,2024-2025
2156,Diego Pugno,it ITA,FW,Juventus,it Serie A,18.0,2006.0,1,0,7,0.1,0,0,0,0,0,0,0,0,0.0,0.0,0.1,0.1,0.0,0.76,0,0,0,0,0,,0.0,0.0,,,,0,0,0,0.0,0.0,,0.0,0.0,2,2,100.0,28,0,0,0.1,0.0,-0.1,1,0,0,0,0,1,1,0,0,0,0,0,0,0,0,0,2,0,0,0,0,0,0,,0,0,0,0,0,0,0,0,1,12.86,1,0,0,0,0,0,0,0.0,4,0,0,2,3,0,4,1,0,0.0,1,100.0,2,5,3,0,1,0,0,0,1,0,0,0,0,0,0,0,0,0,0,0,0,0,1,0,2,0.0,,,,,,,,,,,,,,,,,,,,,,,,,,,,,,,,2024-2025
2157,Christian Pulisic,us USA,"FW,MF",Milan,it Serie A,25.0,1998.0,34,29,2478,27.5,11,9,20,8,3,4,1,0,12.0,8.9,6.4,15.2,0.62,0.67,121,105,191,53,20,37.7,1.92,0.73,0.15,0.4,16.7,1,3,4,12.0,8.9,0.17,-1.0,-0.9,825,1078,76.5,12131,3064,9,6.4,6.3,2.6,69,56,35,8,105,960,111,23,15,2,119,16,72,49,6,0,825,43,29,17,14,12,37,40.5,22,24,2,22,5,48,13,2,125,4.54,86,17,6,8,5,3,14,0.51,1367,15,156,524,709,128,1363,87,39,44.8,36,41.4,859,6117,3406,121,75,37,57,40,985,191,1,0,0,20,37,3,119,5,29,1,0,0,94,11,42,20.8,,,,,,,,,,,,,,,,,,,,,,,,,,,,,,,,2024-2025
2158,Jarell Quansah,eng ENG,DF,Liverpool,eng Premier League,21.0,2003.0,13,4,495,5.5,0,0,0,0,0,0,2,0,0.1,0.1,0.1,0.2,0.0,0.04,3,19,4,1,0,0.0,0.18,0.0,0.0,,8.9,0,0,0,0.1,0.1,0.1,-0.1,-0.1,356,392,90.8,6327,2038,0,0.1,0.2,-0.1,2,22,1,0,19,360,32,10,0,1,2,12,0,0,0,0,356,12,8,8,4,0,10,70.0,3,10,7,3,7,19,28,1,3,0.55,3,0,0,0,0,0,0,0.0,464,80,245,189,30,6,464,3,1,33.3,2,66.7,268,1421,709,3,4,1,5,2,321,4,2,0,0,9,1,0,2,7,8,0,1,1,19,7,10,41.2,,,,,,,,,,,,,,,,,,,,,,,,,,,,,,,,2024-2025
2160,Dani Raba,es ESP,"FW,MF",Leganés,es La Liga,28.0,1995.0,29,24,1879,20.9,8,6,14,4,4,5,6,0,7.5,3.6,5.3,8.9,0.48,0.61,42,69,101,39,12,30.8,1.87,0.57,0.1,0.33,25.5,4,4,5,7.5,3.6,0.09,0.5,0.4,435,648,67.1,7619,2499,6,5.3,4.6,0.7,47,50,24,4,69,504,134,54,15,3,90,6,46,15,23,0,435,37,23,17,15,5,42,40.5,25,27,3,24,14,51,19,1,107,5.12,47,22,19,3,11,5,14,0.67,930,23,111,445,398,43,925,91,46,50.5,38,41.8,523,2894,1474,42,42,10,53,40,572,101,6,0,0,40,56,9,90,14,23,1,0,0,90,5,15,25.0,,,,,,,,,,,,,,,,,,,,,,,,,,,,,,,,2024-2025
2162,Ionuț Radu,ro ROU,GK,Venezia,it Serie A,27.0,1997.0,15,15,1350,15.0,0,0,0,0,0,0,1,0,0.0,0.0,0.0,0.0,0.0,0.0,0,0,0,0,0,,0.0,0.0,,,,0,0,0,0.0,0.0,,0.0,0.0,315,546,57.7,9216,7339,0,0.0,0.0,0.0,0,13,0,0,0,430,113,40,0,0,0,0,0,0,0,0,315,0,0,0,0,0,0,,0,0,0,0,0,0,9,0,7,0.47,5,2,0,0,0,0,1,0.07,587,499,586,1,0,0,587,1,1,100.0,0,0.0,370,1992,1207,0,0,0,1,0,302,0,1,0,0,0,1,0,0,0,0,0,0,0,20,1,0,100.0,18.0,1.2,65.0,47.0,76.9,2.0,7.0,6.0,4.0,26.7,3.0,3.0,0.0,0.0,19.2,0.26,1.2,0.08,67.0,275.0,24.4,470.0,61.0,47.7,40.2,215.0,13.0,6.0,3.0,0.2,9.1,2024-2025
2163,Hamza Rafia,tn TUN,MF,Lecce,it Serie A,25.0,1999.0,18,14,1058,11.8,0,0,0,0,0,0,4,0,0.5,0.5,1.4,1.9,0.0,0.16,13,51,32,10,2,20.0,0.85,0.17,0.0,0.0,23.3,1,0,0,0.5,0.5,0.05,-0.5,-0.5,409,527,77.6,6442,2203,0,1.4,1.3,-1.4,16,47,15,6,51,455,70,28,2,1,45,1,25,9,10,0,409,44,27,14,25,5,32,46.9,17,7,2,5,4,48,18,1,36,3.06,24,7,1,0,1,3,0,0.0,651,16,132,367,164,12,651,22,10,45.5,7,31.8,317,1511,662,13,16,2,21,20,411,32,4,0,0,26,25,0,45,4,27,0,0,0,62,5,13,27.8,,,,,,,,,,,,,,,,,,,,,,,,,,,,,,,,2024-2025
2164,Hákon Rafn Valdimarsson,is ISL,GK,Brentford,eng Premier League,22.0,2001.0,2,1,145,1.6,0,0,0,0,0,0,0,0,0.0,0.0,0.0,0.0,0.0,0.0,0,0,0,0,0,,0.0,0.0,,,,0,0,0,0.0,0.0,,0.0,0.0,46,70,65.7,1445,1110,0,0.0,0.0,0.0,0,2,0,0,0,50,20,4,0,0,0,0,0,0,0,0,46,0,0,0,0,0,0,,0,0,0,0,0,0,2,0,2,1.24,2,0,0,0,0,0,0,0.0,72,60,71,1,0,0,72,0,0,,0,,44,191,80,0,0,0,0,0,36,0,0,0,0,0,0,0,0,0,0,0,0,0,1,1,0,100.0,2.0,1.24,4.0,3.0,50.0,0.0,0.0,1.0,1.0,100.0,0.0,0.0,0.0,0.0,0.6,0.14,-0.4,-0.26,15.0,38.0,39.5,54.0,7.0,42.6,34.9,16.0,2.0,12.5,0.0,0.0,4.7,2024-2025
2165,Arnau Rafús,es ESP,GK,Valladolid,es La Liga,21.0,2003.0,1,1,90,1.0,0,0,0,0,0,0,0,0,0.0,0.0,0.0,0.0,0.0,0.0,0,0,0,0,0,,0.0,0.0,,,,0,0,0,0.0,0.0,,0.0,0.0,33,43,76.7,1001,672,0,0.0,0.0,0.0,0,0,0,0,0,35,8,3,0,0,0,0,0,0,0,0,33,0,0,0,0,0,0,,0,0,0,0,0,0,0,1,0,0.0,0,0,0,0,0,0,0,0.0,43,39,43,0,0,0,43,0,0,,0,,22,97,61,0,0,0,0,0,27,0,0,0,0,0,0,0,0,0,0,0,0,0,3,0,0,,2.0,2.0,2.0,0.0,0.0,0.0,0.0,1.0,0.0,0.0,0.0,0.0,0.0,0.0,0.5,0.23,-1.5,-1.53,7.0,15.0,46.7,38.0,5.0,34.2,34.9,14.0,1.0,7.1,1.0,1.0,11.4,2024-2025
2166,Antonio Raillo,es ESP,DF,Mallorca,es La Liga,32.0,1991.0,36,36,3207,35.6,2,0,2,2,0,0,7,1,2.0,2.0,1.6,3.7,0.06,0.1,31,108,20,35,8,22.9,0.98,0.22,0.06,0.25,12.8,0,0,0,2.0,2.0,0.06,0.0,0.0,1572,1773,88.7,29700,10641,0,1.6,1.0,-1.6,13,86,6,0,108,1613,157,67,1,4,3,2,0,0,0,0,1572,31,18,18,10,3,20,70.0,6,51,38,13,29,60,222,1,27,0.76,23,2,0,2,0,0,1,0.03,2185,376,1140,909,142,66,2185,3,2,66.7,1,33.3,1108,6230,3707,31,16,0,7,6,1282,20,7,1,0,50,9,2,3,29,18,0,0,0,104,132,84,61.1,,,,,,,,,,,,,,,,,,,,,,,,,,,,,,,,2024-2025
2167,Antonio Raimondo,it ITA,"FW,DF",Venezia,it Serie A,20.0,2004.0,9,0,94,1.0,0,0,0,0,0,0,0,0,0.3,0.3,0.1,0.4,0.0,0.4,2,2,7,1,1,100.0,0.96,0.96,0.0,0.0,4.4,0,0,0,0.3,0.3,0.32,-0.3,-0.3,17,26,65.4,200,48,0,0.1,0.2,-0.1,1,0,0,0,2,24,2,0,1,0,1,1,0,0,0,0,17,2,1,1,1,0,0,,0,0,0,0,0,2,0,1,2,1.91,2,0,0,0,0,0,0,0.0,34,0,2,15,19,5,34,0,0,,0,,21,93,37,2,4,1,5,3,28,7,0,0,0,2,1,1,1,0,1,0,0,0,4,1,6,14.3,,,,,,,,,,,,,,,,,,,,,,,,,,,,,,,,2024-2025
2168,Ylber Ramadani,al ALB,MF,Lecce,it Serie A,28.0,1996.0,29,21,1807,20.1,1,1,2,1,0,0,4,0,0.6,0.6,1.1,1.7,0.1,0.09,9,60,7,17,6,35.3,0.85,0.3,0.06,0.17,25.7,0,0,0,0.6,0.6,0.04,0.4,0.4,696,848,82.1,12407,3503,1,1.1,0.4,-0.1,16,52,4,0,60,822,21,18,2,4,6,1,1,1,0,0,696,51,28,24,27,0,52,63.5,19,26,9,17,24,75,26,3,35,1.74,33,0,0,1,0,1,4,0.2,1038,64,346,587,123,8,1038,24,13,54.2,11,45.8,537,2424,902,9,11,2,21,22,651,7,4,0,0,18,11,0,6,24,28,0,0,0,117,15,25,37.5,,,,,,,,,,,,,,,,,,,,,,,,,,,,,,,,2024-2025
2169,Benito Ramírez,es ESP,"DF,FW",Las Palmas,es La Liga,29.0,1995.0,19,2,478,5.3,0,0,0,0,0,0,2,1,0.3,0.3,0.9,1.2,0.0,0.22,14,16,62,10,1,10.0,1.88,0.19,0.0,0.0,22.7,1,0,0,0.3,0.3,0.03,-0.3,-0.3,259,326,79.4,4000,1078,0,0.9,1.0,-0.9,13,11,8,6,16,278,47,8,0,0,39,34,5,0,4,0,259,10,5,4,6,0,16,56.3,7,8,3,5,1,11,14,1,28,5.29,21,3,0,2,2,0,0,0.0,406,16,87,169,155,9,406,15,3,20.0,9,60.0,211,1179,580,14,20,1,10,6,251,62,2,1,0,5,8,0,39,1,5,0,0,0,32,4,11,26.7,,,,,,,,,,,,,,,,,,,,,,,,,,,,,,,,2024-2025
2170,Sandro Ramírez,es ESP,"FW,MF",Las Palmas,es La Liga,29.0,1995.0,31,25,2034,22.6,9,3,12,8,1,1,6,0,4.1,3.3,3.4,6.7,0.49,0.33,52,52,121,51,20,39.2,2.26,0.88,0.16,0.4,24.3,14,1,1,4.1,3.3,0.06,4.9,4.7,438,682,64.2,7317,2293,3,3.4,3.2,-0.4,28,33,10,3,52,580,94,26,3,3,122,8,60,17,36,0,438,27,15,10,13,4,30,43.3,17,20,0,20,16,43,22,2,59,2.61,31,18,0,2,8,0,6,0.27,930,26,146,383,417,64,929,47,16,34.0,26,55.3,469,2578,1134,52,21,24,49,28,575,121,6,0,0,26,43,5,122,16,15,1,1,0,93,12,16,42.9,,,,,,,,,,,,,,,,,,,,,,,,,,,,,,,,2024-2025
2171,Jacobo Ramón,es ESP,DF,Real Madrid,es La Liga,19.0,2005.0,3,2,204,2.3,1,0,1,1,0,0,1,0,0.2,0.2,0.2,0.4,0.44,0.16,0,1,2,2,1,50.0,0.88,0.44,0.5,1.0,9.5,0,0,0,0.2,0.2,0.08,0.8,0.8,84,90,93.3,1402,513,0,0.2,0.0,-0.2,1,3,0,0,1,85,5,5,0,0,0,0,0,0,0,0,84,7,3,4,3,0,2,100.0,0,1,0,1,3,10,8,2,4,1.76,3,0,0,1,0,0,0,0.0,117,9,57,53,9,3,117,0,0,,0,,59,264,126,0,0,0,2,1,71,2,1,0,0,2,1,0,0,3,3,0,0,0,5,8,7,53.3,,,,,,,,,,,,,,,,,,,,,,,,,,,,,,,,2024-2025
2173,Aaron Ramsdale,eng ENG,GK,Southampton,eng Premier League,26.0,1998.0,30,30,2700,30.0,0,0,0,0,0,0,2,0,0.0,0.0,0.0,0.0,0.0,0.0,0,0,0,0,0,,0.0,0.0,,,,0,0,0,0.0,0.0,,0.0,0.0,774,1223,63.3,21949,16992,0,0.0,0.1,0.0,0,36,1,0,0,918,298,108,0,4,0,0,0,0,0,0,774,0,0,0,0,0,3,0.0,3,0,0,0,2,2,10,3,3,0.1,2,1,0,0,0,0,0,0.0,1314,946,1286,32,0,0,1314,0,0,,0,,786,4017,2349,0,0,0,3,0,702,0,2,0,0,1,4,0,0,2,0,0,0,0,23,6,0,100.0,66.0,2.2,188.0,120.0,67.6,2.0,5.0,23.0,3.0,10.0,7.0,5.0,2.0,0.0,63.5,0.32,-2.5,-0.08,196.0,605.0,32.4,1026.0,129.0,44.6,36.0,457.0,25.0,5.5,20.0,0.67,11.7,2024-2025
2174,Jacob Ramsey,eng ENG,"FW,MF",Aston Villa,eng Premier League,23.0,2001.0,29,19,1623,18.0,1,3,4,1,0,0,4,1,1.6,1.6,2.3,3.9,0.22,0.22,61,68,114,19,4,21.1,1.05,0.22,0.05,0.25,16.8,0,0,0,1.6,1.6,0.08,-0.6,-0.6,497,586,84.8,6645,1578,3,2.3,2.2,0.7,21,31,21,1,68,581,2,0,3,3,12,2,0,0,0,0,497,30,15,14,10,6,20,50.0,10,23,4,19,8,38,8,1,51,2.83,40,0,4,1,6,0,8,0.44,762,12,146,272,359,74,762,46,25,54.3,13,28.3,496,3441,1766,61,31,21,42,23,577,114,4,1,1,13,28,5,12,8,15,1,0,0,83,7,13,35.0,,,,,,,,,,,,,,,,,,,,,,,,,,,,,,,,2024-2025
2175,Luca Ranieri,it ITA,DF,Fiorentina,it Serie A,25.0,1999.0,35,34,2981,33.1,0,3,3,0,0,0,7,0,1.1,1.1,1.7,2.7,0.09,0.08,25,80,11,10,4,40.0,0.3,0.12,0.0,0.0,16.2,0,0,0,1.1,1.1,0.11,-0.1,-0.1,1538,1800,85.4,28999,10523,3,1.7,1.4,1.3,16,84,11,5,80,1669,116,77,0,8,9,8,0,0,0,0,1538,42,24,28,12,2,25,80.0,5,47,32,15,27,69,154,1,28,0.82,24,0,2,2,0,0,6,0.18,2124,271,1078,979,81,16,2124,19,9,47.4,9,47.4,1234,5928,3027,25,19,2,10,3,1404,11,7,0,0,24,22,1,9,27,24,0,1,0,95,48,56,46.2,,,,,,,,,,,,,,,,,,,,,,,,,,,,,,,,2024-2025
2178,Raphinha,br BRA,"FW,MF",Barcelona,es La Liga,27.0,1996.0,36,32,2839,31.5,18,9,27,16,2,2,4,0,19.2,17.6,12.7,30.3,0.79,1.01,94,135,349,112,40,35.7,3.55,1.27,0.14,0.4,19.1,18,2,2,19.2,17.6,0.16,-1.2,-1.6,1064,1497,71.1,17773,4933,9,12.7,10.1,-3.7,91,87,67,18,135,1260,225,49,11,15,215,19,140,48,41,0,1064,36,22,6,19,11,39,48.7,20,29,2,27,11,47,26,0,163,5.17,101,31,8,12,10,1,22,0.7,1863,31,114,661,1113,183,1861,103,52,50.5,44,42.7,1016,5592,2865,94,66,46,53,29,1316,349,4,0,0,11,37,10,215,11,22,2,0,0,94,9,6,60.0,,,,,,,,,,,,,,,,,,,,,,,,,,,,,,,,2024-2025
2179,Marcus Rashford,eng ENG,"FW,MF",Manchester Utd,eng Premier League,26.0,1997.0,15,12,978,10.9,4,1,5,4,0,0,2,0,1.7,1.7,2.1,3.8,0.46,0.35,20,21,79,16,9,56.3,1.47,0.83,0.25,0.44,16.4,0,0,0,1.7,1.7,0.11,2.3,2.3,253,343,73.8,3508,868,1,2.1,1.4,-1.1,15,13,16,8,21,334,9,1,6,5,27,4,1,1,0,0,253,7,4,2,2,3,9,33.3,6,8,0,8,4,11,7,0,29,2.67,24,1,2,2,0,0,1,0.09,440,3,35,189,222,34,440,39,9,23.1,26,66.7,293,1694,728,20,19,12,14,6,341,79,2,0,0,8,7,7,27,4,4,0,0,0,24,5,7,41.7,,,,,,,,,,,,,,,,,,,,,,,,,,,,,,,,2024-2025
2180,Marcus Rashford,eng ENG,FW,Aston Villa,eng Premier League,26.0,1997.0,10,4,444,4.9,2,2,4,1,1,1,0,0,3.1,2.3,2.3,4.5,0.61,1.08,22,13,42,18,5,27.8,3.65,1.01,0.06,0.2,19.4,2,1,1,3.1,2.3,0.13,-1.1,-1.3,117,164,71.3,1772,447,2,2.3,2.1,-0.3,13,2,9,2,13,134,29,5,3,1,28,1,21,15,0,0,117,10,7,2,3,5,6,66.7,2,2,0,2,1,11,3,0,27,5.49,14,5,3,2,3,0,3,0.61,227,2,14,58,159,30,226,22,9,40.9,13,59.1,127,892,471,22,10,15,8,1,149,42,0,0,0,1,3,1,28,1,7,0,0,0,14,1,8,11.1,,,,,,,,,,,,,,,,,,,,,,,,,,,,,,,,2024-2025
2181,Giacomo Raspadori,it ITA,"FW,MF",Napoli,it Serie A,24.0,2000.0,26,11,1103,12.3,6,1,7,6,0,0,1,0,4.0,4.0,2.4,6.4,0.57,0.52,18,42,57,42,14,33.3,3.43,1.14,0.14,0.43,16.0,2,0,0,4.0,4.0,0.1,2.0,2.0,280,410,68.3,5058,1374,1,2.4,2.2,-1.4,28,27,7,3,42,341,68,15,2,2,67,1,39,25,10,0,280,18,9,6,10,2,12,66.7,4,10,2,8,3,21,13,0,51,4.16,29,12,2,6,2,0,4,0.33,549,10,62,246,247,54,549,14,9,64.3,3,21.4,263,1291,502,18,6,5,25,9,343,57,1,0,0,12,20,1,67,3,9,0,0,0,43,5,11,31.3,,,,,,,,,,,,,,,,,,,,,,,,,,,,,,,,2024-2025
2182,Andrei Ratiu,ro ROU,DF,Rayo Vallecano,es La Liga,26.0,1998.0,35,34,3065,34.1,2,3,5,2,0,0,5,0,1.8,1.8,5.7,7.5,0.15,0.22,122,145,167,31,7,22.6,0.91,0.21,0.06,0.29,19.1,0,0,0,1.8,1.8,0.06,0.2,0.2,1435,1759,81.6,21787,7420,3,5.7,3.9,-2.7,36,105,23,11,145,1449,302,10,3,2,77,292,0,0,0,0,1435,71,41,40,21,10,70,60.0,28,45,5,40,27,98,73,2,91,2.67,68,5,8,6,2,2,5,0.15,2193,85,590,936,697,71,2193,147,76,51.7,63,42.9,1190,7492,3780,122,87,31,69,49,1365,167,5,0,0,24,21,5,77,27,41,0,0,0,169,20,33,37.7,,,,,,,,,,,,,,,,,,,,,,,,,,,,,,,,2024-2025
2183,Raúl,es ESP,"FW,MF",Osasuna,es La Liga,23.0,2000.0,32,5,750,8.3,4,0,4,4,0,0,1,0,3.5,3.5,0.7,4.1,0.48,0.5,10,16,49,25,12,48.0,3.0,1.44,0.16,0.33,14.4,0,0,0,3.5,3.5,0.14,0.5,0.5,116,168,69.0,1510,219,0,0.7,0.4,-0.7,3,11,1,0,16,154,12,1,0,1,6,1,0,0,0,0,116,13,8,3,6,4,10,50.0,5,4,0,4,0,13,6,0,16,1.92,5,0,4,3,4,0,2,0.24,266,8,18,113,141,42,266,20,11,55.0,8,40.0,153,732,286,10,11,4,24,13,196,49,1,0,0,11,12,6,6,0,8,0,0,0,14,20,22,47.6,,,,,,,,,,,,,,,,,,,,,,,,,,,,,,,,2024-2025
2185,Federico Ravaglia,it ITA,GK,Bologna,it Serie A,24.0,1999.0,12,11,1056,11.7,0,0,0,0,0,0,0,0,0.0,0.0,0.0,0.0,0.0,0.0,0,0,0,0,0,,0.0,0.0,,,,0,0,0,0.0,0.0,,0.0,0.0,371,473,78.4,9250,6098,0,0.0,0.0,0.0,1,14,0,0,0,399,74,27,0,2,0,0,0,0,0,0,371,0,0,0,0,0,0,,0,0,0,0,0,0,9,0,4,0.34,3,1,0,0,0,0,0,0.0,488,336,480,8,0,0,488,2,2,100.0,0,0.0,332,1759,960,0,0,0,0,0,311,0,0,0,0,0,4,0,0,0,0,0,0,0,16,4,0,100.0,14.0,1.19,24.0,10.0,45.8,5.0,2.0,4.0,4.0,36.4,1.0,1.0,0.0,0.0,11.7,0.46,-2.3,-0.2,48.0,138.0,34.8,426.0,45.0,27.5,30.8,97.0,11.0,11.3,9.0,0.77,12.9,2024-2025
2187,David Raya,es ESP,GK,Arsenal,eng Premier League,28.0,1995.0,38,38,3420,38.0,0,0,0,0,0,0,3,0,0.0,0.0,0.0,0.0,0.0,0.0,0,14,0,0,0,,0.0,0.0,,,,0,0,0,0.0,0.0,,0.0,0.0,1040,1413,73.6,24784,17222,0,0.0,0.1,0.0,1,45,3,0,14,1172,238,91,0,3,0,0,0,0,0,0,1040,0,0,0,0,0,2,0.0,2,0,0,0,2,2,21,9,5,0.13,4,1,0,0,0,0,1,0.03,1480,880,1388,92,0,0,1480,1,1,100.0,0,0.0,921,4542,2729,0,0,0,1,0,841,0,3,0,0,1,10,0,0,2,0,0,1,0,41,13,0,100.0,34.0,0.89,120.0,86.0,74.2,20.0,14.0,4.0,13.0,34.2,3.0,3.0,0.0,0.0,35.1,0.28,1.1,0.03,149.0,478.0,31.2,1263.0,178.0,29.9,29.9,402.0,53.0,13.2,66.0,1.74,17.2,2024-2025
2188,Abderrahman Rebbach,dz ALG,"FW,MF",Alavés,es La Liga,25.0,1998.0,8,4,385,4.3,0,0,0,0,0,0,1,0,0.2,0.2,0.3,0.5,0.0,0.11,16,5,34,6,1,16.7,1.4,0.23,0.0,0.0,20.3,0,0,0,0.2,0.2,0.03,-0.2,-0.2,74,118,62.7,1234,255,0,0.3,0.4,-0.3,6,2,5,3,5,108,10,1,0,1,17,2,7,4,0,0,74,3,2,3,0,0,6,0.0,6,4,0,4,0,3,6,0,10,2.34,7,0,1,2,0,0,0,0.0,173,4,27,62,85,18,173,14,3,21.4,9,64.3,103,674,389,16,6,7,9,5,107,34,1,0,0,5,6,2,17,0,2,0,0,0,16,1,11,8.3,,,,,,,,,,,,,,,,,,,,,,,,,,,,,,,,2024-2025
2189,Ante Rebić,hr CRO,"FW,MF",Lecce,it Serie A,30.0,1993.0,27,7,788,8.8,1,0,1,1,0,0,3,2,2.1,2.1,2.1,4.2,0.11,0.48,17,36,63,13,5,38.5,1.48,0.57,0.08,0.2,16.7,0,0,0,2.1,2.1,0.16,-1.1,-1.1,182,298,61.1,2549,865,0,2.1,1.2,-2.1,18,18,11,3,36,275,22,0,2,0,32,2,8,5,3,0,182,12,9,5,5,2,9,33.3,6,7,1,6,2,14,4,1,30,3.43,16,6,3,0,5,0,1,0.11,429,5,40,184,210,43,429,30,8,26.7,17,56.7,223,1133,449,17,9,7,39,14,312,63,3,2,0,19,14,7,32,2,9,0,0,0,33,27,37,42.2,,,,,,,,,,,,,,,,,,,,,,,,,,,,,,,,2024-2025
2190,Harrison Reed,eng ENG,MF,Fulham,eng Premier League,29.0,1995.0,12,0,108,1.2,0,0,0,0,0,0,2,0,0.2,0.2,0.1,0.3,0.0,0.27,1,4,7,3,2,66.7,2.5,1.67,0.0,0.0,21.7,0,0,0,0.2,0.2,0.08,-0.2,-0.2,39,55,70.9,550,138,0,0.1,0.1,-0.1,1,1,1,0,4,46,8,5,0,0,6,0,1,0,1,0,39,6,3,3,2,1,3,33.3,2,1,0,1,1,7,3,0,1,0.89,0,1,0,0,0,0,0,0.0,78,2,11,28,40,5,78,2,0,0.0,1,50.0,31,95,27,1,1,0,2,2,38,7,2,0,0,6,2,0,6,1,3,0,1,0,10,1,2,33.3,,,,,,,,,,,,,,,,,,,,,,,,,,,,,,,,2024-2025
2191,Remy Rees-Dottin,eng ENG,FW,Bournemouth,eng Premier League,18.0,2006.0,1,0,1,0.0,0,0,0,0,0,0,0,0,0.0,0.0,0.0,0.0,0.0,0.0,0,0,0,0,0,,0.0,0.0,,,,0,0,0,0.0,0.0,,0.0,0.0,0,0,,0,0,0,0.0,0.0,0.0,0,0,0,0,0,0,0,0,0,0,0,0,0,0,0,0,0,0,0,0,0,0,0,,0,0,0,0,0,0,0,0,0,0.0,0,0,0,0,0,0,0,0.0,0,0,0,0,0,0,0,0,0,,0,,0,0,0,0,0,0,0,0,0,0,0,0,0,0,0,0,0,0,0,0,0,0,0,0,0,,,,,,,,,,,,,,,,,,,,,,,,,,,,,,,,,2024-2025
2192,Sergio Reguilón,es ESP,DF,Tottenham,eng Premier League,27.0,1996.0,4,1,196,2.2,0,0,0,0,0,0,2,0,0.1,0.1,0.0,0.1,0.0,0.07,5,13,12,2,0,0.0,0.92,0.0,0.0,,13.3,1,0,0,0.1,0.1,0.06,-0.1,-0.1,93,136,68.4,1503,540,0,0.0,0.3,0.0,1,13,2,1,13,116,19,1,0,0,12,16,2,1,1,0,93,4,3,1,3,0,5,40.0,3,7,0,7,4,8,8,0,1,0.46,1,0,0,0,0,0,0,0.0,167,9,57,73,38,3,167,6,2,33.3,1,16.7,88,383,233,5,2,1,2,1,97,12,2,0,0,2,6,0,12,4,3,0,0,0,14,5,2,71.4,,,,,,,,,,,,,,,,,,,,,,,,,,,,,,,,2024-2025
2193,Tijjani Reijnders,nl NED,MF,Milan,it Serie A,26.0,1998.0,37,36,3128,34.8,10,4,14,10,0,0,2,1,7.5,7.5,3.5,11.0,0.4,0.32,111,230,121,77,28,36.4,2.22,0.81,0.13,0.36,20.0,2,0,0,7.5,7.5,0.1,2.5,2.5,1355,1549,87.5,22565,6476,4,3.5,3.6,0.5,47,135,56,2,230,1432,112,65,14,3,46,7,31,16,6,0,1355,26,13,6,14,6,26,38.5,16,22,4,18,38,64,28,2,117,3.37,77,15,13,8,3,1,10,0.29,1863,41,280,950,651,82,1863,71,36,50.7,29,40.8,1214,8113,4203,111,99,29,36,32,1390,121,2,1,0,28,22,2,46,38,13,1,0,0,125,5,15,25.0,,,,,,,,,,,,,,,,,,,,,,,,,,,,,,,,2024-2025
2194,Pepe Reina,es ESP,GK,Como,it Serie A,41.0,1982.0,12,12,1034,11.5,0,0,0,0,0,0,0,1,0.0,0.0,0.0,0.0,0.0,0.0,0,0,0,0,0,,0.0,0.0,,,,0,0,0,0.0,0.0,,0.0,0.0,278,364,76.4,7042,5155,0,0.0,0.0,0.0,0,4,0,0,0,301,63,29,0,0,0,0,0,0,0,0,278,0,0,0,0,0,1,0.0,1,0,0,0,0,0,3,2,1,0.09,1,0,0,0,0,0,0,0.0,381,307,380,1,0,0,381,1,0,0.0,0,0.0,245,1361,757,0,0,0,0,0,193,0,0,1,0,1,1,0,0,0,0,0,0,0,11,1,0,100.0,14.0,1.22,41.0,27.0,68.3,3.0,4.0,5.0,2.0,16.7,1.0,1.0,0.0,0.0,12.1,0.28,-1.9,-0.16,43.0,115.0,37.4,330.0,41.0,32.4,31.9,148.0,2.0,1.4,6.0,0.52,12.5,2024-2025
2195,Vitor Reis,br BRA,DF,Manchester City,eng Premier League,18.0,2006.0,1,0,1,0.0,0,0,0,0,0,0,0,0,0.0,0.0,0.0,0.0,0.0,0.0,0,0,0,0,0,,0.0,0.0,,,,0,0,0,0.0,0.0,,0.0,0.0,2,2,100.0,50,10,0,0.0,0.0,0.0,0,0,0,0,0,2,0,0,0,0,0,0,0,0,0,0,2,0,0,0,0,0,0,,0,0,0,0,0,0,1,0,0,0.0,0,0,0,0,0,0,0,0.0,3,1,2,1,0,0,3,1,1,100.0,0,0.0,2,3,0,0,0,0,0,0,2,0,0,0,0,0,0,0,0,0,0,0,0,0,0,0,0,,,,,,,,,,,,,,,,,,,,,,,,,,,,,,,,,2024-2025
2198,Álex Remiro,es ESP,GK,Real Sociedad,es La Liga,29.0,1995.0,36,36,3240,36.0,0,0,0,0,0,0,0,0,0.0,0.0,0.0,0.0,0.0,0.0,0,1,0,0,0,,0.0,0.0,,,,0,0,0,0.0,0.0,,0.0,0.0,955,1291,74.0,26773,18734,0,0.0,0.0,0.0,1,14,0,0,1,946,341,107,0,3,0,0,0,0,0,0,955,1,0,1,0,0,2,50.0,1,0,0,0,0,1,18,4,6,0.17,4,2,0,0,0,0,0,0.0,1364,1095,1350,14,0,0,1364,0,0,,0,,766,3774,1911,0,0,0,2,0,669,0,0,0,0,0,6,0,0,0,0,0,0,0,64,5,0,100.0,43.0,1.19,130.0,86.0,70.8,13.0,7.0,16.0,13.0,36.1,6.0,5.0,1.0,0.0,38.0,0.26,-5.0,-0.14,180.0,477.0,37.7,1053.0,111.0,31.4,32.6,446.0,29.0,6.5,40.0,1.11,14.4,2024-2025
2199,Devyne Rensch,nl NED,DF,Roma,it Serie A,21.0,2003.0,14,5,469,5.2,0,1,1,0,0,0,0,0,0.3,0.3,0.8,1.0,0.19,0.2,2,14,25,3,2,66.7,0.58,0.38,0.0,0.0,13.6,0,0,0,0.3,0.3,0.09,-0.3,-0.3,213,260,81.9,3089,957,1,0.8,0.8,0.2,2,14,4,2,14,231,29,4,0,1,11,25,0,0,0,0,213,17,13,8,8,1,10,90.0,1,5,3,2,7,24,12,1,14,2.69,8,1,0,2,3,0,1,0.19,319,17,86,157,76,8,319,3,0,0.0,1,33.3,161,564,226,2,6,1,5,2,203,25,0,0,0,1,7,1,11,7,13,0,0,0,13,10,7,58.8,,,,,,,,,,,,,,,,,,,,,,,,,,,,,,,,2024-2025
2200,Daniel Requena,es ESP,MF,Villarreal,es La Liga,20.0,2004.0,1,0,10,0.1,0,0,0,0,0,0,0,0,0.0,0.0,0.0,0.0,0.0,0.0,0,0,1,0,0,,0.0,0.0,,,,0,0,0,0.0,0.0,,0.0,0.0,4,5,80.0,48,9,0,0.0,0.0,0.0,0,0,0,0,0,5,0,0,0,0,0,0,0,0,0,0,4,0,0,0,0,0,0,,0,0,0,0,0,0,0,0,0,0.0,0,0,0,0,0,0,0,0.0,5,0,0,4,1,1,5,0,0,,0,,2,10,9,0,0,0,0,0,5,1,0,0,0,1,0,0,0,0,0,0,0,0,0,0,0,,,,,,,,,,,,,,,,,,,,,,,,,,,,,,,,,2024-2025
2202,Mateo Retegui,it ITA,FW,Atalanta,it Serie A,25.0,1999.0,36,32,2383,26.5,25,8,33,21,4,5,3,0,18.9,14.9,4.9,19.8,1.1,0.9,21,46,199,99,32,32.3,3.74,1.21,0.21,0.66,12.8,2,4,5,18.9,14.9,0.15,6.1,6.1,440,575,76.5,6210,971,8,4.9,2.2,3.1,38,29,9,1,46,527,46,0,2,6,15,2,0,0,0,0,440,14,9,0,9,5,16,18.8,13,7,0,7,4,18,17,0,76,2.87,62,0,2,8,4,0,14,0.53,874,19,30,378,474,173,869,30,12,40.0,12,40.0,557,2233,472,21,12,11,96,48,704,199,3,0,0,32,34,6,15,4,9,2,0,0,69,51,68,42.9,,,,,,,,,,,,,,,,,,,,,,,,,,,,,,,,2024-2025
2205,Chadi Riad,ma MAR,DF,Crystal Palace,eng Premier League,21.0,2003.0,1,1,90,1.0,0,0,0,0,0,0,0,0,0.0,0.0,0.0,0.0,0.0,0.0,2,7,0,0,0,,0.0,0.0,,,,0,0,0,0.0,0.0,,0.0,0.0,70,82,85.4,1411,568,0,0.0,0.0,0.0,0,8,1,0,7,82,0,0,0,1,0,0,0,0,0,0,70,5,2,2,2,1,3,66.7,1,0,0,0,2,7,0,0,0,0.0,0,0,0,0,0,0,0,0.0,90,5,41,49,1,0,90,0,0,,0,,58,318,232,2,0,0,1,0,69,0,0,0,0,1,0,0,0,2,2,0,0,0,4,2,4,33.3,,,,,,,,,,,,,,,,,,,,,,,,,,,,,,,,2024-2025
2207,Samuele Ricci,it ITA,MF,Torino,it Serie A,22.0,2001.0,34,34,2825,31.4,1,1,2,1,0,0,8,1,1.3,1.3,0.6,1.8,0.06,0.06,43,116,30,22,7,31.8,0.7,0.22,0.05,0.14,25.3,0,0,0,1.3,1.3,0.06,-0.3,-0.3,1177,1338,88.0,20766,4393,1,0.6,1.2,0.4,15,102,13,0,116,1240,95,60,3,6,30,8,9,6,2,0,1177,35,21,15,14,6,28,64.3,10,23,9,14,25,60,51,2,48,1.53,43,2,0,1,2,0,4,0.13,1589,78,337,975,294,19,1589,22,6,27.3,13,59.1,960,5525,2648,43,38,6,35,18,1073,30,8,1,0,38,70,0,30,25,21,0,0,0,130,14,15,48.3,,,,,,,,,,,,,,,,,,,,,,,,,,,,,,,,2024-2025
2208,Declan Rice,eng ENG,MF,Arsenal,eng Premier League,25.0,1999.0,35,33,2825,31.4,4,7,11,4,0,0,7,1,3.5,3.5,6.6,10.1,0.35,0.32,90,192,94,48,14,29.2,1.53,0.45,0.08,0.29,19.6,2,0,0,3.5,3.5,0.07,0.5,0.5,1376,1650,83.4,23402,6234,7,6.6,5.6,0.4,59,137,35,5,192,1436,208,71,5,17,164,4,108,94,3,0,1376,53,25,22,25,6,41,41.5,24,27,13,14,25,78,51,0,111,3.54,62,33,4,5,5,2,10,0.32,1948,82,325,909,733,81,1948,29,14,48.3,14,48.3,1031,6464,3394,90,58,16,36,32,1266,94,7,1,1,21,16,2,164,25,25,0,0,0,156,37,25,59.7,,,,,,,,,,,,,,,,,,,,,,,,,,,,,,,,2024-2025
2209,Chris Richards,us USA,DF,Crystal Palace,eng Premier League,24.0,2000.0,24,22,1922,21.4,1,0,1,1,0,0,4,1,1.4,1.4,0.1,1.5,0.05,0.07,6,39,2,12,6,50.0,0.56,0.28,0.08,0.17,10.8,0,0,0,1.4,1.4,0.12,-0.4,-0.4,684,857,79.8,12185,4230,0,0.1,0.6,-0.1,2,23,1,1,39,818,37,18,2,5,5,17,0,0,0,0,684,47,30,24,17,6,41,58.5,17,40,14,26,19,66,121,0,9,0.42,5,0,0,2,1,1,2,0.09,1118,134,611,439,74,19,1118,6,1,16.7,5,83.3,517,2316,964,6,5,0,5,5,614,2,4,1,1,11,5,1,5,19,30,1,0,0,51,48,41,53.9,,,,,,,,,,,,,,,,,,,,,,,,,,,,,,,,2024-2025
2210,Amir Richardson,ma MAR,MF,Fiorentina,it Serie A,22.0,2002.0,26,10,1024,11.4,1,1,2,1,0,0,6,0,0.9,0.9,0.6,1.5,0.18,0.12,19,47,31,11,5,45.5,0.97,0.44,0.09,0.2,20.6,0,0,0,0.9,0.9,0.08,0.1,0.1,539,615,87.6,8473,1942,1,0.6,0.7,0.4,8,46,6,1,47,601,13,11,1,2,5,2,0,0,0,0,539,30,13,13,15,2,21,42.9,12,14,1,13,6,36,29,1,19,1.56,17,0,1,0,1,0,4,0.33,748,35,152,439,160,18,748,19,11,57.9,6,31.6,451,2321,1033,19,20,2,19,10,524,31,6,0,0,30,19,1,5,6,13,0,0,0,51,19,16,54.3,,,,,,,,,,,,,,,,,,,,,,,,,,,,,,,,2024-2025
2211,Richarlison,br BRA,FW,Tottenham,eng Premier League,27.0,1997.0,15,4,504,5.6,4,1,5,4,0,0,2,0,3.7,3.7,0.9,4.6,0.89,0.82,8,11,22,17,7,41.2,3.04,1.25,0.24,0.57,9.1,0,0,0,3.7,3.7,0.22,0.3,0.3,62,103,60.2,937,280,1,0.9,0.6,0.1,4,8,4,2,11,97,6,1,0,3,7,0,0,0,0,0,62,5,3,0,4,1,3,0.0,3,1,1,0,0,5,8,0,8,1.43,5,0,0,2,1,0,1,0.18,173,8,21,89,64,29,173,16,1,6.3,14,87.5,89,424,168,8,8,3,9,8,120,22,2,0,0,7,13,3,7,0,3,0,0,0,11,10,23,30.3,,,,,,,,,,,,,,,,,,,,,,,,,,,,,,,,2024-2025
2212,Diego Rico,es ESP,DF,Getafe,es La Liga,31.0,1993.0,33,32,2819,31.3,0,3,3,0,0,0,9,1,0.4,0.4,2.7,3.1,0.1,0.1,27,136,84,16,3,18.8,0.51,0.1,0.0,0.0,31.1,1,0,0,0.4,0.4,0.02,-0.4,-0.4,1058,1564,67.6,19166,10727,3,2.7,3.4,0.3,36,114,46,29,136,1097,455,44,0,9,148,399,12,0,12,0,1058,81,49,47,29,5,85,55.3,38,41,3,38,34,115,102,2,75,2.39,48,22,1,2,2,0,8,0.26,1929,78,532,901,516,11,1929,14,6,42.9,6,42.9,694,2551,1235,27,30,3,48,13,772,84,9,1,0,38,56,3,148,34,49,1,0,0,132,26,19,57.8,,,,,,,,,,,,,,,,,,,,,,,,,,,,,,,,2024-2025
2215,Luis Rioja,es ESP,FW,Alavés,es La Liga,30.0,1993.0,1,0,23,0.3,0,0,0,0,0,0,0,0,0.0,0.0,0.1,0.1,0.0,0.57,4,1,3,0,0,,0.0,0.0,,,,0,0,0,0.0,0.0,,0.0,0.0,5,11,45.5,70,27,0,0.1,0.1,-0.1,1,0,0,0,1,9,2,1,0,0,6,1,0,0,0,0,5,2,1,0,1,1,2,50.0,1,2,0,2,0,2,0,0,1,3.91,1,0,0,0,0,0,0,0.0,15,0,2,4,10,2,15,0,0,,0,,8,99,71,4,1,2,0,0,10,3,0,0,0,1,1,0,6,0,1,0,0,0,1,0,0,,,,,,,,,,,,,,,,,,,,,,,,,,,,,,,,,2024-2025
2216,Luis Rioja,es ESP,"MF,FW",Valencia,es La Liga,30.0,1993.0,36,33,2831,31.5,5,3,8,3,2,2,6,0,3.3,1.7,4.5,6.2,0.19,0.25,93,103,228,28,12,42.9,0.89,0.38,0.11,0.25,21.2,1,2,2,3.3,1.7,0.06,1.7,1.3,821,1212,67.7,13662,3934,3,4.5,5.5,-1.5,35,42,60,25,103,1077,132,28,6,14,203,48,56,31,14,0,821,33,21,14,12,7,42,33.3,28,30,1,29,22,55,44,1,82,2.61,65,8,5,1,2,1,10,0.32,1505,39,252,533,741,59,1503,91,43,47.3,37,40.7,816,5793,2812,93,57,28,42,40,1031,228,6,0,0,18,38,11,203,22,21,0,0,0,111,15,22,40.5,,,,,,,,,,,,,,,,,,,,,,,,,,,,,,,,2024-2025
2217,Rodrigo Riquelme,es ESP,"MF,DF",Atlético Madrid,es La Liga,24.0,2000.0,16,4,516,5.7,0,1,1,0,0,0,0,0,0.9,0.9,0.8,1.7,0.17,0.3,43,24,62,14,4,28.6,2.44,0.7,0.0,0.0,17.7,1,0,0,0.9,0.9,0.06,-0.9,-0.9,210,269,78.1,2838,854,1,0.8,0.8,0.2,15,17,12,3,24,244,25,3,1,0,34,8,13,6,5,0,210,11,5,4,6,1,11,54.5,5,3,0,3,2,13,3,0,29,5.05,27,1,1,0,0,0,1,0.17,354,6,41,136,185,23,354,24,6,25.0,16,66.7,246,1708,1001,43,25,10,11,6,259,62,0,0,0,8,8,4,34,2,5,0,0,0,21,3,3,50.0,,,,,,,,,,,,,,,,,,,,,,,,,,,,,,,,2024-2025
2218,Alberto Risco,es ESP,"MF,FW",Getafe,es La Liga,18.0,2005.0,5,0,69,0.8,0,0,0,0,0,0,0,0,0.2,0.2,0.1,0.3,0.0,0.41,3,3,6,4,1,25.0,5.22,1.3,0.0,0.0,21.1,0,0,0,0.2,0.2,0.04,-0.2,-0.2,25,34,73.5,340,98,0,0.1,0.2,-0.1,4,1,4,3,3,33,0,0,0,0,4,0,0,0,0,0,25,4,4,2,0,2,6,16.7,5,2,0,2,0,4,0,0,6,7.71,5,0,0,1,0,0,0,0.0,57,0,7,17,34,5,57,6,1,16.7,5,83.3,32,153,79,3,3,2,5,4,33,6,0,0,0,1,2,0,4,0,4,0,0,0,5,1,3,25.0,,,,,,,,,,,,,,,,,,,,,,,,,,,,,,,,2024-2025
2219,Mihailo Ristić,rs SRB,"DF,MF",Celta Vigo,es La Liga,28.0,1995.0,10,6,429,4.8,0,1,1,0,0,0,1,0,0.0,0.0,0.2,0.2,0.21,0.05,8,10,11,2,0,0.0,0.42,0.0,0.0,,26.1,0,0,0,0.0,0.0,0.01,0.0,0.0,191,246,77.6,3446,915,1,0.2,0.1,0.8,4,10,2,1,10,186,60,7,0,0,13,46,7,3,3,1,191,7,7,4,2,1,6,66.7,2,1,0,1,2,9,18,0,10,2.1,6,3,0,1,0,0,1,0.21,302,16,102,130,73,0,302,13,2,15.4,10,76.9,153,818,329,8,2,0,7,4,179,11,1,0,0,8,2,0,13,2,7,0,0,0,17,3,9,25.0,,,,,,,,,,,,,,,,,,,,,,,,,,,,,,,,2024-2025
2221,Gorka Rivera Alonso,es ESP,"DF,MF",Getafe,es La Liga,19.0,2004.0,1,0,20,0.2,0,0,0,0,0,0,0,0,0.0,0.0,0.0,0.0,0.0,0.0,0,1,0,0,0,,0.0,0.0,,,,0,0,0,0.0,0.0,,0.0,0.0,5,11,45.5,94,27,0,0.0,0.0,0.0,0,1,0,0,1,6,5,0,0,0,0,5,0,0,0,0,5,2,0,0,2,0,2,100.0,0,0,0,0,0,2,0,0,0,0.0,0,0,0,0,0,0,0,0.0,17,0,7,8,2,0,17,2,0,0.0,1,50.0,5,23,5,0,0,0,2,0,5,0,0,0,0,1,1,0,0,0,0,0,0,0,1,0,1,0.0,,,,,,,,,,,,,,,,,,,,,,,,,,,,,,,,2024-2025
2222,Sergi Roberto,es ESP,MF,Como,it Serie A,32.0,1992.0,13,8,696,7.7,0,1,1,0,0,0,4,0,0.7,0.7,0.7,1.4,0.13,0.18,10,36,19,6,1,16.7,0.78,0.13,0.0,0.0,23.5,0,0,0,0.7,0.7,0.11,-0.7,-0.7,457,506,90.3,6059,1422,1,0.7,0.5,0.3,15,28,6,0,36,486,19,14,2,0,6,2,3,1,2,0,457,14,8,5,5,4,7,71.4,2,7,1,6,9,23,14,0,24,3.1,20,3,0,1,0,0,1,0.13,582,19,114,348,123,9,582,10,3,30.0,6,60.0,340,1514,775,10,13,2,14,5,429,19,4,0,0,7,14,0,6,9,8,0,2,0,48,7,9,43.8,,,,,,,,,,,,,,,,,,,,,,,,,,,,,,,,2024-2025
2223,Andrew Robertson,sct SCO,DF,Liverpool,eng Premier League,30.0,1994.0,33,29,2482,27.6,0,1,1,0,0,0,3,1,1.2,1.2,4.6,5.8,0.04,0.21,64,176,108,15,2,13.3,0.54,0.07,0.0,0.0,14.9,0,0,0,1.2,1.2,0.08,-1.2,-1.2,1559,1885,82.7,26310,8407,1,4.6,4.3,-3.6,40,150,31,17,176,1579,300,50,4,6,147,191,59,41,11,0,1559,39,22,25,10,4,51,60.8,20,10,4,6,21,60,54,2,80,2.9,68,9,1,1,0,1,4,0.14,2084,92,539,940,620,53,2084,18,7,38.9,10,55.6,1107,4941,2848,64,52,6,25,13,1399,108,3,1,0,11,8,3,147,21,22,0,1,1,105,7,14,33.3,,,,,,,,,,,,,,,,,,,,,,,,,,,,,,,,2024-2025
2224,Antonee Robinson,us USA,DF,Fulham,eng Premier League,26.0,1997.0,36,35,3167,35.2,0,10,10,0,0,0,8,0,0.7,0.7,4.2,4.9,0.28,0.14,118,131,274,16,2,12.5,0.45,0.06,0.0,0.0,22.1,0,0,0,0.7,0.7,0.04,-0.7,-0.7,1595,2076,76.8,27385,10017,10,4.2,4.1,5.8,43,115,56,29,131,1781,289,17,1,5,170,272,0,0,0,0,1595,95,61,57,31,7,95,47.4,50,43,9,34,62,157,133,2,80,2.27,74,1,2,2,0,1,11,0.31,2523,139,828,942,788,70,2523,83,38,45.8,34,41.0,1343,7361,4230,118,61,30,44,20,1509,274,8,0,0,31,20,7,170,62,61,0,0,0,157,50,26,65.8,,,,,,,,,,,,,,,,,,,,,,,,,,,,,,,,2024-2025
2225,Jay Robinson,eng ENG,"MF,FW",Southampton,eng Premier League,17.0,2007.0,4,1,137,1.5,0,0,0,0,0,0,0,0,0.0,0.0,0.7,0.7,0.0,0.47,3,1,10,1,1,100.0,0.66,0.66,0.0,0.0,13.2,0,0,0,0.0,0.0,0.05,0.0,0.0,23,34,67.6,264,100,0,0.7,0.5,-0.7,3,1,1,0,1,34,0,0,0,0,1,0,0,0,0,0,23,4,1,3,0,1,1,100.0,0,0,0,0,0,4,1,0,8,5.26,4,0,3,1,0,0,1,0.66,54,4,15,18,22,5,54,11,6,54.5,5,45.5,33,188,92,3,2,1,1,6,29,10,0,0,0,3,1,0,1,0,1,0,0,0,12,0,1,0.0,,,,,,,,,,,,,,,,,,,,,,,,,,,,,,,,2024-2025
2226,Marc Roca,es ESP,MF,Betis,es La Liga,27.0,1996.0,14,11,906,10.1,2,2,4,2,0,0,4,0,1.1,1.1,1.0,2.1,0.4,0.21,11,59,13,12,4,33.3,1.19,0.4,0.17,0.5,16.9,1,0,0,1.1,1.1,0.09,0.9,0.9,465,538,86.4,7964,2303,2,1.0,0.5,1.0,12,51,6,2,59,510,26,24,0,4,10,0,1,0,1,0,465,20,14,10,9,1,17,52.9,8,17,5,12,14,34,14,2,24,2.38,19,1,2,1,0,1,1,0.1,632,27,154,374,108,19,632,5,4,80.0,1,20.0,385,2069,1037,11,14,0,9,7,427,13,4,0,0,16,5,0,10,14,14,0,0,0,51,5,13,27.8,,,,,,,,,,,,,,,,,,,,,,,,,,,,,,,,2024-2025
2227,Rodri,es ESP,MF,Manchester City,eng Premier League,28.0,1996.0,3,1,73,0.8,0,0,0,0,0,0,0,0,0.0,0.0,0.0,0.0,0.0,0.06,1,4,1,0,0,,0.0,0.0,,,,0,0,0,0.0,0.0,,0.0,0.0,64,68,94.1,1142,277,0,0.0,0.1,0.0,1,3,1,0,4,67,1,1,0,0,0,0,0,0,0,0,64,2,1,1,1,0,0,,0,1,0,1,1,3,1,0,2,2.47,2,0,0,0,0,0,0,0.0,74,1,14,37,24,0,74,1,0,0.0,0,0.0,39,172,82,1,2,0,0,0,56,1,0,0,0,1,2,0,0,1,1,0,0,0,7,1,0,100.0,,,,,,,,,,,,,,,,,,,,,,,,,,,,,,,,2024-2025
2228,Rodri,es ESP,FW,Betis,es La Liga,24.0,2000.0,3,1,118,1.3,0,0,0,0,0,0,0,0,0.2,0.2,0.1,0.2,0.0,0.19,4,8,11,2,2,100.0,1.53,1.53,0.0,0.0,22.6,0,0,0,0.2,0.2,0.08,-0.2,-0.2,56,66,84.8,941,282,0,0.1,0.3,-0.1,2,4,5,0,8,61,5,1,0,1,6,1,3,2,1,0,56,2,1,1,1,0,2,50.0,1,2,1,1,1,3,1,1,11,8.39,7,2,0,1,0,1,0,0.0,86,3,22,32,33,6,86,6,2,33.3,4,66.7,57,401,183,4,3,3,5,2,63,11,0,0,0,2,2,1,6,1,1,0,0,0,10,0,2,0.0,,,,,,,,,,,,,,,,,,,,,,,,,,,,,,,,2024-2025
2229,Adrian Rodriguez,es ESP,GK,Alavés,es La Liga,23.0,2000.0,2,1,122,1.4,0,0,0,0,0,0,1,0,0.0,0.0,0.0,0.0,0.0,0.0,0,0,0,0,0,,0.0,0.0,,,,0,0,0,0.0,0.0,,0.0,0.0,19,50,38.0,1160,1084,0,0.0,0.0,0.0,0,1,0,0,0,13,37,13,0,0,0,0,0,0,0,0,19,0,0,0,0,0,1,0.0,1,0,0,0,0,0,3,1,0,0.0,0,0,0,0,0,0,0,0.0,58,45,55,3,0,0,58,0,0,,0,,19,135,61,0,0,0,0,0,4,0,1,0,0,0,3,0,0,0,0,0,0,0,0,0,0,,2.0,1.48,6.0,4.0,83.3,0.0,1.0,0.0,1.0,100.0,1.0,1.0,0.0,0.0,1.5,0.13,-0.5,-0.36,18.0,48.0,37.5,26.0,0.0,92.3,56.3,33.0,0.0,0.0,0.0,0.0,9.8,2024-2025
2231,Álvaro Rodríguez,uy URU,FW,Getafe,es La Liga,20.0,2004.0,22,7,852,9.5,2,0,2,2,0,0,6,0,1.2,1.2,0.3,1.5,0.21,0.16,6,13,50,25,10,40.0,2.64,1.06,0.08,0.2,16.8,0,0,0,1.2,1.2,0.05,0.8,0.8,110,239,46.0,1496,344,0,0.3,0.4,-0.3,5,15,2,1,13,233,1,0,2,1,5,0,0,0,0,0,110,10,7,0,7,3,10,50.0,5,23,0,23,3,13,12,0,16,1.69,9,0,4,2,1,0,0,0.0,415,15,27,194,204,55,415,33,16,48.5,15,45.5,186,735,221,6,13,2,37,20,300,50,6,0,0,30,19,6,5,3,7,0,0,0,31,104,84,55.3,,,,,,,,,,,,,,,,,,,,,,,,,,,,,,,,2024-2025
2232,Óscar Rodríguez Arnaiz,es ESP,"MF,FW",Leganés,es La Liga,26.0,1998.0,29,12,1330,14.8,1,4,5,1,0,0,6,1,2.1,2.1,2.2,4.3,0.34,0.29,24,60,66,33,6,18.2,2.23,0.41,0.03,0.17,25.1,9,0,0,2.1,2.1,0.06,-1.1,-1.1,400,555,72.1,6923,2124,4,2.2,1.7,1.8,19,31,21,7,60,490,60,22,4,13,55,4,29,12,15,0,400,32,17,10,16,6,32,43.8,18,10,1,9,20,52,20,0,48,3.25,30,7,5,3,2,1,9,0.61,749,19,113,395,251,21,749,52,21,40.4,26,50.0,381,2191,968,24,24,8,34,14,491,66,6,1,0,19,25,1,55,20,17,1,1,0,56,12,24,33.3,,,,,,,,,,,,,,,,,,,,,,,,,,,,,,,,2024-2025
2233,Arturo Rodríguez,es ESP,FW,Las Palmas,es La Liga,17.0,2006.0,1,0,21,0.2,0,0,0,0,0,0,0,0,0.0,0.0,0.0,0.0,0.0,0.0,1,0,2,0,0,,0.0,0.0,,,,0,0,0,0.0,0.0,,0.0,0.0,5,7,71.4,56,0,0,0.0,0.0,0.0,0,0,0,0,0,7,0,0,0,0,2,0,0,0,0,0,5,0,0,0,0,0,0,,0,0,0,0,0,0,0,0,0,0.0,0,0,0,0,0,0,0,0.0,11,0,0,3,8,2,11,1,0,0.0,1,100.0,7,37,11,1,0,1,0,0,8,2,0,0,0,0,0,0,2,0,0,0,0,0,1,0,1,0.0,,,,,,,,,,,,,,,,,,,,,,,,,,,,,,,,2024-2025
2234,Damián Rodríguez,es ESP,MF,Celta Vigo,es La Liga,21.0,2003.0,17,10,927,10.3,0,0,0,0,0,0,3,0,0.1,0.1,0.8,0.9,0.0,0.09,8,71,12,4,0,0.0,0.39,0.0,0.0,,27.5,0,0,0,0.1,0.1,0.03,-0.1,-0.1,726,814,89.2,12535,3486,0,0.8,1.4,-0.8,17,85,4,0,71,746,66,34,2,6,30,0,31,5,16,0,726,14,9,3,10,1,16,37.5,10,6,1,5,7,21,13,0,26,2.52,17,9,0,0,0,0,2,0.19,876,15,127,589,162,4,876,2,0,0.0,2,100.0,529,2383,1230,8,8,0,4,6,680,12,3,0,0,13,9,0,30,7,9,0,0,0,49,0,4,0.0,,,,,,,,,,,,,,,,,,,,,,,,,,,,,,,,2024-2025
2235,Dani Rodríguez,es ESP,"MF,FW",Mallorca,es La Liga,36.0,1988.0,37,26,2162,24.0,4,7,11,4,0,0,5,0,2.8,2.8,3.1,6.0,0.46,0.25,37,78,108,31,10,32.3,1.29,0.42,0.13,0.4,17.9,1,0,0,2.8,2.8,0.09,1.2,1.2,498,715,69.7,8276,2537,7,3.1,3.4,3.9,33,42,17,6,78,608,103,28,8,8,116,4,57,27,28,0,498,49,29,18,21,10,27,51.9,13,22,3,19,12,61,30,0,62,2.58,33,23,0,3,3,0,12,0.5,971,27,126,463,395,54,971,34,16,47.1,14,41.2,512,2728,1116,37,38,5,50,46,611,108,5,0,0,51,40,8,116,12,29,0,0,0,70,27,37,42.2,,,,,,,,,,,,,,,,,,,,,,,,,,,,,,,,2024-2025
2236,Daniel Rodriguez,es ESP,FW,Barcelona,es La Liga,18.0,2005.0,1,1,37,0.4,0,0,0,0,0,0,0,0,0.0,0.0,0.0,0.0,0.0,0.06,4,2,9,2,0,0.0,4.86,0.0,0.0,,22.2,0,0,0,0.0,0.0,0.01,0.0,0.0,15,20,75.0,202,28,0,0.0,0.0,0.0,0,0,2,0,2,20,0,0,0,0,3,0,0,0,0,0,15,0,0,0,0,0,0,,0,1,0,1,0,0,0,0,2,4.86,2,0,0,0,0,0,0,0.0,25,0,0,2,23,3,25,1,0,0.0,0,0.0,20,154,110,4,0,2,3,0,23,9,0,0,0,0,0,0,3,0,0,0,0,0,0,0,0,,,,,,,,,,,,,,,,,,,,,,,,,,,,,,,,,2024-2025
2237,Guido Rodríguez,ar ARG,MF,West Ham,eng Premier League,30.0,1994.0,23,16,1149,12.8,0,1,1,0,0,0,6,0,0.2,0.2,0.2,0.4,0.08,0.03,4,33,7,8,1,12.5,0.63,0.08,0.0,0.0,27.8,0,0,0,0.2,0.2,0.03,-0.2,-0.2,480,569,84.4,8091,2164,1,0.2,0.2,0.8,4,37,1,0,33,554,15,14,1,5,5,1,0,0,0,0,480,36,19,21,15,0,33,51.5,16,23,9,14,13,49,35,1,12,0.94,10,0,0,2,0,0,1,0.08,709,54,223,423,64,5,709,6,3,50.0,1,16.7,327,1167,481,4,5,2,4,7,408,7,6,0,0,18,12,2,5,13,19,0,0,0,53,11,7,61.1,,,,,,,,,,,,,,,,,,,,,,,,,,,,,,,,2024-2025
2238,James Rodríguez,co COL,"MF,FW",Rayo Vallecano,es La Liga,33.0,1991.0,6,1,140,1.6,0,0,0,0,0,0,1,0,0.3,0.3,0.2,0.5,0.0,0.29,3,13,7,4,2,50.0,2.57,1.29,0.0,0.0,18.8,0,0,0,0.3,0.3,0.07,-0.3,-0.3,78,98,79.6,1368,440,0,0.2,0.3,-0.2,2,12,1,0,13,84,14,4,1,0,13,2,6,4,2,0,78,3,2,1,2,0,2,0.0,2,2,0,2,1,4,0,0,6,3.86,4,1,0,1,0,0,0,0.0,116,1,16,51,50,4,116,7,5,71.4,2,28.6,71,244,105,3,4,1,5,0,85,7,1,0,0,2,1,3,13,1,2,0,0,0,8,2,3,40.0,,,,,,,,,,,,,,,,,,,,,,,,,,,,,,,,2024-2025
2239,Javi Rodríguez,es ESP,DF,Celta Vigo,es La Liga,21.0,2003.0,36,26,2514,27.9,3,2,5,3,0,0,7,0,2.3,2.3,1.0,3.3,0.18,0.12,29,114,51,12,5,41.7,0.43,0.18,0.25,0.6,10.8,0,0,0,2.3,2.3,0.2,0.7,0.7,1488,1716,86.7,26876,8180,2,1.0,1.0,1.0,13,110,10,1,114,1607,109,35,2,9,4,74,0,0,0,0,1488,53,38,35,17,1,47,70.2,14,29,10,19,33,86,96,2,35,1.25,29,0,2,1,3,0,3,0.11,1994,121,709,1072,217,23,1994,22,10,45.5,9,40.9,1187,5254,2820,29,27,1,22,5,1411,51,7,0,0,37,22,0,4,33,38,0,0,0,87,40,35,53.3,,,,,,,,,,,,,,,,,,,,,,,,,,,,,,,,2024-2025
2240,Jesus Rodríguez,es ESP,FW,Betis,es La Liga,18.0,2005.0,21,15,1111,12.3,2,0,2,2,0,0,0,0,2.3,2.3,0.2,2.5,0.16,0.2,53,35,99,23,8,34.8,1.86,0.65,0.09,0.25,17.9,0,0,0,2.3,2.3,0.1,-0.3,-0.3,241,331,72.8,3111,935,0,0.2,0.7,-0.2,8,15,19,2,35,322,8,1,0,0,18,4,3,0,1,0,241,16,14,6,6,4,18,27.8,13,16,0,16,6,22,3,0,34,2.75,17,0,8,2,7,0,5,0.41,532,5,47,212,284,69,532,84,30,35.7,46,54.8,361,2868,1506,53,36,39,38,20,381,99,0,0,0,17,38,2,18,6,14,1,0,0,58,3,8,27.3,,,,,,,,,,,,,,,,,,,,,,,,,,,,,,,,2024-2025
2241,Kirian Rodríguez,es ESP,MF,Las Palmas,es La Liga,28.0,1996.0,21,21,1758,19.5,0,3,3,0,0,0,2,0,1.6,1.6,1.5,3.0,0.15,0.16,25,128,39,21,8,38.1,1.08,0.41,0.0,0.0,21.8,0,0,0,1.6,1.6,0.08,-1.6,-1.6,1026,1204,85.2,16191,4876,3,1.5,1.4,1.5,16,106,14,1,128,1154,43,34,8,4,18,2,6,2,3,0,1026,33,17,12,18,3,43,51.2,21,22,4,18,10,43,21,0,49,2.51,43,2,1,0,2,1,7,0.36,1357,47,294,872,199,15,1357,16,11,68.8,5,31.3,763,3545,1999,25,24,0,20,14,1027,39,2,0,0,9,18,0,18,10,17,0,0,0,100,13,17,43.3,,,,,,,,,,,,,,,,,,,,,,,,,,,,,,,,2024-2025
2242,Ricardo Rodríguez,ch SUI,DF,Betis,es La Liga,31.0,1992.0,18,15,1274,14.2,0,1,1,0,0,0,0,0,0.2,0.2,0.4,0.6,0.07,0.04,19,63,32,5,1,20.0,0.35,0.07,0.0,0.0,26.3,2,0,0,0.2,0.2,0.04,-0.2,-0.2,610,744,82.0,9246,3362,1,0.4,0.6,0.6,7,50,8,5,63,611,130,17,0,3,15,113,0,0,0,0,610,28,15,16,5,7,26,65.4,9,10,1,9,8,36,51,0,27,1.91,23,1,0,2,0,1,2,0.14,866,39,253,437,181,7,866,7,4,57.1,3,42.9,434,2005,1105,19,23,1,4,3,498,32,0,0,0,12,6,0,15,8,15,0,0,0,55,27,17,61.4,,,,,,,,,,,,,,,,,,,,,,,,,,,,,,,,2024-2025
2243,Rodrygo,br BRA,"FW,MF",Real Madrid,es La Liga,23.0,2001.0,30,22,1928,21.4,6,5,11,6,0,0,0,0,4.0,3.9,3.0,6.9,0.51,0.33,113,108,253,54,20,37.0,2.52,0.93,0.11,0.3,16.4,3,0,0,4.0,3.9,0.07,2.0,2.1,939,1093,85.9,12276,3000,5,3.0,4.2,2.0,49,66,26,2,108,986,102,23,1,3,81,17,57,24,22,0,939,21,14,14,5,2,23,30.4,16,18,1,17,11,32,9,0,106,4.95,66,18,13,3,5,1,9,0.42,1340,14,97,464,802,127,1340,111,49,44.1,46,41.4,889,5906,3404,113,87,50,47,15,1068,253,0,0,0,8,37,1,81,11,14,1,0,0,71,7,16,30.4,,,,,,,,,,,,,,,,,,,,,,,,,,,,,,,,2024-2025
2244,Mads Roerslev,dk DEN,DF,Brentford,eng Premier League,25.0,1999.0,19,11,1101,12.2,0,2,2,0,0,0,2,0,0.2,0.2,3.0,3.2,0.16,0.26,17,51,54,5,2,40.0,0.41,0.16,0.0,0.0,20.8,0,0,0,0.2,0.2,0.04,-0.2,-0.2,422,536,78.7,6925,2249,2,3.0,2.1,-1.0,14,37,11,4,51,471,63,2,0,1,31,61,0,0,0,0,422,18,8,14,3,1,28,39.3,17,12,5,7,4,22,35,0,21,1.72,18,0,1,1,1,0,2,0.16,645,49,234,268,146,20,645,19,7,36.8,8,42.1,352,1630,858,17,13,0,9,6,406,54,2,0,0,6,10,0,31,4,8,0,0,0,39,10,14,41.7,,,,,,,,,,,,,,,,,,,,,,,,,,,,,,,,2024-2025
2246,Morgan Rogers,eng ENG,"FW,MF",Aston Villa,eng Premier League,22.0,2002.0,37,37,3114,34.6,8,10,18,8,0,0,10,0,6.6,6.6,7.8,14.4,0.52,0.42,114,123,188,55,20,36.4,1.59,0.58,0.15,0.4,15.9,0,0,0,6.6,6.6,0.12,1.4,1.4,664,907,73.2,9771,3327,10,7.8,5.2,2.2,51,73,56,3,123,853,47,2,22,6,27,9,0,0,0,0,664,43,22,15,15,13,47,51.1,23,26,7,19,6,49,20,2,105,3.04,80,0,13,7,5,0,16,0.46,1362,43,200,592,597,142,1362,160,66,41.3,74,46.3,794,5594,3232,114,68,33,114,74,956,188,10,0,0,50,51,2,27,6,22,1,0,0,119,13,52,20.0,,,,,,,,,,,,,,,,,,,,,,,,,,,,,,,,2024-2025
2248,Alessio Romagnoli,it ITA,DF,Lazio,it Serie A,29.0,1995.0,32,31,2672,29.7,2,0,2,2,0,0,4,2,2.4,2.4,0.3,2.6,0.07,0.09,8,90,4,20,7,35.0,0.67,0.24,0.1,0.29,9.8,0,0,0,2.4,2.4,0.12,-0.4,-0.4,1624,1770,91.8,27954,9785,0,0.3,0.3,-0.3,9,107,5,0,90,1609,156,58,1,0,0,11,0,0,0,0,1624,48,29,20,26,2,27,81.5,5,33,17,16,26,74,118,1,27,0.91,25,0,0,2,0,0,1,0.03,2042,270,923,1045,83,41,2042,3,1,33.3,2,66.7,1064,4251,1826,8,6,0,6,1,1371,4,4,2,0,29,14,2,0,26,29,0,0,0,96,84,47,64.1,,,,,,,,,,,,,,,,,,,,,,,,,,,,,,,,2024-2025
2249,Leo Román,es ESP,GK,Mallorca,es La Liga,24.0,2000.0,7,7,630,7.0,0,0,0,0,0,0,0,0,0.0,0.0,0.0,0.0,0.0,0.0,0,0,0,0,0,,0.0,0.0,,,,0,0,0,0.0,0.0,,0.0,0.0,137,240,57.1,4877,4009,0,0.0,0.0,0.0,0,4,0,0,0,167,73,21,0,0,0,0,0,0,0,0,137,0,0,0,0,0,0,,0,0,0,0,0,0,6,0,0,0.0,0,0,0,0,0,0,0,0.0,279,228,277,2,0,0,279,1,1,100.0,0,0.0,124,699,396,0,0,0,0,0,122,0,0,0,0,0,1,0,0,0,0,0,0,0,8,0,0,,10.0,1.43,49.0,39.0,81.6,2.0,1.0,4.0,2.0,28.6,1.0,1.0,0.0,0.0,13.5,0.26,3.5,0.5,48.0,139.0,34.5,188.0,18.0,53.2,41.8,127.0,8.0,6.3,6.0,0.86,11.2,2024-2025
2250,Carlos Romero,es ESP,DF,Espanyol,es La Liga,22.0,2001.0,34,28,2554,28.4,2,1,3,2,0,0,7,0,2.0,2.0,2.1,4.2,0.11,0.15,50,64,113,29,6,20.7,1.02,0.21,0.07,0.33,20.8,1,0,0,2.0,2.0,0.07,0.0,0.0,719,1007,71.4,11960,4409,1,2.1,2.4,-1.1,29,47,26,12,64,809,195,20,1,5,92,154,21,5,6,0,719,73,47,49,16,8,82,54.9,37,50,15,35,30,103,102,1,62,2.18,42,12,6,1,1,0,4,0.14,1366,114,488,490,412,29,1366,52,22,42.3,23,44.2,593,3815,2099,50,35,12,33,13,656,113,7,0,0,34,21,1,92,30,47,0,2,0,125,14,24,36.8,,,,,,,,,,,,,,,,,,,,,,,,,,,,,,,,2024-2025
2251,Cristian Romero,ar ARG,DF,Tottenham,eng Premier League,26.0,1998.0,18,18,1416,15.7,1,0,1,1,0,0,3,0,1.6,1.6,0.6,2.2,0.06,0.14,12,71,3,16,8,50.0,1.02,0.51,0.06,0.13,9.1,0,0,0,1.6,1.6,0.1,-0.6,-0.6,1094,1223,89.5,20402,8197,0,0.6,0.8,-0.6,7,109,8,1,71,1120,101,80,4,2,3,7,0,0,0,0,1094,35,29,26,8,1,30,70.0,9,18,3,15,21,56,57,2,20,1.27,16,0,0,4,0,0,4,0.25,1377,157,594,720,74,23,1377,4,1,25.0,2,50.0,896,4702,2893,12,18,0,10,5,936,3,3,0,0,14,12,2,3,21,29,0,0,0,90,41,27,60.3,,,,,,,,,,,,,,,,,,,,,,,,,,,,,,,,2024-2025
2252,Isaac Romero,es ESP,FW,Sevilla,es La Liga,24.0,2000.0,31,26,2156,24.0,4,2,6,4,0,1,10,1,6.8,6.0,2.1,8.1,0.25,0.37,21,29,95,53,17,32.1,2.21,0.71,0.08,0.24,16.9,0,0,1,6.8,6.0,0.11,-2.8,-2.0,310,441,70.3,4995,703,2,2.1,2.2,-0.1,20,20,11,4,29,388,48,0,1,1,18,3,0,0,0,0,310,13,7,4,4,5,16,18.8,13,18,1,17,7,20,27,0,44,1.84,30,1,5,3,5,0,7,0.29,751,21,69,340,349,89,750,65,21,32.3,36,55.4,382,1633,576,21,10,14,79,61,520,95,10,1,0,38,37,11,18,7,7,1,1,0,59,29,51,36.3,,,,,,,,,,,,,,,,,,,,,,,,,,,,,,,,2024-2025
2253,Luka Romero,ar ARG,"FW,MF",Alavés,es La Liga,19.0,2004.0,6,2,199,2.2,0,0,0,0,0,1,0,0,0.8,0.0,0.2,0.2,0.0,0.45,3,0,12,1,0,0.0,0.45,0.0,0.0,,38.7,0,0,1,0.8,0.0,0.02,-0.8,0.0,34,49,69.4,515,110,0,0.2,0.4,-0.2,4,0,1,1,0,43,6,1,0,0,10,0,4,0,3,0,34,4,4,1,1,2,3,66.7,1,2,0,2,1,5,0,0,8,3.62,4,1,1,0,1,1,1,0.45,69,0,5,28,37,5,68,3,1,33.3,1,33.3,42,256,69,3,1,1,5,7,45,12,0,0,0,3,3,1,10,1,4,1,0,0,9,2,4,33.3,,,,,,,,,,,,,,,,,,,,,,,,,,,,,,,,2024-2025
2254,Oriol Romeu,es ESP,MF,Girona,es La Liga,32.0,1991.0,25,17,1356,15.1,0,0,0,0,0,0,5,0,0.1,0.1,0.3,0.4,0.0,0.03,22,73,8,5,1,20.0,0.33,0.07,0.0,0.0,22.5,0,0,0,0.1,0.1,0.03,-0.1,-0.1,798,883,90.4,13866,3011,0,0.3,0.7,-0.3,8,81,2,1,73,871,12,12,2,7,8,0,0,0,0,0,798,38,25,14,19,5,26,53.8,12,22,8,14,12,50,20,4,20,1.33,20,0,0,0,0,0,1,0.07,1032,48,223,668,141,4,1032,8,4,50.0,3,37.5,600,3070,1666,22,16,1,13,13,782,8,5,0,0,28,18,0,8,12,25,0,1,0,71,13,18,41.9,,,,,,,,,,,,,,,,,,,,,,,,,,,,,,,,2024-2025
2256,Marten de Roon,nl NED,"MF,DF",Atalanta,it Serie A,33.0,1991.0,36,34,3058,34.0,4,4,8,4,0,0,5,0,0.9,0.9,2.3,3.2,0.24,0.09,37,242,32,14,4,28.6,0.41,0.12,0.29,1.0,22.7,0,0,0,0.9,0.9,0.06,3.1,3.1,1950,2258,86.4,36232,11018,4,2.3,2.9,1.7,25,236,27,3,242,2137,120,94,1,17,28,25,0,0,0,0,1950,74,48,32,38,4,66,45.5,36,40,7,33,47,121,67,1,73,2.15,59,10,1,0,1,2,14,0.41,2538,89,615,1479,463,19,2538,13,6,46.2,6,46.2,1475,6603,3579,37,51,1,24,9,1754,32,5,0,0,48,22,1,28,47,48,0,0,0,140,46,29,61.3,,,,,,,,,,,,,,,,,,,,,,,,,,,,,,,,2024-2025
2257,Vitor Roque,br BRA,FW,Betis,es La Liga,19.0,2005.0,22,14,1235,13.7,4,0,4,4,0,0,4,0,6.1,6.1,1.2,7.3,0.29,0.53,24,17,57,41,18,43.9,2.99,1.31,0.1,0.22,14.5,0,0,0,6.1,6.1,0.15,-2.1,-2.1,142,195,72.8,1986,451,0,1.2,0.7,-1.2,12,4,10,3,17,163,32,0,1,0,6,1,1,0,0,0,142,11,6,1,6,4,5,20.0,4,5,0,5,7,18,4,0,34,2.48,19,0,5,5,5,0,4,0.29,365,3,27,167,179,57,365,39,10,25.6,25,64.1,213,1250,554,24,14,16,41,35,239,57,4,0,0,30,30,5,6,7,6,2,0,0,35,15,29,34.1,,,,,,,,,,,,,,,,,,,,,,,,,,,,,,,,2024-2025
2261,Valentin Rosier,fr FRA,DF,Leganés,es La Liga,27.0,1996.0,32,28,2595,28.8,1,2,3,1,0,0,8,0,0.9,0.9,1.1,2.0,0.1,0.07,41,74,89,14,4,28.6,0.49,0.14,0.07,0.25,18.7,0,0,0,0.9,0.9,0.06,0.1,0.1,956,1206,79.3,14806,5646,2,1.1,1.3,0.9,11,72,17,4,74,977,224,17,0,2,39,207,0,0,0,0,956,72,52,48,16,8,68,63.2,25,40,15,25,52,124,149,2,35,1.21,24,4,3,4,0,0,6,0.21,1615,149,630,706,298,28,1615,45,23,51.1,19,42.2,746,3787,2057,41,31,7,31,21,802,89,8,0,0,44,18,8,39,52,52,0,0,0,121,26,17,60.5,,,,,,,,,,,,,,,,,,,,,,,,,,,,,,,,2024-2025
2265,Jonas Rouhi,se SWE,DF,Juventus,it Serie A,20.0,2004.0,5,1,210,2.3,0,0,0,0,0,0,0,0,0.0,0.0,0.0,0.0,0.0,0.0,1,9,7,0,0,,0.0,0.0,,,,0,0,0,0.0,0.0,,0.0,0.0,126,159,79.2,2022,643,0,0.0,0.0,0.0,0,9,0,0,9,138,21,2,0,1,3,19,0,0,0,0,126,4,1,1,3,0,1,0.0,1,2,0,2,3,7,2,0,0,0.0,0,0,0,0,0,0,0,0.0,192,4,63,97,33,2,192,5,2,40.0,3,60.0,84,414,158,1,2,0,5,5,118,7,0,0,0,4,2,0,3,3,1,0,0,0,15,0,4,0.0,,,,,,,,,,,,,,,,,,,,,,,,,,,,,,,,2024-2025
2267,Nicolò Rovella,it ITA,MF,Lazio,it Serie A,22.0,2001.0,33,31,2718,30.2,0,3,3,0,0,0,13,0,1.5,1.5,2.2,3.7,0.1,0.12,45,159,42,28,8,28.6,0.93,0.26,0.0,0.0,23.4,2,0,0,1.5,1.5,0.06,-1.5,-1.5,1862,2078,89.6,34282,8459,3,2.2,2.1,0.8,31,174,24,3,159,1992,83,53,9,16,37,9,16,5,7,0,1862,84,50,39,38,7,79,51.9,38,19,4,15,47,131,46,3,71,2.35,58,5,2,0,3,3,3,0.1,2354,91,589,1458,335,16,2354,25,18,72.0,6,24.0,1451,7910,3837,45,49,2,22,14,1749,42,13,0,0,43,33,2,37,47,50,0,0,0,154,11,19,36.7,,,,,,,,,,,,,,,,,,,,,,,,,,,,,,,,2024-2025
2269,Amir Rrahmani,xk KVX,DF,Napoli,it Serie A,30.0,1994.0,38,38,3406,37.8,1,3,4,1,0,0,2,0,2.9,2.9,1.1,4.0,0.11,0.11,30,188,2,28,3,10.7,0.74,0.08,0.04,0.33,9.2,0,0,0,2.9,2.9,0.1,-1.9,-1.9,2531,2781,91.0,49903,17211,3,1.1,0.7,1.9,11,202,9,0,188,2636,144,101,2,15,1,10,0,0,0,0,2531,39,31,19,19,1,25,64.0,9,43,26,17,27,66,179,2,42,1.11,35,2,0,5,0,0,4,0.11,3152,268,1355,1687,118,34,3152,6,4,66.7,2,33.3,1859,8924,5052,30,19,0,9,6,2254,2,2,0,0,42,16,0,1,27,31,0,0,1,135,124,55,69.3,,,,,,,,,,,,,,,,,,,,,,,,,,,,,,,,2024-2025
2270,Tommaso Rubino,it ITA,MF,Fiorentina,it Serie A,17.0,2006.0,1,0,8,0.1,0,0,0,0,0,0,0,0,0.0,0.0,0.0,0.0,0.0,0.53,0,1,0,0,0,,0.0,0.0,,,,0,0,0,0.0,0.0,,0.0,0.0,1,3,33.3,22,19,0,0.0,0.1,0.0,1,0,0,0,1,3,0,0,1,0,0,0,0,0,0,0,1,0,0,0,0,0,1,0.0,1,0,0,0,0,0,0,0,1,11.25,1,0,0,0,0,0,0,0.0,3,0,1,2,0,0,3,0,0,,0,,3,5,4,0,0,0,0,0,1,0,0,0,0,1,0,0,0,0,0,0,0,0,2,0,0,,,,,,,,,,,,,,,,,,,,,,,,,,,,,,,,,2024-2025
2271,Antonio Rüdiger,de GER,DF,Real Madrid,es La Liga,31.0,1993.0,29,26,2291,25.5,0,0,0,0,0,0,3,0,1.7,1.7,0.5,2.3,0.0,0.09,20,94,4,24,4,16.7,0.94,0.16,0.0,0.0,18.0,0,0,0,1.7,1.7,0.07,-1.7,-1.7,1706,1858,91.8,32076,10610,0,0.5,0.9,-0.5,7,117,6,1,94,1780,72,48,3,18,4,9,0,0,0,0,1706,20,13,14,6,0,15,73.3,4,22,14,8,9,29,96,1,28,1.1,19,0,0,6,3,0,2,0.08,2069,233,969,1016,94,23,2069,7,3,42.9,2,28.6,1373,6532,4120,20,26,2,7,2,1584,4,3,0,0,15,15,2,4,9,13,2,1,0,102,35,24,59.3,,,,,,,,,,,,,,,,,,,,,,,,,,,,,,,,2024-2025
2272,Matteo Ruggeri,it ITA,DF,Atalanta,it Serie A,22.0,2002.0,30,19,1751,19.5,0,3,3,0,0,0,2,0,0.2,0.2,2.0,2.2,0.15,0.11,60,114,104,3,2,66.7,0.15,0.1,0.0,0.0,20.4,0,0,0,0.2,0.2,0.08,-0.2,-0.2,1107,1315,84.2,17350,4754,3,2.0,1.8,1.0,24,67,24,21,114,1167,145,13,0,2,82,126,6,0,3,0,1107,39,24,15,14,10,39,64.1,14,30,4,26,22,61,50,1,39,2.0,35,1,1,2,0,0,4,0.21,1479,50,384,634,471,13,1479,11,6,54.5,4,36.4,785,3979,2046,60,34,0,13,4,973,104,2,0,0,12,5,2,82,22,24,0,0,0,124,23,15,60.5,,,,,,,,,,,,,,,,,,,,,,,,,,,,,,,,2024-2025
2273,Aitor Ruibal,es ESP,"DF,FW",Betis,es La Liga,28.0,1996.0,29,13,1313,14.6,1,3,4,1,0,0,5,0,0.9,0.9,2.4,3.3,0.27,0.23,21,50,64,16,4,25.0,1.1,0.27,0.06,0.25,19.0,0,0,0,0.9,0.9,0.06,0.1,0.1,495,612,80.9,7589,3113,3,2.4,1.9,0.6,20,36,12,6,50,516,91,5,1,1,32,81,2,1,1,0,495,32,23,22,4,6,47,53.2,22,20,5,15,14,46,40,1,36,2.46,31,2,1,1,1,0,4,0.27,790,45,231,321,248,33,790,27,14,51.9,13,48.1,398,1795,938,21,25,7,27,16,459,64,5,0,0,10,18,2,32,14,23,0,0,0,71,7,13,35.0,,,,,,,,,,,,,,,,,,,,,,,,,,,,,,,,2024-2025
2274,Abel Ruiz,es ESP,FW,Girona,es La Liga,24.0,2000.0,23,17,1346,15.0,4,0,4,3,1,2,3,0,4.6,3.0,0.5,3.5,0.2,0.34,21,23,71,21,7,33.3,1.4,0.47,0.14,0.43,14.0,0,1,2,4.6,3.0,0.14,-0.6,0.0,239,272,87.9,3608,480,0,0.5,0.7,-0.5,8,14,5,0,23,238,33,0,1,1,4,2,0,0,0,0,239,6,2,2,2,2,5,40.0,3,7,2,5,5,11,7,0,17,1.14,12,0,1,3,1,0,1,0.07,391,11,28,188,177,59,389,20,7,35.0,10,50.0,225,1274,413,21,12,10,32,18,281,71,3,0,0,7,13,5,4,5,2,0,0,0,21,9,19,32.1,,,,,,,,,,,,,,,,,,,,,,,,,,,,,,,,2024-2025
2275,Ferrán Ruiz,es ESP,MF,Girona,es La Liga,21.0,2003.0,1,0,18,0.2,0,0,0,0,0,0,0,0,0.0,0.0,0.0,0.0,0.0,0.0,0,1,0,0,0,,0.0,0.0,,,,0,0,0,0.0,0.0,,0.0,0.0,3,6,50.0,39,15,0,0.0,0.0,0.0,0,0,0,0,1,6,0,0,0,0,0,0,0,0,0,0,3,0,0,0,0,0,0,,0,2,1,1,1,1,0,0,0,0.0,0,0,0,0,0,0,0,0.0,9,0,3,6,1,0,9,0,0,,0,,5,15,1,0,0,0,1,0,4,0,0,0,0,0,0,0,0,1,0,0,0,0,1,0,1,0.0,,,,,,,,,,,,,,,,,,,,,,,,,,,,,,,,2024-2025
2278,Georginio Rutter,fr FRA,"MF,FW",Brighton,eng Premier League,22.0,2002.0,28,19,1656,18.4,5,3,8,5,0,0,2,0,4.6,4.6,2.5,7.1,0.43,0.39,42,67,79,50,12,24.0,2.72,0.65,0.1,0.42,15.5,0,0,0,4.6,4.6,0.09,0.4,0.4,237,355,66.8,3344,1174,3,2.5,1.7,0.5,19,30,16,1,67,344,9,0,12,0,9,0,0,0,0,0,237,39,15,13,18,8,36,38.9,22,20,3,17,10,49,13,2,64,3.47,37,0,9,7,9,2,8,0.43,641,20,83,246,326,79,641,71,27,38.0,34,47.9,361,2467,1405,42,36,16,45,37,411,79,2,0,0,34,45,7,9,10,15,0,1,0,66,25,46,35.2,,,,,,,,,,,,,,,,,,,,,,,,,,,,,,,,2024-2025
2282,José Sá,pt POR,GK,Wolves,eng Premier League,31.0,1993.0,29,29,2609,29.0,0,0,0,0,0,0,2,0,0.0,0.0,0.2,0.2,0.0,0.01,0,2,0,0,0,,0.0,0.0,,,,0,0,0,0.0,0.0,,0.0,0.0,592,924,64.1,15334,10381,0,0.2,0.0,-0.2,3,22,1,0,2,706,215,65,1,0,0,0,0,0,0,0,592,2,2,2,0,0,2,100.0,0,0,0,0,0,2,15,1,5,0.17,5,0,0,0,0,0,0,0.0,985,785,976,10,0,0,985,8,8,100.0,0,0.0,630,3790,2483,0,0,0,1,0,485,0,2,0,0,4,9,0,0,0,2,0,4,0,37,11,1,91.7,48.0,1.66,117.0,69.0,63.2,11.0,5.0,13.0,7.0,24.1,7.0,5.0,2.0,0.0,42.8,0.33,-3.2,-0.11,94.0,382.0,24.6,771.0,121.0,39.3,35.2,432.0,32.0,7.4,43.0,1.48,15.5,2024-2025
2284,Youssouf Sabaly,sn SEN,DF,Betis,es La Liga,31.0,1993.0,22,20,1581,17.6,0,1,1,0,0,0,1,0,0.2,0.2,0.8,1.0,0.06,0.06,25,62,63,5,0,0.0,0.28,0.0,0.0,,20.3,0,0,0,0.2,0.2,0.04,-0.2,-0.2,862,994,86.7,11913,4253,1,0.8,0.9,0.2,11,49,7,5,62,798,196,20,2,3,31,176,0,0,0,0,862,40,25,21,15,4,32,75.0,8,21,4,17,13,53,40,0,19,1.08,17,1,1,0,0,0,3,0.17,1170,43,351,591,236,26,1170,20,8,40.0,10,50.0,620,2245,1145,25,12,4,27,12,680,63,1,0,0,18,12,1,31,13,25,0,0,0,87,9,13,40.9,,,,,,,,,,,,,,,,,,,,,,,,,,,,,,,,2024-2025
2286,Stefano Sabelli,it ITA,DF,Genoa,it Serie A,31.0,1993.0,34,23,2058,22.9,0,2,2,0,0,0,3,0,0.1,0.1,1.9,2.1,0.09,0.09,36,88,43,6,1,16.7,0.26,0.04,0.0,0.0,22.5,0,0,0,0.1,0.1,0.02,-0.1,-0.1,825,1204,68.5,15435,7657,2,1.9,1.7,0.1,18,79,31,12,88,938,259,28,3,4,60,228,3,0,2,0,825,58,31,27,25,6,52,38.5,32,28,7,21,22,80,65,0,38,1.66,33,3,0,0,2,0,2,0.09,1428,61,507,676,252,10,1428,13,4,30.8,5,38.5,641,3036,1836,36,23,1,22,4,759,43,3,0,0,25,23,0,60,22,31,0,0,0,92,16,26,38.1,,,,,,,,,,,,,,,,,,,,,,,,,,,,,,,,2024-2025
2289,Umar Sadiq,ng NGA,FW,Valencia,es La Liga,27.0,1997.0,16,9,825,9.2,5,0,5,5,0,0,4,0,3.4,3.4,0.7,4.1,0.55,0.45,9,7,49,20,7,35.0,2.18,0.76,0.25,0.71,13.2,0,0,0,3.4,3.4,0.19,1.6,1.6,125,173,72.3,1721,228,0,0.7,0.4,-0.7,6,4,0,0,7,155,17,0,0,3,0,1,0,0,0,0,125,10,5,3,5,2,6,66.7,2,7,0,7,1,11,7,0,15,1.64,8,0,2,2,1,2,3,0.33,301,8,22,133,150,41,301,25,11,44.0,12,48.0,175,940,274,9,8,3,41,24,229,49,4,0,0,29,16,13,0,1,5,0,0,0,14,23,19,54.8,,,,,,,,,,,,,,,,,,,,,,,,,,,,,,,,2024-2025
2290,Umar Sadiq,ng NGA,FW,Real Sociedad,es La Liga,27.0,1997.0,7,2,227,2.5,0,0,0,0,0,0,1,0,0.2,0.2,0.2,0.4,0.0,0.15,5,5,18,5,0,0.0,1.98,0.0,0.0,,18.7,0,0,0,0.2,0.2,0.04,-0.2,-0.2,25,48,52.1,349,77,0,0.2,0.1,-0.2,1,2,0,0,5,46,1,0,0,0,2,0,0,0,0,0,25,2,1,1,1,0,2,50.0,1,3,1,2,1,3,2,0,3,1.19,2,0,0,1,0,0,0,0.0,85,1,12,30,46,16,85,9,5,55.6,4,44.4,49,278,94,5,2,3,14,6,66,18,1,0,0,8,1,5,2,1,1,0,0,0,5,9,11,45.0,,,,,,,,,,,,,,,,,,,,,,,,,,,,,,,,2024-2025
2291,Alexis Saelemaekers,be BEL,"DF,FW",Roma,it Serie A,25.0,1999.0,22,17,1389,15.4,7,3,10,7,0,0,4,0,2.5,2.5,2.6,5.1,0.65,0.33,39,53,136,25,12,48.0,1.62,0.78,0.28,0.58,16.7,0,0,0,2.5,2.5,0.1,4.5,4.5,630,773,81.5,9155,2444,3,2.6,2.0,0.4,24,35,22,7,53,700,68,10,3,5,53,49,6,3,1,0,630,33,20,22,7,4,35,51.4,17,12,1,11,9,42,8,1,55,3.57,42,2,3,4,4,0,10,0.65,945,11,149,390,417,47,945,52,22,42.3,27,51.9,582,2954,1499,39,32,14,39,14,709,136,4,0,0,13,30,0,53,9,20,2,0,0,75,8,3,72.7,,,,,,,,,,,,,,,,,,,,,,,,,,,,,,,,2024-2025
2292,Alexis Saelemaekers,be BEL,"DF,FW",Milan,it Serie A,25.0,1999.0,1,1,90,1.0,0,0,0,0,0,0,0,0,0.0,0.0,0.1,0.1,0.0,0.06,7,4,13,0,0,,0.0,0.0,,,,0,0,0,0.0,0.0,,0.0,0.0,66,78,84.6,1070,288,0,0.1,0.3,-0.1,2,5,1,0,4,64,13,2,0,0,10,7,4,2,1,0,66,1,1,0,0,1,1,100.0,0,0,0,0,1,2,0,0,9,9.0,6,3,0,0,0,0,0,0.0,81,0,9,34,38,2,81,0,0,,0,,59,356,234,7,4,1,1,0,61,13,0,0,0,0,2,0,10,1,1,0,0,0,4,0,0,,,,,,,,,,,,,,,,,,,,,,,,,,,,,,,,,2024-2025
2293,Jorge Sáenz,es ESP,DF,Leganés,es La Liga,27.0,1996.0,23,19,1690,18.8,1,0,1,1,0,0,4,1,1.3,1.3,0.1,1.4,0.05,0.07,5,36,2,8,3,37.5,0.43,0.16,0.13,0.33,8.9,0,0,0,1.3,1.3,0.16,-0.3,-0.3,752,898,83.7,14899,5767,0,0.1,0.3,-0.1,2,35,1,0,36,863,33,28,0,7,0,2,0,0,0,0,752,37,23,18,18,1,20,55.0,9,26,17,9,25,62,161,0,10,0.53,8,0,0,0,1,1,0,0.0,1181,153,643,528,16,12,1181,7,4,57.1,2,28.6,579,2331,1292,5,1,0,6,1,687,2,4,1,0,30,15,1,0,25,23,0,1,1,58,41,38,51.9,,,,,,,,,,,,,,,,,,,,,,,,,,,,,,,,2024-2025
2296,Richie Sagrado,be BEL,DF,Venezia,it Serie A,20.0,2004.0,3,3,140,1.6,0,0,0,0,0,0,1,0,0.1,0.1,0.0,0.1,0.0,0.03,0,2,5,1,0,0.0,0.64,0.0,0.0,,23.2,0,0,0,0.1,0.1,0.05,-0.1,-0.1,24,31,77.4,291,114,0,0.0,0.0,0.0,0,2,0,0,2,27,4,0,0,0,0,4,0,0,0,0,24,2,2,1,1,0,1,100.0,0,1,0,1,3,5,4,0,0,0.0,0,0,0,0,0,0,0,0.0,46,4,16,20,11,0,46,0,0,,0,,21,93,55,0,0,0,3,0,24,5,1,0,0,2,2,0,0,3,2,0,0,0,6,2,0,100.0,,,,,,,,,,,,,,,,,,,,,,,,,,,,,,,,2024-2025
2300,Bukayo Saka,eng ENG,"FW,MF",Arsenal,eng Premier League,22.0,2001.0,25,20,1729,19.2,6,10,16,5,1,1,3,0,6.8,6.0,7.6,13.7,0.78,0.75,96,70,255,66,22,33.3,3.44,1.15,0.08,0.23,15.6,1,1,1,6.8,6.0,0.09,-0.8,-1.0,552,731,75.5,8408,2487,10,7.6,7.8,2.4,58,15,38,12,70,644,83,7,4,2,117,12,64,56,0,2,552,29,15,9,11,9,24,54.2,11,22,0,22,3,32,8,0,117,6.09,71,20,12,10,4,0,23,1.2,979,6,57,216,715,162,978,90,41,45.6,37,41.1,628,4253,2460,96,32,51,34,40,711,255,3,0,0,15,39,7,117,3,15,1,0,0,70,10,20,33.3,,,,,,,,,,,,,,,,,,,,,,,,,,,,,,,,2024-2025
2302,Marco Sala,it ITA,DF,Como,it Serie A,25.0,1999.0,8,3,261,2.9,0,0,0,0,0,0,3,0,0.0,0.0,0.1,0.1,0.0,0.04,10,16,16,0,0,,0.0,0.0,,,,0,0,0,0.0,0.0,,0.0,0.0,115,152,75.7,1728,523,0,0.1,0.2,-0.1,1,8,2,1,16,134,18,1,0,1,9,17,0,0,0,0,115,9,6,5,3,1,8,62.5,3,2,0,2,1,10,9,0,6,2.07,6,0,0,0,0,0,0,0.0,173,9,54,69,51,1,173,2,1,50.0,0,0.0,113,565,311,10,10,1,1,1,116,16,3,0,0,5,1,0,9,1,6,0,0,0,11,1,2,33.3,,,,,,,,,,,,,,,,,,,,,,,,,,,,,,,,2024-2025
2303,Marco Sala,it ITA,DF,Lecce,it Serie A,25.0,1999.0,2,0,72,0.8,0,0,0,0,0,0,0,0,0.0,0.0,0.4,0.4,0.0,0.46,5,6,9,0,0,,0.0,0.0,,,,0,0,0,0.0,0.0,,0.0,0.0,36,50,72.0,557,177,0,0.4,0.1,-0.4,1,2,3,1,6,40,10,0,0,0,8,9,1,1,0,0,36,1,0,0,1,0,1,0.0,1,1,0,1,0,1,0,0,1,1.25,1,0,0,0,0,0,0,0.0,52,0,11,25,16,0,52,0,0,,0,,32,211,137,5,0,0,0,0,37,9,0,0,0,1,1,0,8,0,0,0,0,0,1,0,2,0.0,,,,,,,,,,,,,,,,,,,,,,,,,,,,,,,,2024-2025
2305,Mohamed Salah,eg EGY,FW,Liverpool,eng Premier League,32.0,1992.0,38,38,3371,37.5,29,18,47,20,9,9,1,0,25.2,18.2,14.2,32.4,1.01,1.05,154,144,488,121,50,41.3,3.23,1.33,0.17,0.4,14.5,1,9,9,25.2,18.2,0.15,3.8,1.8,892,1263,70.6,13343,3919,18,14.2,9.1,3.8,88,53,93,15,144,1227,30,7,19,3,79,23,0,0,0,0,892,21,11,7,5,9,17,47.1,9,12,0,12,9,30,5,0,169,4.51,123,2,22,14,5,3,27,0.72,1695,11,97,500,1119,356,1686,137,58,42.3,72,52.6,1149,6973,3695,154,59,126,116,67,1407,488,1,0,0,25,39,18,79,9,11,0,0,0,101,9,14,39.1,,,,,,,,,,,,,,,,,,,,,,,,,,,,,,,,2024-2025
2306,Anass Salah-Eddine,nl NED,DF,Roma,it Serie A,22.0,2002.0,3,2,152,1.7,0,1,1,0,0,0,0,0,0.3,0.3,0.1,0.5,0.59,0.27,8,2,15,2,1,50.0,1.18,0.59,0.0,0.0,13.0,0,0,0,0.3,0.3,0.16,-0.3,-0.3,86,103,83.5,1414,246,1,0.1,0.1,0.9,2,2,1,1,2,86,16,1,0,0,6,15,0,0,0,0,86,1,1,1,0,0,0,,0,0,0,0,1,2,2,2,4,2.37,4,0,0,0,0,0,1,0.59,117,3,25,45,49,4,117,3,0,0.0,3,100.0,61,431,283,8,5,2,2,1,86,15,0,0,0,2,1,0,6,1,1,0,0,0,6,0,1,0.0,,,,,,,,,,,,,,,,,,,,,,,,,,,,,,,,2024-2025
2308,Jan Salas,es ESP,"MF,FW",Mallorca,es La Liga,18.0,2005.0,4,0,43,0.5,0,0,0,0,0,0,0,0,0.1,0.1,0.0,0.1,0.0,0.12,1,4,4,2,0,0.0,4.19,0.0,0.0,,22.9,0,0,0,0.1,0.1,0.03,-0.1,-0.1,20,26,76.9,275,70,0,0.0,0.1,0.0,0,4,1,0,4,26,0,0,0,0,1,0,0,0,0,0,20,3,1,2,1,0,2,100.0,0,0,0,0,0,3,0,0,1,2.09,0,0,0,1,0,0,0,0.0,32,1,10,13,9,0,32,0,0,,0,,13,83,69,1,1,0,1,0,21,4,0,0,0,0,3,0,1,0,1,0,0,0,2,1,0,100.0,,,,,,,,,,,,,,,,,,,,,,,,,,,,,,,,2024-2025
2309,Kike Salas,es ESP,DF,Sevilla,es La Liga,22.0,2002.0,31,25,2238,24.9,3,2,5,3,0,0,6,0,1.9,1.9,0.6,2.5,0.2,0.1,7,59,18,23,6,26.1,0.92,0.24,0.13,0.5,12.7,0,0,0,1.9,1.9,0.08,1.1,1.1,1109,1412,78.5,21141,7603,2,0.6,0.9,1.4,6,69,3,1,59,1280,129,47,1,13,9,69,0,0,0,0,1109,47,28,24,16,7,46,58.7,19,26,14,12,32,79,146,0,17,0.68,14,0,0,3,0,0,4,0.16,1710,177,883,707,129,27,1710,5,3,60.0,2,40.0,717,2745,1430,7,3,0,11,2,1022,18,6,0,0,21,15,0,9,32,28,0,0,0,95,77,33,70.0,,,,,,,,,,,,,,,,,,,,,,,,,,,,,,,,2024-2025
2311,William Saliba,fr FRA,DF,Arsenal,eng Premier League,23.0,2001.0,35,35,3039,33.8,2,0,2,2,0,0,2,1,2.3,2.3,0.9,3.1,0.06,0.09,16,138,6,6,2,33.3,0.18,0.06,0.33,1.0,5.4,0,0,0,2.3,2.3,0.38,-0.3,-0.3,2413,2559,94.3,41458,12540,0,0.9,1.3,-0.9,7,180,6,0,138,2508,46,36,1,10,3,4,0,0,0,0,2413,62,37,37,23,2,28,75.0,7,25,15,10,21,83,119,7,27,0.8,25,0,0,1,0,1,1,0.03,2824,190,1127,1571,142,18,2824,19,12,63.2,6,31.6,1756,7626,4154,16,17,1,19,8,2137,6,2,1,0,28,17,1,3,21,37,0,1,0,154,61,36,62.9,,,,,,,,,,,,,,,,,,,,,,,,,,,,,,,,2024-2025
2315,Lazar Samardzic,rs SRB,MF,Atalanta,it Serie A,22.0,2002.0,31,7,1169,13.0,2,1,3,2,0,0,3,0,2.0,2.0,2.9,4.9,0.23,0.37,54,92,99,33,12,36.4,2.54,0.92,0.06,0.17,19.6,3,0,0,2.0,2.0,0.06,0.0,0.0,539,692,77.9,9402,2297,1,2.9,4.0,-1.9,35,60,30,3,92,641,47,8,6,15,60,1,37,29,5,0,539,21,15,5,7,9,25,48.0,13,9,1,8,2,23,6,0,77,5.93,50,12,8,6,0,1,6,0.46,867,6,61,353,459,54,867,60,27,45.0,32,53.3,573,3612,1652,54,40,21,36,19,658,99,3,0,0,19,10,1,60,2,15,0,0,0,50,4,23,14.8,,,,,,,,,,,,,,,,,,,,,,,,,,,,,,,,2024-2025
2321,Albert Sambi Lokonga,be BEL,MF,Sevilla,es La Liga,24.0,1999.0,22,16,1471,16.3,0,2,2,0,0,0,4,0,0.9,0.9,1.0,1.9,0.12,0.12,24,93,20,13,5,38.5,0.8,0.31,0.0,0.0,19.8,0,0,0,0.9,0.9,0.07,-0.9,-0.9,799,894,89.4,13113,3894,2,1.0,0.9,1.0,19,81,8,0,93,867,26,20,5,10,2,5,0,0,0,0,799,22,15,10,9,3,14,71.4,4,13,1,12,9,31,24,3,35,2.14,32,0,0,2,0,1,3,0.18,1018,42,262,596,162,17,1018,10,4,40.0,4,40.0,533,2948,1640,24,14,1,19,13,746,20,4,0,0,22,21,0,2,9,15,0,0,0,69,28,14,66.7,,,,,,,,,,,,,,,,,,,,,,,,,,,,,,,,2024-2025
2322,Junior Sambia,fr FRA,"DF,FW",Empoli,it Serie A,27.0,1996.0,17,2,387,4.3,0,0,0,0,0,0,0,0,0.4,0.4,0.3,0.7,0.0,0.16,5,21,20,10,1,10.0,2.33,0.23,0.0,0.0,25.5,4,0,0,0.4,0.4,0.04,-0.4,-0.4,124,182,68.1,2254,916,0,0.3,0.3,-0.3,6,14,9,7,21,132,50,4,1,2,28,39,7,2,5,0,124,14,10,3,6,5,11,100.0,0,3,0,3,2,16,5,0,11,2.56,9,1,0,0,0,1,0,0.0,244,5,25,126,95,8,244,19,7,36.8,8,42.1,105,512,232,5,6,1,8,6,113,20,0,0,0,6,9,0,28,2,10,0,0,0,18,7,7,50.0,,,,,,,,,,,,,,,,,,,,,,,,,,,,,,,,2024-2025
2323,Chuky san jose,es ESP,MF,Valladolid,es La Liga,20.0,2004.0,18,9,728,8.1,2,0,2,2,0,0,1,0,2.2,2.2,1.2,3.4,0.25,0.42,6,15,27,16,7,43.8,1.98,0.87,0.13,0.29,19.3,0,0,0,2.2,2.2,0.14,-0.2,-0.2,112,163,68.7,1897,530,0,1.2,1.5,-1.2,8,10,5,3,15,143,19,7,0,1,24,0,9,7,2,0,112,8,2,3,3,2,9,22.2,7,4,1,3,0,8,4,0,15,1.86,9,3,1,0,2,0,2,0.25,232,5,37,107,89,12,232,9,4,44.4,5,55.6,107,481,251,6,5,1,14,5,145,27,1,0,0,3,10,4,24,0,2,0,0,0,20,2,10,16.7,,,,,,,,,,,,,,,,,,,,,,,,,,,,,,,,2024-2025
2324,Antonio Sanabria,py PAR,FW,Torino,it Serie A,28.0,1996.0,26,16,1318,14.6,2,1,3,2,0,1,2,0,2.9,2.1,0.5,2.6,0.2,0.23,6,18,54,18,4,22.2,1.23,0.27,0.11,0.5,15.1,0,0,1,2.9,2.1,0.12,-0.9,-0.1,210,268,78.4,2844,451,1,0.5,0.7,0.5,9,13,3,0,18,256,11,1,2,1,0,1,0,0,0,0,210,3,3,1,1,1,4,25.0,3,6,1,5,1,4,13,0,21,1.44,14,1,0,3,3,0,3,0.21,377,16,43,199,140,34,376,11,6,54.5,5,45.5,227,898,220,6,6,1,32,23,301,54,2,0,0,16,13,1,0,1,3,1,0,0,24,26,58,31.0,,,,,,,,,,,,,,,,,,,,,,,,,,,,,,,,2024-2025
2325,Oihan Sancet,es ESP,MF,Athletic Club,es La Liga,24.0,2000.0,29,19,1620,18.0,15,1,16,12,3,3,2,0,9.7,7.3,1.9,9.2,0.72,0.64,52,90,115,47,17,36.2,2.61,0.94,0.26,0.71,16.7,1,3,3,9.7,7.3,0.16,5.3,4.7,461,569,81.0,6927,1632,1,1.9,1.5,-0.9,21,66,15,1,90,547,18,2,5,4,18,3,0,0,0,0,461,13,8,6,6,1,14,35.7,9,10,0,10,5,18,6,0,50,2.77,38,0,4,5,3,0,8,0.44,767,9,61,378,345,68,764,50,24,48.0,21,42.0,464,2996,1662,52,39,8,56,45,610,115,2,0,0,16,24,5,18,5,8,0,0,0,77,12,13,48.0,,,,,,,,,,,,,,,,,,,,,,,,,,,,,,,,2024-2025
2326,Alexis Sánchez,cl CHI,FW,Udinese,it Serie A,35.0,1988.0,13,6,437,4.9,0,0,0,0,0,0,0,0,0.8,0.8,0.2,1.0,0.0,0.2,2,19,19,7,0,0.0,1.44,0.0,0.0,,15.9,0,0,0,0.8,0.8,0.12,-0.8,-0.8,125,163,76.7,1951,551,0,0.2,0.3,-0.2,3,11,5,0,19,151,11,4,1,2,8,0,6,4,0,0,125,3,1,0,2,1,7,14.3,6,5,0,5,4,7,1,1,18,3.71,13,1,0,2,2,0,0,0.0,211,3,16,97,101,14,211,7,4,57.1,2,28.6,121,476,145,2,4,0,17,8,161,19,0,0,0,4,11,4,8,4,1,0,0,0,17,2,12,14.3,,,,,,,,,,,,,,,,,,,,,,,,,,,,,,,,2024-2025
2327,Antonio Sánchez,es ESP,"MF,DF",Mallorca,es La Liga,27.0,1997.0,33,12,1395,15.5,0,0,0,0,0,0,3,0,1.1,1.1,0.6,1.7,0.0,0.11,18,38,53,17,2,11.8,1.1,0.13,0.0,0.0,19.3,0,0,0,1.1,1.1,0.06,-1.1,-1.1,391,537,72.8,6493,1870,0,0.6,1.0,-0.6,5,36,8,4,38,495,38,4,1,2,33,28,3,0,2,0,391,28,16,16,8,4,36,38.9,22,16,2,14,18,46,36,1,18,1.16,12,2,1,2,1,0,0,0.0,729,35,211,333,201,20,729,25,14,56.0,8,32.0,367,1900,780,18,14,7,26,7,404,53,3,0,0,24,11,4,33,18,16,0,0,0,77,6,16,27.3,,,,,,,,,,,,,,,,,,,,,,,,,,,,,,,,2024-2025
2328,Iván Sánchez,es ESP,"MF,FW",Valladolid,es La Liga,31.0,1992.0,32,11,1404,15.6,2,1,3,2,0,0,4,0,0.7,0.7,2.9,3.5,0.19,0.23,60,77,93,15,5,33.3,0.96,0.32,0.13,0.4,21.1,2,0,0,0.7,0.7,0.04,1.3,1.3,422,591,71.4,7754,2475,1,2.9,2.9,-1.9,24,52,23,15,77,525,63,19,2,13,114,18,25,21,1,1,422,37,20,18,10,9,27,44.4,15,18,3,15,14,51,10,0,64,4.11,46,7,4,1,5,1,5,0.32,755,12,127,331,308,22,755,49,28,57.1,10,20.4,467,3520,2016,60,34,11,24,21,520,93,4,0,0,15,48,3,114,14,20,0,0,0,59,11,11,50.0,,,,,,,,,,,,,,,,,,,,,,,,,,,,,,,,2024-2025
2329,Javi Sánchez,es ESP,DF,Valladolid,es La Liga,27.0,1997.0,25,25,2026,22.5,2,0,2,2,0,0,6,0,0.5,0.5,0.3,0.8,0.09,0.03,4,34,4,11,5,45.5,0.49,0.22,0.18,0.4,23.5,5,0,0,0.5,0.5,0.04,1.5,1.5,1015,1163,87.3,20366,7564,0,0.3,0.4,-0.3,6,42,1,0,34,1095,60,34,0,11,0,6,0,0,0,0,1015,26,16,19,6,1,26,65.4,9,39,28,11,22,48,111,3,14,0.62,13,0,0,1,0,0,2,0.09,1387,228,934,424,32,11,1387,2,2,100.0,0,0.0,720,3293,1625,4,3,0,8,1,968,4,6,0,0,19,3,0,0,22,16,0,2,0,57,34,31,52.3,,,,,,,,,,,,,,,,,,,,,,,,,,,,,,,,2024-2025
2330,Juanlu Sánchez,es ESP,"MF,DF",Sevilla,es La Liga,20.0,2003.0,32,18,1722,19.1,4,4,8,4,0,0,6,1,2.1,2.1,2.8,5.0,0.42,0.26,44,68,83,13,6,46.2,0.68,0.31,0.31,0.67,12.1,0,0,0,2.1,2.1,0.17,1.9,1.9,568,697,81.5,8314,2421,4,2.8,1.7,1.2,24,51,14,5,68,635,60,2,0,2,40,55,0,0,0,0,568,50,34,28,15,7,59,59.3,24,27,2,25,17,67,19,0,40,2.09,36,0,2,2,0,0,5,0.26,884,22,204,413,279,31,884,28,11,39.3,16,57.1,427,2330,1394,44,23,8,24,12,558,83,6,1,1,18,12,1,40,17,34,0,0,0,66,19,19,50.0,,,,,,,,,,,,,,,,,,,,,,,,,,,,,,,,2024-2025
2331,Manu Sánchez,es ESP,DF,Alavés,es La Liga,23.0,2000.0,33,30,2634,29.3,1,0,1,1,0,0,6,1,1.7,1.7,1.2,2.9,0.03,0.1,47,78,97,12,2,16.7,0.41,0.07,0.08,0.5,16.7,0,0,0,1.7,1.7,0.15,-0.7,-0.7,807,1117,72.2,12801,4914,0,1.2,1.3,-1.2,16,53,21,13,78,824,285,19,1,3,78,262,4,1,2,0,807,83,56,40,33,10,69,59.4,28,51,12,39,30,113,76,1,40,1.37,28,5,0,5,2,0,3,0.1,1477,71,431,615,443,29,1477,37,8,21.6,24,64.9,562,3141,1592,47,27,5,39,20,627,97,6,1,0,56,21,1,78,30,56,0,1,1,105,8,32,20.0,,,,,,,,,,,,,,,,,,,,,,,,,,,,,,,,2024-2025
2332,Robert Sánchez,es ESP,GK,Chelsea,eng Premier League,26.0,1997.0,32,32,2880,32.0,0,0,0,0,0,0,5,0,0.0,0.0,0.1,0.1,0.0,0.0,0,1,0,0,0,,0.0,0.0,,,,0,0,0,0.0,0.0,,0.0,0.0,871,1249,69.7,21022,13967,0,0.1,0.0,-0.1,2,26,1,0,1,1086,156,74,0,6,0,0,0,0,0,0,871,0,0,0,0,0,1,0.0,1,0,0,0,2,2,24,10,7,0.22,6,1,0,0,0,0,2,0.06,1323,980,1311,12,0,0,1323,0,0,,0,,881,4456,2852,0,0,0,0,0,822,0,5,0,0,2,4,0,0,2,0,0,2,0,43,12,0,100.0,34.0,1.06,127.0,92.0,76.4,17.0,9.0,6.0,10.0,31.3,5.0,4.0,1.0,0.0,35.7,0.25,1.7,0.05,98.0,424.0,23.1,1160.0,190.0,33.3,33.4,370.0,47.0,12.7,57.0,1.78,14.5,2024-2025
2333,Jadon Sancho,eng ENG,FW,Chelsea,eng Premier League,24.0,2000.0,31,19,1764,19.6,3,4,7,3,0,0,2,0,2.2,2.2,3.7,5.8,0.36,0.3,102,90,225,24,8,33.3,1.22,0.41,0.13,0.38,15.1,0,0,0,2.2,2.2,0.09,0.8,0.8,663,803,82.6,8932,2093,4,3.7,3.1,0.3,38,28,48,0,90,791,11,1,7,1,25,9,1,1,0,0,663,13,7,3,3,7,12,41.7,7,11,0,11,2,15,8,2,70,3.57,63,0,3,1,3,0,10,0.51,975,13,117,283,585,121,975,97,45,46.4,40,41.2,653,4450,2435,102,35,57,30,21,760,225,2,0,0,6,11,6,25,2,7,2,0,0,99,6,11,35.3,,,,,,,,,,,,,,,,,,,,,,,,,,,,,,,,2024-2025
2338,Ibrahim Sangaré,ci CIV,MF,Nott'ham Forest,eng Premier League,26.0,1997.0,13,7,590,6.6,0,1,1,0,0,0,3,0,0.0,0.0,0.4,0.4,0.15,0.06,1,27,4,1,1,100.0,0.15,0.15,0.0,0.0,32.0,0,0,0,0.0,0.0,0.02,0.0,0.0,276,323,85.4,4521,1475,1,0.4,0.2,0.6,4,28,4,1,27,312,11,10,1,2,2,1,0,0,0,0,276,28,14,8,17,3,17,47.1,9,10,4,6,6,34,13,1,8,1.22,7,0,0,1,0,0,0,0.0,407,26,110,247,52,7,407,1,0,0.0,1,100.0,171,759,283,1,2,0,5,4,236,4,3,0,0,15,8,0,2,6,14,0,0,0,42,10,10,50.0,,,,,,,,,,,,,,,,,,,,,,,,,,,,,,,,2024-2025
2340,Maroan Sannadi,ma MAR,FW,Athletic Club,es La Liga,23.0,2001.0,16,7,754,8.4,1,1,2,1,0,0,0,0,3.5,3.5,0.6,4.1,0.24,0.48,21,15,67,19,7,36.8,2.27,0.84,0.05,0.14,15.1,0,0,0,3.5,3.5,0.18,-2.5,-2.5,115,159,72.3,1558,325,1,0.6,0.7,0.4,7,13,8,0,15,156,3,0,1,0,6,0,0,0,0,0,115,5,0,1,4,0,7,28.6,5,1,0,1,1,6,2,1,16,1.91,8,0,4,2,2,0,2,0.24,282,2,12,128,145,44,282,30,14,46.7,13,43.3,198,1096,512,21,7,9,41,18,237,67,0,0,0,20,30,7,6,1,0,1,0,0,24,14,17,45.2,,,,,,,,,,,,,,,,,,,,,,,,,,,,,,,,2024-2025
2343,Nicola Sansone,it ITA,"MF,FW",Lecce,it Serie A,32.0,1991.0,5,0,65,0.7,0,0,0,0,0,0,1,0,0.2,0.2,0.0,0.3,0.0,0.36,0,1,5,3,1,33.3,4.15,1.38,0.0,0.0,26.0,2,0,0,0.2,0.2,0.07,-0.2,-0.2,18,22,81.8,294,98,0,0.0,0.1,0.0,1,2,0,0,1,18,4,1,0,0,4,0,3,2,1,0,18,0,0,0,0,0,0,,0,0,0,0,0,0,0,0,5,6.92,3,1,0,0,1,0,0,0.0,29,1,4,10,15,3,29,1,0,0.0,1,100.0,20,83,7,0,1,0,1,1,20,5,1,0,0,0,1,1,4,0,0,0,0,0,1,0,1,0.0,,,,,,,,,,,,,,,,,,,,,,,,,,,,,,,,2024-2025
2346,Jesús Santiago,es ESP,MF,Getafe,es La Liga,20.0,2004.0,19,4,372,4.1,0,0,0,0,0,0,5,0,0.0,0.0,0.0,0.0,0.0,0.01,4,16,4,1,0,0.0,0.24,0.0,0.0,,22.9,0,0,0,0.0,0.0,0.02,0.0,0.0,99,136,72.8,1514,475,0,0.0,0.2,0.0,0,10,0,0,16,134,2,0,0,0,3,2,0,0,0,0,99,14,8,6,8,0,10,50.0,5,6,2,4,1,15,3,0,6,1.45,2,1,0,0,2,1,0,0.0,184,7,40,109,37,4,184,7,1,14.3,6,85.7,97,490,239,4,5,0,8,0,97,4,5,0,0,14,6,0,3,1,8,0,0,0,21,1,5,16.7,,,,,,,,,,,,,,,,,,,,,,,,,,,,,,,,2024-2025
2350,Pablo Sarabia,es ESP,"MF,FW",Wolves,eng Premier League,32.0,1992.0,23,7,814,9.0,3,2,5,3,0,0,3,0,2.9,2.9,1.8,4.6,0.55,0.51,15,60,62,17,8,47.1,1.88,0.88,0.18,0.38,18.9,2,0,0,2.9,2.9,0.17,0.1,0.1,308,445,69.2,5160,1909,2,1.8,1.9,0.2,15,39,20,3,60,372,65,22,5,2,47,10,24,22,2,0,308,16,8,4,8,4,16,62.5,6,10,0,10,4,20,7,1,28,3.1,20,6,2,0,0,0,5,0.55,552,4,58,271,226,24,552,15,6,40.0,7,46.7,325,1497,731,15,15,0,22,14,387,62,3,0,0,16,15,5,47,4,8,0,0,0,34,5,14,26.3,,,,,,,,,,,,,,,,,,,,,,,,,,,,,,,,2024-2025
2351,Jeremy Sarmiento,ec ECU,MF,Brighton,eng Premier League,22.0,2002.0,1,0,9,0.1,0,0,0,0,0,0,0,0,0.0,0.0,0.0,0.0,0.0,0.0,0,0,2,0,0,,0.0,0.0,,,,0,0,0,0.0,0.0,,0.0,0.0,6,6,100.0,74,1,0,0.0,0.0,0.0,0,0,0,0,0,6,0,0,0,0,0,0,0,0,0,0,6,0,0,0,0,0,0,,0,0,0,0,0,0,0,0,0,0.0,0,0,0,0,0,0,0,0.0,8,0,0,6,2,0,8,0,0,,0,,6,61,10,0,0,0,1,0,7,2,0,0,0,0,0,0,0,0,0,0,0,0,1,0,0,,,,,,,,,,,,,,,,,,,,,,,,,,,,,,,,,2024-2025
2352,Amin Sarr,se SWE,FW,Hellas Verona,it Serie A,23.0,2001.0,32,25,1907,21.2,4,1,5,4,0,0,1,0,3.2,3.2,2.1,5.4,0.24,0.25,31,41,103,23,7,30.4,1.09,0.33,0.17,0.57,14.3,0,0,0,3.2,3.2,0.15,0.8,0.8,322,460,70.0,4253,808,1,2.1,1.0,-1.1,22,26,16,2,41,435,24,0,1,1,7,2,0,0,0,0,322,22,12,3,8,11,10,50.0,5,18,3,15,3,25,14,0,45,2.13,35,0,3,5,2,0,4,0.19,681,21,54,302,328,58,681,33,14,42.4,18,54.5,345,1701,712,31,13,11,57,26,495,103,1,0,0,47,20,13,7,3,12,0,1,0,42,65,91,41.7,,,,,,,,,,,,,,,,,,,,,,,,,,,,,,,,2024-2025
2353,Ismaila Sarr,sn SEN,MF,Crystal Palace,eng Premier League,26.0,1998.0,38,30,2711,30.1,8,6,14,8,0,0,4,0,10.7,10.7,8.5,19.2,0.46,0.64,75,85,183,59,29,49.2,1.96,0.96,0.14,0.28,13.2,0,0,0,10.7,10.7,0.19,-2.7,-2.7,490,742,66.0,7257,2202,6,8.5,6.7,-2.5,44,28,42,9,85,735,2,0,13,1,55,2,0,0,0,0,490,22,10,10,9,3,25,32.0,17,27,8,19,9,31,40,0,110,3.65,81,0,6,9,14,0,12,0.4,1091,48,180,411,511,135,1091,61,17,27.9,35,57.4,607,3721,2108,75,47,28,70,43,739,183,4,0,0,14,56,11,55,9,10,1,0,0,113,37,52,41.6,,,,,,,,,,,,,,,,,,,,,,,,,,,,,,,,2024-2025
2357,Razvan Sava,ro ROU,GK,Udinese,it Serie A,22.0,2002.0,12,12,1080,12.0,0,0,0,0,0,0,1,0,0.0,0.0,0.0,0.0,0.0,0.0,0,0,0,0,0,,0.0,0.0,,,,0,0,0,0.0,0.0,,0.0,0.0,277,395,70.1,7197,4630,0,0.0,0.0,0.0,0,6,0,0,0,302,90,35,0,0,0,0,0,0,0,0,277,0,0,0,0,0,0,,0,0,0,0,0,0,6,2,0,0.0,0,0,0,0,0,0,0,0.0,423,345,423,0,0,0,423,0,0,,0,,262,1182,698,0,0,0,1,0,236,0,1,0,0,1,1,0,0,0,0,0,1,0,13,0,1,0.0,16.0,1.33,51.0,37.0,74.5,5.0,4.0,3.0,4.0,33.3,3.0,3.0,0.0,0.0,14.5,0.24,0.5,0.04,44.0,148.0,29.7,337.0,26.0,33.2,32.2,202.0,4.0,2.0,13.0,1.08,14.8,2024-2025
2359,Sávio,br BRA,"FW,MF",Manchester City,eng Premier League,20.0,2004.0,29,21,1766,19.6,1,8,9,1,0,0,3,0,5.0,5.0,6.9,11.9,0.46,0.61,137,67,246,55,21,38.2,2.8,1.07,0.02,0.05,17.6,1,0,0,5.0,5.0,0.09,-4.0,-4.0,692,856,80.8,10296,1727,8,6.9,6.1,1.1,46,19,47,8,67,824,32,4,5,7,84,9,18,10,2,0,692,23,17,5,10,8,19,52.6,9,14,2,12,6,29,9,1,111,5.66,80,2,15,4,7,3,15,0.76,1095,14,55,286,774,154,1095,113,52,46.0,40,35.4,783,6489,3559,137,45,75,42,38,852,246,3,0,0,17,28,3,84,6,17,2,0,0,79,1,2,33.3,,,,,,,,,,,,,,,,,,,,,,,,,,,,,,,,2024-2025
2360,Nicolò Savona,it ITA,DF,Juventus,it Serie A,21.0,2003.0,28,19,1724,19.2,2,1,3,2,0,0,5,0,0.5,0.5,1.2,1.7,0.16,0.09,35,59,44,6,4,66.7,0.31,0.21,0.33,0.5,14.8,0,0,0,0.5,0.5,0.08,1.5,1.5,982,1097,89.5,16461,4872,1,1.2,0.9,-0.2,16,62,12,9,59,972,123,14,0,2,34,109,0,0,0,0,982,29,13,19,9,1,25,52.0,12,12,3,9,11,40,38,0,29,1.51,27,1,1,0,0,0,2,0.1,1227,60,438,597,199,15,1227,11,6,54.5,5,45.5,778,3980,1691,35,26,0,9,4,869,44,5,0,0,13,9,1,34,11,13,0,0,0,72,9,18,33.3,,,,,,,,,,,,,,,,,,,,,,,,,,,,,,,,2024-2025
2361,Saba Sazonov,ge GEO,DF,Torino,it Serie A,22.0,2002.0,1,0,3,0.0,0,0,0,0,0,0,0,0,0.0,0.0,0.0,0.0,0.0,0.0,0,0,0,0,0,,0.0,0.0,,,,0,0,0,0.0,0.0,,0.0,0.0,0,0,,0,0,0,0.0,0.0,0.0,0,0,0,0,0,0,0,0,0,0,0,0,0,0,0,0,0,0,0,0,0,0,0,,0,1,1,0,0,0,0,0,0,0.0,0,0,0,0,0,0,0,0.0,1,1,1,0,0,0,1,0,0,,0,,0,0,0,0,0,0,0,0,0,0,0,0,0,0,0,0,0,0,0,0,0,0,0,0,0,,,,,,,,,,,,,,,,,,,,,,,,,,,,,,,,,2024-2025
2363,Giorgio Scalvini,it ITA,DF,Atalanta,it Serie A,20.0,2003.0,6,4,272,3.0,0,0,0,0,0,0,2,0,0.1,0.1,0.0,0.1,0.0,0.05,5,20,7,4,0,0.0,1.32,0.0,0.0,,18.6,0,0,0,0.1,0.1,0.04,-0.1,-0.1,165,195,84.6,2779,1088,0,0.0,0.1,0.0,0,14,2,0,20,191,4,3,1,2,0,1,0,0,0,0,165,8,4,5,3,0,9,55.6,4,0,0,0,4,12,7,0,1,0.33,1,0,0,0,0,0,0,0.0,228,11,87,116,29,4,228,7,5,71.4,2,28.6,158,685,380,5,1,0,2,0,171,7,2,0,0,7,1,0,0,4,4,0,0,0,13,8,6,57.1,,,,,,,,,,,,,,,,,,,,,,,,,,,,,,,,2024-2025
2364,Gianluca Scamacca,it ITA,FW,Atalanta,it Serie A,25.0,1999.0,1,0,6,0.1,0,0,0,0,0,0,0,0,0.1,0.1,0.0,0.1,0.0,1.29,0,0,0,1,1,100.0,15.0,15.0,0.0,0.0,9.5,0,0,0,0.1,0.1,0.09,-0.1,-0.1,1,1,100.0,8,0,0,0.0,0.0,0.0,0,0,0,0,0,1,0,0,0,0,0,0,0,0,0,0,1,0,0,0,0,0,0,,0,0,0,0,0,0,0,0,0,0.0,0,0,0,0,0,0,0,0.0,2,0,0,1,1,1,2,0,0,,0,,2,1,0,0,0,0,0,0,2,0,0,0,0,0,0,0,0,0,0,0,0,0,0,0,0,,,,,,,,,,,,,,,,,,,,,,,,,,,,,,,,,2024-2025
2365,Oliver Scarles,eng ENG,"DF,FW",West Ham,eng Premier League,18.0,2005.0,15,7,665,7.4,0,0,0,0,0,0,1,0,0.1,0.1,0.1,0.2,0.0,0.03,12,22,44,3,0,0.0,0.41,0.0,0.0,,20.2,0,0,0,0.1,0.1,0.04,-0.1,-0.1,293,372,78.8,4388,1151,0,0.1,0.1,-0.1,2,10,5,1,22,333,36,4,1,1,15,32,0,0,0,0,293,21,11,17,3,1,22,63.6,8,14,2,12,11,32,26,0,6,0.81,6,0,0,0,0,0,0,0.0,466,32,159,179,133,9,466,7,2,28.6,5,71.4,219,871,483,12,9,2,12,3,272,44,1,0,0,5,3,1,15,11,11,0,0,0,34,6,6,50.0,,,,,,,,,,,,,,,,,,,,,,,,,,,,,,,,2024-2025
2366,Dane Scarlett,eng ENG,"FW,MF",Tottenham,eng Premier League,20.0,2004.0,3,0,34,0.4,0,1,1,0,0,0,0,0,0.0,0.0,0.0,0.1,2.65,0.22,1,1,1,1,1,100.0,2.65,2.65,0.0,0.0,13.9,0,0,0,0.0,0.0,0.04,0.0,0.0,3,5,60.0,37,20,1,0.0,0.0,1.0,1,0,0,0,1,5,0,0,0,0,0,0,0,0,0,0,3,1,0,0,1,0,0,,0,0,0,0,0,1,1,0,1,2.65,1,0,0,0,0,0,1,2.65,9,1,3,5,1,1,9,0,0,,0,,5,66,33,1,0,0,0,1,4,1,0,0,0,0,1,1,0,0,0,0,0,0,3,1,0,100.0,,,,,,,,,,,,,,,,,,,,,,,,,,,,,,,,2024-2025
2367,Kevin Schade,de GER,FW,Brentford,eng Premier League,22.0,2001.0,38,26,2293,25.5,11,2,13,11,0,0,3,0,8.2,8.2,3.7,11.9,0.51,0.47,61,38,165,55,27,49.1,2.16,1.06,0.2,0.41,11.5,0,0,0,8.2,8.2,0.15,2.8,2.8,323,541,59.7,4930,1389,2,3.7,1.8,-1.7,23,32,11,3,38,483,57,0,1,4,38,54,0,0,0,0,323,39,25,17,10,12,23,56.5,10,19,4,15,5,44,34,0,57,2.24,35,6,6,4,5,1,9,0.35,883,43,154,238,507,146,883,89,30,33.7,52,58.4,434,3086,1357,61,28,38,60,36,543,165,3,0,0,21,38,13,38,5,25,1,0,0,83,90,80,52.9,,,,,,,,,,,,,,,,,,,,,,,,,,,,,,,,2024-2025
2369,Fabian Schär,ch SUI,DF,Newcastle Utd,eng Premier League,32.0,1991.0,34,33,2934,32.6,4,0,4,4,0,0,9,1,3.7,3.7,0.4,4.1,0.12,0.13,18,118,22,40,11,27.5,1.23,0.34,0.1,0.36,19.8,5,0,0,3.7,3.7,0.09,0.3,0.3,1654,1977,83.7,33173,12752,0,0.4,1.0,-0.4,5,161,13,0,118,1890,79,65,4,31,13,14,0,0,0,0,1654,36,21,16,18,2,35,40.0,21,38,25,13,45,81,138,3,37,1.13,26,1,1,3,2,4,4,0.12,2319,266,1178,991,162,42,2319,13,8,61.5,3,23.1,1438,6526,3744,18,27,2,12,6,1609,22,9,1,0,35,15,4,13,45,21,0,0,0,134,56,71,44.1,,,,,,,,,,,,,,,,,,,,,,,,,,,,,,,,2024-2025
2372,Joël Schingtienne,be BEL,DF,Venezia,it Serie A,21.0,2002.0,16,12,1122,12.5,0,0,0,0,0,0,2,0,0.0,0.0,0.1,0.1,0.0,0.01,5,28,4,0,0,,0.0,0.0,,,,0,0,0,0.0,0.0,,0.0,0.0,420,487,86.2,6496,2235,0,0.1,0.1,-0.1,3,16,2,0,28,426,61,20,0,0,0,37,0,0,0,0,420,27,16,18,7,2,19,63.2,7,18,9,9,14,41,25,5,10,0.8,8,1,1,0,0,0,0,0.0,611,48,270,288,60,4,611,9,5,55.6,4,44.4,299,1463,669,5,6,0,16,5,320,4,2,0,0,7,1,0,0,14,16,0,1,0,49,4,14,22.2,,,,,,,,,,,,,,,,,,,,,,,,,,,,,,,,2024-2025
2376,Jeffrey Schlupp,gh GHA,"MF,DF",Crystal Palace,eng Premier League,31.0,1992.0,12,0,103,1.1,0,0,0,0,0,0,0,0,0.2,0.2,0.2,0.3,0.0,0.28,4,5,9,4,2,50.0,3.5,1.75,0.0,0.0,17.7,0,0,0,0.2,0.2,0.04,-0.2,-0.2,39,50,78.0,591,144,0,0.2,0.1,-0.2,3,4,2,0,5,47,3,0,0,0,4,3,0,0,0,0,39,2,0,1,0,1,3,0.0,3,6,0,6,0,2,2,0,7,6.06,5,0,1,1,0,0,0,0.0,79,2,9,31,41,6,79,1,1,100.0,0,0.0,30,150,67,4,1,1,7,0,41,9,0,0,0,1,0,0,4,0,0,0,0,0,6,3,4,42.9,,,,,,,,,,,,,,,,,,,,,,,,,,,,,,,,2024-2025
2383,Alex Scott,eng ENG,MF,Bournemouth,eng Premier League,20.0,2003.0,20,8,755,8.4,0,0,0,0,0,0,3,0,0.7,0.7,0.9,1.6,0.0,0.19,15,52,33,15,6,40.0,1.79,0.72,0.0,0.0,21.1,1,0,0,0.7,0.7,0.05,-0.7,-0.7,286,342,83.6,4583,1359,0,0.9,1.0,-0.9,12,41,5,1,52,317,23,10,2,4,7,1,5,3,0,0,286,27,14,11,8,8,42,45.2,23,17,4,13,10,37,15,0,29,3.45,19,2,0,2,3,3,2,0.24,485,24,90,257,144,18,485,26,6,23.1,13,50.0,247,1401,663,15,10,3,23,8,294,33,3,0,0,17,26,0,7,10,14,0,0,0,52,7,7,50.0,,,,,,,,,,,,,,,,,,,,,,,,,,,,,,,,2024-2025
2384,Simone Scuffet,it ITA,GK,Cagliari,it Serie A,28.0,1996.0,13,13,1170,13.0,0,0,0,0,0,0,0,0,0.0,0.0,0.0,0.0,0.0,0.0,0,0,0,0,0,,0.0,0.0,,,,0,0,0,0.0,0.0,,0.0,0.0,286,407,70.3,8534,6695,0,0.0,0.0,0.0,0,5,0,0,0,264,140,40,0,0,0,1,0,0,0,0,286,0,0,0,0,0,1,0.0,1,0,0,0,0,0,8,2,2,0.15,2,0,0,0,0,0,0,0.0,442,382,438,4,0,0,442,0,0,,0,,201,1040,641,0,0,0,0,0,178,0,0,0,0,0,1,0,0,0,0,0,0,0,17,3,1,75.0,23.0,1.77,56.0,33.0,67.9,3.0,3.0,7.0,1.0,7.7,5.0,5.0,0.0,0.0,20.4,0.28,-2.6,-0.2,71.0,181.0,39.2,305.0,50.0,42.0,35.5,189.0,6.0,3.2,7.0,0.54,11.8,2024-2025
2385,Simone Scuffet,it ITA,GK,Napoli,it Serie A,28.0,1996.0,1,1,90,1.0,0,0,0,0,0,0,0,0,0.0,0.0,0.0,0.0,0.0,0.0,0,0,0,0,0,,0.0,0.0,,,,0,0,0,0.0,0.0,,0.0,0.0,35,44,79.5,827,432,0,0.0,0.0,0.0,0,0,0,0,0,33,11,2,0,0,0,0,0,0,0,0,35,0,0,0,0,0,0,,0,0,0,0,0,0,2,0,0,0.0,0,0,0,0,0,0,0,0.0,46,45,46,0,0,0,46,0,0,,0,,27,156,51,0,0,0,0,0,18,0,0,0,0,0,0,0,0,0,0,0,0,0,0,1,0,100.0,1.0,1.0,4.0,3.0,75.0,0.0,1.0,0.0,0.0,0.0,0.0,0.0,0.0,0.0,1.6,0.4,0.6,0.6,3.0,12.0,25.0,35.0,5.0,25.7,29.3,29.0,1.0,3.4,0.0,0.0,7.0,2024-2025
2387,Aleksandar Sedlar,rs SRB,DF,Alavés,es La Liga,32.0,1991.0,9,7,594,6.6,0,0,0,0,0,0,1,1,0.0,0.0,0.0,0.0,0.0,0.0,2,12,1,1,0,0.0,0.15,0.0,0.0,,11.8,0,0,0,0.0,0.0,0.03,0.0,0.0,195,236,82.6,3966,1454,0,0.0,0.0,0.0,0,14,0,0,12,224,12,7,0,1,0,3,0,0,0,0,195,18,10,7,11,0,10,80.0,2,2,1,1,10,28,24,1,2,0.3,2,0,0,0,0,0,0,0.0,296,27,138,156,3,2,296,1,0,0.0,1,100.0,141,793,489,2,2,0,0,0,156,1,1,1,0,9,5,0,0,10,10,0,0,0,18,9,6,60.0,,,,,,,,,,,,,,,,,,,,,,,,,,,,,,,,2024-2025
2388,Jacopo Seghetti,it ITA,GK,Empoli,it Serie A,19.0,2005.0,1,1,90,1.0,0,0,0,0,0,0,0,0,0.0,0.0,0.0,0.0,0.0,0.0,0,0,0,0,0,,0.0,0.0,,,,0,0,0,0.0,0.0,,0.0,0.0,14,22,63.6,384,277,0,0.0,0.0,0.0,0,0,0,0,0,15,6,1,0,0,0,0,0,0,0,0,14,0,0,0,0,0,0,,0,0,0,0,0,0,0,0,0,0.0,0,0,0,0,0,0,0,0.0,24,17,24,0,0,0,24,0,0,,0,,12,53,44,0,0,0,0,0,9,0,0,0,0,0,0,0,0,0,0,0,0,0,0,0,0,,3.0,3.0,6.0,3.0,50.0,0.0,0.0,1.0,0.0,0.0,0.0,0.0,0.0,0.0,1.9,0.31,-1.1,-1.12,3.0,9.0,33.3,16.0,5.0,37.5,33.8,4.0,0.0,0.0,1.0,1.0,26.0,2024-2025
2392,Matz Sels,be BEL,GK,Nott'ham Forest,eng Premier League,32.0,1992.0,38,38,3420,38.0,0,0,0,0,0,0,4,0,0.0,0.0,0.4,0.4,0.0,0.01,1,2,0,0,0,,0.0,0.0,,,,0,0,0,0.0,0.0,,0.0,0.0,519,998,52.0,19289,16407,0,0.4,0.3,-0.4,2,45,4,0,2,610,375,105,0,0,0,0,0,0,0,0,519,1,1,1,0,0,1,100.0,0,0,0,0,0,1,26,1,6,0.16,3,3,0,0,0,0,0,0.0,1102,833,1082,20,0,0,1102,0,0,,0,,528,3230,1697,1,1,1,0,0,426,0,4,0,0,1,10,0,0,0,1,0,1,0,17,15,2,88.2,46.0,1.21,165.0,119.0,73.9,19.0,8.0,11.0,13.0,34.2,3.0,3.0,0.0,0.0,49.1,0.29,3.1,0.08,244.0,698.0,35.0,715.0,83.0,68.4,44.7,710.0,19.0,2.7,12.0,0.32,8.7,2024-2025
2393,Nélson Semedo,pt POR,DF,Wolves,eng Premier League,30.0,1993.0,34,32,2886,32.1,0,4,4,0,0,0,8,0,0.9,0.9,2.8,3.7,0.12,0.12,67,80,119,18,7,38.9,0.56,0.22,0.0,0.0,23.9,0,0,0,0.9,0.9,0.05,-0.9,-0.9,1096,1357,80.8,16627,5130,4,2.8,1.7,1.2,25,70,28,13,80,1142,210,12,1,5,63,198,0,0,0,0,1096,62,36,32,21,9,57,59.6,23,32,10,22,23,85,104,3,60,1.87,44,1,8,1,3,3,6,0.19,1717,123,483,788,467,27,1717,71,32,45.1,31,43.7,901,5223,2688,67,41,10,42,21,995,119,8,0,0,48,30,4,63,23,36,0,1,0,139,28,42,40.0,,,,,,,,,,,,,,,,,,,,,,,,,,,,,,,,2024-2025
2394,Antoine Semenyo,gh GHA,FW,Bournemouth,eng Premier League,24.0,2000.0,37,36,3203,35.6,11,5,16,11,0,0,9,0,10.0,10.0,5.8,15.8,0.45,0.44,140,109,282,125,40,32.0,3.51,1.12,0.09,0.28,17.0,0,0,0,10.0,10.0,0.08,1.0,1.0,821,1119,73.4,11674,2915,5,5.8,4.3,-0.8,46,49,45,8,109,1049,60,4,9,6,59,53,3,0,1,0,821,55,35,17,25,13,43,37.2,27,67,9,58,11,66,39,2,132,3.71,85,4,21,15,5,2,13,0.37,1653,46,206,573,909,191,1653,135,69,51.1,57,42.2,979,7353,3581,140,69,67,84,77,1140,282,9,0,0,73,37,15,59,11,35,1,0,0,158,66,76,46.5,,,,,,,,,,,,,,,,,,,,,,,,,,,,,,,,2024-2025
2396,Marcos Senesi,ar ARG,DF,Bournemouth,eng Premier League,27.0,1997.0,17,13,1106,12.3,0,0,0,0,0,0,5,0,0.8,0.8,0.2,1.1,0.0,0.09,12,62,7,3,0,0.0,0.24,0.0,0.0,,7.9,0,0,0,0.8,0.8,0.28,-0.8,-0.8,561,735,76.3,11536,5815,0,0.2,0.5,-0.2,3,79,13,3,62,699,31,23,0,2,11,6,0,0,0,0,561,39,21,23,14,2,31,45.2,17,16,7,9,14,53,58,0,16,1.3,16,0,0,0,0,0,1,0.08,889,73,391,427,82,16,889,10,6,60.0,4,40.0,554,2862,1677,12,16,0,7,6,565,7,5,0,0,22,8,0,11,14,21,0,0,0,71,32,29,52.5,,,,,,,,,,,,,,,,,,,,,,,,,,,,,,,,2024-2025
2397,Stefano Sensi,it ITA,MF,Monza,it Serie A,28.0,1995.0,12,2,274,3.0,1,0,1,0,1,1,0,0,0.9,0.2,0.2,0.4,0.0,0.38,4,38,8,6,1,16.7,1.97,0.33,0.0,0.0,30.6,1,1,1,0.9,0.2,0.03,0.1,-0.2,257,299,86.0,4852,1499,0,0.2,0.3,-0.2,3,36,4,1,38,285,12,6,0,3,12,1,5,0,4,0,257,8,5,4,4,0,6,83.3,1,4,2,2,3,11,3,1,15,4.89,13,1,0,0,1,0,0,0.0,329,6,75,201,57,1,328,7,5,71.4,1,14.3,245,1261,588,4,5,0,1,3,262,8,0,0,0,3,6,0,12,3,5,0,0,0,16,2,3,40.0,,,,,,,,,,,,,,,,,,,,,,,,,,,,,,,,2024-2025
2398,Suat Serdar,de GER,MF,Hellas Verona,it Serie A,27.0,1997.0,22,16,1376,15.3,2,1,3,2,0,0,4,1,1.9,1.9,1.0,2.9,0.2,0.19,18,56,35,30,8,26.7,1.96,0.52,0.07,0.25,20.9,0,0,0,1.9,1.9,0.06,0.1,0.1,357,477,74.8,5878,1693,1,1.0,0.5,0.0,10,47,5,1,56,458,13,8,3,5,9,3,2,0,0,0,357,35,22,12,19,4,26,38.5,16,19,4,15,8,43,21,0,29,1.9,19,0,3,3,4,0,1,0.07,660,31,122,383,164,30,660,37,19,51.4,15,40.5,370,1701,750,18,20,3,24,15,395,35,4,1,1,33,18,0,9,8,22,0,0,0,74,14,14,50.0,,,,,,,,,,,,,,,,,,,,,,,,,,,,,,,,2024-2025
2399,Sergi,es ESP,DF,Leganés,es La Liga,32.0,1992.0,36,33,2957,32.9,2,0,2,2,0,0,2,1,1.5,1.5,0.4,1.9,0.06,0.06,3,77,2,13,5,38.5,0.4,0.15,0.15,0.4,10.0,0,0,0,1.5,1.5,0.11,0.5,0.5,1271,1518,83.7,25210,9824,0,0.4,0.5,-0.4,5,59,5,0,77,1457,54,52,0,7,1,1,0,0,0,0,1271,40,29,22,16,2,32,56.3,14,38,29,9,39,79,185,2,12,0.37,11,0,0,0,1,0,3,0.09,1875,243,1054,790,35,22,1875,5,4,80.0,0,0.0,977,4046,2161,3,3,0,7,2,1199,2,2,1,0,30,12,7,1,39,29,1,1,1,80,63,58,52.1,,,,,,,,,,,,,,,,,,,,,,,,,,,,,,,,2024-2025
2400,Nicolás Serrano,es ESP,FW,Athletic Club,es La Liga,21.0,2003.0,4,1,112,1.2,0,0,0,0,0,0,0,0,0.2,0.2,0.0,0.2,0.0,0.15,2,4,18,5,1,20.0,4.02,0.8,0.0,0.0,24.6,0,0,0,0.2,0.2,0.03,-0.2,-0.2,25,44,56.8,342,90,0,0.0,0.1,0.0,1,2,1,1,4,37,7,2,0,0,13,0,5,4,0,0,25,1,1,0,1,0,3,33.3,2,4,0,4,1,2,1,0,2,1.61,2,0,0,0,0,0,0,0.0,68,1,7,19,42,4,68,9,3,33.3,6,66.7,27,163,65,2,1,1,1,3,44,18,0,0,0,2,2,0,13,1,1,0,0,0,3,0,2,0.0,,,,,,,,,,,,,,,,,,,,,,,,,,,,,,,,2024-2025
2402,Ryan Sessegnon,eng ENG,"FW,DF",Fulham,eng Premier League,24.0,2000.0,16,7,580,6.4,4,2,6,4,0,0,1,0,1.6,1.6,1.1,2.7,0.93,0.42,18,22,59,14,8,57.1,2.17,1.24,0.29,0.5,12.8,0,0,0,1.6,1.6,0.12,2.4,2.4,189,241,78.4,2728,859,2,1.1,1.1,0.9,12,18,7,2,22,226,15,0,0,0,16,13,1,0,0,0,189,27,13,11,11,5,20,45.0,11,13,1,12,3,30,18,0,24,3.72,20,0,1,2,1,0,4,0.62,363,15,88,131,149,45,363,21,8,38.1,10,47.6,180,1054,549,18,14,10,19,8,210,59,1,0,0,20,4,1,16,3,13,0,0,0,30,8,11,42.1,,,,,,,,,,,,,,,,,,,,,,,,,,,,,,,,2024-2025
2403,Stephan El Shaarawy,it ITA,"DF,MF",Roma,it Serie A,31.0,1992.0,31,12,1098,12.2,3,4,7,3,0,0,2,0,2.7,2.7,1.2,3.9,0.57,0.32,42,49,77,28,12,42.9,2.3,0.98,0.11,0.25,18.8,1,0,0,2.7,2.7,0.09,0.3,0.3,399,504,79.2,5710,1604,4,1.2,2.0,2.8,15,19,21,3,49,449,51,2,4,0,27,47,2,0,2,0,399,16,12,4,6,6,12,50.0,6,4,0,4,10,26,13,0,47,3.85,37,1,2,4,3,0,9,0.74,635,14,91,254,305,45,635,38,17,44.7,14,36.8,381,2565,1222,42,37,12,22,10,429,77,2,0,0,7,14,5,27,10,12,1,0,0,48,5,19,20.8,,,,,,,,,,,,,,,,,,,,,,,,,,,,,,,,2024-2025
2404,Luke Shaw,eng ENG,DF,Manchester Utd,eng Premier League,29.0,1995.0,7,4,349,3.9,0,0,0,0,0,0,1,0,0.0,0.0,0.7,0.7,0.0,0.19,7,24,7,1,0,0.0,0.26,0.0,0.0,,23.1,0,0,0,0.0,0.0,0.03,0.0,0.0,249,290,85.9,4252,1388,0,0.7,0.8,-0.7,5,20,3,1,24,276,14,5,1,1,11,2,4,0,1,0,249,4,3,2,2,0,2,100.0,0,6,1,5,2,6,7,0,10,2.58,8,2,0,0,0,0,0,0.0,317,26,128,149,42,4,317,1,0,0.0,1,100.0,226,1102,548,7,8,0,2,0,248,7,1,0,0,3,1,0,11,2,3,0,0,1,9,3,2,60.0,,,,,,,,,,,,,,,,,,,,,,,,,,,,,,,,2024-2025
2405,Alen Sherri,al ALB,GK,Cagliari,it Serie A,26.0,1997.0,7,7,621,6.9,0,0,0,0,0,0,0,0,0.0,0.0,0.0,0.0,0.0,0.0,0,0,0,0,0,,0.0,0.0,,,,0,0,0,0.0,0.0,,0.0,0.0,163,225,72.4,4097,2916,0,0.0,0.0,0.0,1,2,0,0,0,152,73,16,0,0,0,0,0,0,0,0,163,1,0,1,0,0,2,50.0,1,0,0,0,1,2,1,0,2,0.29,2,0,0,0,0,0,0,0.0,244,212,242,3,0,0,244,0,0,,0,,137,609,299,0,0,0,0,0,115,0,0,0,0,0,0,0,0,1,0,0,0,0,15,0,0,,11.0,1.59,31.0,20.0,64.5,1.0,2.0,4.0,1.0,14.3,0.0,0.0,0.0,0.0,10.9,0.35,-0.1,-0.02,29.0,84.0,34.5,168.0,22.0,35.7,32.2,85.0,4.0,4.7,5.0,0.72,11.1,2024-2025
2406,Eldor Shomurodov,uz UZB,"FW,MF",Roma,it Serie A,29.0,1995.0,27,11,1097,12.2,4,4,8,4,0,0,1,0,4.7,4.7,1.3,6.1,0.66,0.5,19,21,62,29,13,44.8,2.38,1.07,0.14,0.31,11.9,0,0,0,4.7,4.7,0.16,-0.7,-0.7,215,286,75.2,2887,467,4,1.3,1.4,2.7,17,10,6,0,21,280,6,0,1,2,6,0,0,0,0,0,215,14,6,2,7,5,6,50.0,3,10,1,9,3,17,5,0,32,2.62,27,0,0,4,0,1,7,0.57,446,5,33,182,236,52,446,28,8,28.6,19,67.9,246,1197,515,19,17,9,49,19,333,62,1,0,0,14,7,3,6,3,6,0,0,0,36,26,38,40.6,,,,,,,,,,,,,,,,,,,,,,,,,,,,,,,,2024-2025
2409,Benjamin Siegrist,ch SUI,GK,Genoa,it Serie A,32.0,1992.0,2,2,152,1.7,0,0,0,0,0,0,0,0,0.0,0.0,0.0,0.0,0.0,0.0,0,0,0,0,0,,0.0,0.0,,,,0,0,0,0.0,0.0,,0.0,0.0,48,73,65.8,1347,914,0,0.0,0.0,0.0,0,0,0,0,0,52,21,2,0,0,0,0,0,0,0,0,48,0,0,0,0,0,0,,0,0,0,0,1,1,1,0,0,0.0,0,0,0,0,0,0,0,0.0,79,74,79,0,0,0,79,0,0,,0,,56,314,162,0,0,0,0,0,37,0,0,0,0,0,0,0,0,1,0,0,0,0,2,0,0,,2.0,1.18,12.0,10.0,83.3,1.0,1.0,0.0,0.0,0.0,0.0,0.0,0.0,0.0,2.4,0.2,0.4,0.23,6.0,30.0,20.0,54.0,9.0,33.3,35.9,26.0,1.0,3.8,1.0,0.59,6.2,2024-2025
2412,Zain Silcott-Duberry,ms MSR,FW,Bournemouth,eng Premier League,19.0,2005.0,1,0,1,0.0,0,0,0,0,0,0,0,0,0.0,0.0,0.0,0.0,0.0,0.0,0,0,0,0,0,,0.0,0.0,,,,0,0,0,0.0,0.0,,0.0,0.0,1,2,50.0,25,0,0,0.0,0.0,0.0,0,0,0,0,0,2,0,0,0,0,0,0,0,0,0,0,1,1,1,0,0,1,1,100.0,0,0,0,0,0,1,0,0,0,0.0,0,0,0,0,0,0,0,0.0,3,0,1,0,2,0,3,0,0,,0,,1,6,6,0,0,0,0,0,2,0,0,0,0,0,0,0,0,0,1,0,0,0,0,0,1,0.0,,,,,,,,,,,,,,,,,,,,,,,,,,,,,,,,2024-2025
2416,Bernardo Silva,pt POR,"MF,FW",Manchester City,eng Premier League,29.0,1994.0,33,29,2670,29.7,4,4,8,4,0,0,7,0,3.9,3.9,5.1,9.0,0.27,0.3,101,134,200,32,11,34.4,1.08,0.37,0.13,0.36,12.4,0,0,0,3.9,3.9,0.12,0.1,0.1,1547,1783,86.8,23646,4501,4,5.1,4.5,-1.1,53,87,40,7,134,1654,128,55,4,6,60,44,16,5,0,0,1547,56,37,17,30,9,56,44.6,31,36,7,29,23,79,32,3,92,3.1,81,3,4,1,3,0,8,0.27,2054,50,355,843,876,141,2054,61,28,45.9,26,42.6,1288,8110,4045,101,65,32,25,34,1518,200,7,0,0,27,32,3,60,23,37,0,0,0,107,5,10,33.3,,,,,,,,,,,,,,,,,,,,,,,,,,,,,,,,2024-2025
2418,Fábio Silva,pt POR,FW,Las Palmas,es La Liga,22.0,2002.0,24,22,1866,20.7,10,3,13,8,2,3,7,0,8.8,6.4,2.0,8.4,0.53,0.52,30,26,119,46,20,43.5,2.22,0.96,0.17,0.4,14.8,0,2,3,8.8,6.4,0.14,1.2,1.6,309,466,66.3,4149,710,3,2.0,1.8,1.0,16,13,14,3,26,421,44,1,3,3,21,5,0,0,0,0,309,12,7,4,5,3,14,28.6,10,12,0,12,4,16,27,0,43,2.08,30,0,4,3,5,1,5,0.24,706,32,69,311,335,101,703,53,21,39.6,29,54.7,330,1969,810,30,11,21,58,30,491,119,7,0,0,39,43,20,21,4,7,0,0,0,48,51,52,49.5,,,,,,,,,,,,,,,,,,,,,,,,,,,,,,,,2024-2025
2419,Jota Silva,pt POR,"FW,MF",Nott'ham Forest,eng Premier League,24.0,1999.0,31,5,854,9.5,3,1,4,3,0,0,5,0,2.1,2.1,2.9,5.0,0.42,0.53,21,18,59,23,7,30.4,2.42,0.74,0.13,0.43,14.5,0,0,0,2.1,2.1,0.09,0.9,0.9,118,196,60.2,1692,471,1,2.9,1.8,-1.9,14,4,9,3,18,191,3,0,1,1,21,2,1,0,0,0,118,27,14,12,13,2,27,22.2,21,9,1,8,12,39,17,0,29,3.06,22,0,1,3,3,0,3,0.32,357,19,83,104,181,46,357,34,10,29.4,15,44.1,175,1153,632,21,13,9,24,12,202,59,5,0,0,24,23,8,21,12,14,1,0,0,43,21,30,41.2,,,,,,,,,,,,,,,,,,,,,,,,,,,,,,,,2024-2025
2420,Eric da Silva Moreira,de GER,"MF,DF",Nott'ham Forest,eng Premier League,18.0,2006.0,2,0,30,0.3,0,0,0,0,0,0,0,0,0.0,0.0,0.0,0.0,0.0,0.0,1,0,1,0,0,,0.0,0.0,,,,0,0,0,0.0,0.0,,0.0,0.0,7,8,87.5,86,7,0,0.0,0.0,0.0,0,0,0,0,0,6,2,0,0,0,0,2,0,0,0,0,7,2,2,2,0,0,6,33.3,4,0,0,0,1,3,0,0,0,0.0,0,0,0,0,0,0,0,0.0,13,3,7,4,2,0,13,1,0,0.0,1,100.0,4,26,11,1,0,0,1,0,3,1,0,0,0,0,0,0,0,1,2,0,0,0,2,0,0,,,,,,,,,,,,,,,,,,,,,,,,,,,,,,,,,2024-2025
2421,Rui Silva,pt POR,GK,Betis,es La Liga,30.0,1994.0,15,15,1350,15.0,0,0,0,0,0,0,1,0,0.0,0.0,0.1,0.1,0.0,0.01,0,0,0,0,0,,0.0,0.0,,,,0,0,0,0.0,0.0,,0.0,0.0,412,524,78.6,10283,6196,0,0.1,0.0,-0.1,2,5,0,0,0,404,118,42,0,0,0,0,0,0,0,0,412,0,0,0,0,0,1,0.0,1,1,0,1,0,0,7,0,5,0.33,5,0,0,0,0,0,0,0.0,553,412,552,1,0,0,553,0,0,,0,,334,1482,710,0,0,0,1,0,277,0,1,0,0,1,2,0,0,0,0,0,1,0,25,2,0,100.0,18.0,1.2,54.0,37.0,72.2,5.0,5.0,5.0,4.0,26.7,3.0,3.0,0.0,0.0,18.4,0.3,1.4,0.1,45.0,144.0,31.3,446.0,70.0,26.0,30.8,194.0,10.0,5.2,31.0,2.07,18.9,2024-2025
2422,Marco Silvestri,it ITA,GK,Empoli,it Serie A,33.0,1991.0,5,5,450,5.0,0,0,0,0,0,0,0,0,0.0,0.0,0.0,0.0,0.0,0.0,0,0,0,0,0,,0.0,0.0,,,,0,0,0,0.0,0.0,,0.0,0.0,94,148,63.5,3026,2507,0,0.0,0.0,0.0,0,8,0,0,0,124,24,11,0,0,0,0,0,0,0,0,94,0,0,0,0,0,2,0.0,2,0,0,0,0,0,3,1,0,0.0,0,0,0,0,0,0,0,0.0,162,130,162,0,0,0,162,0,0,,0,,103,565,359,0,0,0,0,0,93,0,0,0,0,0,0,0,0,0,0,0,0,0,6,1,0,100.0,11.0,2.2,27.0,17.0,59.3,0.0,1.0,4.0,0.0,0.0,0.0,0.0,0.0,0.0,8.0,0.32,-2.0,-0.41,35.0,85.0,41.2,135.0,16.0,60.7,41.8,62.0,1.0,1.6,4.0,0.8,12.6,2024-2025
2425,Giovanni Simeone,ar ARG,FW,Napoli,it Serie A,29.0,1995.0,30,1,419,4.7,1,1,2,1,0,0,1,0,2.6,2.6,0.8,3.4,0.43,0.73,11,7,30,13,3,23.1,2.79,0.64,0.08,0.33,16.0,0,0,0,2.6,2.6,0.2,-1.6,-1.6,79,113,69.9,988,151,1,0.8,0.3,0.2,8,5,2,0,7,110,3,0,1,1,3,0,0,0,0,0,79,2,0,0,1,1,6,16.7,5,9,2,7,1,3,6,0,12,2.59,9,0,1,1,1,0,2,0.43,194,8,20,84,95,22,194,12,6,50.0,6,50.0,110,633,285,11,9,3,21,14,144,30,1,0,0,7,16,2,3,1,0,0,0,0,25,8,34,19.0,,,,,,,,,,,,,,,,,,,,,,,,,,,,,,,,2024-2025
2426,Giuliano Simeone,ar ARG,MF,Atlético Madrid,es La Liga,21.0,2002.0,33,26,1926,21.4,2,6,8,2,0,0,4,0,2.2,2.2,5.2,7.4,0.37,0.35,69,49,189,22,7,31.8,1.03,0.33,0.09,0.29,14.5,0,0,0,2.2,2.2,0.1,-0.2,-0.2,600,795,75.5,7159,2076,6,5.2,4.7,0.8,24,30,27,10,49,765,29,0,2,0,49,28,1,0,0,0,600,27,13,6,11,10,30,50.0,15,22,3,19,14,41,22,1,50,2.34,40,0,5,2,3,0,9,0.42,1034,20,173,416,461,87,1034,68,30,44.1,33,48.5,652,3555,1783,69,42,24,55,20,748,189,4,0,0,23,42,7,49,14,13,1,0,0,72,11,23,32.4,,,,,,,,,,,,,,,,,,,,,,,,,,,,,,,,2024-2025
2428,Unai Simón,es ESP,GK,Athletic Club,es La Liga,27.0,1997.0,21,21,1890,21.0,0,0,0,0,0,0,0,0,0.0,0.0,0.0,0.0,0.0,0.0,0,0,0,0,0,,0.0,0.0,,,,0,0,0,0.0,0.0,,0.0,0.0,455,654,69.6,13411,10784,0,0.0,0.0,0.0,0,12,0,0,0,484,166,49,0,0,0,0,0,0,0,0,455,0,0,0,0,0,0,,0,1,0,1,1,1,14,4,6,0.29,5,1,0,0,0,0,0,0.0,704,516,698,7,0,0,704,0,0,,0,,397,2064,1133,0,0,0,1,1,328,0,0,0,0,0,3,0,0,1,0,0,0,0,33,6,0,100.0,14.0,0.67,62.0,47.0,79.0,10.0,8.0,3.0,10.0,47.6,2.0,1.0,1.0,0.0,16.3,0.24,2.3,0.11,106.0,284.0,37.3,533.0,91.0,36.2,34.4,249.0,19.0,7.6,28.0,1.33,15.5,2024-2025
2430,Jahmai Simpson-Pusey,eng ENG,DF,Manchester City,eng Premier League,18.0,2005.0,2,1,96,1.1,0,0,0,0,0,0,1,0,0.0,0.0,0.0,0.0,0.0,0.0,1,3,0,0,0,,0.0,0.0,,,,0,0,0,0.0,0.0,,0.0,0.0,107,115,93.0,1754,549,0,0.0,0.0,0.0,0,3,0,0,3,110,5,3,0,0,0,1,0,0,0,0,107,1,0,1,0,0,1,0.0,1,1,1,0,0,1,2,0,0,0.0,0,0,0,0,0,0,0,0.0,123,9,61,59,3,1,123,1,0,0.0,0,0.0,79,376,190,1,0,0,1,0,101,0,1,0,0,0,1,0,0,0,0,0,0,0,3,1,3,25.0,,,,,,,,,,,,,,,,,,,,,,,,,,,,,,,,2024-2025
2434,Luis Sinisterra,co COL,"FW,MF",Bournemouth,eng Premier League,25.0,1999.0,12,1,236,2.6,1,1,2,1,0,0,0,0,1.2,1.2,1.4,2.6,0.76,1.0,19,6,38,13,6,46.2,4.96,2.29,0.08,0.17,14.8,0,0,0,1.2,1.2,0.09,-0.2,-0.2,73,93,78.5,1067,200,1,1.4,1.3,-0.4,9,6,2,2,6,92,0,0,0,1,7,0,0,0,0,0,73,7,2,3,2,2,4,0.0,4,3,0,3,1,8,8,0,14,5.29,11,0,1,2,0,0,1,0.38,155,7,18,41,96,23,155,20,8,40.0,10,50.0,95,744,393,19,6,10,6,3,102,38,0,0,0,4,2,1,7,1,2,0,0,0,17,3,7,30.0,,,,,,,,,,,,,,,,,,,,,,,,,,,,,,,,2024-2025
2435,Daley Sinkgraven,nl NED,DF,Las Palmas,es La Liga,29.0,1995.0,2,1,91,1.0,0,0,0,0,0,0,0,0,0.0,0.0,0.0,0.0,0.0,0.02,2,3,7,0,0,,0.0,0.0,,,,0,0,0,0.0,0.0,,0.0,0.0,50,66,75.8,682,211,0,0.0,0.0,0.0,1,2,1,0,3,59,7,2,0,0,4,5,0,0,0,0,50,5,1,3,2,0,3,33.3,2,1,0,1,1,6,2,0,2,1.98,2,0,0,0,0,0,0,0.0,77,4,22,35,20,1,77,1,1,100.0,0,0.0,46,262,95,2,2,1,1,1,50,7,0,0,0,2,2,0,4,1,1,0,0,0,6,1,0,100.0,,,,,,,,,,,,,,,,,,,,,,,,,,,,,,,,2024-2025
2437,Jailson Siqueira,br BRA,"DF,MF",Celta Vigo,es La Liga,28.0,1995.0,13,6,614,6.8,0,0,0,0,0,0,2,0,0.1,0.1,0.0,0.2,0.0,0.02,10,43,3,4,2,50.0,0.59,0.29,0.0,0.0,16.5,0,0,0,0.1,0.1,0.04,-0.1,-0.1,435,481,90.4,7809,2959,0,0.0,0.1,0.0,1,33,0,0,43,473,8,6,0,2,1,1,0,0,0,0,435,13,11,9,3,1,11,81.8,2,6,4,2,9,22,28,1,8,1.17,5,0,0,1,0,2,0,0.0,551,56,214,306,34,8,551,4,3,75.0,1,25.0,369,1861,1091,10,10,2,1,5,414,3,2,0,0,4,4,0,1,9,11,0,0,1,32,18,17,51.4,,,,,,,,,,,,,,,,,,,,,,,,,,,,,,,,2024-2025
2442,Antonio Sivera,es ESP,GK,Alavés,es La Liga,27.0,1996.0,32,32,2810,31.2,0,0,0,0,0,0,6,1,0.0,0.0,0.1,0.1,0.0,0.0,0,1,0,0,0,,0.0,0.0,,,,0,0,0,0.0,0.0,,0.0,0.0,521,967,53.9,22083,19812,0,0.1,0.2,-0.1,1,42,1,0,1,585,379,150,0,0,0,0,0,0,0,0,521,2,1,2,0,0,2,100.0,0,1,0,1,0,2,20,0,11,0.35,6,5,0,0,0,0,0,0.0,1045,762,1021,25,0,0,1045,0,0,,0,,482,3054,2180,0,0,0,0,0,339,0,6,1,0,4,5,0,0,0,1,0,3,1,21,5,1,83.3,39.0,1.25,112.0,75.0,73.2,9.0,10.0,13.0,8.0,25.0,9.0,9.0,0.0,0.0,39.0,0.28,2.0,0.06,297.0,724.0,41.0,735.0,70.0,71.8,47.7,453.0,30.0,6.6,29.0,0.93,12.7,2024-2025
2445,Oliver Skipp,eng ENG,MF,Leicester City,eng Premier League,23.0,2000.0,24,10,1129,12.5,0,0,0,0,0,0,8,0,0.4,0.4,0.3,0.6,0.0,0.05,16,35,19,5,1,20.0,0.4,0.08,0.0,0.0,19.4,0,0,0,0.4,0.4,0.07,-0.4,-0.4,419,502,83.5,6399,1568,0,0.3,0.3,-0.3,9,32,4,0,35,497,4,3,2,0,5,1,0,0,0,0,419,21,4,6,12,3,15,60.0,6,23,7,16,11,32,11,2,15,1.2,13,1,0,0,1,0,0,0.0,612,29,141,383,92,9,612,12,7,58.3,5,41.7,347,1392,644,16,7,3,12,7,419,19,8,0,0,21,13,0,5,11,4,0,0,0,46,12,6,66.7,,,,,,,,,,,,,,,,,,,,,,,,,,,,,,,,2024-2025
2448,Łukasz Skorupski,pl POL,GK,Bologna,it Serie A,33.0,1991.0,27,27,2364,26.3,0,0,0,0,0,0,1,0,0.0,0.0,0.0,0.0,0.0,0.0,0,0,0,0,0,,0.0,0.0,,,,0,0,0,0.0,0.0,,0.0,0.0,862,1105,78.0,23078,14656,0,0.0,0.0,0.0,0,17,0,0,0,938,162,67,0,0,0,0,0,0,0,0,862,1,0,1,0,0,3,33.3,2,0,0,0,0,1,13,2,4,0.15,4,0,0,0,0,0,0,0.0,1155,870,1146,9,0,0,1155,1,1,100.0,0,0.0,778,3571,1920,0,0,0,0,0,750,0,1,0,0,1,4,0,0,0,0,0,1,0,47,2,1,66.7,33.0,1.26,82.0,50.0,61.0,11.0,12.0,4.0,8.0,29.6,2.0,1.0,1.0,0.0,28.7,0.34,-2.3,-0.09,123.0,329.0,37.4,1005.0,113.0,27.9,31.6,215.0,18.0,8.4,23.0,0.88,13.0,2024-2025
2454,William Smallbone,ie IRL,MF,Southampton,eng Premier League,24.0,2000.0,18,6,690,7.7,1,0,1,1,0,0,1,0,0.6,0.6,0.7,1.3,0.13,0.17,5,27,25,7,1,14.3,0.91,0.13,0.14,1.0,17.6,1,0,0,0.6,0.6,0.08,0.4,0.4,270,356,75.8,4399,1203,0,0.7,0.9,-0.7,10,13,4,3,27,294,60,12,1,2,36,4,25,15,7,0,270,20,13,9,9,2,22,31.8,15,8,0,8,2,22,14,2,16,2.09,12,3,0,1,0,0,0,0.0,431,17,83,213,139,17,431,6,4,66.7,2,33.3,193,787,397,5,9,1,12,6,262,25,1,0,0,11,3,0,36,2,13,0,1,0,23,4,6,40.0,,,,,,,,,,,,,,,,,,,,,,,,,,,,,,,,2024-2025
2455,Adam Smith,eng ENG,DF,Bournemouth,eng Premier League,33.0,1991.0,25,19,1590,17.7,0,0,0,0,0,0,7,0,0.7,0.7,0.4,1.1,0.0,0.06,15,49,34,3,0,0.0,0.17,0.0,0.0,,16.9,0,0,0,0.7,0.7,0.22,-0.7,-0.7,514,679,75.7,8452,2723,0,0.4,0.7,-0.4,8,49,10,5,49,550,128,9,1,2,33,119,0,0,0,0,514,24,12,11,7,6,27,51.9,13,13,5,8,15,39,49,1,23,1.3,17,1,1,0,3,1,2,0.11,825,41,240,394,197,8,825,16,6,37.5,7,43.8,366,1552,711,15,18,1,13,7,403,34,7,0,0,19,12,0,33,15,12,0,0,0,50,14,15,48.3,,,,,,,,,,,,,,,,,,,,,,,,,,,,,,,,2024-2025
2457,Justin Smith,ca CAN,MF,Espanyol,es La Liga,21.0,2003.0,5,3,209,2.3,0,0,0,0,0,0,0,0,0.0,0.0,0.0,0.0,0.0,0.02,4,6,7,0,0,,0.0,0.0,,,,0,0,0,0.0,0.0,,0.0,0.0,40,61,65.6,654,165,0,0.0,0.0,0.0,1,3,0,0,6,58,2,2,0,0,1,0,0,0,0,0,40,9,3,3,6,0,6,66.7,2,5,1,4,4,13,3,0,2,0.86,2,0,0,0,0,0,1,0.43,95,3,33,53,12,0,95,3,1,33.3,2,66.7,41,340,132,4,3,0,4,1,49,7,0,0,0,5,2,0,1,4,3,0,0,0,8,3,0,100.0,,,,,,,,,,,,,,,,,,,,,,,,,,,,,,,,2024-2025
2458,Emile Smith Rowe,eng ENG,MF,Fulham,eng Premier League,24.0,2000.0,34,25,2043,22.7,6,3,9,6,0,0,3,0,4.5,4.5,1.4,6.0,0.4,0.26,53,126,127,37,11,29.7,1.63,0.48,0.16,0.55,16.0,0,0,0,4.5,4.5,0.12,1.5,1.5,922,1023,90.1,13141,2429,3,1.4,2.0,1.6,24,80,15,1,126,985,35,6,2,2,16,3,1,0,0,0,922,31,18,7,14,10,24,33.3,16,22,2,20,11,42,16,0,73,3.22,57,0,3,8,2,3,12,0.53,1223,20,166,591,476,60,1223,35,16,45.7,16,45.7,779,3728,1932,53,40,12,36,18,940,127,3,0,0,19,14,4,16,11,18,0,0,0,75,6,20,23.1,,,,,,,,,,,,,,,,,,,,,,,,,,,,,,,,2024-2025
2459,Ivan Smolčić,hr CRO,DF,Como,it Serie A,23.0,2000.0,9,7,630,7.0,0,0,0,0,0,0,2,0,0.4,0.4,0.1,0.6,0.0,0.08,3,23,9,7,3,42.9,1.0,0.43,0.0,0.0,11.8,0,0,0,0.4,0.4,0.07,-0.4,-0.4,327,394,83.0,5985,1848,0,0.1,0.1,-0.1,2,18,3,0,23,321,73,15,0,4,4,58,0,0,0,0,327,16,9,8,7,1,13,69.2,4,8,2,6,10,26,24,0,8,1.14,4,2,0,2,0,0,0,0.0,475,29,184,224,70,10,475,2,0,0.0,2,100.0,231,838,306,3,5,0,8,3,256,9,2,0,0,11,5,0,4,10,9,0,1,0,27,11,10,52.4,,,,,,,,,,,,,,,,,,,,,,,,,,,,,,,,2024-2025
2461,Simon Sohm,ch SUI,MF,Parma,it Serie A,23.0,2001.0,37,36,2989,33.2,4,0,4,4,0,0,6,0,3.1,3.1,2.1,5.2,0.12,0.16,69,140,67,34,13,38.2,1.02,0.39,0.12,0.31,18.8,0,0,0,3.1,3.1,0.09,0.9,0.9,1050,1233,85.2,16773,4583,0,2.1,2.1,-2.1,20,122,24,3,140,1202,29,15,9,2,15,4,6,1,0,0,1050,28,17,11,13,4,35,45.7,19,11,3,8,26,54,36,0,78,2.35,65,2,5,1,3,2,3,0.09,1467,45,262,900,326,45,1467,35,15,42.9,13,37.1,876,5074,2968,69,55,12,33,23,1042,67,6,0,0,19,30,1,15,26,17,0,0,0,127,29,29,50.0,,,,,,,,,,,,,,,,,,,,,,,,,,,,,,,,2024-2025
2462,Alex Sola,es ESP,"MF,FW",Getafe,es La Liga,25.0,1999.0,19,13,1029,11.4,0,1,1,0,0,0,4,0,1.0,1.0,0.7,1.6,0.09,0.14,24,23,61,15,2,13.3,1.31,0.17,0.0,0.0,18.6,0,0,0,1.0,1.0,0.06,-1.0,-1.0,155,242,64.0,2177,529,1,0.7,0.8,0.3,9,12,2,1,23,238,2,1,0,2,18,1,0,0,0,0,155,21,14,9,12,0,25,36.0,16,8,0,8,7,28,11,1,26,2.28,17,0,6,0,3,0,2,0.18,446,8,63,166,225,35,446,61,21,34.4,35,57.4,265,1570,631,24,12,10,54,21,302,61,4,0,0,24,26,7,18,7,14,0,0,0,47,18,28,39.1,,,,,,,,,,,,,,,,,,,,,,,,,,,,,,,,2024-2025
2463,Arnau Solà,es ESP,MF,Villarreal,es La Liga,21.0,2003.0,1,0,13,0.1,0,0,0,0,0,0,0,0,0.0,0.0,0.0,0.0,0.0,0.0,0,0,0,0,0,,0.0,0.0,,,,0,0,0,0.0,0.0,,0.0,0.0,1,2,50.0,11,3,0,0.0,0.0,0.0,0,0,0,0,0,2,0,0,0,0,0,0,0,0,0,0,1,0,0,0,0,0,2,0.0,2,1,1,0,0,0,0,0,0,0.0,0,0,0,0,0,0,0,0.0,3,0,2,0,1,0,3,0,0,,0,,1,0,0,0,0,0,0,0,2,0,0,0,0,1,0,0,0,0,0,0,0,0,0,0,0,,,,,,,,,,,,,,,,,,,,,,,,,,,,,,,,,2024-2025
2464,Dominic Solanke,eng ENG,FW,Tottenham,eng Premier League,26.0,1997.0,27,25,2201,24.5,9,3,12,8,1,1,0,0,10.9,10.1,2.9,13.1,0.45,0.57,31,47,88,59,24,40.7,2.41,0.98,0.14,0.33,12.4,0,1,1,10.9,10.1,0.17,-1.9,-2.1,255,361,70.6,3429,944,3,2.9,1.2,0.1,14,28,9,0,47,321,38,0,3,1,4,2,0,0,0,0,255,18,11,1,12,5,16,25.0,12,20,9,11,1,19,23,0,37,1.51,25,0,0,9,2,1,8,0.33,655,33,74,299,288,112,654,51,17,33.3,31,60.8,385,2126,848,31,23,14,69,51,459,88,0,0,0,36,36,5,4,1,11,0,0,1,38,46,60,43.4,,,,,,,,,,,,,,,,,,,,,,,,,,,,,,,,2024-2025
2465,Ola Solbakken,no NOR,"MF,FW",Empoli,it Serie A,25.0,1998.0,21,8,760,8.4,0,0,0,0,0,0,2,0,0.8,0.8,0.4,1.2,0.0,0.14,18,20,32,4,3,75.0,0.47,0.36,0.0,0.0,12.7,0,0,0,0.8,0.8,0.2,-0.8,-0.8,141,199,70.9,2301,627,0,0.4,0.3,-0.4,9,14,5,1,20,193,5,1,1,5,7,2,0,0,0,0,141,7,4,0,6,1,6,50.0,3,0,0,0,2,9,8,0,12,1.42,11,0,1,0,0,0,1,0.12,263,7,32,139,98,15,263,15,7,46.7,8,53.3,150,1084,419,18,10,6,15,8,194,32,2,0,0,8,2,2,7,2,4,0,0,0,19,9,19,32.1,,,,,,,,,,,,,,,,,,,,,,,,,,,,,,,,2024-2025
2466,Carlos Soler,es ESP,"MF,FW",West Ham,eng Premier League,27.0,1997.0,31,14,1409,15.7,1,1,2,1,0,0,6,0,1.8,1.8,1.4,3.2,0.13,0.21,17,56,37,25,8,32.0,1.6,0.51,0.04,0.13,19.0,1,0,0,1.8,1.8,0.07,-0.8,-0.8,570,669,85.2,8890,2414,1,1.4,1.9,-0.4,18,43,13,0,56,605,62,28,4,6,34,4,21,11,6,0,570,16,11,9,6,1,23,30.4,16,19,6,13,8,24,21,2,51,3.26,31,9,2,5,3,1,2,0.13,794,27,180,409,210,26,794,18,8,44.4,9,50.0,367,1806,783,17,17,4,14,14,539,37,6,0,0,26,19,0,34,8,11,0,0,0,64,10,12,45.5,,,,,,,,,,,,,,,,,,,,,,,,,,,,,,,,2024-2025
2467,Julio Soler,ar ARG,"DF,FW",Bournemouth,eng Premier League,19.0,2005.0,3,0,11,0.1,0,0,0,0,0,0,0,0,0.0,0.0,0.0,0.0,0.0,0.0,0,0,2,0,0,,0.0,0.0,,,,0,0,0,0.0,0.0,,0.0,0.0,11,14,78.6,104,18,0,0.0,0.0,0.0,0,0,0,0,0,14,0,0,0,0,1,0,0,0,0,0,11,1,1,1,0,0,1,100.0,0,1,0,1,0,1,0,0,0,0.0,0,0,0,0,0,0,0,0.0,17,0,3,6,8,0,17,0,0,,0,,12,30,8,0,0,0,1,0,14,2,0,0,0,0,1,0,1,0,1,0,0,0,0,0,0,,,,,,,,,,,,,,,,,,,,,,,,,,,,,,,,,2024-2025
2468,Oumar Solet,fr FRA,DF,Udinese,it Serie A,24.0,2000.0,19,19,1672,18.6,1,2,3,1,0,0,3,1,0.8,0.8,1.2,2.0,0.16,0.11,20,65,6,12,7,58.3,0.65,0.38,0.08,0.14,21.5,1,0,0,0.8,0.8,0.06,0.2,0.2,982,1110,88.5,19162,5319,2,1.2,0.8,0.8,17,54,9,2,65,1028,78,31,3,8,9,2,0,0,0,0,982,33,19,18,13,2,30,70.0,9,32,19,13,17,50,78,4,33,1.78,27,1,4,0,0,1,3,0.16,1325,175,609,632,101,15,1325,31,25,80.6,5,16.1,806,4076,2186,20,14,2,17,11,874,6,3,1,1,17,14,0,9,17,19,0,0,0,92,20,20,50.0,,,,,,,,,,,,,,,,,,,,,,,,,,,,,,,,2024-2025
2469,Jhon Solis,co COL,MF,Girona,es La Liga,19.0,2004.0,19,3,535,5.9,1,0,1,1,0,0,3,0,0.7,0.7,0.1,0.7,0.17,0.12,9,29,15,4,1,25.0,0.67,0.17,0.25,1.0,16.0,0,0,0,0.7,0.7,0.16,0.3,0.3,264,295,89.5,4005,885,0,0.1,0.3,-0.1,2,29,1,1,29,291,2,2,1,0,3,0,0,0,0,0,264,13,7,3,9,1,14,42.9,8,13,1,12,4,17,6,1,6,1.01,5,0,0,1,0,0,0,0.0,364,11,67,231,69,6,364,12,5,41.7,6,50.0,229,1305,557,9,10,1,9,10,274,15,3,0,0,9,6,0,3,4,7,0,0,0,27,3,5,37.5,,,,,,,,,,,,,,,,,,,,,,,,,,,,,,,,2024-2025
2470,Daniele Sommariva,it ITA,GK,Genoa,it Serie A,27.0,1997.0,1,0,28,0.3,0,0,0,0,0,0,0,0,0.0,0.0,0.0,0.0,0.0,0.0,0,0,0,0,0,,0.0,0.0,,,,0,0,0,0.0,0.0,,0.0,0.0,5,15,33.3,144,107,0,0.0,0.0,0.0,0,1,0,0,0,6,9,3,0,0,0,0,0,0,0,0,5,0,0,0,0,0,0,,0,0,0,0,0,0,1,0,0,0.0,0,0,0,0,0,0,0,0.0,18,15,18,0,0,0,18,0,0,,0,,6,28,24,0,0,0,0,0,5,0,0,0,0,0,0,0,0,0,0,0,0,0,0,1,0,100.0,1.0,3.21,3.0,2.0,66.7,0.0,0.0,0.0,0.0,,0.0,0.0,0.0,0.0,0.9,0.3,-0.1,-0.36,1.0,10.0,10.0,9.0,0.0,66.7,42.3,19.0,0.0,0.0,0.0,0.0,3.3,2024-2025
2471,Yann Sommer,ch SUI,GK,Inter,it Serie A,35.0,1988.0,32,32,2880,32.0,0,0,0,0,0,0,0,0,0.0,0.0,0.0,0.0,0.0,0.0,0,1,0,0,0,,0.0,0.0,,,,0,0,0,0.0,0.0,,0.0,0.0,1167,1332,87.6,27144,17019,0,0.0,0.0,0.0,0,7,0,0,1,1162,163,37,0,1,0,0,0,0,0,0,1167,0,0,0,0,0,0,,0,0,0,0,0,0,13,1,6,0.18,6,0,0,0,0,0,0,0.0,1388,1095,1383,6,0,0,1388,0,0,,0,,925,4040,2214,0,0,0,0,0,955,0,0,0,0,0,1,0,0,0,0,0,0,0,46,4,0,100.0,29.0,0.91,110.0,81.0,76.4,20.0,8.0,4.0,13.0,40.6,4.0,3.0,1.0,0.0,31.7,0.24,0.7,0.02,91.0,226.0,40.3,1199.0,136.0,16.9,26.6,356.0,14.0,3.9,14.0,0.42,13.2,2024-2025
2472,David Soria,es ESP,GK,Getafe,es La Liga,31.0,1993.0,38,38,3420,38.0,0,0,0,0,0,0,2,0,0.0,0.0,0.0,0.0,0.0,0.0,0,1,0,0,0,,0.0,0.0,,,,0,0,0,0.0,0.0,,0.0,0.0,513,1029,49.9,22539,20168,0,0.0,0.2,0.0,0,51,1,0,1,561,462,158,0,4,0,0,0,0,0,0,513,4,4,4,0,0,5,80.0,1,0,0,0,1,5,21,3,8,0.21,5,3,0,0,0,0,0,0.0,1118,882,1098,20,0,0,1118,0,0,,0,,459,2883,1988,0,0,0,3,0,286,0,2,0,0,0,2,0,0,1,4,0,0,0,28,6,0,100.0,39.0,1.03,126.0,86.0,75.4,11.0,9.0,18.0,9.0,23.7,9.0,8.0,1.0,0.0,42.0,0.29,3.0,0.08,300.0,799.0,37.5,719.0,68.0,72.6,48.8,479.0,25.0,5.2,39.0,1.03,14.7,2024-2025
2473,Juan Soriano,es ESP,GK,Leganés,es La Liga,26.0,1997.0,6,6,540,6.0,0,0,0,0,0,0,1,1,0.0,0.0,0.0,0.0,0.0,0.0,0,0,0,0,0,,0.0,0.0,,,,0,0,0,0.0,0.0,,0.0,0.0,98,185,53.0,3513,2922,0,0.0,0.0,0.0,0,0,0,0,0,108,77,23,0,0,0,0,0,0,0,0,98,1,1,1,0,0,1,100.0,0,0,0,0,0,1,2,0,0,0.0,0,0,0,0,0,0,0,0.0,199,173,199,0,0,0,199,0,0,,0,,90,447,281,0,0,0,0,0,59,0,1,1,0,0,3,0,0,0,1,0,0,1,5,0,0,,7.0,1.17,25.0,19.0,72.0,1.0,2.0,3.0,1.0,16.7,0.0,0.0,0.0,0.0,8.8,0.36,2.8,0.47,36.0,120.0,30.0,131.0,20.0,56.5,43.9,130.0,7.0,5.4,0.0,0.0,8.4,2024-2025
2474,Borna Sosa,hr CRO,DF,Torino,it Serie A,26.0,1998.0,19,14,1181,13.1,0,0,0,0,0,0,0,0,0.3,0.3,0.7,1.0,0.0,0.07,13,51,49,4,1,25.0,0.3,0.08,0.0,0.0,20.2,0,0,0,0.3,0.3,0.08,-0.3,-0.3,546,686,79.6,9165,2699,0,0.7,0.9,-0.7,11,43,22,12,51,565,116,12,0,4,51,99,5,4,1,0,546,26,19,14,7,5,25,64.0,9,13,6,7,14,40,33,0,24,1.83,17,2,2,1,0,2,1,0.08,781,29,222,372,193,14,781,7,3,42.9,2,28.6,417,2251,866,13,15,1,9,1,454,49,0,0,0,12,7,1,51,14,19,0,1,0,53,16,19,45.7,,,,,,,,,,,,,,,,,,,,,,,,,,,,,,,,2024-2025
2475,Ramón Sosa,py PAR,"FW,MF",Nott'ham Forest,eng Premier League,24.0,1999.0,19,1,295,3.3,1,0,1,1,0,0,1,0,1.0,1.0,0.5,1.5,0.31,0.45,12,6,17,11,5,45.5,3.36,1.53,0.09,0.2,18.6,0,0,0,1.0,1.0,0.09,0.0,0.0,66,97,68.0,1016,283,0,0.5,0.4,-0.5,8,2,5,3,6,86,10,2,0,1,8,4,4,2,1,0,66,5,3,3,0,2,5,20.0,4,9,0,9,4,9,5,0,14,4.23,11,0,2,1,0,0,0,0.0,154,6,36,48,77,15,154,13,8,61.5,5,38.5,75,601,333,12,7,5,6,5,81,17,1,0,0,6,8,3,8,4,3,0,0,0,25,4,7,36.4,,,,,,,,,,,,,,,,,,,,,,,,,,,,,,,,2024-2025
2476,Hugo Sotelo,es ESP,MF,Celta Vigo,es La Liga,20.0,2003.0,24,15,1254,13.9,0,0,0,0,0,0,5,0,0.2,0.2,1.7,1.8,0.0,0.13,21,83,38,4,0,0.0,0.29,0.0,0.0,,20.6,0,0,0,0.2,0.2,0.05,-0.2,-0.2,873,1018,85.8,16257,4277,0,1.7,1.8,-1.7,19,100,12,3,83,941,77,37,3,19,50,1,39,14,18,0,873,28,17,8,10,10,31,41.9,18,9,1,8,5,33,9,1,40,2.87,27,12,0,0,0,1,0,0.0,1097,17,177,706,226,10,1097,20,8,40.0,9,45.0,656,3170,1326,21,18,2,11,12,860,38,5,0,0,19,9,1,50,5,17,0,0,0,71,2,10,16.7,,,,,,,,,,,,,,,,,,,,,,,,,,,,,,,,2024-2025
2478,Riccardo Sottil,it ITA,"FW,MF",Fiorentina,it Serie A,25.0,1999.0,18,8,833,9.3,1,1,2,1,0,0,1,0,0.9,0.9,0.9,1.7,0.22,0.19,71,18,100,22,6,27.3,2.38,0.65,0.05,0.17,19.7,1,0,0,0.9,0.9,0.04,0.1,0.1,196,278,70.5,3011,484,1,0.9,1.0,0.1,12,5,12,4,18,265,12,3,1,0,41,4,5,2,0,0,196,5,4,3,1,1,4,75.0,1,1,0,1,4,9,3,0,35,3.78,23,0,5,3,4,0,4,0.43,356,2,35,118,217,41,356,27,11,40.7,9,33.3,272,2907,1868,71,31,27,21,8,285,100,1,0,0,7,33,1,41,4,4,1,0,0,44,4,9,30.8,,,,,,,,,,,,,,,,,,,,,,,,,,,,,,,,2024-2025
2479,Riccardo Sottil,it ITA,"FW,MF",Milan,it Serie A,25.0,1999.0,6,1,123,1.4,0,0,0,0,0,0,0,0,0.2,0.2,0.3,0.5,0.0,0.36,11,3,14,2,0,0.0,1.46,0.0,0.0,,10.5,0,0,0,0.2,0.2,0.09,-0.2,-0.2,41,55,74.5,638,143,0,0.3,0.5,-0.3,3,2,3,2,3,50,4,1,0,1,9,1,2,1,0,0,41,1,1,1,0,0,0,,0,0,0,0,0,1,0,0,5,3.6,4,0,1,0,0,0,0,0.0,63,1,10,20,33,6,63,4,1,25.0,2,50.0,47,366,214,11,5,3,3,1,45,14,0,0,0,1,3,0,9,0,1,0,0,0,5,1,0,100.0,,,,,,,,,,,,,,,,,,,,,,,,,,,,,,,,2024-2025
2480,Tomáš Souček,cz CZE,MF,West Ham,eng Premier League,29.0,1995.0,35,30,2567,28.5,9,1,10,9,0,0,8,0,6.7,6.7,1.0,7.8,0.35,0.27,9,74,68,55,17,30.9,1.93,0.6,0.16,0.53,11.9,0,0,0,6.7,6.7,0.13,2.3,2.3,715,969,73.8,11811,3221,1,1.0,1.3,0.0,14,62,8,1,74,946,20,17,0,11,14,3,0,0,0,0,715,46,21,20,23,3,44,59.1,18,41,21,20,20,66,85,1,44,1.54,35,0,0,6,2,1,3,0.11,1280,128,355,626,303,102,1280,12,6,50.0,6,50.0,506,1553,559,9,12,3,20,15,764,68,8,0,0,47,25,4,14,20,21,1,0,0,63,99,73,57.6,,,,,,,,,,,,,,,,,,,,,,,,,,,,,,,,2024-2025
2481,Matìas Soulé,ar ARG,"MF,DF",Roma,it Serie A,21.0,2003.0,27,22,1781,19.8,5,5,10,5,0,0,3,0,3.0,3.0,5.2,8.3,0.51,0.42,84,89,191,42,13,31.0,2.12,0.66,0.12,0.38,21.1,1,0,0,3.0,3.0,0.07,2.0,2.0,785,955,82.2,11957,2869,5,5.2,3.4,-0.2,51,53,34,12,89,853,100,21,5,2,88,35,38,23,8,0,785,26,16,12,7,7,23,43.5,13,25,3,22,9,35,25,0,90,4.55,63,17,3,5,2,0,8,0.4,1271,24,137,472,673,73,1271,108,35,32.4,54,50.0,794,4724,2444,84,56,32,56,32,915,191,3,0,0,12,36,1,88,9,16,0,0,0,105,10,17,37.0,,,,,,,,,,,,,,,,,,,,,,,,,,,,,,,,2024-2025
2482,Boubakary Soumaré,fr FRA,MF,Leicester City,eng Premier League,25.0,1999.0,31,25,2171,24.1,0,0,0,0,0,0,8,0,0.3,0.3,0.4,0.7,0.0,0.03,34,105,23,7,0,0.0,0.29,0.0,0.0,,23.4,0,0,0,0.3,0.3,0.04,-0.3,-0.3,1073,1234,87.0,16191,4336,0,0.4,1.0,-0.4,11,95,16,3,105,1220,11,8,3,1,10,3,0,0,0,0,1073,37,20,24,12,1,33,63.6,12,22,10,12,27,64,34,4,35,1.45,27,0,5,1,2,0,3,0.12,1441,73,386,903,166,18,1441,45,27,60.0,14,31.1,847,3904,2011,34,19,4,24,22,1013,23,8,0,0,24,23,0,10,27,20,0,0,0,140,21,11,65.6,,,,,,,,,,,,,,,,,,,,,,,,,,,,,,,,2024-2025
2484,Djibril Sow,ch SUI,MF,Sevilla,es La Liga,27.0,1997.0,30,24,2062,22.9,2,1,3,2,0,0,5,0,2.4,2.4,1.6,4.0,0.13,0.18,23,100,50,22,6,27.3,0.96,0.26,0.09,0.33,18.6,0,0,0,2.4,2.4,0.11,-0.4,-0.4,883,994,88.8,14168,3459,1,1.6,1.0,-0.6,21,87,10,1,100,970,22,17,0,5,9,1,2,0,0,0,883,25,14,13,10,2,17,47.1,9,18,3,15,28,53,26,1,64,2.79,58,0,0,1,3,2,4,0.17,1197,35,277,709,219,32,1197,25,10,40.0,11,44.0,604,3061,1370,23,16,3,36,9,827,50,5,0,0,23,41,0,9,28,14,0,0,0,110,24,23,51.1,,,,,,,,,,,,,,,,,,,,,,,,,,,,,,,,2024-2025
2487,Djed Spence,eng ENG,DF,Tottenham,eng Premier League,23.0,2000.0,25,19,1792,19.9,1,2,3,1,0,0,4,1,0.6,0.6,1.8,2.3,0.15,0.12,59,105,70,10,3,30.0,0.5,0.15,0.1,0.33,23.9,0,0,0,0.6,0.6,0.06,0.4,0.4,992,1161,85.4,14185,4261,2,1.8,1.4,0.2,11,78,18,8,105,974,183,30,2,2,25,153,0,0,0,0,992,47,34,25,15,7,30,76.7,7,28,9,19,21,68,74,2,29,1.46,23,1,4,1,0,0,5,0.25,1428,81,500,641,309,25,1428,76,38,50.0,31,40.8,794,4661,2481,59,44,7,28,33,872,70,4,1,1,21,23,2,25,21,34,0,0,1,109,21,14,60.0,,,,,,,,,,,,,,,,,,,,,,,,,,,,,,,,2024-2025
2488,Leonardo Spinazzola,it ITA,"DF,FW",Napoli,it Serie A,31.0,1993.0,27,17,1517,16.9,1,1,2,1,0,0,1,0,0.8,0.8,3.5,4.2,0.12,0.25,83,88,81,12,4,33.3,0.71,0.24,0.08,0.25,17.1,0,0,0,0.8,0.8,0.07,0.2,0.2,710,895,79.3,12378,3751,1,3.5,3.4,-2.5,26,62,34,8,88,743,149,15,3,5,65,122,12,5,3,0,710,17,10,6,9,2,23,43.5,13,12,1,11,9,26,31,1,47,2.79,38,4,3,1,1,0,3,0.18,1051,38,244,472,344,38,1051,64,28,43.8,29,45.3,603,4478,2504,83,64,24,17,18,679,81,1,0,0,6,13,1,65,9,10,0,0,0,62,3,3,50.0,,,,,,,,,,,,,,,,,,,,,,,,,,,,,,,,2024-2025
2489,Marco Sportiello,it ITA,GK,Milan,it Serie A,32.0,1992.0,2,1,126,1.4,0,0,0,0,0,0,0,0,0.0,0.0,0.0,0.0,0.0,0.0,0,0,0,0,0,,0.0,0.0,,,,0,0,0,0.0,0.0,,0.0,0.0,51,61,83.6,1238,656,0,0.0,0.0,0.0,0,1,0,0,0,44,16,2,0,0,0,0,0,0,0,0,51,0,0,0,0,0,0,,0,0,0,0,0,0,1,0,0,0.0,0,0,0,0,0,0,0,0.0,63,42,62,1,0,0,63,0,0,,0,,37,180,117,0,0,0,0,0,31,0,0,0,0,0,0,0,0,0,0,0,0,0,1,0,0,,2.0,1.43,6.0,4.0,66.7,1.0,0.0,0.0,1.0,100.0,0.0,0.0,0.0,0.0,2.2,0.36,0.2,0.12,5.0,13.0,38.5,46.0,8.0,21.7,27.8,15.0,1.0,6.7,3.0,2.14,25.5,2024-2025
2493,Filip Stankovic,rs SRB,GK,Venezia,it Serie A,22.0,2002.0,16,16,1367,15.2,0,0,0,0,0,0,1,0,0.0,0.0,0.0,0.0,0.0,0.0,0,0,0,0,0,,0.0,0.0,,,,0,0,0,0.0,0.0,,0.0,0.0,372,513,72.5,9405,6649,0,0.0,0.0,0.0,0,2,0,0,0,411,101,28,0,1,0,0,0,0,0,0,372,0,0,0,0,0,0,,0,0,0,0,0,0,11,2,1,0.07,1,0,0,0,0,0,0,0.0,566,486,561,5,0,0,566,0,0,,0,,341,1802,1156,0,0,0,0,0,304,0,1,0,0,0,1,0,0,0,0,0,0,0,15,5,0,100.0,23.0,1.51,83.0,60.0,77.1,2.0,6.0,8.0,0.0,0.0,5.0,4.0,1.0,0.0,25.2,0.26,3.2,0.21,48.0,161.0,29.8,439.0,51.0,29.4,31.6,249.0,12.0,4.8,13.0,0.86,10.8,2024-2025
2494,Jay Stansfield,eng ENG,MF,Fulham,eng Premier League,21.0,2002.0,1,0,1,0.0,0,0,0,0,0,0,0,0,0.0,0.0,0.0,0.0,0.0,0.0,0,0,0,0,0,,0.0,0.0,,,,0,0,0,0.0,0.0,,0.0,0.0,0,0,,0,0,0,0.0,0.0,0.0,0,0,0,0,0,0,0,0,0,0,0,0,0,0,0,0,0,0,0,0,0,0,0,,0,0,0,0,0,0,0,0,0,0.0,0,0,0,0,0,0,0,0.0,0,0,0,0,0,0,0,0,0,,0,,0,0,0,0,0,0,0,0,0,0,0,0,0,1,0,0,0,0,0,0,0,0,0,0,0,,,,,,,,,,,,,,,,,,,,,,,,,,,,,,,,,2024-2025
2495,Carl Starfelt,se SWE,DF,Celta Vigo,es La Liga,29.0,1995.0,28,26,2270,25.2,1,0,1,1,0,0,5,0,0.5,0.5,0.2,0.7,0.04,0.03,11,66,1,5,1,20.0,0.2,0.04,0.2,1.0,11.6,0,0,0,0.5,0.5,0.1,0.5,0.5,1539,1643,93.7,27778,9742,0,0.2,0.2,-0.2,6,56,1,0,66,1614,29,22,1,5,0,0,0,0,0,0,1539,40,20,25,14,1,27,66.7,9,29,21,8,31,71,129,3,18,0.71,16,0,0,1,0,1,1,0.04,1901,265,963,915,29,11,1901,1,1,100.0,0,0.0,1104,4606,2548,11,5,1,9,0,1337,1,5,0,0,21,11,0,0,31,20,0,0,0,77,60,51,54.1,,,,,,,,,,,,,,,,,,,,,,,,,,,,,,,,2024-2025
2498,Jason Steele,eng ENG,GK,Brighton,eng Premier League,33.0,1990.0,2,2,180,2.0,0,0,0,0,0,0,0,0,0.0,0.0,0.0,0.0,0.0,0.0,0,0,0,0,0,,0.0,0.0,,,,0,0,0,0.0,0.0,,0.0,0.0,101,112,90.2,2321,1556,0,0.0,0.0,0.0,0,0,0,0,0,104,8,6,0,0,0,0,0,0,0,0,101,0,0,0,0,0,0,,0,0,0,0,0,0,1,0,0,0.0,0,0,0,0,0,0,0,0.0,114,107,114,0,0,0,114,0,0,,0,,91,361,151,0,0,0,0,0,83,0,0,0,0,0,1,0,0,0,0,0,0,0,7,1,1,50.0,1.0,0.5,4.0,3.0,75.0,2.0,0.0,0.0,1.0,50.0,0.0,0.0,0.0,0.0,0.5,0.12,-0.5,-0.26,7.0,16.0,43.8,110.0,7.0,13.6,25.1,22.0,2.0,9.1,3.0,1.5,15.4,2024-2025
2499,Orri Steinn Óskarsson,is ISL,FW,Real Sociedad,es La Liga,19.0,2004.0,23,9,944,10.5,3,0,3,3,0,0,1,0,5.2,5.2,0.2,5.4,0.29,0.52,6,9,50,19,7,36.8,1.81,0.67,0.16,0.43,13.1,0,0,0,5.2,5.2,0.27,-2.2,-2.2,104,197,52.8,1158,178,0,0.2,0.5,-0.2,5,4,3,1,9,188,4,0,0,0,7,0,0,0,0,0,104,6,6,2,1,3,8,25.0,6,10,1,9,2,8,11,0,10,0.95,8,0,0,1,1,0,0,0.0,285,9,25,127,134,37,285,8,2,25.0,5,62.5,122,462,154,6,2,5,17,11,207,50,1,0,0,7,6,10,7,2,6,0,0,0,15,31,55,36.0,,,,,,,,,,,,,,,,,,,,,,,,,,,,,,,,2024-2025
2501,Jack Stephens,eng ENG,DF,Southampton,eng Premier League,30.0,1994.0,19,17,1389,15.4,1,0,1,1,0,0,2,2,0.6,0.6,0.2,0.7,0.06,0.05,14,63,2,4,2,50.0,0.26,0.13,0.25,0.5,11.0,0,0,0,0.6,0.6,0.14,0.4,0.4,879,955,92.0,15471,4366,0,0.2,0.3,-0.2,3,51,5,0,63,912,42,19,0,2,1,15,0,0,0,0,879,34,20,25,9,0,30,56.7,13,20,13,7,13,47,53,2,13,0.84,13,0,0,0,0,0,0,0.0,1097,128,461,543,97,11,1097,4,0,0.0,4,100.0,631,2996,1407,14,12,1,3,3,783,2,2,2,0,13,4,1,1,13,20,0,1,0,44,6,10,37.5,,,,,,,,,,,,,,,,,,,,,,,,,,,,,,,,2024-2025
2503,Raheem Sterling,eng ENG,"FW,MF",Arsenal,eng Premier League,29.0,1994.0,17,7,499,5.5,0,2,2,0,0,0,1,0,1.4,1.4,0.5,1.9,0.36,0.34,27,18,79,11,0,0.0,1.98,0.0,0.0,,15.1,2,0,0,1.4,1.4,0.13,-1.4,-1.4,158,201,78.6,2022,403,2,0.5,0.5,1.5,8,4,9,2,18,197,2,0,0,1,16,1,1,0,0,0,158,9,4,1,3,5,10,50.0,5,3,0,3,1,10,4,0,19,3.43,14,0,3,2,0,0,3,0.54,274,2,10,58,209,38,274,30,10,33.3,10,33.3,201,1407,750,27,11,15,13,14,211,79,1,0,0,12,8,4,16,1,4,0,0,0,16,1,3,25.0,,,,,,,,,,,,,,,,,,,,,,,,,,,,,,,,2024-2025
2506,Ross Stewart,sct SCO,FW,Southampton,eng Premier League,28.0,1996.0,12,4,389,4.3,1,0,1,1,0,0,1,0,1.1,1.1,0.0,1.1,0.23,0.25,3,2,10,9,2,22.2,2.08,0.46,0.11,0.5,10.8,0,0,0,1.1,1.1,0.12,-0.1,-0.1,67,95,70.5,861,86,0,0.0,0.1,0.0,0,2,1,0,2,94,1,1,0,0,0,0,0,0,0,0,67,6,4,1,1,4,8,37.5,5,3,0,3,1,7,7,0,5,1.16,1,0,1,2,1,0,0,0.0,140,9,25,55,62,15,140,5,3,60.0,2,40.0,64,298,81,3,0,4,7,9,100,10,1,0,0,7,7,1,0,1,4,0,0,0,6,13,23,36.1,,,,,,,,,,,,,,,,,,,,,,,,,,,,,,,,2024-2025
2509,Stoichkov,es ESP,"MF,FW",Alavés,es La Liga,30.0,1993.0,16,6,699,7.8,0,1,1,0,0,0,1,0,1.1,1.1,1.2,2.3,0.13,0.3,9,26,41,18,3,16.7,2.32,0.39,0.0,0.0,19.8,1,0,0,1.1,1.1,0.06,-1.1,-1.1,132,214,61.7,2161,697,1,1.2,0.7,-0.2,7,16,10,1,26,204,9,0,6,1,13,0,0,0,0,0,132,14,9,6,7,1,11,54.5,5,2,0,2,1,15,7,0,28,3.6,17,0,2,3,4,2,2,0.26,304,6,39,135,135,28,304,18,6,33.3,9,50.0,179,938,377,9,5,3,20,7,194,41,1,0,0,9,16,5,13,1,9,0,0,0,44,5,15,25.0,,,,,,,,,,,,,,,,,,,,,,,,,,,,,,,,2024-2025
2510,Petar Stojanović,si SVN,MF,Empoli,it Serie A,28.0,1995.0,1,0,3,0.0,0,0,0,0,0,0,0,0,0.0,0.0,0.0,0.0,0.0,0.0,0,0,0,0,0,,0.0,0.0,,,,0,0,0,0.0,0.0,,0.0,0.0,1,3,33.3,9,4,0,0.0,0.0,0.0,0,0,0,0,0,3,0,0,0,0,0,0,0,0,0,0,1,0,0,0,0,0,0,,0,0,0,0,0,0,0,0,0,0.0,0,0,0,0,0,0,0,0.0,3,1,2,1,0,0,3,0,0,,0,,2,5,1,0,0,0,0,0,1,0,0,0,0,0,0,0,0,0,0,0,0,0,1,0,0,,,,,,,,,,,,,,,,,,,,,,,,,,,,,,,,,2024-2025
2511,Jakub Stolarczyk,pl POL,GK,Leicester City,eng Premier League,23.0,2000.0,10,10,900,10.0,0,0,0,0,0,0,1,0,0.0,0.0,0.0,0.0,0.0,0.0,0,1,0,0,0,,0.0,0.0,,,,0,0,0,0.0,0.0,,0.0,0.0,238,386,61.7,6215,4560,0,0.0,0.0,0.0,0,2,0,0,1,286,100,42,0,1,0,0,0,0,0,0,238,2,1,2,0,0,2,50.0,1,0,0,0,0,2,6,1,0,0.0,0,0,0,0,0,0,0,0.0,411,309,406,6,0,0,411,0,0,,0,,221,983,595,0,0,0,1,0,225,0,1,0,0,0,0,0,0,0,1,0,0,0,8,5,0,100.0,16.0,1.6,44.0,28.0,63.6,3.0,1.0,6.0,2.0,20.0,0.0,0.0,0.0,0.0,15.4,0.35,-0.6,-0.06,57.0,195.0,29.2,328.0,36.0,46.3,34.2,169.0,10.0,5.9,8.0,0.8,12.5,2024-2025
2512,John Stones,eng ENG,"DF,MF",Manchester City,eng Premier League,30.0,1994.0,11,6,548,6.1,2,0,2,2,0,0,1,0,0.4,0.4,0.1,0.5,0.33,0.08,10,21,2,2,2,100.0,0.33,0.33,1.0,1.0,5.1,0,0,0,0.4,0.4,0.22,1.6,1.6,367,403,91.1,6382,1601,0,0.1,0.2,-0.1,2,42,0,0,21,389,13,7,0,3,0,0,0,0,0,0,367,6,2,3,2,1,5,100.0,0,5,3,2,4,10,19,1,8,1.31,8,0,0,0,0,0,2,0.33,442,40,142,234,68,4,442,2,2,100.0,0,0.0,292,2146,1183,10,14,0,2,0,333,2,1,0,0,2,2,0,0,4,2,0,0,0,22,8,6,57.1,,,,,,,,,,,,,,,,,,,,,,,,,,,,,,,,2024-2025
2513,Jørgen Strand Larsen,no NOR,FW,Wolves,eng Premier League,24.0,2000.0,35,30,2587,28.7,14,4,18,14,0,0,4,0,10.3,10.3,3.0,13.3,0.63,0.46,17,29,112,54,33,61.1,1.88,1.15,0.26,0.42,11.3,0,0,0,10.3,10.3,0.19,3.7,3.7,295,457,64.6,3818,697,4,3.0,1.0,1.0,21,19,4,1,29,443,14,0,1,2,6,0,0,0,0,0,295,10,6,2,3,5,27,14.8,23,19,4,15,6,16,29,0,42,1.46,33,1,1,3,2,2,6,0.21,736,36,85,348,304,108,736,20,8,40.0,11,55.0,345,1194,464,17,14,9,90,34,534,112,4,0,0,46,19,16,6,6,6,0,0,0,42,67,100,40.1,,,,,,,,,,,,,,,,,,,,,,,,,,,,,,,,2024-2025
2514,Gabriel Strefezza,br BRA,"FW,MF",Como,it Serie A,27.0,1997.0,37,32,2619,29.1,6,4,10,6,0,0,5,0,3.7,3.7,3.9,7.6,0.34,0.26,80,106,190,58,21,36.2,1.99,0.72,0.1,0.29,20.5,2,0,0,3.7,3.7,0.06,2.3,2.3,875,1158,75.6,13294,3416,4,3.9,4.1,0.1,57,67,29,9,106,1045,105,31,8,10,123,7,63,20,23,0,875,57,39,20,20,17,55,38.2,34,24,2,22,13,70,26,0,111,3.82,76,23,3,3,4,2,4,0.14,1483,27,197,595,704,93,1483,82,36,43.9,33,40.2,1033,5397,2707,80,42,33,49,53,1110,190,5,0,0,46,71,2,123,13,39,0,0,0,108,10,24,29.4,,,,,,,,,,,,,,,,,,,,,,,,,,,,,,,,2024-2025
2515,Cristhian Stuani,uy URU,FW,Girona,es La Liga,37.0,1986.0,32,6,1078,12.0,11,2,13,8,3,3,4,0,8.1,5.8,0.6,6.5,0.83,0.73,2,10,36,31,16,51.6,2.59,1.34,0.26,0.5,12.7,0,3,3,8.1,5.8,0.19,2.9,2.2,107,154,69.5,1450,161,2,0.6,1.0,1.4,6,1,3,0,10,133,21,0,1,0,2,1,0,0,0,0,107,9,7,1,7,1,8,62.5,3,4,1,3,7,16,11,0,14,1.17,10,0,1,3,0,0,3,0.25,256,10,32,107,118,55,253,5,2,40.0,2,40.0,96,292,83,2,0,2,24,7,156,36,4,0,0,35,7,11,2,7,7,0,0,0,14,22,17,56.4,,,,,,,,,,,,,,,,,,,,,,,,,,,,,,,,2024-2025
2516,Álex Suárez,es ESP,DF,Las Palmas,es La Liga,31.0,1993.0,30,30,2460,27.3,0,0,0,0,0,0,12,0,0.5,0.5,0.1,0.6,0.0,0.02,6,53,3,6,3,50.0,0.22,0.11,0.0,0.0,14.9,0,0,0,0.5,0.5,0.09,-0.5,-0.5,1165,1357,85.9,21803,7921,0,0.1,0.2,-0.1,3,50,3,0,53,1210,146,71,1,9,1,34,0,0,0,0,1165,40,23,30,9,1,27,74.1,7,39,24,15,13,53,107,2,14,0.51,12,0,0,2,0,0,2,0.07,1609,225,877,684,53,19,1609,2,0,0.0,2,100.0,816,3700,1912,6,4,0,12,1,1020,3,12,0,0,27,21,1,1,13,23,0,1,2,68,25,48,34.2,,,,,,,,,,,,,,,,,,,,,,,,,,,,,,,,2024-2025
2517,Denis Suárez,es ESP,MF,Villarreal,es La Liga,30.0,1994.0,21,7,608,6.8,1,1,2,1,0,0,0,0,0.9,0.9,1.5,2.4,0.3,0.36,27,35,24,10,3,30.0,1.48,0.44,0.1,0.33,15.5,0,0,0,0.9,0.9,0.09,0.1,0.1,228,291,78.4,3710,1203,1,1.5,1.8,-0.5,14,21,8,3,35,265,22,7,0,5,25,3,11,2,7,0,228,12,8,7,2,3,10,40.0,6,4,1,3,3,15,3,0,28,4.14,20,6,0,2,0,0,3,0.44,358,5,70,147,143,23,358,17,10,58.8,5,29.4,197,1368,807,27,18,5,13,8,257,24,0,0,0,1,7,0,25,3,8,0,0,0,25,1,6,14.3,,,,,,,,,,,,,,,,,,,,,,,,,,,,,,,,2024-2025
2519,Luka Sučić,hr CRO,MF,Real Sociedad,es La Liga,21.0,2002.0,29,21,1792,19.9,1,1,2,1,0,0,4,0,3.3,3.3,2.6,5.9,0.1,0.3,30,79,56,43,11,25.6,2.16,0.55,0.02,0.09,23.6,1,0,0,3.3,3.3,0.08,-2.3,-2.3,727,882,82.4,11561,2321,1,2.6,2.2,-1.6,25,52,13,2,79,852,24,7,5,7,18,1,1,0,1,0,727,25,18,8,12,5,26,38.5,16,30,2,28,15,40,16,1,55,2.76,44,0,3,5,2,1,5,0.25,1094,20,146,623,339,32,1094,53,25,47.2,24,45.3,666,3752,1594,30,34,5,33,16,779,56,4,0,0,11,15,3,18,15,18,0,0,0,109,26,25,51.0,,,,,,,,,,,,,,,,,,,,,,,,,,,,,,,,2024-2025
2520,Yukinari Sugawara,jp JPN,"DF,MF",Southampton,eng Premier League,24.0,2000.0,30,16,1557,17.3,1,1,2,1,0,0,4,0,0.5,0.5,2.2,2.7,0.12,0.16,33,72,78,14,5,35.7,0.81,0.29,0.07,0.2,20.2,1,0,0,0.5,0.5,0.03,0.5,0.5,713,891,80.0,11241,3454,1,2.2,2.5,-1.2,17,47,21,9,72,765,124,17,1,7,70,97,10,4,6,0,713,31,18,16,14,1,31,61.3,12,21,10,11,11,42,53,3,39,2.25,30,5,1,3,0,0,1,0.06,1066,67,327,410,334,29,1066,20,9,45.0,10,50.0,564,2569,1384,33,16,7,18,5,709,78,4,0,0,15,10,4,70,11,18,0,2,0,44,5,9,35.7,,,,,,,,,,,,,,,,,,,,,,,,,,,,,,,,2024-2025
2522,Ibrahim Sulemana,gh GHA,MF,Atalanta,it Serie A,21.0,2003.0,9,3,283,3.1,2,0,2,2,0,0,1,0,0.6,0.6,0.0,0.6,0.64,0.19,2,12,2,5,2,40.0,1.59,0.64,0.4,1.0,22.9,0,0,0,0.6,0.6,0.11,1.4,1.4,159,180,88.3,2852,722,0,0.0,0.1,0.0,1,18,1,0,12,178,2,2,1,0,0,0,0,0,0,0,159,9,4,4,5,0,8,25.0,6,2,0,2,0,9,1,0,3,0.95,1,0,1,1,0,0,0,0.0,209,5,43,137,30,1,209,4,1,25.0,1,25.0,135,830,421,2,6,0,7,3,155,2,1,0,0,2,2,0,0,0,4,0,0,0,13,9,4,69.2,,,,,,,,,,,,,,,,,,,,,,,,,,,,,,,,2024-2025
2523,Kamaldeen Sulemana,gh GHA,"FW,MF",Southampton,eng Premier League,22.0,2002.0,26,17,1402,15.6,1,1,2,1,0,0,2,0,1.5,1.5,1.0,2.5,0.13,0.16,63,27,87,29,8,27.6,1.86,0.51,0.03,0.13,18.6,0,0,0,1.5,1.5,0.05,-0.5,-0.5,285,357,79.8,4101,627,1,1.0,0.8,0.0,10,6,13,7,27,354,2,0,0,2,26,2,0,0,0,0,285,22,17,9,5,8,15,66.7,5,16,4,12,6,28,9,0,30,1.93,15,1,10,3,1,0,3,0.19,587,17,92,219,301,59,587,103,39,37.9,56,54.4,380,3283,1620,63,37,28,50,25,410,87,2,0,0,22,11,3,26,6,17,0,0,0,63,13,27,32.5,,,,,,,,,,,,,,,,,,,,,,,,,,,,,,,,2024-2025
2524,Crysencio Summerville,nl NED,"FW,MF",West Ham,eng Premier League,22.0,2001.0,19,7,786,8.7,1,1,2,1,0,0,2,0,1.6,1.6,1.7,3.3,0.23,0.38,29,18,71,14,4,28.6,1.6,0.46,0.07,0.25,13.4,0,0,0,1.6,1.6,0.12,-0.6,-0.6,194,254,76.4,2881,640,1,1.7,1.7,-0.7,17,13,12,5,18,241,13,2,3,0,21,2,8,6,0,0,194,13,7,2,8,3,9,33.3,6,13,4,9,0,13,7,0,35,4.01,21,3,5,0,5,1,1,0.11,372,9,47,147,181,38,372,39,13,33.3,18,46.2,207,1463,762,29,15,13,20,16,259,71,2,0,0,9,23,4,21,0,7,0,0,0,38,4,9,30.8,,,,,,,,,,,,,,,,,,,,,,,,,,,,,,,,2024-2025
2525,Tomáš Suslov,sk SVK,"MF,FW",Hellas Verona,it Serie A,22.0,2002.0,31,27,2080,23.1,0,1,1,0,0,0,7,1,1.6,1.6,1.9,3.5,0.04,0.15,39,82,77,32,7,21.9,1.38,0.3,0.0,0.0,21.6,4,0,0,1.6,1.6,0.05,-1.6,-1.6,387,529,73.2,7405,2018,1,1.9,1.7,-0.9,27,40,22,2,82,444,82,29,2,9,49,11,20,9,7,0,387,54,38,23,24,7,72,31.9,49,30,2,28,18,72,17,1,74,3.2,47,12,5,2,6,2,4,0.17,811,18,137,393,306,28,811,77,36,46.8,30,39.0,462,3196,1314,39,28,10,54,34,466,77,7,1,1,54,65,2,49,18,38,0,0,0,88,5,25,16.7,,,,,,,,,,,,,,,,,,,,,,,,,,,,,,,,2024-2025
2526,Suso,es ESP,"FW,MF",Sevilla,es La Liga,30.0,1993.0,16,4,606,6.7,0,2,2,0,0,0,3,0,0.7,0.7,1.6,2.3,0.3,0.35,20,43,74,16,4,25.0,2.38,0.59,0.0,0.0,22.9,2,0,0,0.7,0.7,0.05,-0.7,-0.7,285,385,74.0,4789,1573,2,1.6,1.3,0.4,22,31,13,4,43,333,49,11,2,5,59,5,30,18,7,1,285,10,7,3,6,1,11,36.4,7,4,0,4,4,14,2,0,45,6.68,25,8,8,3,1,0,3,0.45,463,1,53,159,257,15,463,32,14,43.8,16,50.0,280,1526,769,20,22,2,9,15,334,74,3,0,0,6,16,2,59,4,7,0,0,0,31,2,5,28.6,,,,,,,,,,,,,,,,,,,,,,,,,,,,,,,,2024-2025
2527,Zion Suzuki,jp JPN,GK,Parma,it Serie A,21.0,2002.0,37,37,3314,36.8,0,0,0,0,0,0,2,1,0.0,0.0,0.0,0.0,0.0,0.0,0,0,0,0,0,,0.0,0.0,,,,0,0,0,0.0,0.0,,0.0,0.0,1008,1496,67.4,29293,22017,0,0.0,0.1,0.0,0,47,1,0,0,1138,357,134,0,2,0,0,0,0,0,0,1008,1,0,1,0,0,2,50.0,1,0,0,0,0,1,35,4,9,0.24,8,1,0,0,0,0,1,0.03,1605,1295,1594,12,0,0,1605,0,0,,0,,953,4946,3187,0,0,0,1,0,748,0,2,1,1,3,6,0,0,0,0,0,1,0,44,13,1,92.9,53.0,1.47,150.0,99.0,68.0,7.0,15.0,15.0,7.0,19.4,5.0,5.0,0.0,0.0,51.4,0.32,0.4,0.01,204.0,669.0,30.5,1272.0,184.0,41.4,37.5,614.0,64.0,10.4,38.0,1.03,12.1,2024-2025
2530,Marin Šverko,hr CRO,DF,Venezia,it Serie A,26.0,1998.0,16,12,1117,12.4,1,0,1,1,0,0,3,0,0.3,0.3,0.3,0.7,0.08,0.05,8,38,1,3,1,33.3,0.24,0.08,0.33,1.0,17.2,0,0,0,0.3,0.3,0.11,0.7,0.7,495,602,82.2,8857,3962,0,0.3,0.3,-0.3,2,39,5,0,38,471,128,35,2,2,2,63,0,0,0,0,495,20,9,14,6,0,12,83.3,2,10,5,5,16,36,45,3,13,1.05,9,2,0,0,1,1,1,0.08,711,95,339,331,49,3,711,10,6,60.0,2,20.0,356,1645,958,8,3,0,8,4,388,1,3,0,0,9,10,0,2,16,9,0,1,0,44,20,20,50.0,,,,,,,,,,,,,,,,,,,,,,,,,,,,,,,,2024-2025
2531,Mile Svilar,rs SRB,GK,Roma,it Serie A,24.0,1999.0,38,38,3420,38.0,0,0,0,0,0,0,1,0,0.0,0.0,0.0,0.0,0.0,0.0,0,2,0,1,0,0.0,0.03,0.0,0.0,,10.5,0,0,0,0.0,0.0,0.05,0.0,0.0,1151,1459,78.9,29765,16946,0,0.0,0.0,0.0,0,15,0,0,2,1187,271,71,0,2,0,0,0,0,0,0,1151,0,0,0,0,0,0,,0,0,0,0,0,0,12,2,6,0.16,5,1,0,0,0,0,0,0.0,1531,1226,1522,8,1,1,1531,0,0,,0,,944,4802,2705,0,0,0,0,1,874,0,1,0,0,0,8,0,0,0,0,0,0,0,53,6,1,85.7,35.0,0.92,151.0,117.0,79.5,20.0,9.0,9.0,16.0,42.1,4.0,4.0,0.0,0.0,42.5,0.26,8.5,0.22,124.0,413.0,30.0,1258.0,170.0,23.8,30.6,495.0,30.0,6.1,33.0,0.87,13.7,2024-2025
2532,Michael Svoboda,at AUT,DF,Venezia,it Serie A,25.0,1998.0,16,15,1314,14.6,1,0,1,1,0,0,1,0,0.2,0.2,0.6,0.8,0.07,0.06,13,43,5,4,4,100.0,0.27,0.27,0.25,0.25,12.5,0,0,0,0.2,0.2,0.04,0.8,0.8,703,829,84.8,12684,4404,0,0.6,1.2,-0.6,5,44,2,0,43,749,77,47,3,0,2,4,0,0,0,0,703,26,14,19,6,1,19,42.1,11,19,11,8,22,48,66,2,16,1.1,14,1,1,0,0,0,0,0.0,984,147,476,454,59,15,984,3,2,66.7,1,33.3,509,3214,1984,13,15,2,12,11,563,5,1,0,0,7,11,0,2,22,14,0,0,0,71,35,28,55.6,,,,,,,,,,,,,,,,,,,,,,,,,,,,,,,,2024-2025
2533,Williot Swedberg,se SWE,"FW,MF",Celta Vigo,es La Liga,20.0,2004.0,32,15,1348,15.0,4,5,9,4,0,0,1,0,5.2,5.2,2.6,7.9,0.6,0.52,34,28,116,32,15,46.9,2.14,1.0,0.13,0.27,14.7,0,0,0,5.2,5.2,0.17,-1.2,-1.2,266,363,73.3,3749,737,5,2.6,2.2,2.4,16,16,12,1,28,360,2,0,4,1,18,2,0,0,0,0,266,23,16,9,10,4,20,65.0,7,12,1,11,3,26,10,1,36,2.4,24,0,3,8,1,0,8,0.53,562,6,53,222,293,72,562,44,10,22.7,29,65.9,351,2103,1032,34,21,18,50,16,412,116,1,0,0,21,32,7,18,3,16,0,0,0,46,8,15,34.8,,,,,,,,,,,,,,,,,,,,,,,,,,,,,,,,2024-2025
2536,Mamadou Sylla,sn SEN,"FW,MF",Valladolid,es La Liga,30.0,1994.0,29,17,1583,17.6,5,1,6,1,4,4,5,0,5.1,2.0,1.7,3.6,0.11,0.39,15,22,52,18,3,16.7,1.02,0.17,0.06,0.33,17.4,0,4,4,5.1,2.0,0.11,-0.1,-1.0,177,282,62.8,2675,420,1,1.7,0.6,-0.7,14,13,5,0,22,246,33,1,0,1,9,4,0,0,0,0,177,8,4,3,3,2,9,22.2,7,8,0,8,3,11,14,1,22,1.25,16,0,1,1,4,0,5,0.28,431,14,44,226,163,37,427,17,5,29.4,8,47.1,188,873,399,15,8,6,43,20,284,52,5,0,0,16,32,13,9,3,4,2,0,0,35,41,58,41.4,,,,,,,,,,,,,,,,,,,,,,,,,,,,,,,,2024-2025
2537,Wojciech Szczęsny,pl POL,GK,Barcelona,es La Liga,34.0,1990.0,15,15,1350,15.0,0,0,0,0,0,0,0,0,0.0,0.0,0.0,0.0,0.0,0.0,0,0,0,0,0,,0.0,0.0,,,,0,0,0,0.0,0.0,,0.0,0.0,402,454,88.5,9086,5717,0,0.0,0.0,0.0,0,1,0,0,0,377,75,21,0,1,0,0,0,0,0,0,402,1,1,1,0,0,0,,0,0,0,0,0,1,20,1,0,0.0,0,0,0,0,0,0,0,0.0,492,370,482,10,0,0,492,1,1,100.0,0,0.0,286,1121,509,0,0,0,0,0,274,0,0,0,0,1,1,0,0,0,1,0,1,0,52,0,0,,12.0,0.8,33.0,21.0,66.7,14.0,1.0,0.0,8.0,53.3,1.0,1.0,0.0,0.0,12.0,0.35,0.0,0.0,24.0,63.0,38.1,398.0,61.0,12.3,25.1,130.0,7.0,5.4,56.0,3.73,20.2,2024-2025
2538,Sammie Szmodics,ie IRL,"FW,MF",Ipswich Town,eng Premier League,28.0,1995.0,20,13,992,11.0,4,0,4,4,0,0,2,0,3.4,3.4,0.2,3.6,0.36,0.33,16,19,47,21,12,57.1,1.91,1.09,0.19,0.33,14.0,0,0,0,3.4,3.4,0.16,0.6,0.6,149,201,74.1,2458,724,0,0.2,0.5,-0.2,5,11,4,1,19,190,11,1,0,0,14,0,6,6,0,0,149,16,10,4,10,2,26,26.9,19,10,2,8,6,22,14,0,10,0.91,8,0,1,1,0,0,0,0.0,318,17,80,125,119,33,318,12,4,33.3,6,50.0,179,1003,407,16,8,7,24,17,193,47,2,0,0,9,8,8,14,6,10,0,1,0,42,6,11,35.3,,,,,,,,,,,,,,,,,,,,,,,,,,,,,,,,2024-2025
2539,Dominik Szoboszlai,hu HUN,MF,Liverpool,eng Premier League,23.0,2000.0,36,29,2491,27.7,6,6,12,6,0,0,6,0,7.3,7.3,7.4,14.7,0.43,0.53,72,131,127,67,22,32.8,2.42,0.79,0.09,0.27,18.9,4,0,0,7.3,7.3,0.11,-1.3,-1.3,1114,1322,84.3,17528,3641,6,7.4,5.9,-1.4,56,88,33,5,131,1202,118,21,5,14,41,36,17,9,6,0,1114,38,20,14,19,5,45,37.8,28,39,5,34,9,47,19,2,119,4.3,90,7,5,13,3,1,16,0.58,1584,32,220,761,626,104,1584,41,21,51.2,17,41.5,805,4223,2372,72,49,18,37,23,1073,127,6,0,0,44,24,4,41,9,20,0,0,0,133,19,23,45.2,,,,,,,,,,,,,,,,,,,,,,,,,,,,,,,,2024-2025
2540,Alexander Sørloth,no NOR,FW,Atlético Madrid,es La Liga,28.0,1995.0,35,15,1566,17.4,20,2,22,19,1,1,4,0,16.8,16.0,1.6,17.6,1.21,1.06,32,31,81,78,40,51.3,4.48,2.3,0.24,0.48,12.0,0,1,1,16.8,16.0,0.21,3.2,3.0,229,359,63.8,2905,601,2,1.6,0.7,0.4,13,19,10,1,31,341,12,0,1,0,5,0,0,0,0,0,229,9,5,2,5,2,6,50.0,3,6,1,5,1,10,28,0,30,1.73,19,0,4,5,2,0,5,0.29,602,29,58,276,276,116,601,37,14,37.8,22,59.5,323,1713,787,32,13,15,63,32,454,81,4,0,0,26,13,8,5,1,5,0,0,0,41,98,50,66.2,,,,,,,,,,,,,,,,,,,,,,,,,,,,,,,,2024-2025
2546,Adrien Tameze,cm CMR,"MF,DF",Torino,it Serie A,30.0,1994.0,20,9,649,7.2,0,0,0,0,0,0,3,0,0.4,0.4,0.8,1.2,0.0,0.17,16,23,21,7,3,42.9,0.97,0.42,0.0,0.0,15.1,0,0,0,0.4,0.4,0.06,-0.4,-0.4,259,301,86.0,4112,904,0,0.8,0.7,-0.8,6,10,6,1,23,291,10,8,0,0,9,2,0,0,0,0,259,5,2,2,3,0,10,10.0,9,8,5,3,10,15,8,1,8,1.11,6,0,1,1,0,0,0,0.0,368,15,89,180,99,13,368,15,4,26.7,8,53.3,214,1291,611,16,9,0,10,3,257,21,3,0,0,8,4,0,9,10,2,0,1,0,25,11,8,57.9,,,,,,,,,,,,,,,,,,,,,,,,,,,,,,,,2024-2025
2548,Renato Tapia,pe PER,"MF,DF",Leganés,es La Liga,29.0,1995.0,34,28,2424,26.9,1,0,1,1,0,0,8,0,0.6,0.6,0.4,1.0,0.04,0.04,17,83,20,14,6,42.9,0.52,0.22,0.07,0.17,29.1,0,0,0,0.6,0.6,0.05,0.4,0.4,838,1070,78.3,14894,4774,0,0.4,0.8,-0.4,8,80,9,0,83,1017,50,36,4,20,12,14,0,0,0,0,838,61,35,30,27,4,50,48.0,26,58,23,35,27,88,86,2,24,0.89,19,2,1,0,1,1,4,0.15,1397,134,469,802,138,13,1397,37,19,51.4,14,37.8,663,2944,1418,17,15,3,33,15,779,20,8,0,0,38,34,0,12,27,35,0,0,0,155,32,24,57.1,,,,,,,,,,,,,,,,,,,,,,,,,,,,,,,,2024-2025
2551,Mehdi Taremi,ir IRN,FW,Inter,it Serie A,32.0,1992.0,25,7,807,9.0,1,2,3,0,1,1,1,0,3.5,2.7,1.6,4.2,0.22,0.56,10,25,47,13,5,38.5,1.45,0.56,0.0,0.0,12.0,0,1,1,3.5,2.7,0.21,-2.5,-2.7,185,231,80.1,2442,471,2,1.6,1.1,0.4,15,12,5,0,25,222,6,1,4,0,1,1,0,0,0,0,185,7,1,2,2,3,4,25.0,3,11,2,9,0,7,11,0,33,3.64,25,0,1,3,4,0,4,0.44,318,11,36,140,148,45,317,11,6,54.5,3,27.3,186,920,363,10,9,6,14,5,230,47,1,0,0,9,13,6,1,0,1,1,0,0,29,19,24,44.2,,,,,,,,,,,,,,,,,,,,,,,,,,,,,,,,2024-2025
2552,Matt Targett,eng ENG,DF,Newcastle Utd,eng Premier League,28.0,1995.0,2,0,21,0.2,0,0,0,0,0,0,0,0,0.0,0.0,0.0,0.0,0.0,0.0,0,0,1,0,0,,0.0,0.0,,,,0,0,0,0.0,0.0,,0.0,0.0,14,15,93.3,187,49,0,0.0,0.1,0.0,0,0,1,1,0,15,0,0,0,0,1,0,0,0,0,0,14,0,0,0,0,0,1,0.0,1,0,0,0,1,1,1,0,0,0.0,0,0,0,0,0,0,0,0.0,17,0,3,8,6,0,17,0,0,,0,,4,12,6,0,0,0,0,0,12,1,0,0,0,0,0,0,1,1,0,0,0,0,2,0,0,,,,,,,,,,,,,,,,,,,,,,,,,,,,,,,,,2024-2025
2554,James Tarkowski,eng ENG,DF,Everton,eng Premier League,31.0,1992.0,33,33,2922,32.5,1,1,2,1,0,0,6,0,1.3,1.3,2.9,4.2,0.06,0.13,9,75,3,15,4,26.7,0.46,0.12,0.07,0.25,8.4,0,0,0,1.3,1.3,0.09,-0.3,-0.3,1045,1290,81.0,22119,8229,1,2.9,2.4,-1.9,16,83,11,0,75,1204,77,46,2,13,1,3,0,0,0,0,1045,64,40,39,22,3,39,61.5,15,57,42,15,41,105,213,4,38,1.17,32,2,0,4,0,0,4,0.12,1706,355,974,635,106,57,1706,7,5,71.4,2,28.6,727,3610,1943,9,10,0,13,7,927,3,6,0,0,35,28,2,1,41,40,0,1,0,98,102,33,75.6,,,,,,,,,,,,,,,,,,,,,,,,,,,,,,,,2024-2025
2555,César Tárrega,es ESP,DF,Valencia,es La Liga,22.0,2002.0,34,34,3026,33.6,2,0,2,2,0,0,7,0,1.9,1.9,0.1,2.1,0.06,0.06,20,79,1,20,6,30.0,0.59,0.18,0.1,0.33,10.3,0,0,0,1.9,1.9,0.1,0.1,0.1,1428,1692,84.4,27168,9416,0,0.1,0.2,-0.1,3,79,1,0,79,1608,79,47,0,10,1,1,0,0,0,0,1428,49,37,33,13,3,31,61.3,12,41,20,21,22,71,222,2,10,0.3,9,0,0,1,0,0,0,0.0,2096,330,1141,914,58,37,2096,15,11,73.3,2,13.3,1134,6087,3641,20,10,0,16,4,1318,1,7,0,0,56,15,0,1,22,37,0,2,2,104,87,62,58.4,,,,,,,,,,,,,,,,,,,,,,,,,,,,,,,,2024-2025
2556,Nuno Tavares,pt POR,DF,Lazio,it Serie A,24.0,2000.0,23,22,1686,18.7,0,8,8,0,0,0,4,1,1.1,1.1,4.8,5.9,0.43,0.32,98,111,100,28,5,17.9,1.49,0.27,0.0,0.0,24.6,5,0,0,1.1,1.1,0.04,-1.1,-1.1,820,1042,78.7,13097,5090,8,4.8,4.9,3.2,33,69,44,23,111,854,187,38,2,6,126,140,9,4,4,0,820,28,21,15,8,5,34,41.2,20,21,3,18,21,49,44,2,63,3.37,49,3,7,2,2,0,11,0.59,1302,61,349,548,435,39,1302,105,49,46.7,43,41.0,736,5619,3359,98,67,20,45,32,811,100,4,1,1,18,30,1,126,21,21,0,1,0,104,11,11,50.0,,,,,,,,,,,,,,,,,,,,,,,,,,,,,,,,2024-2025
2557,Marcus Tavernier,eng ENG,"FW,MF",Bournemouth,eng Premier League,25.0,1999.0,29,20,1939,21.5,3,5,8,3,0,0,6,0,5.5,5.5,4.0,9.5,0.37,0.44,53,128,129,57,17,29.8,2.65,0.79,0.05,0.18,21.1,4,0,0,5.5,5.5,0.1,-2.5,-2.5,689,934,73.8,11654,3481,5,4.0,3.6,1.0,43,80,40,14,128,804,125,34,5,9,108,29,49,36,4,1,689,43,24,15,19,9,27,37.0,17,16,3,13,5,48,11,0,98,4.55,68,12,3,10,5,0,11,0.51,1196,20,135,468,622,58,1196,65,28,43.1,31,47.7,705,4335,2068,53,51,9,46,47,790,129,6,0,0,34,28,4,108,5,24,0,0,0,119,26,33,44.1,,,,,,,,,,,,,,,,,,,,,,,,,,,,,,,,2024-2025
2558,Charlie Taylor,eng ENG,DF,Southampton,eng Premier League,30.0,1993.0,8,3,356,4.0,0,0,0,0,0,0,1,0,0.0,0.0,0.1,0.1,0.0,0.02,3,9,7,0,0,,0.0,0.0,,,,0,0,0,0.0,0.0,,0.0,0.0,196,223,87.9,3602,910,0,0.1,0.2,-0.1,1,9,3,1,9,192,30,7,0,0,9,21,2,1,1,0,196,7,5,4,3,0,7,71.4,2,8,5,3,5,12,31,1,2,0.51,2,0,0,0,0,0,1,0.25,279,35,121,120,39,2,279,2,2,100.0,0,0.0,116,500,187,3,3,0,1,1,172,7,1,0,0,2,3,0,9,5,5,0,0,0,10,6,2,75.0,,,,,,,,,,,,,,,,,,,,,,,,,,,,,,,,2024-2025
2559,Jack Taylor,ie IRL,MF,Ipswich Town,eng Premier League,26.0,1998.0,32,4,860,9.6,1,0,1,1,0,0,4,0,0.7,0.7,0.5,1.3,0.1,0.13,11,43,23,19,4,21.1,1.99,0.42,0.05,0.25,23.9,0,0,0,0.7,0.7,0.04,0.3,0.3,349,421,82.9,6188,1673,0,0.5,0.8,-0.5,5,30,8,1,43,411,10,2,2,3,7,0,3,3,0,0,349,20,10,6,11,3,27,44.4,15,12,3,9,9,29,24,0,22,2.3,15,1,2,2,0,2,2,0.21,534,32,161,281,103,8,534,11,4,36.4,4,36.4,254,1506,791,11,10,1,10,6,345,23,4,0,0,16,5,0,7,9,10,0,0,0,53,7,8,46.7,,,,,,,,,,,,,,,,,,,,,,,,,,,,,,,,2024-2025
2560,Loum Tchaouna,fr FRA,"FW,MF",Lazio,it Serie A,20.0,2003.0,24,6,660,7.3,1,0,1,1,0,0,4,1,2.5,2.5,0.6,3.1,0.14,0.42,22,20,66,23,8,34.8,3.14,1.09,0.04,0.13,17.8,0,0,0,2.5,2.5,0.11,-1.5,-1.5,172,247,69.6,2582,567,0,0.6,0.7,-0.6,10,9,8,1,20,223,24,1,1,2,32,4,15,11,3,0,172,8,4,2,2,4,9,33.3,6,5,1,4,4,12,14,2,25,3.4,20,1,0,2,0,2,6,0.82,341,14,35,133,174,33,341,10,5,50.0,5,50.0,188,1050,516,22,8,8,26,6,246,66,4,1,1,10,7,0,32,4,4,0,0,0,18,5,26,16.1,,,,,,,,,,,,,,,,,,,,,,,,,,,,,,,,2024-2025
2561,Jackson Tchatchoua,cm CMR,"DF,MF",Hellas Verona,it Serie A,22.0,2001.0,36,36,3167,35.2,2,3,5,2,0,0,7,1,1.6,1.6,2.8,4.5,0.14,0.13,88,72,163,18,3,16.7,0.51,0.09,0.11,0.67,20.2,0,0,0,1.6,1.6,0.09,0.4,0.4,837,1126,74.3,12483,4001,3,2.8,3.0,0.2,34,39,29,18,72,920,202,8,2,6,118,194,0,0,0,0,837,50,31,34,13,3,43,65.1,15,21,9,12,14,64,75,2,60,1.71,53,3,1,2,0,1,3,0.09,1403,83,370,559,494,35,1403,40,21,52.5,16,40.0,685,4475,2400,88,59,18,50,15,748,163,7,1,0,26,11,8,118,14,31,0,1,0,121,30,34,46.9,,,,,,,,,,,,,,,,,,,,,,,,,,,,,,,,2024-2025
2563,Aurélien Tchouaméni,fr FRA,"DF,MF",Real Madrid,es La Liga,24.0,2000.0,32,31,2689,29.9,0,0,0,0,0,0,5,0,1.7,1.7,0.6,2.2,0.0,0.07,19,154,13,19,3,15.8,0.64,0.1,0.0,0.0,17.1,0,0,0,1.7,1.7,0.09,-1.7,-1.7,1869,2025,92.3,32598,10694,0,0.6,0.9,-0.6,5,176,9,1,154,1936,86,57,0,9,12,6,0,0,0,0,1869,47,23,25,19,3,41,51.2,20,34,25,9,46,93,92,1,34,1.14,33,1,0,0,0,0,0,0.0,2324,216,798,1332,207,25,2324,16,10,62.5,3,18.8,1440,7111,3821,19,16,1,23,8,1689,13,5,0,0,26,24,0,12,46,23,0,1,0,143,74,27,73.3,,,,,,,,,,,,,,,,,,,,,,,,,,,,,,,,2024-2025
2564,Álvaro Tejero,es ESP,"MF,DF",Espanyol,es La Liga,28.0,1996.0,28,13,1238,13.8,1,4,5,1,0,0,2,0,0.6,0.6,2.9,3.5,0.36,0.26,27,46,72,17,4,23.5,1.24,0.29,0.06,0.25,26.1,6,0,0,0.6,0.6,0.04,0.4,0.4,453,626,72.4,8414,3082,4,2.9,3.6,1.1,33,26,21,12,46,472,152,35,1,4,113,64,53,15,28,1,453,14,4,7,6,1,23,30.4,16,9,1,8,13,27,34,1,55,4.0,28,23,1,1,1,1,9,0.65,757,33,162,322,286,13,757,14,3,21.4,10,71.4,336,1885,892,27,17,2,17,6,394,72,2,0,0,14,19,1,113,13,4,0,0,0,64,10,12,45.5,,,,,,,,,,,,,,,,,,,,,,,,,,,,,,,,2024-2025
2565,Martín Tejón,es ESP,"MF,DF",Valencia,es La Liga,20.0,2004.0,4,0,49,0.5,0,0,0,0,0,0,0,0,0.1,0.1,0.0,0.1,0.0,0.21,0,4,6,1,0,0.0,1.84,0.0,0.0,,11.7,0,0,0,0.1,0.1,0.08,-0.1,-0.1,20,26,76.9,328,95,0,0.0,0.0,0.0,1,2,0,0,4,26,0,0,0,0,1,0,0,0,0,0,20,2,0,0,2,0,2,50.0,1,0,0,0,0,2,0,0,1,1.87,1,0,0,0,0,0,0,0.0,34,1,3,14,18,2,34,4,2,50.0,2,50.0,17,93,36,0,0,0,1,3,23,6,0,0,0,1,1,0,1,0,0,0,0,0,4,0,3,0.0,,,,,,,,,,,,,,,,,,,,,,,,,,,,,,,,2024-2025
2566,Mathys Tel,fr FRA,FW,Tottenham,eng Premier League,19.0,2005.0,13,11,911,10.1,2,1,3,1,1,1,2,0,3.0,2.2,2.6,4.7,0.2,0.55,28,21,72,22,8,36.4,2.17,0.79,0.05,0.13,16.0,1,1,1,3.0,2.2,0.1,-1.0,-1.2,185,266,69.5,3172,666,1,2.6,1.5,-1.6,14,12,14,4,21,243,22,3,2,1,35,7,8,6,2,0,185,16,6,5,6,5,13,38.5,8,8,1,7,2,18,8,2,28,2.77,18,1,3,2,4,0,2,0.2,414,9,58,150,217,40,413,53,15,28.3,31,58.5,266,1578,805,28,23,11,28,15,279,72,2,0,0,14,16,1,35,2,6,1,0,0,38,4,7,36.4,,,,,,,,,,,,,,,,,,,,,,,,,,,,,,,,2024-2025
2569,Nahuel Tenaglia,ar ARG,DF,Alavés,es La Liga,28.0,1996.0,34,33,2922,32.5,2,1,3,2,0,0,11,0,2.2,2.2,1.6,3.7,0.09,0.12,42,103,98,27,8,29.6,0.83,0.25,0.07,0.25,15.5,0,0,0,2.2,2.2,0.08,-0.2,-0.2,1017,1410,72.1,17640,8188,1,1.6,1.4,-0.6,19,85,19,9,103,1044,358,11,0,4,85,344,0,0,0,0,1017,96,61,61,30,5,88,60.2,35,33,9,24,47,143,123,2,51,1.57,28,10,2,2,8,1,4,0.12,1835,105,575,808,466,48,1835,35,17,48.6,13,37.1,757,3858,2004,42,41,5,36,15,829,98,11,0,0,37,45,2,85,47,61,3,0,0,117,46,52,46.9,,,,,,,,,,,,,,,,,,,,,,,,,,,,,,,,2024-2025
2571,Casper Tengstedt,dk DEN,FW,Hellas Verona,it Serie A,24.0,2000.0,25,20,1517,16.9,6,1,7,5,1,1,2,0,5.3,4.5,0.9,5.4,0.36,0.37,29,29,85,37,10,27.0,2.2,0.59,0.14,0.5,14.2,0,1,1,5.3,4.5,0.12,0.7,0.5,201,298,67.4,2875,528,1,0.9,1.1,0.1,12,11,8,1,29,266,31,0,4,2,10,6,0,0,0,0,201,7,5,0,5,2,9,44.4,5,5,1,4,4,11,29,0,24,1.42,17,0,1,4,2,0,3,0.18,458,30,47,199,217,58,457,27,9,33.3,16,59.3,238,1247,564,29,14,13,36,6,303,85,2,0,0,6,9,6,10,4,5,0,0,0,37,20,61,24.7,,,,,,,,,,,,,,,,,,,,,,,,,,,,,,,,2024-2025
2572,Marc-André ter Stegen,de GER,GK,Barcelona,es La Liga,32.0,1992.0,8,8,674,7.5,0,0,0,0,0,0,0,0,0.0,0.0,0.0,0.0,0.0,0.0,0,2,0,0,0,,0.0,0.0,,,,0,0,0,0.0,0.0,,0.0,0.0,233,251,92.8,5847,4091,0,0.0,0.0,0.0,0,1,1,0,2,213,38,11,0,0,0,0,0,0,0,0,233,0,0,0,0,0,1,0.0,1,0,0,0,0,0,2,2,1,0.13,0,1,0,0,0,0,0,0.0,262,186,260,2,0,0,262,0,0,,0,,158,755,562,0,0,0,0,0,154,0,0,0,0,0,2,0,0,0,0,0,0,0,14,1,0,100.0,9.0,1.2,22.0,13.0,63.6,7.0,0.0,1.0,1.0,12.5,1.0,1.0,0.0,0.0,6.4,0.26,-2.6,-0.34,15.0,31.0,48.4,224.0,40.0,12.1,26.5,83.0,5.0,6.0,13.0,1.74,17.0,2024-2025
2573,Filippo Terracciano,it ITA,"DF,MF",Milan,it Serie A,21.0,2003.0,13,6,539,6.0,0,0,0,0,0,0,3,0,0.2,0.2,0.1,0.3,0.0,0.04,5,14,9,3,1,33.3,0.5,0.17,0.0,0.0,20.9,0,0,0,0.2,0.2,0.06,-0.2,-0.2,226,257,87.9,3828,822,0,0.1,0.1,-0.1,2,21,1,1,14,219,38,7,1,1,3,31,0,0,0,0,226,9,6,1,6,2,10,50.0,5,1,0,1,6,15,11,0,4,0.67,3,1,0,0,0,0,0,0.0,303,10,93,169,43,3,303,2,0,0.0,2,100.0,162,642,338,5,3,0,1,5,194,9,3,0,0,11,9,1,3,6,6,0,0,0,21,10,5,66.7,,,,,,,,,,,,,,,,,,,,,,,,,,,,,,,,2024-2025
2574,Pietro Terracciano,it ITA,GK,Fiorentina,it Serie A,34.0,1990.0,3,3,270,3.0,0,0,0,0,0,0,0,0,0.0,0.0,0.0,0.0,0.0,0.0,0,0,0,0,0,,0.0,0.0,,,,0,0,0,0.0,0.0,,0.0,0.0,70,89,78.7,1552,957,0,0.0,0.0,0.0,0,0,0,0,0,75,14,3,0,0,0,0,0,0,0,0,70,0,0,0,0,0,0,,0,0,0,0,0,0,0,0,0,0.0,0,0,0,0,0,0,0,0.0,96,80,96,0,0,0,96,0,0,,0,,67,285,144,0,0,0,0,0,58,0,0,0,0,0,0,0,0,0,0,0,0,0,4,0,0,,3.0,1.0,13.0,10.0,76.9,0.0,3.0,0.0,1.0,33.3,0.0,0.0,0.0,0.0,3.1,0.24,0.1,0.03,8.0,25.0,32.0,78.0,14.0,28.2,28.8,20.0,1.0,5.0,3.0,1.0,17.0,2024-2025
2575,Ramón Terrats,es ESP,"MF,FW",Villarreal,es La Liga,23.0,2000.0,11,1,131,1.5,0,0,0,0,0,0,1,0,0.1,0.1,0.3,0.3,0.0,0.22,1,7,3,2,0,0.0,1.37,0.0,0.0,,21.2,0,0,0,0.1,0.1,0.03,-0.1,-0.1,64,79,81.0,1157,305,0,0.3,0.4,-0.3,1,7,2,1,7,77,2,1,1,2,5,0,0,0,0,0,64,3,3,1,2,0,4,50.0,2,3,1,2,2,5,3,0,4,2.73,2,0,0,1,1,0,0,0.0,106,8,25,54,27,2,106,6,1,16.7,5,83.3,64,194,69,1,0,0,6,2,75,3,1,0,0,2,2,0,5,2,3,0,0,0,11,3,2,60.0,,,,,,,,,,,,,,,,,,,,,,,,,,,,,,,,2024-2025
2576,Ramón Terrats,es ESP,"MF,FW",Getafe,es La Liga,23.0,2000.0,15,15,1219,13.5,4,1,5,4,0,0,1,0,2.2,2.2,2.5,4.7,0.37,0.35,8,36,37,19,8,42.1,1.4,0.59,0.21,0.5,21.6,1,0,0,2.2,2.2,0.11,1.8,1.8,228,352,64.8,3750,1171,1,2.5,1.1,-1.5,16,29,9,3,36,318,31,15,5,3,35,4,12,4,7,0,228,20,10,7,8,5,28,28.6,20,9,2,7,8,28,16,0,32,2.36,23,4,1,1,2,1,2,0.15,493,15,77,219,213,23,493,50,25,50.0,20,40.0,256,1340,480,8,10,4,33,12,291,37,1,0,0,13,22,4,35,8,10,0,0,0,53,14,13,51.9,,,,,,,,,,,,,,,,,,,,,,,,,,,,,,,,2024-2025
2579,Kenny Tete,nl NED,DF,Fulham,eng Premier League,28.0,1995.0,22,21,1774,19.7,0,2,2,0,0,0,5,0,1.4,1.4,0.9,2.3,0.1,0.12,34,63,54,24,2,8.3,1.22,0.1,0.0,0.0,15.5,0,0,0,1.4,1.4,0.06,-1.4,-1.4,772,956,80.8,12358,4026,2,0.9,0.7,1.1,9,65,13,6,63,799,153,6,1,2,38,147,0,0,0,0,772,56,38,29,14,13,38,60.5,15,31,12,19,32,88,67,0,36,1.83,28,0,2,3,2,1,4,0.2,1205,79,402,484,329,37,1205,20,9,45.0,6,30.0,611,2851,1336,34,21,7,17,10,695,54,5,0,0,35,16,1,38,32,38,0,0,0,74,24,22,52.2,,,,,,,,,,,,,,,,,,,,,,,,,,,,,,,,2024-2025
2582,Florian Thauvin,fr FRA,"FW,MF",Udinese,it Serie A,31.0,1993.0,25,24,1956,21.7,8,3,11,7,1,3,0,0,8.1,5.7,3.8,9.5,0.46,0.55,92,90,148,51,23,45.1,2.35,1.06,0.14,0.3,18.5,3,1,3,8.1,5.7,0.11,-0.1,1.3,544,819,66.4,9660,3359,3,3.8,4.7,-0.8,39,58,43,20,90,700,111,30,5,13,168,7,56,18,26,1,544,20,14,9,8,3,25,40.0,15,6,0,6,7,27,10,0,93,4.28,63,13,5,8,3,1,9,0.41,1062,8,105,432,537,82,1059,92,39,42.4,47,51.1,682,5087,2388,92,53,34,60,38,790,148,0,0,0,10,27,3,168,7,14,0,0,0,68,5,10,33.3,,,,,,,,,,,,,,,,,,,,,,,,,,,,,,,,2024-2025
2585,Thiago,br BRA,"FW,MF",Brentford,eng Premier League,23.0,2001.0,8,1,175,1.9,0,0,0,0,0,0,0,0,0.1,0.1,0.1,0.2,0.0,0.1,3,4,8,2,0,0.0,1.03,0.0,0.0,,14.8,0,0,0,0.1,0.1,0.06,-0.1,-0.1,40,56,71.4,568,73,0,0.1,0.0,-0.1,2,2,2,0,4,55,1,0,0,0,2,0,0,0,0,0,40,5,3,2,1,2,1,0.0,1,3,0,3,2,7,3,1,3,1.55,2,0,0,0,0,1,0,0.0,83,7,15,34,36,4,83,5,3,60.0,2,40.0,45,159,53,3,3,1,6,2,51,8,0,0,0,3,3,1,2,2,3,0,0,0,12,7,5,58.3,,,,,,,,,,,,,,,,,,,,,,,,,,,,,,,,2024-2025
2586,Malick Thiaw,de GER,DF,Milan,it Serie A,22.0,2001.0,22,19,1806,20.1,0,0,0,0,0,0,2,0,0.6,0.6,0.1,0.7,0.0,0.04,12,89,1,7,0,0.0,0.35,0.0,0.0,,9.4,0,0,0,0.6,0.6,0.08,-0.6,-0.6,1181,1269,93.1,23117,7754,0,0.1,0.2,-0.1,4,87,1,0,89,1213,51,34,2,6,3,2,0,0,0,0,1181,24,17,15,6,3,10,60.0,4,14,12,2,15,39,76,1,21,1.05,19,0,0,2,0,0,1,0.05,1432,133,670,720,50,15,1432,4,3,75.0,1,25.0,905,4167,2180,12,11,0,8,2,1044,1,2,0,0,24,6,1,3,15,17,0,0,3,65,49,27,64.5,,,,,,,,,,,,,,,,,,,,,,,,,,,,,,,,2024-2025
2588,Luke Thomas,eng ENG,DF,Leicester City,eng Premier League,23.0,2001.0,14,13,1110,12.3,0,0,0,0,0,0,3,0,0.4,0.4,0.5,0.9,0.0,0.07,5,37,16,5,0,0.0,0.41,0.0,0.0,,16.8,0,0,0,0.4,0.4,0.07,-0.4,-0.4,493,629,78.4,8065,2702,0,0.5,0.5,-0.5,9,32,5,2,37,518,108,20,0,0,29,80,8,4,3,0,493,31,25,23,5,3,41,51.2,20,15,6,9,21,52,49,1,16,1.3,12,3,0,0,0,1,1,0.08,775,50,294,366,120,8,775,6,3,50.0,3,50.0,371,1457,585,5,8,2,12,4,431,16,3,0,0,16,10,0,29,21,25,0,1,0,42,13,11,54.2,,,,,,,,,,,,,,,,,,,,,,,,,,,,,,,,2024-2025
2591,Morten Thorsby,no NOR,"MF,FW",Genoa,it Serie A,28.0,1996.0,30,22,1898,21.1,0,1,1,0,0,0,6,0,2.8,2.8,2.1,4.9,0.05,0.23,24,58,76,15,6,40.0,0.71,0.28,0.0,0.0,12.2,0,0,0,2.8,2.8,0.19,-2.8,-2.8,353,530,66.6,4602,1701,1,2.1,1.2,-1.1,27,45,10,1,58,528,0,0,3,0,9,0,0,0,0,0,353,49,30,19,20,10,29,58.6,12,22,1,21,5,54,28,1,55,2.61,48,0,0,4,2,1,2,0.09,753,29,142,371,247,66,753,22,9,40.9,13,59.1,295,1529,684,24,17,6,45,28,470,76,6,0,0,53,15,9,9,5,30,0,2,1,51,107,99,51.9,,,,,,,,,,,,,,,,,,,,,,,,,,,,,,,,2024-2025
2592,Khéphren Thuram,fr FRA,MF,Juventus,it Serie A,23.0,2001.0,35,26,2326,25.8,4,5,9,4,0,0,5,0,3.5,3.5,3.6,7.1,0.35,0.28,74,123,52,36,10,27.8,1.39,0.39,0.11,0.4,20.1,0,0,0,3.5,3.5,0.1,0.5,0.5,1228,1389,88.4,18876,4695,5,3.6,1.8,1.4,25,124,19,0,123,1362,23,19,6,1,13,4,0,0,0,0,1228,44,21,16,24,4,32,56.3,14,32,10,22,14,58,39,2,56,2.17,47,0,2,4,2,1,10,0.39,1661,73,353,971,358,44,1661,70,39,55.7,28,40.0,1067,6581,3587,74,59,12,28,23,1258,52,5,0,0,36,22,0,13,14,21,0,0,0,110,28,29,49.1,,,,,,,,,,,,,,,,,,,,,,,,,,,,,,,,2024-2025
2593,Marcus Thuram,fr FRA,FW,Inter,it Serie A,26.0,1997.0,31,26,2200,24.4,14,4,18,14,0,0,1,0,9.9,9.9,4.4,14.3,0.74,0.56,62,53,170,64,27,42.2,2.62,1.1,0.22,0.52,13.1,0,0,0,9.9,9.9,0.15,4.1,4.1,412,559,73.7,5263,1082,4,4.4,4.1,-0.4,39,24,27,4,53,525,32,0,4,2,13,0,0,0,0,0,412,18,8,7,5,6,14,21.4,11,16,3,13,3,21,15,0,90,3.54,66,0,7,7,9,1,16,0.63,830,21,71,333,439,160,830,53,24,45.3,22,41.5,453,3025,1468,62,33,36,55,29,612,170,1,0,0,30,33,13,13,3,8,2,0,0,71,45,34,57.0,,,,,,,,,,,,,,,,,,,,,,,,,,,,,,,,2024-2025
2594,Cheikh Tidiane Niasse,sn SEN,MF,Hellas Verona,it Serie A,24.0,2000.0,11,8,755,8.4,0,0,0,0,0,0,4,0,0.4,0.4,0.1,0.5,0.0,0.06,5,25,15,3,1,33.3,0.36,0.12,0.0,0.0,21.8,0,0,0,0.4,0.4,0.13,-0.4,-0.4,192,240,80.0,3132,544,0,0.1,0.3,-0.1,4,16,2,0,25,233,6,4,0,2,2,1,0,0,0,0,192,18,15,6,12,0,19,52.6,9,17,4,13,17,35,17,2,12,1.43,10,0,0,0,1,1,0,0.0,353,17,78,201,78,9,353,7,1,14.3,5,71.4,160,672,248,5,2,1,14,7,181,15,4,0,0,11,14,0,2,17,15,0,0,0,26,19,21,47.5,,,,,,,,,,,,,,,,,,,,,,,,,,,,,,,,2024-2025
2595,Youri Tielemans,be BEL,MF,Aston Villa,eng Premier League,27.0,1997.0,36,35,3026,33.6,3,7,10,3,0,1,4,0,3.3,2.5,7.0,9.5,0.3,0.31,39,235,48,40,12,30.0,1.19,0.36,0.08,0.25,20.1,0,0,1,3.3,2.5,0.06,-0.3,0.5,1694,2061,82.2,29049,10244,7,7.0,5.7,0.0,60,229,38,4,235,1847,207,98,24,8,119,2,85,63,8,1,1694,84,58,32,44,8,73,54.8,33,38,16,22,23,107,47,4,122,3.63,79,31,3,6,2,1,12,0.36,2385,103,479,1366,565,45,2384,61,31,50.8,19,31.1,1288,5561,2551,39,26,9,31,29,1667,48,4,0,0,41,56,0,119,23,58,0,0,0,145,22,18,55.0,,,,,,,,,,,,,,,,,,,,,,,,,,,,,,,,2024-2025
2596,Kieran Tierney,sct SCO,"DF,FW",Arsenal,eng Premier League,27.0,1997.0,13,2,259,2.9,1,0,1,1,0,0,0,0,0.4,0.4,1.4,1.7,0.35,0.6,8,15,29,2,1,50.0,0.69,0.35,0.5,1.0,4.1,0,0,0,0.4,0.4,0.18,0.6,0.6,145,173,83.8,2325,699,0,1.4,0.7,-1.4,8,13,5,2,15,155,18,4,1,0,14,14,0,0,0,0,145,7,5,4,1,2,6,66.7,2,0,0,0,3,10,9,0,10,3.47,9,1,0,0,0,0,0,0.0,199,8,36,72,91,6,199,4,2,50.0,1,25.0,108,447,253,8,6,1,3,0,143,29,0,0,0,1,2,2,14,3,5,0,0,0,6,5,5,50.0,,,,,,,,,,,,,,,,,,,,,,,,,,,,,,,,2024-2025
2598,Jurriën Timber,nl NED,DF,Arsenal,eng Premier League,23.0,2001.0,30,27,2417,26.9,1,3,4,1,0,0,7,0,1.2,1.2,0.8,2.1,0.15,0.08,57,146,104,14,4,28.6,0.52,0.15,0.07,0.25,14.1,0,0,0,1.2,1.2,0.09,-0.2,-0.2,1194,1395,85.6,17327,4642,3,0.8,1.3,2.2,17,107,17,2,146,1188,204,22,2,1,28,182,0,0,0,0,1194,58,38,17,30,11,27,66.7,9,19,4,15,22,80,44,1,52,1.94,46,1,3,0,1,1,9,0.34,1661,51,304,859,505,66,1661,53,24,45.3,24,45.3,890,3916,2076,57,27,11,33,24,1052,104,7,0,0,31,29,6,28,22,38,0,0,0,94,22,20,52.4,,,,,,,,,,,,,,,,,,,,,,,,,,,,,,,,2024-2025
2599,Jean-Clair Todibo,fr FRA,DF,West Ham,eng Premier League,24.0,1999.0,27,20,1825,20.3,0,0,0,0,0,0,3,0,0.4,0.4,0.0,0.4,0.0,0.02,9,38,5,5,0,0.0,0.25,0.0,0.0,,12.8,0,0,0,0.4,0.4,0.07,-0.4,-0.4,951,1082,87.9,16772,5965,0,0.0,0.1,0.0,2,44,1,0,38,1046,33,28,0,4,3,5,0,0,0,0,951,47,28,30,15,2,36,72.2,10,25,13,12,26,73,83,3,5,0.25,4,0,0,0,0,1,0,0.0,1297,165,716,543,47,11,1297,16,9,56.3,7,43.8,760,3221,1602,9,5,0,14,11,890,5,3,0,0,16,6,0,3,26,28,0,0,0,79,28,26,51.9,,,,,,,,,,,,,,,,,,,,,,,,,,,,,,,,2024-2025
2600,Harry Toffolo,eng ENG,DF,Nott'ham Forest,eng Premier League,28.0,1995.0,4,1,137,1.5,0,0,0,0,0,0,1,0,0.0,0.0,0.0,0.0,0.0,0.01,0,2,4,1,0,0.0,0.66,0.0,0.0,,28.5,0,0,0,0.0,0.0,0.02,0.0,0.0,47,67,70.1,653,304,0,0.0,0.0,0.0,0,1,0,0,2,39,28,0,0,0,4,27,1,1,0,0,47,5,3,3,1,1,4,75.0,1,2,2,0,2,7,12,0,0,0.0,0,0,0,0,0,0,0,0.0,88,9,32,22,34,2,88,0,0,,0,,17,57,23,0,0,0,0,0,30,4,1,0,0,1,0,0,4,2,3,0,0,0,2,1,0,100.0,,,,,,,,,,,,,,,,,,,,,,,,,,,,,,,,2024-2025
2604,Rafael Tolói,it ITA,DF,Atalanta,it Serie A,33.0,1990.0,11,2,468,5.2,0,0,0,0,0,0,1,0,0.1,0.1,0.2,0.3,0.0,0.05,5,26,5,3,0,0.0,0.58,0.0,0.0,,19.2,0,0,0,0.1,0.1,0.02,-0.1,-0.1,257,293,87.7,4198,1287,0,0.2,0.5,-0.2,3,20,5,0,26,286,6,5,0,1,2,1,0,0,0,0,257,10,5,3,5,2,11,36.4,7,8,2,6,8,18,11,0,7,1.35,5,0,0,0,1,1,0,0.0,340,19,108,182,55,3,340,3,2,66.7,1,33.3,195,836,444,5,6,0,6,3,234,5,1,0,0,6,2,0,2,8,5,0,0,0,33,9,1,90.0,,,,,,,,,,,,,,,,,,,,,,,,,,,,,,,,2024-2025
2605,Raúl de Tomás,es ESP,"DF,FW",Rayo Vallecano,es La Liga,29.0,1994.0,2,0,22,0.2,0,0,0,0,0,0,0,0,0.0,0.0,0.0,0.0,0.0,0.0,0,0,2,0,0,,0.0,0.0,,,,0,0,0,0.0,0.0,,0.0,0.0,5,6,83.3,50,0,0,0.0,0.0,0.0,0,0,0,0,0,5,1,0,0,0,0,0,0,0,0,0,5,2,2,1,0,1,0,,0,0,0,0,0,2,0,0,0,0.0,0,0,0,0,0,0,0,0.0,11,0,1,6,4,1,11,1,0,0.0,1,100.0,8,33,0,0,0,0,2,1,10,2,0,0,0,1,2,0,0,0,2,0,0,0,2,0,0,,,,,,,,,,,,,,,,,,,,,,,,,,,,,,,,,2024-2025
2607,Takehiro Tomiyasu,jp JPN,DF,Arsenal,eng Premier League,25.0,1998.0,1,0,7,0.1,0,0,0,0,0,0,0,0,0.2,0.2,0.0,0.2,0.0,2.37,0,1,0,1,0,0.0,12.86,0.0,0.0,,1.2,0,0,0,0.2,0.2,0.18,-0.2,-0.2,3,4,75.0,42,10,0,0.0,0.0,0.0,0,0,0,0,1,4,0,0,0,0,0,0,0,0,0,0,3,0,0,0,0,0,0,,0,0,0,0,0,0,1,0,1,12.86,1,0,0,0,0,0,0,0.0,7,1,4,1,2,1,7,0,0,,0,,1,7,5,0,0,0,0,0,2,0,0,0,0,0,0,0,0,0,0,0,0,0,0,0,0,,,,,,,,,,,,,,,,,,,,,,,,,,,,,,,,,2024-2025
2608,Fikayo Tomori,eng ENG,DF,Milan,it Serie A,26.0,1997.0,22,19,1593,17.7,0,1,1,0,0,0,4,1,0.1,0.1,0.7,0.8,0.06,0.05,8,63,3,2,0,0.0,0.11,0.0,0.0,,12.5,0,0,0,0.1,0.1,0.04,-0.1,-0.1,1019,1103,92.4,18036,6914,1,0.7,0.8,0.3,8,58,6,3,63,1025,76,39,2,4,6,26,0,0,0,0,1019,40,25,21,16,3,25,68.0,8,17,12,5,20,60,61,2,22,1.24,18,0,0,0,0,4,3,0.17,1260,119,605,604,54,7,1260,2,2,100.0,0,0.0,721,3061,1681,8,9,0,9,2,871,3,4,1,1,10,8,0,6,20,25,0,0,0,60,28,30,48.3,,,,,,,,,,,,,,,,,,,,,,,,,,,,,,,,2024-2025
2609,Sandro Tonali,it ITA,MF,Newcastle Utd,eng Premier League,24.0,2000.0,36,28,2630,29.2,4,2,6,4,0,0,5,0,4.4,4.4,2.2,6.6,0.21,0.22,37,128,53,35,12,34.3,1.2,0.41,0.11,0.33,19.6,3,0,0,4.4,4.4,0.13,-0.4,-0.4,1285,1535,83.7,20569,5348,2,2.2,2.8,-0.2,28,104,30,5,128,1468,61,29,7,7,54,12,19,9,8,1,1285,51,32,22,23,6,51,49.0,26,34,11,23,34,85,33,2,78,2.67,50,10,3,6,6,3,9,0.31,1818,64,406,991,450,45,1818,37,20,54.1,14,37.8,979,5567,2334,37,40,6,30,23,1257,53,5,0,0,37,49,2,54,34,32,1,0,0,177,12,12,50.0,,,,,,,,,,,,,,,,,,,,,,,,,,,,,,,,2024-2025
2610,Luka Topalović,si SVN,MF,Inter,it Serie A,18.0,2006.0,1,0,11,0.1,0,0,0,0,0,0,0,0,0.0,0.0,0.0,0.0,0.0,0.0,0,0,1,0,0,,0.0,0.0,,,,0,0,0,0.0,0.0,,0.0,0.0,5,9,55.6,73,11,0,0.0,0.0,0.0,0,0,0,0,0,8,0,0,0,0,0,0,0,0,0,0,5,1,1,0,1,0,0,,0,0,0,0,0,1,0,0,0,0.0,0,0,0,0,0,0,0,0.0,11,0,3,3,5,3,11,1,0,0.0,1,100.0,5,21,8,0,1,0,0,0,6,1,0,0,0,0,0,0,0,0,1,0,0,0,0,0,0,,,,,,,,,,,,,,,,,,,,,,,,,,,,,,,,,2024-2025
2611,Pablo Torre,es ESP,"MF,FW",Barcelona,es La Liga,21.0,2003.0,10,4,310,3.4,3,1,4,3,0,0,0,0,0.4,0.4,0.8,1.1,1.16,0.33,5,17,20,6,4,66.7,1.74,1.16,0.5,0.75,23.5,1,0,0,0.4,0.4,0.06,2.6,2.6,180,220,81.8,2702,678,1,0.8,1.3,0.2,8,13,4,1,17,198,21,5,3,0,13,0,14,9,1,0,180,5,4,1,3,1,4,50.0,2,0,0,0,3,8,5,1,18,5.24,14,2,0,0,1,1,3,0.87,254,5,27,120,109,10,254,6,2,33.3,3,50.0,130,503,205,5,7,0,5,6,190,20,0,0,0,4,8,1,13,3,4,0,0,0,15,1,6,14.3,,,,,,,,,,,,,,,,,,,,,,,,,,,,,,,,2024-2025
2612,David Torres,es ESP,DF,Valladolid,es La Liga,21.0,2003.0,18,15,1387,15.4,0,0,0,0,0,0,5,0,0.3,0.3,0.0,0.3,0.0,0.02,11,37,3,3,1,33.3,0.19,0.06,0.0,0.0,10.1,0,0,0,0.3,0.3,0.09,-0.3,-0.3,589,714,82.5,11231,4594,0,0.0,0.1,0.0,1,27,1,1,37,649,63,17,0,3,3,11,0,0,0,0,589,13,8,12,1,0,11,63.6,4,19,17,2,10,23,74,0,3,0.19,3,0,0,0,0,0,0,0.0,846,139,539,295,18,5,846,2,1,50.0,1,50.0,451,2520,1604,11,6,0,2,3,547,3,5,0,0,13,3,0,3,10,8,0,0,1,27,20,21,48.8,,,,,,,,,,,,,,,,,,,,,,,,,,,,,,,,2024-2025
2613,Ferrán Torres,es ESP,"FW,MF",Barcelona,es La Liga,24.0,2000.0,27,12,1106,12.3,10,6,16,10,0,0,1,1,8.0,8.0,3.1,11.0,1.3,0.9,23,35,98,48,22,45.8,3.91,1.79,0.21,0.45,14.6,2,0,0,8.0,8.0,0.17,2.0,2.0,267,360,74.2,3409,773,6,3.1,2.6,2.9,19,17,18,2,35,329,28,5,2,2,17,1,9,2,0,0,267,8,4,2,3,3,8,37.5,5,7,1,6,4,12,5,0,38,3.09,26,2,4,2,3,1,7,0.57,498,3,30,153,317,81,498,21,11,52.4,8,38.1,291,1348,566,23,14,13,28,13,397,98,1,1,0,5,16,6,17,4,4,0,0,0,27,5,9,35.7,,,,,,,,,,,,,,,,,,,,,,,,,,,,,,,,2024-2025
2614,Pau Torres,es ESP,DF,Aston Villa,eng Premier League,27.0,1997.0,24,23,2020,22.4,0,0,0,0,0,0,2,0,0.5,0.5,0.1,0.6,0.0,0.03,40,97,8,8,2,25.0,0.36,0.09,0.0,0.0,11.7,0,0,0,0.5,0.5,0.06,-0.5,-0.5,1217,1369,88.9,21319,7907,0,0.1,0.4,-0.1,3,110,8,0,97,1248,117,67,4,12,3,3,0,0,0,0,1217,21,15,11,8,2,17,58.8,7,16,11,5,10,31,75,2,14,0.62,11,0,0,3,0,0,2,0.09,1518,237,701,726,97,17,1518,17,15,88.2,2,11.8,965,6359,4176,40,27,0,6,5,1090,8,2,0,0,8,7,0,3,10,15,0,0,0,62,18,29,38.3,,,,,,,,,,,,,,,,,,,,,,,,,,,,,,,,2024-2025
2615,Lucas Torró,es ESP,MF,Osasuna,es La Liga,30.0,1994.0,35,35,2957,32.9,3,0,3,3,0,0,10,0,2.3,2.3,1.2,3.5,0.09,0.11,10,109,30,31,7,22.6,0.94,0.21,0.1,0.43,16.0,0,0,0,2.3,2.3,0.07,0.7,0.7,1026,1363,75.3,17419,5017,0,1.2,1.7,-1.2,10,114,5,0,109,1335,22,22,1,27,1,0,0,0,0,0,1026,74,41,34,35,5,64,56.3,28,36,9,27,45,119,70,3,38,1.16,31,0,0,5,1,1,3,0.09,1706,105,457,1004,262,55,1706,9,6,66.7,3,33.3,736,2958,938,10,14,0,42,23,981,30,10,0,0,75,37,1,1,45,41,0,2,0,172,159,67,70.4,,,,,,,,,,,,,,,,,,,,,,,,,,,,,,,,2024-2025
2616,Lorenzo Tosto,it ITA,DF,Empoli,it Serie A,18.0,2006.0,1,0,1,0.0,0,0,0,0,0,0,0,0,0.0,0.0,0.0,0.0,0.0,0.0,0,0,0,0,0,,0.0,0.0,,,,0,0,0,0.0,0.0,,0.0,0.0,4,4,100.0,72,24,0,0.0,0.0,0.0,0,0,0,0,0,4,0,0,0,0,0,0,0,0,0,0,4,0,0,0,0,0,0,,0,0,0,0,0,0,0,0,0,0.0,0,0,0,0,0,0,0,0.0,4,0,3,1,0,0,4,0,0,,0,,3,7,5,0,0,0,0,0,4,0,0,0,0,0,0,0,0,0,0,0,0,0,0,0,0,,,,,,,,,,,,,,,,,,,,,,,,,,,,,,,,,2024-2025
2621,Souleymane Touré,fr FRA,DF,Udinese,it Serie A,21.0,2003.0,12,11,733,8.1,1,0,1,1,0,0,2,2,0.4,0.4,0.0,0.4,0.12,0.05,6,26,3,4,2,50.0,0.49,0.25,0.25,0.5,7.0,0,0,0,0.4,0.4,0.09,0.6,0.6,474,517,91.7,8403,2159,0,0.0,0.2,0.0,2,34,4,1,26,498,19,8,0,2,6,1,0,0,0,0,474,7,6,4,3,0,5,80.0,1,15,6,9,9,16,17,1,8,0.98,6,0,0,1,0,1,0,0.0,585,57,260,282,45,10,585,10,5,50.0,4,40.0,378,1752,831,6,5,1,7,0,424,3,2,2,0,15,6,1,6,9,6,0,0,1,23,7,5,58.3,,,,,,,,,,,,,,,,,,,,,,,,,,,,,,,,2024-2025
2623,Conor Townsend,eng ENG,DF,Ipswich Town,eng Premier League,31.0,1993.0,6,3,335,3.7,0,1,1,0,0,0,1,0,0.0,0.0,0.7,0.7,0.27,0.18,2,8,13,1,0,0.0,0.27,0.0,0.0,,16.7,0,0,0,0.0,0.0,0.03,0.0,0.0,80,127,63.0,1418,756,1,0.7,0.2,0.3,4,7,2,2,8,98,28,4,1,0,12,20,4,3,1,0,80,11,8,9,2,0,11,72.7,3,8,6,2,4,15,16,0,5,1.34,4,1,0,0,0,0,1,0.27,172,28,87,50,38,5,172,0,0,,0,,53,278,136,2,2,0,2,2,75,13,1,0,0,2,4,0,12,4,8,0,0,0,8,6,4,60.0,,,,,,,,,,,,,,,,,,,,,,,,,,,,,,,,2024-2025
2624,Adama Traoré,es ESP,"FW,MF",Fulham,eng Premier League,28.0,1996.0,36,18,1772,19.7,2,7,9,2,0,0,3,0,4.0,4.0,4.9,8.9,0.46,0.45,100,68,161,39,12,30.8,1.98,0.61,0.05,0.17,14.2,0,0,0,4.0,4.0,0.1,-2.0,-2.0,424,587,72.2,6645,1683,7,4.9,4.5,2.1,42,36,38,22,68,584,1,0,6,2,100,1,0,0,0,0,424,20,13,9,6,5,13,38.5,8,7,0,7,1,21,6,4,82,4.16,66,0,9,4,1,2,10,0.51,801,4,83,285,455,91,801,97,48,49.5,36,37.1,538,4631,2486,100,45,33,37,25,607,161,3,0,0,24,32,1,100,1,13,0,0,0,87,25,26,49.0,,,,,,,,,,,,,,,,,,,,,,,,,,,,,,,,2024-2025
2625,Boubacar Traoré,ml MLI,MF,Wolves,eng Premier League,22.0,2001.0,1,0,1,0.0,0,0,0,0,0,0,0,0,0.0,0.0,0.0,0.0,0.0,0.0,0,0,0,0,0,,0.0,0.0,,,,0,0,0,0.0,0.0,,0.0,0.0,0,0,,0,0,0,0.0,0.0,0.0,0,0,0,0,0,0,0,0,0,0,0,0,0,0,0,0,0,2,0,0,2,0,1,100.0,0,0,0,0,0,2,0,0,0,0.0,0,0,0,0,0,0,0,0.0,2,0,0,2,0,0,2,0,0,,0,,0,0,0,0,0,0,0,0,0,0,0,0,0,0,0,0,0,0,0,0,0,0,0,0,1,0.0,,,,,,,,,,,,,,,,,,,,,,,,,,,,,,,,2024-2025
2626,Hamari Traoré,ml MLI,DF,Real Sociedad,es La Liga,32.0,1992.0,11,9,700,7.8,0,1,1,0,0,0,2,0,0.0,0.0,0.2,0.3,0.13,0.04,12,26,20,1,0,0.0,0.13,0.0,0.0,,14.8,0,0,0,0.0,0.0,0.04,0.0,0.0,381,460,82.8,6499,2206,1,0.2,0.4,0.8,3,17,5,2,26,371,89,12,0,1,9,77,0,0,0,0,381,19,12,10,7,2,22,68.2,7,6,2,4,9,28,21,0,13,1.67,11,1,1,0,0,0,2,0.26,529,22,155,291,88,9,529,10,6,60.0,4,40.0,252,987,455,12,2,5,6,1,299,20,2,0,0,12,3,0,9,9,12,0,0,0,29,9,9,50.0,,,,,,,,,,,,,,,,,,,,,,,,,,,,,,,,2024-2025
2629,Mark Travers,ie IRL,GK,Bournemouth,eng Premier League,25.0,1999.0,5,5,450,5.0,0,0,0,0,0,0,0,0,0.0,0.0,0.0,0.0,0.0,0.0,0,0,0,0,0,,0.0,0.0,,,,0,0,0,0.0,0.0,,0.0,0.0,100,142,70.4,3469,2692,0,0.0,0.0,0.0,0,3,0,0,0,95,47,8,0,0,0,0,0,0,0,0,100,0,0,0,0,0,0,,0,0,0,0,0,0,5,0,0,0.0,0,0,0,0,0,0,0,0.0,162,144,159,3,0,0,162,0,0,,0,,85,426,188,0,0,0,0,0,68,0,0,0,0,0,1,0,0,0,0,0,0,0,3,1,0,100.0,5.0,1.0,25.0,20.0,80.0,2.0,2.0,1.0,1.0,20.0,0.0,0.0,0.0,0.0,9.5,0.38,4.5,0.89,33.0,73.0,45.2,103.0,29.0,41.7,36.3,63.0,1.0,1.6,5.0,1.0,12.9,2024-2025
2630,Óscar Trejo,ar ARG,MF,Rayo Vallecano,es La Liga,36.0,1988.0,19,6,496,5.5,1,0,1,1,0,0,1,0,0.6,0.6,1.0,1.6,0.18,0.28,15,37,28,5,2,40.0,0.91,0.36,0.2,0.5,16.5,0,0,0,0.6,0.6,0.12,0.4,0.4,261,312,83.7,3441,775,0,1.0,0.3,-1.0,9,30,5,0,37,289,19,2,1,0,7,6,3,1,1,0,261,8,5,1,5,2,9,33.3,6,9,0,9,4,12,5,0,18,3.27,15,0,0,2,1,0,1,0.18,409,7,33,231,152,13,409,22,8,36.4,13,59.1,227,1084,463,15,8,3,25,26,311,28,1,0,0,17,12,1,7,4,5,0,0,0,25,5,7,41.7,,,,,,,,,,,,,,,,,,,,,,,,,,,,,,,,2024-2025
2632,Ryan Trevitt,eng ENG,MF,Brentford,eng Premier League,21.0,2003.0,1,0,4,0.0,0,0,0,0,0,0,0,0,0.0,0.0,0.0,0.0,0.0,0.0,0,0,1,0,0,,0.0,0.0,,,,0,0,0,0.0,0.0,,0.0,0.0,4,7,57.1,73,23,0,0.0,0.0,0.0,0,1,0,0,0,6,0,0,0,0,0,0,0,0,0,0,4,1,1,1,0,0,0,,0,0,0,0,0,1,0,0,0,0.0,0,0,0,0,0,0,0,0.0,7,1,2,4,1,0,7,0,0,,0,,4,7,2,0,0,0,0,0,4,1,0,0,0,0,0,0,0,0,1,0,0,0,2,0,0,,,,,,,,,,,,,,,,,,,,,,,,,,,,,,,,,2024-2025
2634,Kieran Trippier,eng ENG,DF,Newcastle Utd,eng Premier League,33.0,1990.0,25,14,1309,14.5,0,3,3,0,0,0,1,0,0.1,0.1,1.4,1.5,0.21,0.1,26,117,58,4,0,0.0,0.28,0.0,0.0,,23.6,2,0,0,0.1,0.1,0.03,-0.1,-0.1,1036,1256,82.5,17676,6130,3,1.4,1.5,1.6,22,70,22,2,117,1007,246,50,3,3,82,133,62,26,8,15,1036,38,21,18,14,6,36,61.1,14,11,3,8,12,50,49,0,54,3.71,32,20,0,2,0,0,6,0.41,1388,50,375,616,406,13,1388,8,4,50.0,4,50.0,609,2258,1224,26,14,4,11,8,847,58,1,0,0,16,11,2,82,12,21,0,0,0,68,22,15,59.5,,,,,,,,,,,,,,,,,,,,,,,,,,,,,,,,2024-2025
2635,Leandro Trossard,be BEL,FW,Arsenal,eng Premier League,29.0,1994.0,38,28,2546,28.3,8,7,15,8,0,0,4,1,7.2,7.2,6.1,13.3,0.53,0.47,80,101,226,72,21,29.2,2.55,0.74,0.11,0.38,15.9,0,0,0,7.2,7.2,0.1,0.8,0.8,711,954,74.5,11435,2972,7,6.1,4.1,0.9,41,45,48,10,101,917,29,5,7,5,86,7,10,9,0,0,711,31,20,6,16,9,34,35.3,22,32,0,32,9,40,18,0,93,3.29,72,2,7,6,4,2,8,0.28,1278,17,135,399,762,158,1278,86,38,44.2,37,43.0,828,5024,2218,80,55,30,66,52,956,226,4,1,1,27,46,6,86,9,20,0,0,0,104,6,24,20.0,,,,,,,,,,,,,,,,,,,,,,,,,,,,,,,,2024-2025
2637,Kostas Tsimikas,gr GRE,DF,Liverpool,eng Premier League,28.0,1996.0,18,9,837,9.3,0,1,1,0,0,0,2,0,0.4,0.4,2.1,2.5,0.11,0.27,17,76,43,4,2,50.0,0.43,0.22,0.0,0.0,16.1,0,0,0,0.4,0.4,0.1,-0.4,-0.4,550,654,84.1,9357,3100,1,2.1,2.3,-1.1,16,42,12,4,76,536,116,12,1,1,64,63,41,32,6,0,550,31,20,15,11,5,23,60.9,9,5,2,3,11,42,20,0,31,3.33,21,9,0,0,1,0,2,0.21,741,33,190,327,229,13,741,12,5,41.7,5,41.7,368,1567,790,17,8,2,6,4,472,43,2,0,0,9,6,1,64,11,20,0,0,0,31,5,8,38.5,,,,,,,,,,,,,,,,,,,,,,,,,,,,,,,,2024-2025
2638,Viktor Tsyhankov,ua UKR,"FW,MF",Girona,es La Liga,26.0,1997.0,27,23,1913,21.3,2,5,7,2,0,0,1,0,2.8,2.8,3.9,6.7,0.33,0.31,62,65,195,35,9,25.7,1.65,0.42,0.06,0.22,19.9,5,0,0,2.8,2.8,0.08,-0.8,-0.8,646,871,74.2,9793,2532,5,3.9,4.3,1.1,33,38,24,6,65,751,116,23,3,1,124,12,80,36,29,1,646,19,12,4,7,8,19,47.4,10,7,1,6,15,34,16,1,65,3.06,34,22,1,3,4,1,8,0.38,1064,23,103,408,564,74,1064,35,15,42.9,19,54.3,650,4031,1883,62,46,27,32,25,770,195,1,0,0,14,28,4,124,15,12,1,0,0,69,9,18,33.3,,,,,,,,,,,,,,,,,,,,,,,,,,,,,,,,2024-2025
2639,Axel Tuanzebe,cd COD,DF,Ipswich Town,eng Premier League,26.0,1997.0,22,20,1710,19.0,0,1,1,0,0,0,5,1,0.2,0.2,0.3,0.5,0.05,0.03,10,61,15,4,0,0.0,0.21,0.0,0.0,,15.7,0,0,0,0.2,0.2,0.05,-0.2,-0.2,682,814,83.8,10396,4020,1,0.3,0.3,0.7,5,63,6,1,61,651,163,30,0,1,10,133,0,0,0,0,682,31,19,21,4,6,26,65.4,9,21,10,11,23,54,56,1,19,1.0,17,1,0,0,1,0,2,0.11,971,97,407,426,145,8,971,10,4,40.0,6,60.0,402,1698,826,10,7,1,11,1,516,15,5,1,1,17,12,0,10,23,19,0,0,1,49,22,18,55.0,,,,,,,,,,,,,,,,,,,,,,,,,,,,,,,,2024-2025
2640,Stefano Turati,it ITA,GK,Monza,it Serie A,22.0,2001.0,30,30,2676,29.7,0,0,0,0,0,0,1,0,0.0,0.0,0.0,0.0,0.0,0.0,0,0,0,0,0,,0.0,0.0,,,,0,0,0,0.0,0.0,,0.0,0.0,764,1077,70.9,21304,16285,0,0.0,0.0,0.0,0,10,0,0,0,851,222,91,0,1,0,0,0,0,0,0,764,0,0,0,0,0,1,0.0,1,0,0,0,0,0,21,2,5,0.17,1,4,0,0,0,0,1,0.03,1166,1027,1159,7,0,0,1166,0,0,,0,,720,3496,1980,0,0,0,0,0,612,0,1,0,0,0,12,0,0,0,0,0,0,0,32,3,1,75.0,52.0,1.75,145.0,93.0,65.5,2.0,7.0,21.0,2.0,6.7,4.0,2.0,2.0,0.0,47.4,0.31,-2.6,-0.09,177.0,442.0,40.0,942.0,126.0,38.3,33.7,414.0,22.0,5.3,26.0,0.87,13.3,2024-2025
2641,Beñat Turrientes,es ESP,MF,Real Sociedad,es La Liga,22.0,2002.0,21,11,942,10.5,0,0,0,0,0,0,4,0,0.6,0.6,0.2,0.7,0.0,0.07,18,42,28,7,1,14.3,0.67,0.1,0.0,0.0,21.1,0,0,0,0.6,0.6,0.08,-0.6,-0.6,405,452,89.6,6925,1458,0,0.2,0.4,-0.2,3,40,2,1,42,423,29,17,0,6,19,1,10,5,1,0,405,15,6,4,10,1,15,26.7,11,15,3,12,5,20,14,1,12,1.15,10,1,1,0,0,0,0,0.0,561,27,108,334,125,8,561,24,13,54.2,7,29.2,317,1866,848,18,17,1,20,11,392,28,4,0,0,13,23,0,19,5,6,0,0,0,45,10,18,35.7,,,,,,,,,,,,,,,,,,,,,,,,,,,,,,,,2024-2025
2643,Christantus Uche,ng NGA,"FW,MF",Getafe,es La Liga,21.0,2003.0,33,30,2486,27.6,4,6,10,4,0,0,8,2,3.8,3.8,2.9,6.7,0.36,0.24,43,49,148,50,14,28.0,1.81,0.51,0.08,0.29,17.1,0,0,0,3.8,3.8,0.08,0.2,0.2,387,592,65.4,5080,1266,6,2.9,3.1,3.1,29,37,16,4,49,578,11,0,1,2,22,0,0,0,0,0,387,35,21,8,19,8,20,45.0,11,20,2,18,10,45,19,0,78,2.82,53,0,7,2,15,1,10,0.36,971,17,102,391,498,105,971,91,32,35.2,49,53.8,553,3077,1160,43,26,18,113,67,726,148,8,2,1,55,68,19,22,10,21,0,0,0,110,91,124,42.3,,,,,,,,,,,,,,,,,,,,,,,,,,,,,,,,2024-2025
2644,Destiny Udogie,it ITA,DF,Tottenham,eng Premier League,21.0,2002.0,25,24,1924,21.4,0,1,1,0,0,0,2,0,0.3,0.3,1.5,1.8,0.05,0.08,54,121,94,5,1,20.0,0.23,0.05,0.0,0.0,15.1,0,0,0,0.3,0.3,0.06,-0.3,-0.3,972,1115,87.2,14117,4770,1,1.5,1.2,-0.5,16,89,6,1,121,944,170,28,0,0,19,142,0,0,0,0,972,75,47,42,26,7,48,68.8,15,40,6,34,22,97,36,1,36,1.68,31,0,0,1,1,3,3,0.14,1376,63,394,609,389,49,1376,32,13,40.6,16,50.0,758,4340,2352,54,40,12,37,19,819,94,2,0,0,29,38,3,19,22,47,0,0,1,111,13,13,50.0,,,,,,,,,,,,,,,,,,,,,,,,,,,,,,,,2024-2025
2645,Manuel Ugarte Ribeiro,uy URU,MF,Manchester Utd,eng Premier League,23.0,2001.0,29,22,1785,19.8,1,2,3,1,0,0,11,0,1.0,1.0,1.1,2.1,0.15,0.11,16,61,20,19,4,21.1,0.96,0.2,0.05,0.25,21.7,0,0,0,1.0,1.0,0.05,0.0,0.0,800,910,87.9,13018,2801,2,1.1,0.7,0.9,10,59,9,3,61,883,23,7,2,5,7,2,0,0,0,0,800,77,49,34,34,9,68,44.1,38,33,4,29,27,104,17,2,31,1.56,24,0,0,2,2,3,4,0.2,1161,46,331,639,211,16,1161,32,18,56.3,10,31.3,668,2883,1347,16,16,1,32,25,728,20,11,0,0,41,33,0,7,27,49,0,0,1,122,18,18,50.0,,,,,,,,,,,,,,,,,,,,,,,,,,,,,,,,2024-2025
2646,Lesley Ugochukwu,fr FRA,MF,Southampton,eng Premier League,20.0,2004.0,26,18,1655,18.4,1,1,2,1,0,0,7,0,0.9,0.9,1.0,1.9,0.11,0.1,29,49,20,10,1,10.0,0.54,0.05,0.1,1.0,17.0,0,0,0,0.9,0.9,0.09,0.1,0.1,600,706,85.0,9335,2081,1,1.0,0.6,0.0,14,54,7,1,49,697,9,9,2,0,6,0,0,0,0,0,600,50,24,16,30,4,36,50.0,18,27,10,17,14,64,23,2,24,1.3,20,0,1,1,2,0,1,0.05,879,50,215,501,169,24,879,28,19,67.9,8,28.6,479,2565,1229,29,15,6,12,13,600,20,7,0,0,31,16,0,6,14,24,0,1,0,67,20,18,52.6,,,,,,,,,,,,,,,,,,,,,,,,,,,,,,,,2024-2025
2649,Enes Ünal,tr TUR,"FW,MF",Bournemouth,eng Premier League,27.0,1997.0,17,2,345,3.8,2,1,3,2,0,0,2,0,2.7,2.7,0.4,3.1,0.78,0.82,4,12,22,20,7,35.0,5.22,1.83,0.1,0.29,14.6,3,0,0,2.7,2.7,0.14,-0.7,-0.7,63,99,63.6,685,192,1,0.4,0.3,0.6,4,4,4,0,12,96,2,1,1,1,4,0,0,0,0,0,63,1,0,0,0,1,3,0.0,3,1,0,1,0,1,6,0,9,2.35,6,0,0,2,1,0,3,0.78,172,6,14,63,95,26,172,12,1,8.3,10,83.3,91,261,95,4,3,1,17,13,133,22,2,0,0,6,9,1,4,0,0,0,0,0,16,24,22,52.2,,,,,,,,,,,,,,,,,,,,,,,,,,,,,,,,2024-2025
2651,Naci Ünüvar,nl NED,"MF,DF",Espanyol,es La Liga,21.0,2003.0,2,0,31,0.3,0,0,0,0,0,0,0,0,0.0,0.0,0.0,0.1,0.0,0.23,1,1,4,1,0,0.0,2.9,0.0,0.0,,14.2,0,0,0,0.0,0.0,0.05,0.0,0.0,13,18,72.2,193,38,0,0.0,0.1,0.0,1,1,1,1,1,18,0,0,0,0,2,0,0,0,0,0,13,2,2,1,1,0,2,50.0,1,0,0,0,0,2,0,0,2,5.63,1,0,0,0,1,0,0,0.0,23,0,3,8,12,2,23,2,0,0.0,1,50.0,14,68,34,1,0,0,0,0,15,4,0,0,0,0,1,1,2,0,2,0,0,0,3,0,0,,,,,,,,,,,,,,,,,,,,,,,,,,,,,,,,,2024-2025
2653,Kacper Urbanski,pl POL,MF,Bologna,it Serie A,19.0,2004.0,7,1,247,2.7,1,0,1,1,0,0,2,0,0.3,0.3,0.5,0.8,0.36,0.29,5,15,19,4,1,25.0,1.46,0.36,0.25,1.0,15.7,0,0,0,0.3,0.3,0.08,0.7,0.7,106,126,84.1,1689,395,0,0.5,0.3,-0.5,9,14,5,1,15,119,7,0,1,0,8,0,7,0,5,0,106,5,2,4,0,1,6,66.7,2,5,1,4,2,7,5,0,8,2.91,7,1,0,0,0,0,0,0.0,163,6,23,68,73,10,163,5,3,60.0,2,40.0,107,551,201,5,2,0,8,3,110,19,2,0,0,5,4,0,8,2,2,0,0,0,16,2,8,20.0,,,,,,,,,,,,,,,,,,,,,,,,,,,,,,,,2024-2025
2654,Kacper Urbanski,pl POL,MF,Monza,it Serie A,19.0,2004.0,8,6,500,5.6,0,0,0,0,0,0,1,0,0.1,0.1,0.1,0.3,0.0,0.05,10,41,14,5,1,20.0,0.9,0.18,0.0,0.0,23.0,0,0,0,0.1,0.1,0.03,-0.1,-0.1,215,249,86.3,3905,1045,0,0.1,0.3,-0.1,4,30,2,0,41,242,7,5,1,2,4,1,1,0,1,0,215,5,3,1,2,2,7,57.1,3,7,2,5,2,7,9,0,7,1.26,7,0,0,0,0,0,0,0.0,304,11,69,167,69,3,304,8,3,37.5,4,50.0,187,1160,473,10,5,0,6,10,222,14,1,0,0,8,4,0,4,2,3,0,0,0,23,6,13,31.6,,,,,,,,,,,,,,,,,,,,,,,,,,,,,,,,2024-2025
2658,Lautaro Valenti,ar ARG,DF,Parma,it Serie A,25.0,1999.0,20,18,1556,17.3,1,0,1,1,0,0,6,1,0.2,0.2,0.2,0.4,0.06,0.02,3,28,3,7,2,28.6,0.4,0.12,0.14,0.5,22.1,0,0,0,0.2,0.2,0.04,0.8,0.8,701,830,84.5,13631,4181,0,0.2,0.2,-0.2,4,26,3,1,28,752,76,36,0,1,2,4,0,0,0,0,701,17,12,13,3,1,9,77.8,2,26,13,13,13,30,94,1,11,0.64,8,1,0,0,0,2,0,0.0,1011,161,559,422,31,12,1011,1,0,0.0,1,100.0,556,2165,942,3,2,1,9,0,629,3,6,1,1,24,7,0,2,13,12,0,0,0,48,24,21,53.3,,,,,,,,,,,,,,,,,,,,,,,,,,,,,,,,2024-2025
2659,Óscar Valentín,es ESP,MF,Rayo Vallecano,es La Liga,29.0,1994.0,34,18,1835,20.4,0,0,0,0,0,0,5,0,0.4,0.4,0.9,1.3,0.0,0.06,13,86,8,5,1,20.0,0.25,0.05,0.0,0.0,12.3,0,0,0,0.4,0.4,0.09,-0.4,-0.4,688,830,82.9,10843,3821,0,0.9,1.1,-0.9,13,74,6,1,86,809,19,19,0,4,2,0,0,0,0,0,688,55,41,21,20,14,76,43.4,43,36,8,28,21,76,51,2,44,2.16,40,0,1,0,3,0,3,0.15,1068,79,325,617,138,14,1068,11,5,45.5,4,36.4,509,2254,1158,13,13,1,18,8,571,8,5,0,0,57,31,0,2,21,41,0,0,0,109,33,39,45.8,,,,,,,,,,,,,,,,,,,,,,,,,,,,,,,,2024-2025
2660,Nicolás Valentini,ar ARG,DF,Hellas Verona,it Serie A,23.0,2001.0,14,13,1129,12.5,0,0,0,0,0,0,5,1,0.3,0.3,0.8,1.2,0.0,0.09,4,42,1,8,0,0.0,0.64,0.0,0.0,,13.3,0,0,0,0.3,0.3,0.04,-0.3,-0.3,316,468,67.5,6762,3269,0,0.8,0.4,-0.8,6,52,2,0,42,441,26,17,1,8,5,9,0,0,0,0,316,35,23,22,12,1,31,64.5,11,15,7,8,15,50,97,0,11,0.88,11,0,0,0,0,0,0,0.0,654,75,314,310,35,14,654,2,2,100.0,0,0.0,268,1208,623,4,1,1,5,2,304,1,5,1,1,22,5,0,5,15,23,0,1,0,43,50,13,79.4,,,,,,,,,,,,,,,,,,,,,,,,,,,,,,,,2024-2025
2661,Germán Valera,es ESP,MF,Valencia,es La Liga,22.0,2002.0,8,1,148,1.6,0,0,0,0,0,0,0,0,0.1,0.1,0.0,0.2,0.0,0.09,1,2,10,3,2,66.7,1.82,1.22,0.0,0.0,21.7,0,0,0,0.1,0.1,0.04,-0.1,-0.1,34,47,72.3,474,50,0,0.0,0.0,0.0,1,3,0,0,2,46,1,0,0,0,6,1,0,0,0,0,34,1,1,1,0,0,1,0.0,1,2,0,2,4,5,2,1,5,3.04,4,0,1,0,0,0,0,0.0,73,2,9,33,32,4,73,8,3,37.5,3,37.5,46,276,87,1,0,0,5,1,46,10,0,0,0,2,4,0,6,4,1,0,0,0,4,1,2,33.3,,,,,,,,,,,,,,,,,,,,,,,,,,,,,,,,2024-2025
2662,Emanuele Valeri,it ITA,DF,Parma,it Serie A,25.0,1998.0,35,34,2873,31.9,2,6,8,1,1,1,1,0,1.8,1.0,4.7,5.8,0.22,0.21,79,93,109,26,4,15.4,0.81,0.13,0.04,0.25,24.4,1,1,1,1.8,1.0,0.04,0.2,0.0,783,1193,65.6,14224,6316,6,4.7,3.4,1.3,36,69,31,19,93,912,280,37,1,11,129,234,9,3,4,0,783,51,31,33,15,3,61,49.2,31,31,10,21,29,80,103,4,75,2.35,48,10,2,4,5,6,10,0.31,1528,104,470,583,494,33,1527,47,12,25.5,31,66.0,740,4053,2376,79,45,9,42,5,739,109,1,0,0,28,26,0,129,29,31,0,0,0,124,19,19,50.0,,,,,,,,,,,,,,,,,,,,,,,,,,,,,,,,2024-2025
2663,Martin Valjent,sk SVK,DF,Mallorca,es La Liga,28.0,1995.0,31,31,2763,30.7,3,0,3,3,0,0,4,0,0.8,0.8,0.1,0.9,0.1,0.03,23,91,17,12,5,41.7,0.39,0.16,0.25,0.6,13.1,0,0,0,0.8,0.8,0.07,2.2,2.2,1195,1391,85.9,22418,8493,0,0.1,0.5,-0.1,4,84,4,0,91,1294,92,42,1,4,11,49,0,0,0,0,1195,30,21,22,7,1,25,60.0,10,32,21,11,18,48,195,1,26,0.85,20,0,2,3,1,0,3,0.1,1723,224,877,774,81,16,1723,10,6,60.0,1,10.0,948,5700,3063,23,13,1,13,1,1049,17,4,0,0,15,13,0,11,18,21,0,0,0,102,49,41,54.4,,,,,,,,,,,,,,,,,,,,,,,,,,,,,,,,2024-2025
2664,Álex Valle,es ESP,DF,Como,it Serie A,20.0,2004.0,15,12,1030,11.4,0,0,0,0,0,0,2,0,0.3,0.3,0.7,1.0,0.0,0.08,19,44,30,9,1,11.1,0.79,0.09,0.0,0.0,22.2,0,0,0,0.3,0.3,0.03,-0.3,-0.3,562,661,85.0,8597,3030,0,0.7,0.5,-0.7,11,51,9,4,44,533,126,27,0,4,16,99,0,0,0,0,562,26,12,12,12,2,21,71.4,6,13,2,11,8,34,42,0,25,2.18,22,1,0,2,0,0,0,0.0,799,26,276,375,155,12,799,18,9,50.0,9,50.0,425,2246,1068,19,20,5,18,8,460,30,2,0,0,14,18,1,16,8,12,0,0,0,51,6,15,28.6,,,,,,,,,,,,,,,,,,,,,,,,,,,,,,,,2024-2025
2665,Jesús Vallejo,es ESP,DF,Real Madrid,es La Liga,27.0,1997.0,4,1,138,1.5,0,1,1,0,0,0,0,0,0.0,0.0,0.1,0.1,0.65,0.08,0,5,1,0,0,,0.0,0.0,,,,0,0,0,0.0,0.0,,0.0,0.0,60,67,89.6,1094,392,1,0.1,0.2,0.9,2,5,1,0,5,66,1,1,0,0,0,0,0,0,0,0,60,0,0,0,0,0,0,,0,0,0,0,2,2,8,0,3,1.96,3,0,0,0,0,0,1,0.65,78,7,29,46,5,0,78,0,0,,0,,50,163,62,0,0,0,0,0,52,1,0,0,0,0,0,0,0,2,0,0,0,0,8,3,3,50.0,,,,,,,,,,,,,,,,,,,,,,,,,,,,,,,,2024-2025
2666,Mattia Valoti,it ITA,MF,Monza,it Serie A,30.0,1993.0,5,0,40,0.4,0,0,0,0,0,0,1,0,0.0,0.0,0.0,0.0,0.0,0.0,0,0,0,0,0,,0.0,0.0,,,,0,0,0,0.0,0.0,,0.0,0.0,12,19,63.2,235,60,0,0.0,0.0,0.0,0,0,0,0,0,18,1,1,0,0,0,0,0,0,0,0,12,3,3,3,0,0,2,0.0,2,2,0,2,0,3,2,0,0,0.0,0,0,0,0,0,0,0,0.0,27,2,12,13,2,0,27,0,0,,0,,7,29,16,0,0,0,0,1,12,0,1,0,0,2,2,0,0,0,3,0,0,0,3,0,1,0.0,,,,,,,,,,,,,,,,,,,,,,,,,,,,,,,,2024-2025
2667,Federico Valverde,uy URU,"MF,DF",Real Madrid,es La Liga,26.0,1998.0,36,34,3032,33.7,6,4,10,6,0,0,4,0,2.7,2.7,3.1,5.8,0.3,0.17,66,226,76,57,22,38.6,1.69,0.65,0.11,0.27,26.8,5,0,0,2.7,2.7,0.05,3.3,3.3,2010,2237,89.9,34974,10229,4,3.1,3.2,0.9,39,232,31,2,226,2145,81,37,3,50,26,38,3,3,0,0,2010,50,30,22,23,5,43,67.4,14,38,8,30,55,105,52,1,87,2.58,81,1,1,4,0,0,13,0.39,2543,98,528,1461,572,43,2543,28,16,57.1,10,35.7,1525,8009,4084,66,57,5,35,1,1905,76,4,0,0,12,15,1,26,55,30,0,0,0,174,27,15,64.3,,,,,,,,,,,,,,,,,,,,,,,,,,,,,,,,2024-2025
2668,Ignace Van Der Brempt,be BEL,DF,Como,it Serie A,22.0,2002.0,20,14,1257,14.0,0,1,1,0,0,0,3,0,0.5,0.5,0.5,0.9,0.07,0.07,19,42,34,7,3,42.9,0.5,0.21,0.0,0.0,11.4,0,0,0,0.5,0.5,0.07,-0.5,-0.5,551,679,81.1,8534,2594,1,0.5,0.4,0.5,10,32,6,3,42,544,135,13,0,2,20,122,0,0,0,0,551,40,32,27,10,3,33,72.7,9,14,5,9,17,57,34,0,22,1.58,16,0,0,1,3,2,3,0.21,841,44,270,392,194,14,841,28,13,46.4,12,42.9,432,2197,1039,19,12,5,21,10,463,34,3,0,0,21,15,0,20,17,32,0,0,0,59,18,15,54.5,,,,,,,,,,,,,,,,,,,,,,,,,,,,,,,,2024-2025
2669,Siebe Van Der Heyden,be BEL,"DF,MF",Mallorca,es La Liga,26.0,1998.0,2,1,97,1.1,0,0,0,0,0,0,0,0,0.0,0.0,0.1,0.1,0.0,0.1,1,5,1,1,0,0.0,0.93,0.0,0.0,,11.4,0,0,0,0.0,0.0,0.03,0.0,0.0,65,73,89.0,1164,308,0,0.1,0.1,-0.1,1,7,1,1,5,65,8,0,0,1,2,8,0,0,0,0,65,1,1,0,1,0,0,,0,1,0,1,2,3,3,0,2,1.86,2,0,0,0,0,0,0,0.0,83,5,26,42,15,1,83,3,1,33.3,1,33.3,57,218,72,1,0,0,0,2,63,1,0,0,0,2,0,0,2,2,1,0,0,0,5,2,1,66.7,,,,,,,,,,,,,,,,,,,,,,,,,,,,,,,,2024-2025
2671,Virgil van Dijk,nl NED,DF,Liverpool,eng Premier League,33.0,1991.0,37,37,3330,37.0,3,1,4,3,0,0,5,0,2.2,2.2,0.7,3.0,0.11,0.08,22,198,6,27,8,29.6,0.73,0.22,0.11,0.38,13.1,1,0,0,2.2,2.2,0.08,0.8,0.8,2688,2935,91.6,49037,19110,1,0.7,1.0,0.3,12,290,7,0,198,2708,224,86,1,22,1,8,0,0,0,0,2688,38,20,17,19,2,22,59.1,9,27,16,11,56,94,190,4,48,1.3,41,0,1,3,1,2,4,0.11,3301,450,1318,1827,166,48,3301,5,3,60.0,2,40.0,1856,8754,4846,22,24,3,10,5,2281,6,5,0,0,17,13,0,1,56,20,0,0,0,115,119,46,72.1,,,,,,,,,,,,,,,,,,,,,,,,,,,,,,,,2024-2025
2674,Jamie Vardy,eng ENG,FW,Leicester City,eng Premier League,37.0,1987.0,35,35,2823,31.4,9,4,13,8,1,2,5,0,11.2,9.6,3.0,12.6,0.38,0.45,29,22,120,56,23,41.1,1.79,0.73,0.14,0.35,12.1,1,1,2,11.2,9.6,0.17,-2.2,-1.6,258,389,66.3,3776,424,4,3.0,2.6,1.0,19,11,10,1,22,335,47,0,1,1,11,0,0,0,0,0,258,19,13,7,7,5,13,30.8,9,8,4,4,5,24,24,0,47,1.5,33,0,6,2,6,0,10,0.32,586,30,61,272,260,111,584,23,11,47.8,10,43.5,285,1504,717,29,13,16,34,14,382,120,5,0,0,25,23,27,11,5,13,2,0,0,39,50,55,47.6,,,,,,,,,,,,,,,,,,,,,,,,,,,,,,,,2024-2025
2675,Ruben Vargas,ch SUI,"FW,MF",Sevilla,es La Liga,25.0,1998.0,11,9,671,7.5,2,1,3,2,0,0,0,0,2.0,2.0,0.8,2.7,0.4,0.37,29,14,63,17,5,29.4,2.28,0.67,0.12,0.4,13.8,0,0,0,2.0,2.0,0.12,0.0,0.0,166,247,67.2,2714,696,1,0.8,0.9,0.2,13,11,9,5,14,219,28,3,0,0,37,9,16,12,2,0,166,7,4,1,5,1,8,37.5,5,9,0,9,3,10,10,0,31,4.16,16,5,4,5,1,0,3,0.4,362,8,50,144,173,30,362,33,12,36.4,16,48.5,186,1260,676,29,15,11,31,6,231,63,0,0,0,11,9,3,37,3,4,0,0,0,31,7,6,53.8,,,,,,,,,,,,,,,,,,,,,,,,,,,,,,,,2024-2025
2678,Devis Vásquez,co COL,GK,Empoli,it Serie A,26.0,1998.0,32,32,2880,32.0,0,0,0,0,0,0,2,0,0.0,0.0,0.0,0.0,0.0,0.0,0,0,0,0,0,,0.0,0.0,,,,0,0,0,0.0,0.0,,0.0,0.0,667,1105,60.4,19973,14880,0,0.0,0.1,0.0,0,29,1,0,0,867,236,86,1,1,0,0,0,0,0,0,667,0,0,0,0,0,0,,0,0,0,0,0,0,21,4,6,0.19,6,0,0,0,0,0,0,0.0,1183,915,1167,16,1,0,1183,1,1,100.0,0,0.0,701,3465,2107,0,0,0,2,0,620,0,2,0,0,1,4,0,0,0,0,0,1,0,43,8,1,88.9,45.0,1.41,125.0,79.0,64.8,6.0,12.0,14.0,6.0,18.8,3.0,1.0,1.0,1.0,40.2,0.31,-4.8,-0.15,161.0,560.0,28.8,953.0,104.0,48.5,39.0,490.0,36.0,7.3,15.0,0.47,10.9,2024-2025
2679,Johan Vásquez,mx MEX,DF,Genoa,it Serie A,25.0,1998.0,36,34,3041,33.8,3,0,3,3,0,0,9,0,2.4,2.4,0.3,2.7,0.09,0.08,37,96,12,36,8,22.2,1.07,0.24,0.08,0.38,16.4,1,0,0,2.4,2.4,0.07,0.6,0.6,1491,1760,84.7,28470,8998,0,0.3,0.4,-0.3,7,76,6,2,96,1661,96,70,0,4,7,7,0,0,0,0,1491,56,31,24,27,5,44,59.1,18,59,31,28,50,106,150,1,25,0.74,18,1,0,3,2,1,0,0.0,2190,304,1100,971,128,46,2190,7,5,71.4,2,28.6,1202,6541,3435,37,21,2,24,5,1387,12,9,0,0,31,32,1,7,50,31,1,1,0,122,93,75,55.4,,,,,,,,,,,,,,,,,,,,,,,,,,,,,,,,2024-2025
2681,José Luis García Vayá,es ESP,MF,Valencia,es La Liga,25.0,1998.0,34,18,1742,19.4,2,2,4,0,2,2,8,1,2.1,0.5,2.1,2.6,0.1,0.22,13,142,19,12,4,33.3,0.62,0.21,0.0,0.0,25.8,1,2,2,2.1,0.5,0.04,-0.1,-0.5,970,1237,78.4,18326,6217,2,2.1,2.6,-0.1,32,163,6,3,142,1086,143,70,4,25,109,0,72,22,36,3,970,43,25,24,13,6,33,57.6,14,23,6,17,19,62,42,0,53,2.74,29,21,1,1,1,0,3,0.15,1406,61,291,827,307,12,1404,13,8,61.5,3,23.1,645,2536,1295,13,16,1,16,11,857,19,8,1,0,26,19,1,109,19,25,0,0,0,99,23,21,52.3,,,,,,,,,,,,,,,,,,,,,,,,,,,,,,,,2024-2025
2683,Jesus Vazquez,es ESP,DF,Valencia,es La Liga,21.0,2003.0,19,10,919,10.2,0,0,0,0,0,0,3,0,0.1,0.1,0.6,0.8,0.0,0.08,32,21,48,5,1,20.0,0.49,0.1,0.0,0.0,26.4,0,0,0,0.1,0.1,0.03,-0.1,-0.1,345,447,77.2,4732,1323,0,0.6,0.6,-0.6,3,18,3,2,21,332,112,8,0,0,23,103,0,0,0,0,345,23,18,12,9,2,19,52.6,9,16,5,11,10,33,30,0,9,0.88,6,0,1,1,0,1,1,0.1,586,36,170,237,188,14,586,36,14,38.9,17,47.2,250,1510,881,32,27,5,14,8,284,48,3,0,0,17,11,1,23,10,18,0,0,0,42,12,13,48.0,,,,,,,,,,,,,,,,,,,,,,,,,,,,,,,,2024-2025
2684,Lucas Vázquez,es ESP,DF,Real Madrid,es La Liga,33.0,1991.0,32,25,2189,24.3,1,5,6,1,0,0,4,0,1.4,1.4,4.7,6.1,0.25,0.25,37,99,194,15,3,20.0,0.62,0.12,0.07,0.33,17.0,1,0,0,1.4,1.4,0.1,-0.4,-0.4,1415,1624,87.1,21508,5227,5,4.7,3.9,0.3,33,65,29,2,99,1415,204,37,1,7,63,151,16,4,7,0,1415,58,34,33,17,8,48,56.3,21,24,6,18,17,75,35,1,65,2.67,54,5,1,2,2,1,8,0.33,1850,66,481,804,577,58,1850,36,19,52.8,15,41.7,1031,4132,2045,37,17,17,34,13,1331,194,4,0,0,29,32,3,63,17,34,0,0,0,83,6,13,31.6,,,,,,,,,,,,,,,,,,,,,,,,,,,,,,,,2024-2025
2685,Matías Vecino,uy URU,MF,Lazio,it Serie A,32.0,1991.0,20,7,877,9.7,2,3,5,2,0,0,7,0,2.3,2.3,2.4,4.6,0.51,0.47,4,29,14,16,4,25.0,1.64,0.41,0.13,0.5,11.9,0,0,0,2.3,2.3,0.14,-0.3,-0.3,322,397,81.1,5633,1465,3,2.4,2.8,0.6,11,32,3,0,29,387,9,9,4,4,2,0,0,0,0,0,322,13,7,3,9,1,18,22.2,14,9,3,6,5,18,15,0,22,2.25,18,0,0,3,0,1,4,0.41,475,19,99,285,93,33,475,1,1,100.0,0,0.0,231,1048,413,4,11,1,6,10,334,14,7,0,0,20,3,0,2,5,7,0,0,0,29,30,28,51.7,,,,,,,,,,,,,,,,,,,,,,,,,,,,,,,,2024-2025
2686,Danilo Veiga,pt POR,DF,Lecce,it Serie A,21.0,2002.0,13,2,374,4.2,0,0,0,0,0,0,0,0,0.6,0.6,0.3,0.9,0.0,0.21,10,10,13,5,0,0.0,1.2,0.0,0.0,,17.1,0,0,0,0.6,0.6,0.12,-0.6,-0.6,104,161,64.6,1712,550,0,0.3,0.2,-0.3,6,11,5,3,10,132,28,2,0,0,17,26,0,0,0,0,104,8,6,4,4,0,13,46.2,7,5,0,5,4,12,14,0,14,3.38,8,0,2,2,2,0,1,0.24,225,10,55,95,76,5,225,14,6,42.9,6,42.9,111,679,390,10,6,1,10,5,111,13,0,0,0,6,11,0,17,4,6,0,0,0,19,5,11,31.3,,,,,,,,,,,,,,,,,,,,,,,,,,,,,,,,2024-2025
2687,Renato Veiga,pt POR,"DF,MF",Chelsea,eng Premier League,21.0,2003.0,7,1,181,2.0,0,0,0,0,0,0,2,0,0.1,0.1,0.0,0.1,0.0,0.07,4,7,3,3,1,33.3,1.49,0.5,0.0,0.0,17.1,0,0,0,0.1,0.1,0.05,-0.1,-0.1,118,139,84.9,2171,435,0,0.0,0.2,0.0,0,6,1,0,7,127,12,5,0,0,0,7,0,0,0,0,118,9,6,6,3,0,12,33.3,8,3,1,2,1,10,2,0,1,0.49,0,0,0,1,0,0,0,0.0,167,2,61,82,27,3,167,5,3,60.0,2,40.0,85,417,144,4,5,1,1,0,110,3,2,0,0,6,1,1,0,1,6,0,0,0,9,3,3,50.0,,,,,,,,,,,,,,,,,,,,,,,,,,,,,,,,2024-2025
2688,Renato Veiga,pt POR,DF,Juventus,it Serie A,21.0,2003.0,13,12,1093,12.1,0,1,1,0,0,0,2,0,1.0,1.0,0.1,1.1,0.08,0.09,9,40,0,12,5,41.7,0.99,0.41,0.0,0.0,14.6,1,0,0,1.0,1.0,0.09,-1.0,-1.0,500,568,88.0,10016,3525,1,0.1,0.2,0.9,2,35,2,0,40,530,38,23,1,4,0,0,0,0,0,0,500,17,12,7,9,1,14,64.3,5,17,13,4,19,36,81,0,9,0.74,9,0,0,0,0,0,1,0.08,727,130,384,311,35,11,727,1,1,100.0,0,0.0,388,2311,1173,9,5,0,2,0,423,0,2,0,0,9,2,1,0,19,12,0,0,0,38,27,11,71.1,,,,,,,,,,,,,,,,,,,,,,,,,,,,,,,,2024-2025
2689,Alejo Véliz,ar ARG,FW,Espanyol,es La Liga,20.0,2003.0,27,10,1127,12.5,1,0,1,1,0,0,3,0,2.3,2.3,0.6,2.8,0.08,0.22,2,8,27,19,6,31.6,1.52,0.48,0.05,0.17,10.7,0,0,0,2.3,2.3,0.12,-1.3,-1.3,122,187,65.2,1608,182,0,0.6,0.1,-0.6,3,9,0,0,8,161,26,0,0,0,0,2,0,0,0,0,122,1,1,0,1,0,7,14.3,6,12,2,10,4,5,23,1,14,1.1,7,0,0,2,5,0,4,0.31,317,25,35,189,93,30,317,5,1,20.0,3,60.0,123,408,116,2,3,0,34,12,205,27,3,0,0,20,33,5,0,4,1,1,0,0,20,51,58,46.8,,,,,,,,,,,,,,,,,,,,,,,,,,,,,,,,2024-2025
2691,Joël Veltman,nl NED,DF,Brighton,eng Premier League,32.0,1992.0,21,19,1697,18.9,0,0,0,0,0,0,5,0,0.5,0.5,0.5,0.9,0.0,0.05,32,85,34,6,1,16.7,0.32,0.05,0.0,0.0,19.7,0,0,0,0.5,0.5,0.08,-0.5,-0.5,745,929,80.2,12563,3243,0,0.5,1.3,-0.5,6,66,9,5,85,756,170,42,2,3,24,128,0,0,0,0,745,43,29,24,16,3,52,59.6,21,22,7,15,19,62,66,0,23,1.22,16,2,2,1,2,0,2,0.11,1133,65,332,558,253,10,1133,15,4,26.7,5,33.3,548,2917,1521,32,25,3,19,7,626,34,5,0,0,27,44,0,24,19,29,0,1,0,68,21,18,53.8,,,,,,,,,,,,,,,,,,,,,,,,,,,,,,,,2024-2025
2692,Micky van de Ven,nl NED,DF,Tottenham,eng Premier League,23.0,2001.0,13,12,1015,11.3,0,2,2,0,0,0,4,0,0.6,0.6,1.2,1.7,0.18,0.15,8,51,1,6,2,33.3,0.53,0.18,0.0,0.0,11.1,0,0,0,0.6,0.6,0.09,-0.6,-0.6,729,802,90.9,13817,4206,2,1.2,0.7,0.8,2,50,1,0,51,758,43,18,0,1,0,4,0,0,0,0,729,10,6,5,4,1,14,57.1,6,12,8,4,10,20,39,1,11,0.98,8,0,0,2,1,0,2,0.18,895,110,460,408,36,9,895,8,4,50.0,4,50.0,620,2883,1407,8,10,1,5,5,651,1,4,0,0,10,9,0,0,10,6,0,0,0,63,19,20,48.7,,,,,,,,,,,,,,,,,,,,,,,,,,,,,,,,2024-2025
2693,Lorenzo Venturino,it ITA,"FW,MF",Genoa,it Serie A,18.0,2006.0,6,1,167,1.9,2,0,2,2,0,0,0,0,0.7,0.7,0.2,0.9,1.08,0.49,5,7,10,4,3,75.0,2.16,1.62,0.5,0.67,15.5,0,0,0,0.7,0.7,0.18,1.3,1.3,28,55,50.9,508,169,0,0.2,0.1,-0.2,3,2,3,1,7,54,1,0,0,0,10,1,0,0,0,0,28,5,3,4,0,1,6,50.0,3,3,0,3,0,5,5,0,6,3.23,3,0,1,1,0,1,1,0.54,86,2,22,32,35,6,86,6,4,66.7,2,33.3,39,337,162,5,2,2,8,1,44,10,0,0,0,3,1,0,10,0,3,0,0,0,8,1,1,50.0,,,,,,,,,,,,,,,,,,,,,,,,,,,,,,,,2024-2025
2695,Bart Verbruggen,nl NED,GK,Brighton,eng Premier League,21.0,2002.0,36,36,3240,36.0,0,1,1,0,0,0,5,0,0.0,0.0,0.0,0.0,0.03,0.0,0,2,0,0,0,,0.0,0.0,,,,0,0,0,0.0,0.0,,0.0,0.0,1011,1315,76.9,23986,16175,1,0.0,0.0,1.0,1,20,1,0,2,1164,145,62,0,0,0,0,0,0,0,0,1011,0,0,0,0,0,3,0.0,3,1,0,1,0,0,29,5,5,0.14,5,0,0,0,0,0,1,0.03,1406,1109,1392,14,0,0,1406,2,2,100.0,0,0.0,955,3507,1804,0,1,1,2,0,909,0,5,0,0,0,2,0,0,0,0,0,0,0,59,10,1,90.9,58.0,1.61,143.0,87.0,65.7,14.0,13.0,9.0,7.0,19.4,9.0,9.0,0.0,0.0,51.0,0.31,-5.0,-0.14,122.0,386.0,31.6,1226.0,122.0,26.9,29.7,414.0,27.0,6.5,47.0,1.31,13.9,2024-2025
2696,Simone Verdi,it ITA,"MF,FW",Como,it Serie A,32.0,1992.0,9,0,115,1.3,0,0,0,0,0,0,1,0,0.1,0.1,0.5,0.6,0.0,0.47,3,5,13,2,2,100.0,1.57,1.57,0.0,0.0,26.3,0,0,0,0.1,0.1,0.06,-0.1,-0.1,31,60,51.7,576,243,0,0.5,0.6,-0.5,6,2,3,3,5,50,9,3,1,0,14,1,5,1,3,0,31,2,2,0,1,1,2,0.0,2,2,0,2,0,2,2,0,8,6.26,6,2,0,0,0,0,0,0.0,75,2,7,37,32,1,75,2,2,100.0,0,0.0,44,270,150,3,4,1,0,4,51,13,1,0,0,1,1,0,14,0,2,0,0,0,5,0,0,,,,,,,,,,,,,,,,,,,,,,,,,,,,,,,,,2024-2025
2700,Mikel Vesga,es ESP,MF,Athletic Club,es La Liga,31.0,1993.0,25,10,988,11.0,0,0,0,0,0,1,1,0,1.2,0.4,1.0,1.4,0.0,0.2,10,64,22,5,2,40.0,0.46,0.18,0.0,0.0,21.6,0,0,1,1.2,0.4,0.08,-1.2,-0.4,429,539,79.6,7559,2180,0,1.0,0.7,-1.0,12,51,5,0,64,523,14,9,3,4,8,4,0,0,0,0,429,22,15,7,13,2,28,42.9,16,10,1,9,15,37,26,0,21,1.91,19,0,0,2,0,0,1,0.09,653,30,143,398,119,11,652,12,7,58.3,5,41.7,291,1242,591,10,13,3,11,9,400,22,1,0,0,14,4,0,8,15,15,0,0,0,66,25,16,61.0,,,,,,,,,,,,,,,,,,,,,,,,,,,,,,,,2024-2025
2701,Jannik Vestergaard,dk DEN,DF,Leicester City,eng Premier League,31.0,1992.0,18,16,1391,15.5,0,0,0,0,0,0,5,0,0.1,0.1,0.1,0.2,0.0,0.01,3,32,2,3,2,66.7,0.19,0.13,0.0,0.0,9.7,0,0,0,0.1,0.1,0.03,-0.1,-0.1,870,959,90.7,14697,5807,0,0.1,0.1,-0.1,3,34,1,0,32,890,68,26,0,2,0,0,0,0,0,0,870,22,10,16,6,0,15,60.0,6,21,14,7,16,38,74,1,7,0.45,6,0,0,0,0,1,0,0.0,1092,196,572,497,28,10,1092,4,4,100.0,0,0.0,672,2932,1458,3,3,0,2,0,757,2,5,0,0,12,4,0,0,16,10,0,0,1,46,26,19,57.8,,,,,,,,,,,,,,,,,,,,,,,,,,,,,,,,2024-2025
2703,Guglielmo Vicario,it ITA,GK,Tottenham,eng Premier League,27.0,1996.0,24,24,2160,24.0,0,0,0,0,0,0,1,0,0.0,0.0,0.0,0.0,0.0,0.0,0,1,0,0,0,,0.0,0.0,,,,0,0,0,0.0,0.0,,0.0,0.0,764,874,87.4,15137,8856,0,0.0,0.0,0.0,0,2,0,0,1,773,101,36,0,1,0,0,0,0,0,0,764,0,0,0,0,0,0,,0,0,0,0,1,1,14,6,4,0.17,4,0,0,0,0,0,0,0.0,928,626,910,18,0,0,928,1,1,100.0,0,0.0,661,3067,1700,0,0,0,0,0,597,0,1,0,0,0,2,0,0,1,0,0,0,0,32,9,0,100.0,37.0,1.54,102.0,67.0,64.7,9.0,3.0,12.0,4.0,16.7,1.0,1.0,0.0,0.0,37.4,0.36,2.4,0.1,28.0,95.0,29.5,809.0,120.0,10.5,22.8,312.0,30.0,9.6,31.0,1.29,13.3,2024-2025
2704,Carlos Vicente,es ESP,"FW,MF",Alavés,es La Liga,25.0,1999.0,37,35,3092,34.4,5,5,10,4,1,1,3,0,3.5,2.7,5.4,8.1,0.26,0.26,104,68,226,35,13,37.1,1.02,0.38,0.11,0.31,18.2,1,1,1,3.5,2.7,0.08,1.5,1.3,720,1140,63.2,12031,4061,5,5.4,5.9,-0.4,63,36,38,29,68,950,181,46,3,2,269,50,85,24,43,5,720,47,31,26,11,10,64,39.1,39,34,2,32,14,61,40,0,107,3.11,53,38,3,6,5,2,9,0.26,1551,28,218,574,780,86,1550,106,34,32.1,63,59.4,781,4788,2188,104,48,28,83,49,898,226,3,0,0,38,62,10,269,14,31,0,0,0,133,34,60,36.2,,,,,,,,,,,,,,,,,,,,,,,,,,,,,,,,2024-2025
2705,Pau Victor,es ESP,FW,Barcelona,es La Liga,22.0,2001.0,21,2,319,3.5,2,1,3,2,0,0,2,0,3.0,3.0,0.9,3.9,0.85,1.09,6,11,28,14,8,57.1,3.95,2.26,0.14,0.25,15.2,0,0,0,3.0,3.0,0.22,-1.0,-1.0,98,121,81.0,1416,221,1,0.9,0.4,0.1,8,5,4,0,11,117,4,1,0,0,3,1,0,0,0,0,98,3,1,0,2,1,3,0.0,3,6,1,5,2,5,5,0,13,3.64,11,0,1,0,1,0,2,0.56,170,5,15,71,87,21,170,12,7,58.3,5,41.7,92,375,171,6,2,6,7,8,125,28,2,0,0,7,3,0,3,2,1,0,0,0,14,3,1,75.0,,,,,,,,,,,,,,,,,,,,,,,,,,,,,,,,2024-2025
2706,Nacho Vidal,es ESP,DF,Osasuna,es La Liga,29.0,1995.0,5,1,124,1.4,0,0,0,0,0,0,0,0,0.0,0.0,0.0,0.0,0.0,0.0,3,1,5,0,0,,0.0,0.0,,,,0,0,0,0.0,0.0,,0.0,0.0,37,49,75.5,613,304,0,0.0,0.0,0.0,0,1,0,0,1,37,12,0,0,0,2,12,0,0,0,0,37,2,0,0,1,1,4,25.0,3,1,0,1,0,2,6,0,0,0.0,0,0,0,0,0,0,0,0.0,65,5,23,24,19,0,65,2,2,100.0,0,0.0,24,129,77,3,3,0,2,2,33,5,0,0,0,2,1,0,2,0,0,0,0,0,5,3,1,75.0,,,,,,,,,,,,,,,,,,,,,,,,,,,,,,,,2024-2025
2709,Fran Vieites,es ESP,GK,Betis,es La Liga,25.0,1999.0,4,4,360,4.0,0,0,0,0,0,0,0,0,0.0,0.0,0.0,0.0,0.0,0.01,0,0,0,1,1,100.0,0.25,0.25,0.0,0.0,13.0,0,0,0,0.0,0.0,0.03,0.0,0.0,76,119,63.9,2047,1345,0,0.0,0.0,0.0,0,2,0,0,0,71,48,19,0,1,0,0,0,0,0,0,76,0,0,0,0,0,0,,0,0,0,0,0,0,1,0,0,0.0,0,0,0,0,0,0,0,0.0,126,97,124,1,1,1,126,0,0,,0,,59,248,139,0,0,0,0,0,48,0,0,0,0,0,2,0,0,0,0,0,0,0,7,1,0,100.0,5.0,1.25,11.0,6.0,54.5,1.0,2.0,1.0,0.0,0.0,0.0,0.0,0.0,0.0,4.7,0.42,-0.3,-0.09,12.0,54.0,22.2,90.0,16.0,40.0,38.0,65.0,6.0,9.2,4.0,1.0,12.8,2024-2025
2710,Sergio Viera,es ESP,MF,Las Palmas,es La Liga,19.0,2005.0,2,1,96,1.1,0,0,0,0,0,0,1,0,0.0,0.0,0.0,0.0,0.0,0.02,0,2,2,1,0,0.0,0.94,0.0,0.0,,13.5,0,0,0,0.0,0.0,0.02,0.0,0.0,45,51,88.2,782,110,0,0.0,0.0,0.0,0,5,0,0,2,50,1,0,0,1,0,0,0,0,0,0,45,1,1,0,1,0,1,0.0,1,1,0,1,1,2,1,0,2,1.87,2,0,0,0,0,0,0,0.0,59,1,8,43,9,1,59,2,1,50.0,1,50.0,32,119,30,0,0,0,2,0,46,2,1,0,0,1,1,0,0,1,1,0,0,0,5,1,2,33.3,,,,,,,,,,,,,,,,,,,,,,,,,,,,,,,,2024-2025
2711,Samuele Vignato,it ITA,MF,Monza,it Serie A,20.0,2004.0,17,3,470,5.2,0,0,0,0,0,0,0,0,0.3,0.3,0.0,0.3,0.0,0.06,5,17,30,4,1,25.0,0.77,0.19,0.0,0.0,13.2,0,0,0,0.3,0.3,0.07,-0.3,-0.3,126,167,75.4,1778,293,0,0.0,0.2,0.0,1,9,2,0,17,166,1,0,1,1,14,1,0,0,0,0,126,6,3,0,4,2,7,42.9,4,1,0,1,0,6,6,0,7,1.34,7,0,0,0,0,0,1,0.19,214,5,27,101,90,7,214,13,4,30.8,9,69.2,139,729,269,5,8,1,8,10,163,30,0,0,0,3,3,1,14,0,3,0,0,0,12,5,13,27.8,,,,,,,,,,,,,,,,,,,,,,,,,,,,,,,,2024-2025
2712,Asier Villalibre,es ESP,FW,Alavés,es La Liga,26.0,1997.0,16,2,333,3.7,1,1,2,0,1,1,2,0,1.6,0.8,1.0,1.8,0.27,0.69,4,7,18,8,1,12.5,2.16,0.27,0.0,0.0,14.7,0,1,1,1.6,0.8,0.1,-0.6,-0.8,44,69,63.8,645,153,1,1.0,0.3,0.0,1,3,4,0,7,64,5,0,1,0,2,0,0,0,0,0,44,2,2,0,1,1,2,50.0,1,1,0,1,1,3,7,0,7,1.89,4,0,0,1,2,0,1,0.27,116,6,8,57,52,22,115,12,2,16.7,9,75.0,55,299,114,4,3,3,9,5,75,18,2,0,0,11,7,2,2,1,2,0,0,0,7,22,12,64.7,,,,,,,,,,,,,,,,,,,,,,,,,,,,,,,,2024-2025
2713,Iván Villar,es ESP,GK,Celta Vigo,es La Liga,27.0,1997.0,4,4,360,4.0,0,0,0,0,0,0,0,0,0.0,0.0,0.0,0.0,0.0,0.0,0,0,0,0,0,,0.0,0.0,,,,0,0,0,0.0,0.0,,0.0,0.0,95,117,81.2,1704,1111,0,0.0,0.0,0.0,0,0,0,0,0,76,41,6,0,0,0,0,0,0,0,0,95,0,0,0,0,0,0,,0,0,0,0,0,0,3,0,0,0.0,0,0,0,0,0,0,0,0.0,130,118,128,2,0,0,130,0,0,,0,,60,269,172,0,0,0,0,0,49,0,0,0,0,0,0,0,0,0,0,0,0,0,10,1,1,50.0,9.0,2.25,18.0,10.0,50.0,2.0,0.0,2.0,0.0,0.0,1.0,0.0,1.0,0.0,8.2,0.4,1.2,0.3,3.0,22.0,13.6,82.0,15.0,14.6,24.0,65.0,1.0,1.5,5.0,1.25,14.8,2024-2025
2714,Carlos Vinícius,br BRA,"MF,FW",Fulham,eng Premier League,29.0,1995.0,3,0,16,0.2,0,0,0,0,0,0,0,0,0.0,0.0,0.0,0.0,0.0,0.21,1,0,3,1,1,100.0,5.63,5.63,0.0,0.0,17.4,0,0,0,0.0,0.0,0.04,0.0,0.0,1,3,33.3,14,0,0,0.0,0.0,0.0,0,0,0,0,0,3,0,0,0,0,0,0,0,0,0,0,1,0,0,0,0,0,1,0.0,1,1,0,1,0,0,0,0,2,11.25,0,0,1,0,1,0,0,0.0,7,0,1,3,3,2,7,1,1,100.0,0,0.0,7,24,11,1,0,1,1,0,6,3,0,0,0,0,2,0,0,0,0,0,0,0,0,0,0,,,,,,,,,,,,,,,,,,,,,,,,,,,,,,,,,2024-2025
2715,Nicolas Viola,it ITA,"FW,MF",Cagliari,it Serie A,34.0,1989.0,27,18,1267,14.1,3,1,4,3,0,0,2,0,2.2,2.2,1.9,4.1,0.28,0.29,21,46,70,31,9,29.0,2.2,0.64,0.1,0.33,20.4,4,0,0,2.2,2.2,0.07,0.8,0.8,285,452,63.1,5124,2017,1,1.9,2.6,-0.9,28,34,11,2,46,367,83,26,4,1,79,4,45,19,25,0,285,14,7,6,7,1,10,10.0,9,5,0,5,3,17,5,0,59,4.19,30,21,3,2,3,0,4,0.28,595,8,57,294,255,34,595,30,11,36.7,16,53.3,326,1527,700,21,17,7,30,21,389,70,2,0,0,20,34,8,79,3,7,0,0,0,52,21,24,46.7,,,,,,,,,,,,,,,,,,,,,,,,,,,,,,,,2024-2025
2716,Viti,es ESP,DF,Las Palmas,es La Liga,26.0,1997.0,29,23,1982,22.0,0,2,2,0,0,0,5,0,0.1,0.1,1.4,1.4,0.09,0.06,43,44,65,3,2,66.7,0.14,0.09,0.0,0.0,25.7,0,0,0,0.1,0.1,0.02,-0.1,-0.1,757,934,81.0,12326,4296,2,1.4,1.3,0.6,12,40,13,8,44,722,209,16,1,3,45,193,0,0,0,0,757,71,46,43,21,7,45,68.9,14,28,7,21,27,98,61,0,29,1.32,23,3,2,0,1,0,3,0.14,1186,62,396,562,241,23,1186,20,9,45.0,7,35.0,491,3138,1498,43,14,4,28,6,559,65,5,0,0,28,31,0,45,27,46,0,0,0,85,18,19,48.6,,,,,,,,,,,,,,,,,,,,,,,,,,,,,,,,2024-2025
2717,Mattia Viti,it ITA,DF,Empoli,it Serie A,22.0,2002.0,30,30,2572,28.6,1,0,1,1,0,0,3,0,0.8,0.8,0.2,1.0,0.03,0.03,17,86,10,11,2,18.2,0.38,0.07,0.09,0.5,14.3,0,0,0,0.8,0.8,0.07,0.2,0.2,933,1163,80.2,17070,5753,0,0.2,0.2,-0.2,5,71,3,0,86,977,185,76,1,5,0,2,0,0,0,0,933,65,45,42,20,3,52,65.4,18,41,18,23,48,113,128,4,23,0.8,14,2,0,2,2,3,0,0.0,1506,260,798,663,58,12,1506,11,6,54.5,3,27.3,633,3228,1714,17,9,0,20,17,752,10,3,0,0,30,29,1,0,48,45,0,0,0,97,61,52,54.0,,,,,,,,,,,,,,,,,,,,,,,,,,,,,,,,2024-2025
2718,Vitinha,pt POR,"FW,MF",Genoa,it Serie A,24.0,2000.0,25,16,1328,14.8,2,3,5,2,0,0,2,0,1.6,1.6,3.3,5.0,0.34,0.34,38,19,71,33,5,15.2,2.24,0.34,0.06,0.4,20.3,1,0,0,1.6,1.6,0.05,0.4,0.4,191,322,59.3,2886,753,3,3.3,2.0,-0.3,16,12,10,7,19,290,31,10,3,2,45,8,2,0,2,0,191,23,8,12,6,5,30,36.7,19,14,2,12,12,35,22,0,41,2.78,25,4,5,2,5,0,3,0.2,572,32,91,255,242,54,572,68,22,32.4,42,61.8,309,2034,987,38,27,16,54,34,348,71,2,0,0,23,25,8,45,12,8,0,0,0,53,31,28,52.5,,,,,,,,,,,,,,,,,,,,,,,,,,,,,,,,2024-2025
2720,Daniel Vivian,es ESP,DF,Athletic Club,es La Liga,25.0,1999.0,32,28,2608,29.0,4,0,4,4,0,0,3,0,1.9,1.9,0.4,2.3,0.14,0.08,36,185,6,18,5,27.8,0.62,0.17,0.22,0.8,13.8,0,0,0,1.9,1.9,0.11,2.1,2.1,1526,1753,87.1,31626,11850,0,0.4,0.7,-0.4,10,166,10,3,185,1685,65,58,2,11,8,2,0,0,0,0,1526,40,26,23,14,3,32,65.6,11,26,10,16,47,87,152,2,34,1.17,32,0,1,0,0,1,1,0.03,2085,147,901,1119,79,26,2085,17,10,58.8,6,35.3,1169,6581,4326,36,17,1,19,13,1325,6,3,0,0,27,21,1,8,47,26,0,1,0,164,43,31,58.1,,,,,,,,,,,,,,,,,,,,,,,,,,,,,,,,2024-2025
2721,Krapyvtsov Vladyslav,ua UKR,GK,Girona,es La Liga,19.0,2005.0,2,2,180,2.0,0,0,0,0,0,0,0,0,0.0,0.0,0.0,0.0,0.0,0.0,0,0,0,0,0,,0.0,0.0,,,,0,0,0,0.0,0.0,,0.0,0.0,53,70,75.7,1585,1179,0,0.0,0.0,0.0,0,1,0,0,0,59,11,4,0,0,0,0,0,0,0,0,53,0,0,0,0,0,0,,0,0,0,0,0,0,1,1,0,0.0,0,0,0,0,0,0,0,0.0,79,71,78,1,0,0,79,0,0,,0,,54,243,115,0,0,0,0,0,44,0,0,0,0,0,0,0,0,0,0,0,0,0,3,0,0,,7.0,3.5,18.0,11.0,66.7,0.0,0.0,2.0,0.0,0.0,1.0,1.0,0.0,0.0,6.3,0.31,-0.7,-0.37,10.0,21.0,47.6,63.0,13.0,31.7,35.6,27.0,1.0,3.7,1.0,0.5,12.9,2024-2025
2722,Dušan Vlahović,rs SRB,FW,Juventus,it Serie A,24.0,2000.0,29,21,1784,19.8,10,4,14,6,4,4,3,0,12.3,9.2,1.3,10.5,0.5,0.69,27,22,117,73,25,34.2,3.68,1.26,0.08,0.24,15.9,7,4,4,12.3,9.2,0.13,-2.3,-3.2,253,366,69.1,3895,421,4,1.3,0.9,2.7,15,11,7,0,22,326,35,0,3,4,9,0,0,0,0,0,253,4,2,0,1,3,5,20.0,4,7,3,4,1,5,9,3,41,2.07,28,0,6,5,2,0,8,0.4,564,14,28,238,303,125,560,28,9,32.1,18,64.3,308,1398,509,27,10,17,51,28,431,117,3,0,0,27,18,12,9,1,2,0,0,0,36,39,42,48.1,,,,,,,,,,,,,,,,,,,,,,,,,,,,,,,,2024-2025
2723,Vanja Vlahović,rs SRB,"FW,MF",Atalanta,it Serie A,20.0,2004.0,3,0,60,0.7,0,0,0,0,0,0,0,0,0.2,0.2,0.1,0.3,0.0,0.38,0,0,5,1,1,100.0,1.5,1.5,0.0,0.0,14.2,0,0,0,0.2,0.2,0.16,-0.2,-0.2,4,6,66.7,44,0,0,0.1,0.1,-0.1,2,0,0,0,0,5,1,0,0,0,0,0,0,0,0,0,4,1,1,0,0,1,0,,0,0,0,0,0,1,0,0,3,4.5,2,0,0,0,1,0,1,1.5,18,0,0,4,14,7,18,2,0,0.0,1,50.0,13,40,13,0,0,0,6,1,12,5,0,0,0,0,3,0,0,0,1,1,0,0,0,0,3,0.0,,,,,,,,,,,,,,,,,,,,,,,,,,,,,,,,2024-2025
2724,Nikola Vlašić,hr CRO,"MF,FW",Torino,it Serie A,26.0,1997.0,30,23,2117,23.5,5,4,9,3,2,2,0,0,3.4,1.8,2.4,4.2,0.3,0.25,53,94,110,30,10,33.3,1.28,0.43,0.1,0.3,22.2,0,2,2,3.4,1.8,0.06,1.6,1.2,613,768,79.8,8813,2258,4,2.4,2.0,1.6,32,57,24,4,94,758,6,1,3,4,26,4,1,0,1,0,613,37,19,11,17,9,30,40.0,18,15,3,12,9,46,15,0,70,2.98,61,0,3,2,3,1,8,0.34,983,15,114,460,430,59,981,48,24,50.0,21,43.8,607,3417,1737,53,41,12,44,42,713,110,0,0,0,28,26,6,26,9,19,0,0,0,93,27,29,48.2,,,,,,,,,,,,,,,,,,,,,,,,,,,,,,,,2024-2025
2725,Alessandro Vogliacco,it ITA,DF,Genoa,it Serie A,25.0,1998.0,12,8,715,7.9,2,0,2,2,0,0,3,0,1.3,1.3,0.0,1.4,0.25,0.17,9,26,2,5,2,40.0,0.63,0.25,0.4,1.0,10.6,0,0,0,1.3,1.3,0.27,0.7,0.7,266,341,78.0,5278,2121,0,0.0,0.2,0.0,1,35,4,3,26,319,21,5,0,4,11,16,0,0,0,0,266,15,3,7,7,1,12,83.3,2,11,7,4,9,24,20,0,6,0.76,4,0,0,2,0,0,0,0.0,407,37,183,189,35,5,407,1,0,0.0,1,100.0,208,1139,666,9,8,1,2,1,258,2,3,0,0,12,2,0,11,9,3,0,1,0,20,11,8,57.9,,,,,,,,,,,,,,,,,,,,,,,,,,,,,,,,2024-2025
2726,Alessandro Vogliacco,it ITA,DF,Parma,it Serie A,25.0,1998.0,10,10,772,8.6,0,0,0,0,0,0,2,0,0.1,0.1,0.1,0.2,0.0,0.02,2,21,0,1,1,100.0,0.12,0.12,0.0,0.0,6.7,0,0,0,0.1,0.1,0.1,-0.1,-0.1,437,477,91.6,8499,3028,0,0.1,0.1,-0.1,3,26,1,0,21,455,22,17,0,4,2,0,0,0,0,0,437,5,2,5,0,0,5,60.0,2,15,10,5,3,8,37,0,5,0.58,4,0,0,1,0,0,0,0.0,551,64,283,260,12,3,551,1,1,100.0,0,0.0,370,1561,873,2,1,0,4,0,395,0,2,0,0,10,5,0,2,3,2,0,0,1,24,17,13,56.7,,,,,,,,,,,,,,,,,,,,,,,,,,,,,,,,2024-2025
2728,Mërgim Vojvoda,xk KVX,DF,Torino,it Serie A,29.0,1995.0,17,12,1105,12.3,0,0,0,0,0,0,4,0,0.4,0.4,0.4,0.8,0.0,0.07,18,64,34,5,0,0.0,0.41,0.0,0.0,,20.3,0,0,0,0.4,0.4,0.08,-0.4,-0.4,662,792,83.6,12050,3725,0,0.4,0.9,-0.4,11,47,16,9,64,710,81,12,2,9,40,63,6,5,0,0,662,18,10,5,9,4,14,50.0,7,13,3,10,7,25,24,1,27,2.2,24,1,1,0,1,0,1,0.08,875,43,292,440,147,6,875,11,6,54.5,3,27.3,577,2761,1300,18,12,1,8,8,606,34,4,0,0,13,4,1,40,7,10,0,0,0,53,8,10,44.4,,,,,,,,,,,,,,,,,,,,,,,,,,,,,,,,2024-2025
2729,Mërgim Vojvoda,xk KVX,DF,Como,it Serie A,29.0,1995.0,11,8,717,8.0,1,2,3,1,0,0,2,0,0.2,0.2,2.0,2.3,0.38,0.28,16,43,40,4,1,25.0,0.5,0.13,0.25,1.0,18.5,0,0,0,0.2,0.2,0.06,0.8,0.8,375,460,81.5,6049,2206,2,2.0,0.9,0.0,12,31,11,4,43,392,67,8,0,0,26,50,9,2,2,0,375,9,6,5,4,0,9,77.8,2,7,4,3,3,12,18,0,20,2.51,15,3,1,1,0,0,2,0.25,521,32,148,230,147,14,521,11,3,27.3,7,63.6,293,1217,592,16,11,4,4,4,343,40,2,0,0,8,2,1,26,3,6,0,0,0,28,6,6,50.0,,,,,,,,,,,,,,,,,,,,,,,,,,,,,,,,2024-2025
2732,Stefan de Vrij,nl NED,DF,Inter,it Serie A,32.0,1992.0,25,17,1636,18.2,3,0,3,3,0,0,2,0,1.1,1.1,0.0,1.1,0.17,0.06,11,76,5,13,3,23.1,0.72,0.17,0.23,1.0,10.6,0,0,0,1.1,1.1,0.08,1.9,1.9,1309,1403,93.3,24028,7772,0,0.0,0.3,0.0,1,64,1,0,76,1372,31,26,2,3,0,2,0,0,0,0,1309,18,11,12,5,1,12,75.0,3,19,11,8,22,40,89,0,14,0.73,9,0,0,5,0,0,3,0.16,1613,151,693,885,41,19,1613,8,3,37.5,5,62.5,988,5474,2932,11,7,0,4,1,1162,5,2,0,0,8,4,0,0,22,11,0,0,0,66,65,38,63.1,,,,,,,,,,,,,,,,,,,,,,,,,,,,,,,,2024-2025
2738,Kyle Walker,eng ENG,DF,Manchester City,eng Premier League,34.0,1990.0,15,9,970,10.8,0,0,0,0,0,0,3,0,0.1,0.1,0.4,0.6,0.0,0.05,12,64,11,5,2,40.0,0.46,0.19,0.0,0.0,27.7,0,0,0,0.1,0.1,0.03,-0.1,-0.1,724,826,87.7,11928,3918,0,0.4,1.3,-0.4,7,63,7,4,64,727,99,18,2,7,14,81,0,0,0,0,724,17,10,7,7,3,26,53.8,12,13,4,9,3,20,13,1,17,1.58,17,0,0,0,0,0,0,0.0,892,26,197,473,228,5,892,6,3,50.0,2,33.3,499,2284,1106,12,13,0,9,2,630,11,3,0,0,6,5,1,14,3,10,0,0,0,46,9,7,56.3,,,,,,,,,,,,,,,,,,,,,,,,,,,,,,,,2024-2025
2739,Kyle Walker,eng ENG,DF,Milan,it Serie A,34.0,1990.0,11,7,659,7.3,0,0,0,0,0,0,1,0,0.0,0.0,0.9,1.0,0.0,0.13,11,32,19,2,0,0.0,0.27,0.0,0.0,,31.9,0,0,0,0.0,0.0,0.02,0.0,0.0,370,422,87.7,6392,1909,0,0.9,0.5,-0.9,6,26,2,0,32,372,50,11,0,2,11,39,0,0,0,0,370,17,9,12,4,1,17,76.5,4,9,5,4,9,26,15,1,10,1.37,9,1,0,0,0,0,0,0.0,492,33,163,238,96,6,492,7,5,71.4,2,28.6,310,1392,674,11,5,2,6,4,323,19,1,0,0,7,4,0,11,9,9,0,0,0,37,6,3,66.7,,,,,,,,,,,,,,,,,,,,,,,,,,,,,,,,2024-2025
2740,Kyle Walker-Peters,eng ENG,DF,Southampton,eng Premier League,27.0,1997.0,33,33,2918,32.4,0,2,2,0,0,0,5,0,0.8,0.8,2.8,3.6,0.06,0.11,114,139,144,20,6,30.0,0.62,0.19,0.0,0.0,18.3,0,0,0,0.8,0.8,0.04,-0.8,-0.8,1493,1693,88.2,22418,6584,2,2.8,2.3,-0.8,24,119,30,4,139,1500,190,36,5,2,51,144,3,0,0,0,1493,44,29,22,15,7,35,45.7,19,27,15,12,19,63,90,1,63,1.94,40,3,10,5,3,2,7,0.22,2022,151,615,884,540,59,2022,92,38,41.3,39,42.4,1271,7917,4373,114,72,24,32,39,1433,144,5,0,0,28,52,2,51,19,29,0,0,0,135,11,21,34.4,,,,,,,,,,,,,,,,,,,,,,,,,,,,,,,,2024-2025
2741,Christian Walton,eng ENG,GK,Ipswich Town,eng Premier League,28.0,1995.0,7,7,630,7.0,0,0,0,0,0,0,0,0,0.0,0.0,0.0,0.0,0.0,0.0,0,0,0,0,0,,0.0,0.0,,,,0,0,0,0.0,0.0,,0.0,0.0,177,255,69.4,4784,3409,0,0.0,0.0,0.0,1,3,0,0,0,185,70,19,0,0,0,0,0,0,0,0,177,0,0,0,0,0,1,0.0,1,0,0,0,0,0,2,1,2,0.29,1,1,0,0,0,0,0,0.0,272,248,271,1,0,0,272,0,0,,0,,143,699,384,0,0,0,0,0,131,0,0,0,0,0,1,0,0,0,0,0,0,0,6,2,0,100.0,19.0,2.71,39.0,20.0,56.4,1.0,1.0,5.0,1.0,14.3,2.0,2.0,0.0,0.0,17.1,0.4,-1.9,-0.28,42.0,116.0,36.2,204.0,35.0,42.6,34.3,111.0,12.0,10.8,2.0,0.29,8.2,2024-2025
2742,Sebastian Walukiewicz,pl POL,DF,Torino,it Serie A,24.0,2000.0,29,20,1661,18.5,0,0,0,0,0,0,6,0,0.4,0.4,0.3,0.7,0.0,0.04,25,80,31,6,1,16.7,0.33,0.05,0.0,0.0,20.5,0,0,0,0.4,0.4,0.07,-0.4,-0.4,761,938,81.1,13048,4435,0,0.3,0.6,-0.3,4,74,14,5,80,827,107,14,0,3,24,93,0,0,0,0,761,38,20,18,16,4,31,74.2,8,21,8,13,18,56,60,0,16,0.87,15,0,0,1,0,0,1,0.05,1119,68,359,593,178,9,1119,22,6,27.3,14,63.6,557,2610,1425,25,13,0,9,5,694,31,6,0,0,29,7,1,24,18,20,0,0,0,52,23,36,39.0,,,,,,,,,,,,,,,,,,,,,,,,,,,,,,,,2024-2025
2743,Sebastian Walukiewicz,pl POL,DF,Empoli,it Serie A,24.0,2000.0,2,2,180,2.0,0,0,0,0,0,0,0,0,0.0,0.0,0.1,0.1,0.0,0.04,2,8,3,0,0,,0.0,0.0,,,,0,0,0,0.0,0.0,,0.0,0.0,48,62,77.4,874,473,0,0.1,0.0,-0.1,1,6,1,0,8,55,6,2,0,1,2,4,0,0,0,0,48,1,0,1,0,0,1,0.0,1,3,3,0,1,2,15,0,4,2.0,4,0,0,0,0,0,0,0.0,83,16,37,38,9,0,83,0,0,,0,,32,279,157,2,0,0,2,0,33,3,0,0,0,4,0,0,2,1,0,0,0,0,6,5,3,62.5,,,,,,,,,,,,,,,,,,,,,,,,,,,,,,,,2024-2025
2744,Aaron Wan-Bissaka,eng ENG,DF,West Ham,eng Premier League,26.0,1997.0,36,35,3154,35.0,2,5,7,2,0,0,1,0,1.2,1.2,3.5,4.7,0.2,0.14,110,149,167,16,5,31.3,0.46,0.14,0.13,0.4,15.1,0,0,0,1.2,1.2,0.07,0.8,0.8,1472,1815,81.1,20696,7523,5,3.5,2.8,1.5,33,94,35,11,149,1568,243,11,5,1,76,232,0,0,0,0,1472,70,49,33,32,5,32,71.9,9,37,11,26,66,136,125,0,93,2.65,75,4,7,3,2,2,10,0.29,2256,147,682,969,637,48,2256,122,64,52.5,43,35.2,1092,6700,3661,110,65,15,35,22,1322,167,1,0,0,25,27,5,76,66,49,0,0,1,174,22,33,40.0,,,,,,,,,,,,,,,,,,,,,,,,,,,,,,,,2024-2025
2746,Danny Ward,wls WAL,GK,Leicester City,eng Premier League,31.0,1993.0,2,1,135,1.5,0,0,0,0,0,0,0,0,0.0,0.0,0.0,0.0,0.0,0.0,0,0,0,0,0,,0.0,0.0,,,,0,0,0,0.0,0.0,,0.0,0.0,41,53,77.4,1162,949,0,0.0,0.0,0.0,0,2,0,0,0,46,7,0,0,0,0,0,0,0,0,0,41,0,0,0,0,0,0,,0,0,0,0,0,0,1,0,0,0.0,0,0,0,0,0,0,0,0.0,55,40,55,0,0,0,55,1,0,0.0,1,100.0,44,176,107,0,0,0,0,0,35,0,0,0,0,0,0,0,0,0,0,0,0,0,1,0,0,,6.0,4.0,10.0,4.0,40.0,0.0,0.0,1.0,0.0,0.0,0.0,0.0,0.0,0.0,2.8,0.28,-3.2,-2.11,10.0,22.0,45.5,46.0,9.0,37.0,32.0,11.0,0.0,0.0,2.0,1.33,20.7,2024-2025
2747,Joel Ward,eng ENG,DF,Crystal Palace,eng Premier League,34.0,1989.0,2,1,71,0.8,0,0,0,0,0,0,1,0,0.0,0.0,0.0,0.0,0.0,0.06,0,1,1,0,0,,0.0,0.0,,,,0,0,0,0.0,0.0,,0.0,0.0,14,24,58.3,306,77,0,0.0,0.0,0.0,1,0,0,0,1,24,0,0,0,0,0,0,0,0,0,0,14,2,0,0,2,0,0,,0,0,0,0,0,2,3,0,1,1.27,1,0,0,0,0,0,0,0.0,32,3,17,15,1,0,32,1,0,0.0,1,100.0,15,43,15,0,0,0,0,0,16,1,1,0,0,4,0,0,0,0,0,0,0,0,7,1,0,100.0,,,,,,,,,,,,,,,,,,,,,,,,,,,,,,,,2024-2025
2748,James Ward-Prowse,eng ENG,MF,West Ham,eng Premier League,29.0,1994.0,15,12,1039,11.5,1,1,2,1,0,0,2,0,1.6,1.6,1.9,3.6,0.17,0.31,11,54,9,13,5,38.5,1.13,0.43,0.08,0.2,19.9,3,0,0,1.6,1.6,0.13,-0.6,-0.6,677,768,88.2,11241,3140,1,1.9,1.8,-0.9,20,76,5,2,54,699,64,28,0,9,49,1,34,18,14,1,677,20,14,8,8,4,19,36.8,12,6,3,3,8,28,15,0,34,2.95,19,11,0,3,0,1,1,0.09,849,30,180,513,158,11,849,5,2,40.0,3,60.0,427,1999,845,11,16,0,3,6,593,9,2,0,0,10,4,0,49,8,14,0,0,0,52,10,5,66.7,,,,,,,,,,,,,,,,,,,,,,,,,,,,,,,,2024-2025
2749,James Ward-Prowse,eng ENG,MF,Nott'ham Forest,eng Premier League,29.0,1994.0,9,5,400,4.4,0,1,1,0,0,0,2,1,0.1,0.1,1.1,1.2,0.23,0.26,1,16,3,2,1,50.0,0.45,0.23,0.0,0.0,29.0,1,0,0,0.1,0.1,0.03,-0.1,-0.1,145,182,79.7,2296,768,1,1.1,0.8,-0.1,4,16,2,0,16,157,24,15,0,1,19,0,8,3,5,0,145,4,1,1,3,0,2,100.0,0,3,2,1,5,9,8,0,10,2.25,6,4,0,0,0,0,2,0.45,205,13,49,115,45,1,205,0,0,,0,,92,407,170,1,3,0,3,3,115,3,2,1,1,7,2,0,19,5,1,0,0,0,19,3,5,37.5,,,,,,,,,,,,,,,,,,,,,,,,,,,,,,,,2024-2025
2751,Ollie Watkins,eng ENG,FW,Aston Villa,eng Premier League,28.0,1995.0,38,31,2598,28.9,16,8,24,14,2,2,2,0,15.3,13.8,3.3,17.1,0.76,0.65,55,31,165,82,36,43.9,2.84,1.25,0.17,0.39,12.1,0,2,2,15.3,13.8,0.17,0.7,0.2,307,424,72.4,3915,656,8,3.3,2.1,4.7,24,12,13,0,31,415,6,0,1,1,7,0,0,0,0,0,307,10,7,0,6,4,11,27.3,8,11,3,8,8,18,15,2,53,1.84,36,0,4,7,6,0,12,0.42,695,18,50,248,407,168,693,41,10,24.4,27,65.9,409,2243,1125,55,21,38,60,50,552,165,2,0,0,29,33,16,7,8,7,2,0,0,43,52,71,42.3,,,,,,,,,,,,,,,,,,,,,,,,,,,,,,,,2024-2025
2752,Timothy Weah,us USA,"DF,FW",Juventus,it Serie A,24.0,2000.0,30,18,1638,18.2,5,2,7,5,0,0,4,0,3.4,3.4,1.6,5.1,0.38,0.28,45,56,120,21,9,42.9,1.15,0.49,0.24,0.56,20.3,0,0,0,3.4,3.4,0.16,1.6,1.6,659,787,83.7,10475,2680,2,1.6,1.2,0.4,19,38,13,6,56,703,81,2,2,2,44,75,2,0,1,0,659,36,19,15,13,8,25,56.0,11,25,4,21,14,50,27,2,36,1.98,29,2,1,2,2,0,3,0.16,977,31,216,394,372,35,977,34,13,38.2,16,47.1,565,3194,1486,45,21,18,26,15,652,120,4,0,0,20,14,3,44,14,19,0,0,0,60,19,24,44.2,,,,,,,,,,,,,,,,,,,,,,,,,,,,,,,,2024-2025
2753,Adam Webster,eng ENG,DF,Brighton,eng Premier League,29.0,1995.0,14,11,887,9.9,0,0,0,0,0,0,1,0,0.2,0.2,0.5,0.7,0.0,0.08,8,63,2,5,1,20.0,0.51,0.1,0.0,0.0,10.8,0,0,0,0.2,0.2,0.05,-0.2,-0.2,636,725,87.7,11765,4541,0,0.5,0.3,-0.5,3,64,2,0,63,650,73,30,0,3,2,0,0,0,0,0,636,10,6,5,4,1,14,42.9,8,16,9,7,20,30,41,2,14,1.42,10,2,0,2,0,0,4,0.41,824,119,389,399,43,15,824,3,1,33.3,2,66.7,476,2600,1475,8,6,0,5,1,552,2,1,0,0,7,2,1,2,20,6,0,1,0,35,24,6,80.0,,,,,,,,,,,,,,,,,,,,,,,,,,,,,,,,2024-2025
2760,Danny Welbeck,eng ENG,FW,Brighton,eng Premier League,33.0,1990.0,30,24,2115,23.5,10,4,14,9,1,1,5,0,9.6,8.8,1.4,10.1,0.55,0.46,21,47,95,59,23,39.0,2.51,0.98,0.15,0.39,15.3,9,1,1,9.6,8.8,0.15,0.4,0.2,417,491,84.9,4936,1008,4,1.4,1.4,2.6,23,18,14,0,47,472,18,2,0,0,3,2,0,0,0,0,417,26,16,6,15,5,20,40.0,12,19,4,15,5,31,14,0,53,2.26,39,1,3,4,6,0,8,0.34,726,18,58,318,356,102,725,37,13,35.1,21,56.8,448,2065,890,21,23,8,49,28,547,95,5,0,0,11,23,4,3,5,16,0,0,0,46,17,32,34.7,,,,,,,,,,,,,,,,,,,,,,,,,,,,,,,,2024-2025
2761,Welington,br BRA,DF,Southampton,eng Premier League,23.0,2001.0,10,6,482,5.4,0,0,0,0,0,0,1,0,0.0,0.0,0.1,0.1,0.0,0.02,5,11,19,3,0,0.0,0.56,0.0,0.0,,31.3,0,0,0,0.0,0.0,0.01,0.0,0.0,145,186,78.0,2273,695,0,0.1,0.2,-0.1,3,8,5,4,11,147,39,5,0,1,17,28,6,5,0,0,145,21,9,15,5,1,19,63.2,7,5,1,4,7,28,36,0,7,1.31,6,1,0,0,0,0,1,0.19,276,31,113,102,64,3,276,9,5,55.6,3,33.3,100,389,197,5,4,1,9,4,120,19,1,0,0,6,8,1,17,7,9,0,1,0,21,5,4,55.6,,,,,,,,,,,,,,,,,,,,,,,,,,,,,,,,2024-2025
2762,Timo Werner,de GER,"FW,MF",Tottenham,eng Premier League,28.0,1996.0,18,4,516,5.7,0,3,3,0,0,0,0,0,1.0,1.0,2.5,3.5,0.52,0.61,42,30,89,8,3,37.5,1.4,0.52,0.0,0.0,18.2,0,0,0,1.0,1.0,0.12,-1.0,-1.0,158,236,66.9,2383,597,3,2.5,1.5,0.5,10,3,15,2,30,222,12,2,2,2,28,8,2,1,0,0,158,6,4,3,3,0,13,23.1,10,10,1,9,1,7,7,0,18,3.13,14,0,2,1,1,0,3,0.52,298,8,24,78,203,33,298,19,10,52.6,8,42.1,215,1768,1062,42,24,18,14,6,227,89,0,0,0,3,5,5,28,1,4,0,0,0,18,0,1,0.0,,,,,,,,,,,,,,,,,,,,,,,,,,,,,,,,2024-2025
2763,Adam Wharton,eng ENG,MF,Crystal Palace,eng Premier League,20.0,2004.0,20,16,1318,14.6,0,2,2,0,0,0,2,0,0.4,0.4,3.0,3.4,0.14,0.23,14,107,11,13,5,38.5,0.89,0.34,0.0,0.0,25.4,0,0,0,0.4,0.4,0.03,-0.4,-0.4,548,725,75.6,10271,3780,2,3.0,2.2,-1.0,26,78,18,5,107,678,40,14,5,1,39,0,26,19,1,0,548,34,14,14,16,4,44,38.6,27,11,2,9,20,54,27,0,59,4.03,45,11,0,2,0,1,6,0.41,872,30,204,463,212,11,872,10,2,20.0,8,80.0,430,2014,1078,14,23,2,17,13,533,11,2,0,0,12,21,0,39,20,14,0,0,0,102,7,16,30.4,,,,,,,,,,,,,,,,,,,,,,,,,,,,,,,,2024-2025
2764,Ben White,eng ENG,DF,Arsenal,eng Premier League,26.0,1997.0,17,13,1198,13.3,0,2,2,0,0,0,2,0,0.5,0.5,1.4,1.8,0.15,0.14,23,59,42,9,2,22.2,0.68,0.15,0.0,0.0,19.4,0,0,0,0.5,0.5,0.05,-0.5,-0.5,580,692,83.8,9173,2998,2,1.4,1.4,0.6,10,55,11,2,59,583,107,20,1,7,17,83,0,0,0,0,580,20,14,10,4,6,38,42.1,22,10,8,2,16,36,44,0,23,1.73,22,1,0,0,0,0,2,0.15,813,55,214,367,238,28,813,6,0,0.0,5,83.3,394,1617,953,23,16,4,10,6,494,42,2,0,0,10,5,1,17,16,14,0,0,0,37,18,9,66.7,,,,,,,,,,,,,,,,,,,,,,,,,,,,,,,,2024-2025
2766,Mats Wieffer,nl NED,"DF,MF",Brighton,eng Premier League,24.0,1999.0,25,10,1015,11.3,1,3,4,1,0,0,6,0,0.8,0.8,1.6,2.4,0.35,0.21,18,62,23,9,4,44.4,0.8,0.35,0.11,0.25,13.2,0,0,0,0.8,0.8,0.08,0.2,0.2,594,698,85.1,9762,2650,3,1.6,1.0,1.4,16,53,9,2,62,647,49,13,0,1,13,36,0,0,0,0,594,58,34,27,27,4,47,68.1,15,18,2,16,17,75,28,3,32,2.83,28,0,0,2,2,0,6,0.53,867,55,223,450,206,22,867,15,7,46.7,7,46.7,483,2351,1051,18,20,1,19,9,533,23,6,0,0,23,10,1,13,17,34,1,1,0,68,32,25,56.1,,,,,,,,,,,,,,,,,,,,,,,,,,,,,,,,2024-2025
2767,Mateusz Wieteska,pl POL,DF,Cagliari,it Serie A,27.0,1997.0,5,1,184,2.0,0,0,0,0,0,0,1,0,0.2,0.2,0.2,0.4,0.0,0.18,1,5,0,1,0,0.0,0.49,0.0,0.0,,8.1,0,0,0,0.2,0.2,0.21,-0.2,-0.2,82,95,86.3,1672,723,0,0.2,0.2,-0.2,1,3,1,0,5,93,2,2,0,0,0,0,0,0,0,0,82,1,0,0,1,0,1,100.0,0,3,2,1,7,8,6,0,2,0.97,1,0,0,0,0,1,0,0.0,116,18,64,51,2,2,116,0,0,,0,,69,426,205,1,0,0,1,0,70,0,1,0,0,4,0,0,0,7,0,0,1,0,11,2,7,22.2,,,,,,,,,,,,,,,,,,,,,,,,,,,,,,,,2024-2025
2769,Iñaki Williams,gh GHA,FW,Athletic Club,es La Liga,30.0,1994.0,35,29,2652,29.5,6,8,14,6,0,0,1,0,7.6,7.6,7.8,15.4,0.48,0.52,107,76,302,63,24,38.1,2.14,0.81,0.1,0.25,16.4,0,0,0,7.6,7.6,0.12,-1.6,-1.6,525,830,63.3,7922,2296,8,7.8,5.0,0.2,43,38,51,15,76,798,26,0,7,7,115,21,0,0,0,0,525,17,10,4,8,5,23,52.2,11,34,5,29,12,29,32,0,80,2.72,61,1,6,7,3,2,14,0.48,1169,35,113,392,679,138,1169,101,33,32.7,56,55.4,739,4233,2259,107,39,49,65,44,898,302,1,0,0,22,39,17,115,12,10,1,0,0,87,30,20,60.0,,,,,,,,,,,,,,,,,,,,,,,,,,,,,,,,2024-2025
2770,Neco Williams,wls WAL,DF,Nott'ham Forest,eng Premier League,23.0,2001.0,35,28,2594,28.8,1,3,4,1,0,0,7,0,2.3,2.3,1.6,3.9,0.14,0.13,68,89,103,37,7,18.9,1.28,0.24,0.03,0.14,20.2,1,0,0,2.3,2.3,0.06,-1.3,-1.3,843,1116,75.5,12607,5011,3,1.6,1.5,1.4,18,69,22,10,89,888,224,19,1,4,59,203,2,0,2,0,843,90,57,63,19,8,86,61.6,33,42,10,32,31,121,137,3,51,1.77,37,6,0,5,3,0,6,0.21,1565,155,558,574,453,45,1565,46,18,39.1,19,41.3,650,3952,2169,68,28,16,36,21,744,103,7,0,0,24,43,2,59,31,57,0,0,0,110,40,30,57.1,,,,,,,,,,,,,,,,,,,,,,,,,,,,,,,,2024-2025
2771,Nico Williams,es ESP,FW,Athletic Club,es La Liga,22.0,2002.0,29,22,1996,22.2,5,5,10,5,0,0,1,0,4.2,4.2,3.5,7.7,0.45,0.35,118,69,254,54,19,35.2,2.43,0.86,0.09,0.26,17.6,1,0,0,4.2,4.2,0.08,0.8,0.8,497,705,70.5,7797,1800,5,3.5,4.2,1.5,40,23,29,8,69,640,60,8,0,3,107,12,40,12,20,0,497,28,18,10,11,7,32,34.4,21,20,1,19,7,35,9,0,112,5.05,67,13,21,3,5,3,13,0.59,1064,8,84,333,671,113,1064,187,68,36.4,104,55.6,697,5556,2949,118,58,58,62,46,767,254,1,0,0,17,35,10,107,7,18,0,0,0,96,11,17,39.3,,,,,,,,,,,,,,,,,,,,,,,,,,,,,,,,2024-2025
2772,Willian,br BRA,"FW,MF",Fulham,eng Premier League,35.0,1988.0,10,2,257,2.9,0,0,0,0,0,0,0,0,0.3,0.3,0.5,0.8,0.0,0.28,11,40,33,7,0,0.0,2.45,0.0,0.0,,22.1,0,0,0,0.3,0.3,0.04,-0.3,-0.3,178,208,85.6,3198,855,0,0.5,0.7,-0.5,7,19,10,2,40,196,11,2,0,4,16,2,7,3,4,0,178,4,2,0,3,1,6,33.3,4,0,0,0,1,5,1,0,17,5.93,11,4,0,2,0,0,0,0.0,231,1,18,83,134,7,231,7,1,14.3,4,57.1,148,1005,503,11,10,2,3,1,183,33,0,0,0,1,0,0,16,1,2,0,0,0,14,1,3,25.0,,,,,,,,,,,,,,,,,,,,,,,,,,,,,,,,2024-2025
2773,Joe Willock,eng ENG,"MF,FW",Newcastle Utd,eng Premier League,24.0,1999.0,32,11,1086,12.1,0,2,2,0,0,0,4,0,1.6,1.6,2.1,3.8,0.17,0.31,38,41,86,18,3,16.7,1.49,0.25,0.0,0.0,15.1,0,0,0,1.6,1.6,0.09,-1.6,-1.6,300,363,82.6,4282,903,2,2.1,0.9,-0.1,22,28,8,0,41,356,5,0,0,2,18,5,0,0,0,0,300,30,17,15,12,3,31,58.1,13,24,6,18,6,36,7,0,45,3.73,36,0,3,3,1,2,4,0.33,533,12,74,231,239,55,533,35,12,34.3,17,48.6,325,2217,1034,38,28,16,37,23,372,86,4,0,0,23,13,3,18,6,17,0,0,0,40,5,14,26.3,,,,,,,,,,,,,,,,,,,,,,,,,,,,,,,,2024-2025
2774,Callum Wilson,eng ENG,FW,Newcastle Utd,eng Premier League,32.0,1992.0,18,2,370,4.1,0,0,0,0,0,0,1,0,0.4,0.4,0.1,0.5,0.0,0.12,5,4,17,6,1,16.7,1.46,0.24,0.0,0.0,15.4,0,0,0,0.4,0.4,0.06,-0.4,-0.4,40,53,75.5,504,89,0,0.1,0.1,-0.1,3,2,0,0,4,46,6,0,0,0,2,0,0,0,0,0,40,2,2,0,1,1,2,0.0,2,2,0,2,1,3,1,0,10,2.43,7,0,0,1,1,1,0,0.0,95,1,5,55,38,19,95,7,1,14.3,4,57.1,47,243,105,5,4,5,16,12,60,17,1,0,0,4,1,3,2,1,2,0,0,0,11,2,16,11.1,,,,,,,,,,,,,,,,,,,,,,,,,,,,,,,,2024-2025
2775,Harry Wilson,wls WAL,"FW,MF",Fulham,eng Premier League,27.0,1997.0,25,12,1162,12.9,6,1,7,6,0,0,2,0,4.2,4.2,1.1,5.3,0.54,0.41,22,51,96,43,17,39.5,3.33,1.32,0.14,0.35,18.0,1,0,0,4.2,4.2,0.1,1.8,1.8,326,445,73.3,5413,1378,1,1.1,1.2,-0.1,20,26,15,1,51,393,51,16,1,5,41,4,27,14,6,1,326,20,14,13,3,4,18,66.7,6,15,1,14,7,27,10,1,44,3.41,30,6,0,5,2,1,3,0.23,598,11,81,203,324,63,598,24,9,37.5,10,41.7,342,1879,864,22,18,11,19,6,390,96,2,0,0,12,22,1,41,7,14,1,0,0,55,5,20,20.0,,,,,,,,,,,,,,,,,,,,,,,,,,,,,,,,2024-2025
2778,Harry Winks,eng ENG,MF,Leicester City,eng Premier League,28.0,1996.0,22,17,1538,17.1,0,2,2,0,0,0,4,0,0.2,0.2,1.2,1.5,0.12,0.09,19,101,11,10,4,40.0,0.59,0.23,0.0,0.0,29.2,0,0,0,0.2,0.2,0.02,-0.2,-0.2,910,1045,87.1,14101,5048,2,1.2,1.5,0.8,17,110,7,5,101,981,61,35,4,2,34,5,16,11,3,0,910,24,11,12,10,2,30,43.3,17,19,7,12,9,33,20,0,39,2.28,29,7,1,1,1,0,3,0.18,1158,49,275,746,151,1,1158,12,3,25.0,8,66.7,696,3268,1522,19,13,0,13,8,827,11,4,0,0,9,13,0,34,9,11,0,0,0,106,8,6,57.1,,,,,,,,,,,,,,,,,,,,,,,,,,,,,,,,2024-2025
2779,Ben Winterburn,eng ENG,"MF,FW",Bournemouth,eng Premier League,19.0,2004.0,4,0,24,0.3,0,0,0,0,0,0,0,0,0.0,0.0,0.0,0.0,0.0,0.0,2,0,2,0,0,,0.0,0.0,,,,0,0,0,0.0,0.0,,0.0,0.0,5,7,71.4,93,44,0,0.0,0.0,0.0,0,0,0,0,0,7,0,0,0,0,0,0,0,0,0,0,5,0,0,0,0,0,1,0.0,1,0,0,0,2,2,0,0,0,0.0,0,0,0,0,0,0,0,0.0,9,0,2,5,2,1,9,0,0,,0,,6,50,40,2,0,1,0,0,6,2,0,0,0,0,1,0,0,2,0,0,0,0,2,1,0,100.0,,,,,,,,,,,,,,,,,,,,,,,,,,,,,,,,2024-2025
2781,Yoane Wissa,cd COD,FW,Brentford,eng Premier League,27.0,1996.0,35,34,2919,32.4,19,4,23,19,0,0,5,0,18.5,18.5,2.6,21.1,0.71,0.65,60,67,154,90,41,45.6,2.77,1.26,0.21,0.46,13.2,0,0,0,18.5,18.5,0.21,0.5,0.5,450,588,76.5,6490,1617,4,2.6,1.8,1.4,27,44,13,1,67,552,33,4,5,1,20,2,1,0,0,0,450,22,12,6,8,8,27,40.7,16,29,8,21,8,30,21,3,69,2.13,40,1,4,13,10,1,10,0.31,925,34,136,376,432,163,925,49,15,30.6,24,49.0,550,3469,1662,60,26,34,77,35,658,154,5,0,0,34,51,14,20,8,12,1,0,0,81,30,36,45.5,,,,,,,,,,,,,,,,,,,,,,,,,,,,,,,,2024-2025
2783,Axel Witsel,be BEL,DF,Atlético Madrid,es La Liga,35.0,1989.0,14,9,852,9.5,0,1,1,0,0,0,1,0,0.0,0.0,0.5,0.6,0.11,0.06,2,21,1,1,0,0.0,0.11,0.0,0.0,,10.1,0,0,0,0.0,0.0,0.03,0.0,0.0,494,545,90.6,8980,3351,1,0.5,0.7,0.5,2,17,0,0,21,525,19,15,0,2,0,1,0,0,0,0,494,16,12,4,10,2,14,85.7,2,15,8,7,11,27,34,1,4,0.42,2,0,1,0,1,0,2,0.21,645,82,325,306,16,4,645,2,1,50.0,1,50.0,405,2146,1194,2,3,1,9,0,418,1,1,0,0,4,5,1,0,11,12,0,0,0,32,23,16,59.0,,,,,,,,,,,,,,,,,,,,,,,,,,,,,,,,2024-2025
2788,Chris Wood,nz NZL,FW,Nott'ham Forest,eng Premier League,32.0,1991.0,36,35,2959,32.9,20,3,23,17,3,3,1,0,13.4,11.0,2.6,13.6,0.61,0.49,14,42,94,65,32,49.2,1.98,0.97,0.26,0.53,13.5,0,3,3,13.4,11.0,0.17,6.6,6.0,315,490,64.3,4434,1018,3,2.6,1.5,0.4,22,19,12,1,42,485,0,0,2,1,1,0,0,0,0,0,315,6,5,2,2,2,11,27.3,8,12,7,5,5,11,29,1,44,1.34,36,0,2,4,0,2,5,0.15,770,40,89,361,322,105,767,13,4,30.8,8,61.5,376,1279,506,14,11,5,75,28,563,94,1,0,0,25,24,28,1,5,5,0,0,0,50,94,143,39.7,,,,,,,,,,,,,,,,,,,,,,,,,,,,,,,,2024-2025
2789,Nathan Wood-Gordon,eng ENG,DF,Southampton,eng Premier League,22.0,2002.0,11,9,773,8.6,0,0,0,0,0,0,2,0,0.2,0.2,0.0,0.3,0.0,0.03,2,17,0,2,0,0.0,0.23,0.0,0.0,,5.9,0,0,0,0.2,0.2,0.12,-0.2,-0.2,444,476,93.3,7532,1915,0,0.0,0.0,0.0,1,11,0,0,17,465,10,4,0,0,3,1,0,0,0,0,444,14,8,8,5,1,11,72.7,3,9,6,3,5,19,39,2,3,0.35,3,0,0,0,0,0,0,0.0,564,75,282,255,28,3,564,6,4,66.7,1,16.7,313,1352,535,2,6,0,5,1,419,0,2,0,0,9,4,0,3,5,8,0,0,0,20,15,8,65.2,,,,,,,,,,,,,,,,,,,,,,,,,,,,,,,,2024-2025
2791,Luke Woolfenden,eng ENG,DF,Ipswich Town,eng Premier League,25.0,1998.0,15,12,1187,13.2,0,0,0,0,0,0,2,0,0.0,0.0,0.0,0.0,0.0,0.0,7,15,0,1,0,0.0,0.08,0.0,0.0,,12.9,0,0,0,0.0,0.0,0.03,0.0,0.0,496,562,88.3,9196,3071,0,0.0,0.0,0.0,0,31,0,0,15,547,13,9,0,2,0,1,0,0,0,0,496,9,6,5,4,0,5,40.0,3,21,14,7,19,28,76,0,2,0.15,2,0,0,0,0,0,0,0.0,694,147,407,278,9,3,694,0,0,,0,,368,2118,1249,7,3,0,4,0,442,0,2,0,0,5,2,1,0,19,6,0,0,0,38,15,15,50.0,,,,,,,,,,,,,,,,,,,,,,,,,,,,,,,,2024-2025
2793,Lamine Yamal,es ESP,FW,Barcelona,es La Liga,17.0,2007.0,35,31,2856,31.7,9,13,22,9,0,0,3,0,9.8,9.8,13.9,23.8,0.69,0.75,181,160,433,144,46,31.9,4.54,1.45,0.06,0.2,19.4,0,0,0,9.8,9.8,0.07,-0.8,-0.8,1161,1553,74.8,16208,4559,13,13.9,11.6,-0.9,64,78,95,16,160,1497,48,5,33,4,108,23,20,5,0,0,1161,42,28,8,17,17,38,42.1,22,12,0,12,16,58,3,0,188,5.92,112,3,38,20,11,4,29,0.91,2094,9,104,667,1364,226,2094,316,161,50.9,128,40.5,1486,10141,5270,181,96,95,102,49,1723,433,3,0,0,30,60,13,108,16,28,2,0,0,123,1,3,25.0,,,,,,,,,,,,,,,,,,,,,,,,,,,,,,,,2024-2025
2794,Daniel Yáñez,es ESP,FW,Real Madrid,es La Liga,17.0,2007.0,1,0,2,0.0,0,0,0,0,0,0,0,0,0.0,0.0,0.0,0.0,0.0,0.0,0,0,0,0,0,,0.0,0.0,,,,0,0,0,0.0,0.0,,0.0,0.0,0,0,,0,0,0,0.0,0.0,0.0,0,0,0,0,0,0,0,0,0,0,0,0,0,0,0,0,0,0,0,0,0,0,0,,0,0,0,0,0,0,0,0,0,0.0,0,0,0,0,0,0,0,0.0,0,0,0,0,0,0,0,0,0,,0,,1,6,6,0,0,0,0,0,1,0,0,0,0,0,1,0,0,0,0,0,0,0,0,0,0,,,,,,,,,,,,,,,,,,,,,,,,,,,,,,,,,2024-2025
2796,Yehor Yarmoliuk,ua UKR,MF,Brentford,eng Premier League,20.0,2004.0,31,15,1450,16.1,0,0,0,0,0,0,6,0,0.6,0.6,0.9,1.5,0.0,0.09,15,63,47,9,2,22.2,0.56,0.12,0.0,0.0,15.9,0,0,0,0.6,0.6,0.07,-0.6,-0.6,661,760,87.0,11716,2679,0,0.9,0.9,-0.9,9,71,8,4,63,752,7,3,4,9,16,4,0,0,0,0,661,49,28,21,21,7,55,50.9,27,26,9,17,13,62,33,0,26,1.62,21,0,2,1,1,1,2,0.12,960,61,277,501,203,15,960,27,13,48.1,11,40.7,520,2790,908,15,19,3,26,21,599,47,6,0,0,19,13,2,16,13,28,0,0,0,113,8,10,44.4,,,,,,,,,,,,,,,,,,,,,,,,,,,,,,,,2024-2025
2797,Ryan Yates,eng ENG,MF,Nott'ham Forest,eng Premier League,26.0,1997.0,35,18,1915,21.3,2,1,3,2,0,0,10,0,2.3,2.3,1.2,3.5,0.14,0.16,18,53,16,33,9,27.3,1.55,0.42,0.06,0.22,19.6,0,0,0,2.3,2.3,0.07,-0.3,-0.3,618,758,81.5,9172,2063,1,1.2,0.5,-0.2,18,48,4,0,53,699,56,23,0,0,8,0,2,0,0,0,618,42,21,24,14,4,37,45.9,20,38,10,28,26,68,61,1,38,1.78,26,1,1,6,2,2,3,0.14,1041,80,276,510,266,41,1041,18,9,50.0,5,27.8,425,2079,934,18,19,1,24,18,545,16,10,0,0,53,49,7,8,26,21,0,0,0,104,45,30,60.0,,,,,,,,,,,,,,,,,,,,,,,,,,,,,,,,2024-2025
2798,John Yeboah,ec ECU,"FW,MF",Venezia,it Serie A,24.0,2000.0,33,11,1226,13.6,1,1,2,1,0,0,6,0,3.0,3.0,1.9,4.9,0.15,0.36,50,42,88,30,10,33.3,2.2,0.73,0.03,0.1,16.6,0,0,0,3.0,3.0,0.1,-2.0,-2.0,258,354,72.9,3414,982,1,1.9,1.5,-0.9,20,19,12,0,42,334,18,4,3,0,26,2,10,5,0,0,258,6,3,1,3,2,10,10.0,9,4,0,4,4,10,2,0,53,3.89,37,3,6,1,5,1,3,0.22,517,0,28,200,298,55,517,59,24,40.7,24,40.7,374,2548,1280,50,27,25,46,30,409,88,6,0,0,14,21,4,26,4,3,1,0,0,45,6,10,37.5,,,,,,,,,,,,,,,,,,,,,,,,,,,,,,,,2024-2025
2799,Bertuğ Yıldırım,tr TUR,FW,Getafe,es La Liga,22.0,2002.0,22,14,1083,12.0,1,0,1,1,0,0,7,0,2.5,2.5,1.2,3.7,0.08,0.31,8,14,48,19,7,36.8,1.58,0.58,0.05,0.14,11.4,0,0,0,2.5,2.5,0.13,-1.5,-1.5,101,186,54.3,1304,287,0,1.2,0.6,-1.2,9,9,9,3,14,176,9,0,0,0,7,0,0,0,0,0,101,10,5,0,7,3,7,28.6,5,13,2,11,1,11,16,0,21,1.75,13,0,1,2,4,1,1,0.08,323,21,32,145,150,46,323,16,7,43.8,6,37.5,133,633,148,8,4,2,40,15,209,48,7,0,0,33,18,14,7,1,5,1,0,0,24,73,63,53.7,,,,,,,,,,,,,,,,,,,,,,,,,,,,,,,,2024-2025
2800,Kenan Yıldız,tr TUR,"FW,MF",Juventus,it Serie A,19.0,2005.0,35,28,2402,26.7,7,4,11,7,0,0,2,1,4.3,4.3,5.0,9.3,0.41,0.35,115,121,223,61,22,36.1,2.29,0.82,0.11,0.32,17.5,0,0,0,4.3,4.3,0.07,2.7,2.7,896,1124,79.7,13767,3753,4,5.0,4.8,-1.0,57,70,52,13,121,1040,79,6,9,2,115,21,50,24,14,0,896,54,30,13,26,15,32,56.3,14,25,0,25,5,59,13,3,130,4.87,86,11,13,12,5,3,10,0.37,1485,17,161,590,752,103,1485,111,59,53.2,49,44.1,964,6159,3376,115,59,43,86,41,1116,223,2,1,0,25,48,4,115,5,30,0,0,0,123,8,26,23.5,,,,,,,,,,,,,,,,,,,,,,,,,,,,,,,,2024-2025
2801,Leny Yoro,fr FRA,DF,Manchester Utd,eng Premier League,18.0,2005.0,21,12,1165,12.9,0,0,0,0,0,0,5,0,0.7,0.7,0.1,0.8,0.0,0.06,19,52,4,5,1,20.0,0.39,0.08,0.0,0.0,8.6,0,0,0,0.7,0.7,0.15,-0.7,-0.7,708,766,92.4,11513,3678,0,0.1,0.2,-0.1,2,44,5,1,52,745,20,9,2,1,1,7,0,0,0,0,708,29,11,19,9,1,19,68.4,6,5,3,2,18,47,43,0,9,0.7,6,0,0,2,0,1,0,0.0,894,87,413,414,70,13,894,4,2,50.0,2,50.0,614,3173,1765,19,13,1,3,4,656,4,5,0,0,9,2,1,1,18,11,0,0,0,46,16,16,50.0,,,,,,,,,,,,,,,,,,,,,,,,,,,,,,,,2024-2025
2802,Ashley Young,eng ENG,DF,Everton,eng Premier League,39.0,1985.0,32,19,1875,20.8,1,3,4,1,0,0,7,1,0.3,0.3,2.3,2.6,0.19,0.12,24,90,32,6,3,50.0,0.29,0.14,0.17,0.33,24.5,3,0,0,0.3,0.3,0.04,0.7,0.7,708,999,70.9,13051,5809,3,2.3,2.9,0.7,26,78,25,14,90,770,222,25,3,4,75,180,15,8,6,0,708,58,33,25,25,8,57,61.4,22,14,4,10,25,83,64,2,47,2.25,34,8,0,1,2,2,6,0.29,1194,61,369,528,305,9,1194,20,7,35.0,9,45.0,487,2447,1378,24,26,1,11,1,618,32,7,1,0,30,22,0,75,25,33,0,0,0,75,10,11,47.6,,,,,,,,,,,,,,,,,,,,,,,,,,,,,,,,2024-2025
2804,Illia Zabarnyi,ua UKR,DF,Bournemouth,eng Premier League,21.0,2002.0,36,35,3109,34.5,0,1,1,0,0,0,4,1,1.3,1.3,0.7,2.0,0.03,0.06,27,140,4,12,1,8.3,0.35,0.03,0.0,0.0,9.8,0,0,0,1.3,1.3,0.11,-1.3,-1.3,1404,1710,82.1,29649,10860,1,0.7,0.8,0.3,12,153,7,0,140,1677,31,27,6,7,6,1,0,0,0,0,1404,52,36,31,20,1,50,68.0,16,33,20,13,41,93,182,2,29,0.84,26,1,0,0,0,2,1,0.03,2062,234,929,1078,77,16,2062,9,6,66.7,2,22.2,1282,8351,4948,27,21,0,14,3,1306,4,4,1,0,20,7,0,6,41,36,0,0,0,157,77,44,63.6,,,,,,,,,,,,,,,,,,,,,,,,,,,,,,,,2024-2025
2806,Mattia Zaccagni,it ITA,FW,Lazio,it Serie A,29.0,1995.0,34,33,2686,29.8,8,6,14,6,2,2,10,0,6.4,4.9,4.6,9.5,0.4,0.37,91,114,264,46,14,30.4,1.54,0.47,0.13,0.43,17.3,2,2,2,6.4,4.9,0.11,1.6,1.1,872,1151,75.8,14136,3758,6,4.6,4.1,1.4,55,51,39,6,114,989,160,39,10,6,156,20,101,48,30,0,872,38,27,13,21,4,32,50.0,16,19,1,18,29,67,22,2,107,3.59,69,24,1,6,6,1,9,0.3,1458,26,143,561,774,100,1456,96,44,45.8,37,38.5,911,6501,3083,91,63,27,49,40,1084,264,10,0,0,35,98,9,156,29,27,0,0,0,86,19,21,47.5,,,,,,,,,,,,,,,,,,,,,,,,,,,,,,,,2024-2025
2813,Arsen Zakharyan,ru RUS,"MF,FW",Real Sociedad,es La Liga,21.0,2003.0,3,1,73,0.8,1,0,1,1,0,0,0,0,0.2,0.2,0.1,0.3,1.23,0.36,0,3,4,4,2,50.0,4.93,2.47,0.25,0.5,22.7,0,0,0,0.2,0.2,0.05,0.8,0.8,28,33,84.8,451,106,0,0.1,0.1,-0.1,1,3,1,0,3,32,1,0,2,1,1,0,1,1,0,0,28,1,1,1,0,0,1,100.0,0,1,1,0,1,2,0,0,6,7.4,4,1,0,1,0,0,0,0.0,44,1,8,21,15,2,44,1,1,100.0,0,0.0,21,67,19,0,1,0,1,0,36,4,0,0,0,1,0,0,1,1,1,0,0,0,2,0,0,,,,,,,,,,,,,,,,,,,,,,,,,,,,,,,,,2024-2025
2814,Nicola Zalewski,pl POL,"DF,FW",Roma,it Serie A,22.0,2002.0,12,4,533,5.9,0,0,0,0,0,0,0,0,0.3,0.3,0.8,1.1,0.0,0.18,31,17,54,5,0,0.0,0.84,0.0,0.0,,21.4,0,0,0,0.3,0.3,0.06,-0.3,-0.3,194,265,73.2,3235,575,0,0.8,0.6,-0.8,10,10,14,7,17,236,28,2,0,1,29,26,0,0,0,0,194,8,6,3,2,3,7,28.6,5,7,2,5,4,12,8,2,20,3.37,18,0,0,0,2,0,0,0.0,325,9,53,122,155,15,325,16,2,12.5,13,81.3,193,1581,818,31,18,6,8,4,221,54,0,0,0,2,13,1,29,4,6,0,0,0,23,5,8,38.5,,,,,,,,,,,,,,,,,,,,,,,,,,,,,,,,2024-2025
2815,Nicola Zalewski,pl POL,"DF,MF",Inter,it Serie A,22.0,2002.0,11,4,435,4.8,1,1,2,1,0,0,4,0,0.2,0.2,1.7,1.9,0.41,0.39,29,18,47,5,3,60.0,1.03,0.62,0.2,0.33,22.1,0,0,0,0.2,0.2,0.05,0.8,0.8,205,245,83.7,3270,669,1,1.7,1.8,-0.7,11,11,11,6,18,230,15,1,2,3,23,14,0,0,0,0,205,7,4,3,2,2,6,66.7,2,5,1,4,2,9,5,1,20,4.14,17,0,1,1,1,0,1,0.21,293,6,50,122,124,16,293,20,9,45.0,4,20.0,206,1538,767,29,16,8,10,7,225,47,4,0,0,7,11,0,23,2,4,0,0,0,21,2,3,40.0,,,,,,,,,,,,,,,,,,,,,,,,,,,,,,,,2024-2025
2816,Andre-Frank Zambo Anguissa,cm CMR,MF,Napoli,it Serie A,28.0,1995.0,35,32,2852,31.7,6,4,10,6,0,0,5,0,4.4,4.4,2.4,6.8,0.32,0.22,24,144,119,44,12,27.3,1.39,0.38,0.14,0.5,16.7,0,0,0,4.4,4.4,0.1,1.6,1.6,1275,1509,84.5,19289,4960,4,2.4,2.6,1.6,26,128,21,2,144,1480,29,18,1,6,23,11,0,0,0,0,1275,42,26,8,28,6,34,44.1,19,24,6,18,35,77,40,1,75,2.37,61,0,5,4,1,4,9,0.28,1825,59,320,1063,461,73,1825,47,25,53.2,18,38.3,915,4078,1490,24,26,8,48,35,1325,119,5,0,0,39,36,2,23,35,26,1,1,0,150,67,50,57.3,,,,,,,,,,,,,,,,,,,,,,,,,,,,,,,,2024-2025
2817,Francesco Zampano,it ITA,DF,Venezia,it Serie A,30.0,1993.0,24,17,1639,18.2,1,2,3,1,0,0,5,0,1.0,1.0,0.8,1.8,0.16,0.1,42,41,85,7,4,57.1,0.38,0.22,0.14,0.25,16.1,0,0,0,1.0,1.0,0.14,0.0,0.0,416,568,73.2,6763,2156,2,0.8,0.7,1.2,12,26,17,6,41,505,63,3,0,5,49,59,1,0,0,0,416,31,20,19,10,2,31,45.2,17,21,1,20,6,37,29,2,25,1.37,21,0,1,1,2,0,3,0.16,731,42,209,296,234,26,731,28,8,28.6,17,60.7,418,2792,1428,42,21,9,28,17,439,85,5,0,0,24,19,5,49,6,20,0,0,0,77,10,18,35.7,,,,,,,,,,,,,,,,,,,,,,,,,,,,,,,,2024-2025
2818,Nicolò Zaniolo,it ITA,FW,Fiorentina,it Serie A,25.0,1999.0,9,4,343,3.8,0,0,0,0,0,0,2,1,0.7,0.6,0.2,0.9,0.0,0.22,8,5,20,9,4,44.4,2.36,1.05,0.0,0.0,20.6,1,0,0,0.7,0.6,0.07,-0.7,-0.6,52,74,70.3,859,175,0,0.2,0.2,-0.2,5,4,1,0,5,70,3,1,0,1,4,1,1,0,0,0,52,3,1,1,2,0,4,0.0,4,2,1,1,0,3,2,0,10,2.42,6,0,1,0,3,0,0,0.0,131,2,13,58,64,12,131,17,6,35.3,8,47.1,100,671,255,8,6,1,18,10,116,20,2,1,0,11,15,3,4,0,1,0,0,0,11,3,9,25.0,,,,,,,,,,,,,,,,,,,,,,,,,,,,,,,,2024-2025
2819,Nicolò Zaniolo,it ITA,"FW,MF",Atalanta,it Serie A,25.0,1999.0,14,0,356,4.0,2,2,4,2,0,0,4,0,0.9,0.9,0.5,1.5,1.01,0.37,7,13,33,11,4,36.4,2.78,1.01,0.18,0.5,15.1,0,0,0,0.9,0.9,0.08,1.1,1.1,85,102,83.3,1138,252,2,0.5,0.6,1.5,7,5,5,0,13,97,5,2,1,0,4,0,0,0,0,0,85,0,0,0,0,0,2,0.0,2,0,0,0,1,1,0,0,15,3.79,10,0,1,2,2,0,3,0.76,153,0,3,62,90,25,153,16,6,37.5,7,43.8,118,584,237,7,6,5,18,14,147,33,4,0,0,9,17,0,4,1,0,0,0,0,11,4,5,44.4,,,,,,,,,,,,,,,,,,,,,,,,,,,,,,,,2024-2025
2820,Alessandro Zanoli,it ITA,"FW,DF",Genoa,it Serie A,23.0,2000.0,31,19,1711,19.0,1,0,1,1,0,0,3,0,0.4,0.4,1.6,2.0,0.05,0.11,65,27,90,11,3,27.3,0.58,0.16,0.09,0.33,20.8,0,0,0,0.4,0.4,0.04,0.6,0.6,339,507,66.9,5557,1725,0,1.6,1.1,-1.6,19,10,21,13,27,464,43,0,2,1,65,43,0,0,0,0,339,29,20,11,14,4,23,43.5,13,20,3,17,12,41,40,0,32,1.68,25,2,2,1,1,1,1,0.05,720,29,165,298,267,43,720,56,20,35.7,32,57.1,364,3333,1829,65,48,24,32,9,442,90,3,0,0,17,19,1,65,12,20,0,0,0,60,19,19,50.0,,,,,,,,,,,,,,,,,,,,,,,,,,,,,,,,2024-2025
2821,Duván Zapata,co COL,FW,Torino,it Serie A,33.0,1991.0,7,7,587,6.5,3,0,3,3,0,0,1,0,3.4,3.4,0.5,3.9,0.46,0.59,6,7,36,21,8,38.1,3.22,1.23,0.14,0.38,11.6,0,0,0,3.4,3.4,0.16,-0.4,-0.4,87,126,69.0,1223,191,0,0.5,0.5,-0.5,9,4,4,1,7,114,10,1,0,0,3,0,0,0,0,0,87,7,5,2,0,5,3,0.0,3,2,1,1,2,9,7,0,20,3.07,14,0,1,3,1,1,1,0.15,192,11,25,72,96,39,192,9,1,11.1,7,77.8,104,470,207,6,4,4,9,8,141,36,1,0,0,10,8,2,3,2,5,0,0,0,15,20,28,41.7,,,,,,,,,,,,,,,,,,,,,,,,,,,,,,,,2024-2025
2822,Gabriele Zappa,it ITA,DF,Cagliari,it Serie A,24.0,1999.0,37,35,3060,34.0,2,0,2,2,0,0,4,0,0.9,0.9,3.6,4.5,0.06,0.13,57,146,82,11,5,45.5,0.32,0.15,0.18,0.4,16.9,0,0,0,0.9,0.9,0.08,1.1,1.1,1318,1723,76.5,22297,10963,0,3.6,3.3,-3.6,28,126,24,15,146,1413,300,35,1,11,72,265,0,0,0,0,1318,40,23,20,17,3,34,50.0,17,42,22,20,23,63,93,1,57,1.68,52,2,0,3,0,0,2,0.06,2017,120,803,887,342,34,2017,29,13,44.8,14,48.3,1100,5589,3187,57,39,4,31,7,1191,82,4,0,0,25,18,0,72,23,23,0,0,0,123,21,27,43.8,,,,,,,,,,,,,,,,,,,,,,,,,,,,,,,,2024-2025
2823,Davide Zappacosta,it ITA,DF,Atalanta,it Serie A,32.0,1992.0,30,26,2067,23.0,4,2,6,4,0,0,3,0,2.2,2.2,2.1,4.3,0.26,0.19,67,107,139,39,12,30.8,1.7,0.52,0.1,0.33,19.2,0,0,0,2.2,2.2,0.06,1.8,1.8,986,1192,82.7,15489,4983,2,2.1,3.0,-0.1,23,60,37,23,107,958,230,17,2,2,95,200,13,10,2,0,986,26,16,15,5,6,39,51.3,19,28,6,22,11,37,32,2,53,2.31,42,5,1,5,0,0,6,0.26,1416,41,301,545,584,47,1416,41,12,29.3,27,65.9,780,4350,2348,67,38,14,26,17,889,139,3,0,0,19,14,6,95,11,16,0,0,0,89,9,12,42.9,,,,,,,,,,,,,,,,,,,,,,,,,,,,,,,,2024-2025
2824,Bryan Zaragoza,es ESP,"FW,MF",Osasuna,es La Liga,23.0,2001.0,27,22,1836,20.4,1,6,7,1,0,0,4,0,2.7,2.7,3.2,5.9,0.34,0.29,105,50,140,42,13,31.0,2.06,0.64,0.02,0.08,20.2,0,0,0,2.7,2.7,0.06,-1.7,-1.7,358,554,64.6,6526,1835,6,3.2,5.1,2.8,36,23,34,20,50,484,67,17,4,5,104,16,28,10,5,0,358,13,9,8,4,1,21,28.6,15,10,0,10,4,17,8,0,71,3.49,41,11,13,1,5,0,9,0.44,782,4,70,286,444,84,782,131,57,43.5,67,51.1,544,4839,2697,105,62,51,41,15,585,140,4,0,0,19,39,9,104,4,9,0,0,0,55,2,10,16.7,,,,,,,,,,,,,,,,,,,,,,,,,,,,,,,,2024-2025
2826,Oier Zarraga,es ESP,MF,Udinese,it Serie A,25.0,1999.0,22,9,896,10.0,1,0,1,1,0,0,0,0,0.4,0.4,0.4,0.8,0.1,0.08,7,28,23,6,1,16.7,0.6,0.1,0.17,1.0,21.2,0,0,0,0.4,0.4,0.07,0.6,0.6,238,289,82.4,3845,859,0,0.4,0.6,-0.4,6,27,8,5,28,280,5,1,0,1,20,1,2,1,0,0,238,19,13,7,10,2,22,45.5,12,9,5,4,2,21,8,0,15,1.51,13,0,0,2,0,0,0,0.0,359,13,62,202,99,3,359,5,2,40.0,2,40.0,186,908,388,7,3,0,9,4,230,23,0,0,0,12,6,0,20,2,13,0,0,0,25,6,11,35.3,,,,,,,,,,,,,,,,,,,,,,,,,,,,,,,,2024-2025
2828,Jordan Zemura,zw ZIM,DF,Udinese,it Serie A,24.0,1999.0,23,13,1415,15.7,1,2,3,1,0,0,2,0,1.0,1.0,1.0,2.0,0.19,0.13,25,42,76,14,3,21.4,0.89,0.19,0.07,0.33,19.0,3,0,0,1.0,1.0,0.07,0.0,0.0,475,621,76.5,7519,2859,2,1.0,1.4,1.0,11,24,15,9,42,488,132,11,0,0,39,116,5,1,2,0,475,31,14,14,12,5,29,58.6,12,17,4,13,16,47,41,0,30,1.91,19,7,1,1,1,1,4,0.25,815,44,232,331,263,23,815,48,20,41.7,24,50.0,403,2146,1080,25,18,3,24,17,434,76,2,0,0,22,7,2,39,16,14,0,0,0,60,6,14,30.0,,,,,,,,,,,,,,,,,,,,,,,,,,,,,,,,2024-2025
2830,Alessio Zerbin,it ITA,DF,Venezia,it Serie A,25.0,1999.0,18,17,1518,16.9,1,1,2,1,0,0,4,0,1.9,1.9,2.1,3.9,0.12,0.23,53,54,70,16,6,37.5,0.95,0.36,0.06,0.17,14.5,0,0,0,1.9,1.9,0.12,-0.9,-0.9,400,612,65.4,6494,2778,1,2.1,2.3,-1.1,24,26,21,10,54,441,168,24,1,4,74,126,18,6,6,0,400,51,28,30,12,9,52,55.8,23,28,3,25,15,66,25,1,42,2.49,25,10,2,1,3,1,2,0.12,864,34,187,336,358,53,864,63,21,33.3,36,57.1,383,2327,1234,53,26,20,37,19,401,70,4,0,0,36,34,3,74,15,28,0,0,0,69,10,12,45.5,,,,,,,,,,,,,,,,,,,,,,,,,,,,,,,,2024-2025
2831,Alessio Zerbin,it ITA,"FW,DF",Napoli,it Serie A,25.0,1999.0,2,0,2,0.0,0,0,0,0,0,0,0,0,0.0,0.0,0.0,0.0,0.0,0.0,0,0,0,0,0,,0.0,0.0,,,,0,0,0,0.0,0.0,,0.0,0.0,0,0,,0,0,0,0.0,0.0,0.0,0,0,0,0,0,0,0,0,0,0,0,0,0,0,0,0,0,2,1,2,0,0,1,100.0,0,0,0,0,0,2,0,0,0,0.0,0,0,0,0,0,0,0,0.0,3,0,3,0,0,0,3,1,0,0.0,1,100.0,0,0,0,0,0,0,0,0,0,0,0,0,0,0,0,0,0,0,1,0,0,0,0,0,0,,,,,,,,,,,,,,,,,,,,,,,,,,,,,,,,,2024-2025
2832,Kevin Zeroli,it ITA,MF,Monza,it Serie A,19.0,2005.0,8,4,395,4.4,0,1,1,0,0,0,0,0,0.8,0.8,0.5,1.2,0.23,0.28,2,5,8,6,1,16.7,1.37,0.23,0.0,0.0,13.0,0,0,0,0.8,0.8,0.13,-0.8,-0.8,71,96,74.0,1047,261,1,0.5,0.0,0.5,2,6,0,0,5,96,0,0,0,1,2,0,0,0,0,0,71,6,2,3,3,0,1,0.0,1,6,1,5,2,8,11,0,2,0.46,0,0,0,2,0,0,1,0.23,146,12,50,67,30,9,146,1,0,0.0,1,100.0,83,326,115,2,3,0,9,3,90,8,0,0,0,5,1,2,2,2,2,0,0,0,15,5,4,55.6,,,,,,,,,,,,,,,,,,,,,,,,,,,,,,,,2024-2025
2833,Kevin Zeroli,it ITA,MF,Milan,it Serie A,19.0,2005.0,1,0,12,0.1,0,0,0,0,0,0,0,0,0.0,0.0,0.0,0.0,0.0,0.0,1,2,3,0,0,,0.0,0.0,,,,0,0,0,0.0,0.0,,0.0,0.0,9,9,100.0,133,28,0,0.0,0.0,0.0,0,1,0,0,2,9,0,0,0,0,0,0,0,0,0,0,9,1,1,0,1,0,0,,0,0,0,0,0,1,0,0,0,0.0,0,0,0,0,0,0,0,0.0,9,0,1,4,5,0,9,0,0,,0,,7,48,42,1,1,0,0,1,8,3,0,0,0,0,0,0,0,0,1,0,0,0,1,0,0,,,,,,,,,,,,,,,,,,,,,,,,,,,,,,,,,2024-2025
2839,Piotr Zieliński,pl POL,MF,Inter,it Serie A,30.0,1994.0,26,8,980,10.9,2,2,4,0,2,2,0,0,2.6,1.1,0.9,2.0,0.18,0.32,26,65,24,15,4,26.7,1.38,0.37,0.0,0.0,21.7,0,2,2,2.6,1.1,0.07,-0.6,-1.1,636,711,89.5,9848,3091,2,0.9,1.0,1.1,14,77,6,0,65,671,38,20,2,4,28,1,16,7,7,0,636,14,10,6,7,1,13,46.2,7,10,5,5,6,20,13,1,40,3.67,28,8,1,2,0,1,7,0.64,803,27,139,498,177,14,801,18,6,33.3,9,50.0,510,3060,1582,26,27,1,8,6,588,24,0,0,0,9,16,0,28,6,10,0,0,0,58,9,3,75.0,,,,,,,,,,,,,,,,,,,,,,,,,,,,,,,,2024-2025
2840,Oleksandr Zinchenko,ua UKR,"DF,MF",Arsenal,eng Premier League,27.0,1996.0,15,5,527,5.9,0,1,1,0,0,0,1,0,0.6,0.6,0.2,0.8,0.17,0.14,10,48,14,10,0,0.0,1.71,0.0,0.0,,19.6,1,0,0,0.6,0.6,0.07,-0.6,-0.6,382,451,84.7,6080,1345,1,0.2,0.5,0.8,3,30,11,3,48,399,49,14,2,3,13,33,1,0,0,0,382,6,1,1,3,2,8,37.5,5,8,1,7,5,11,10,0,22,3.76,17,1,1,2,1,0,2,0.34,499,16,86,233,181,20,499,5,3,60.0,1,20.0,281,1348,573,10,8,3,3,4,348,14,1,0,0,8,3,1,13,5,1,0,0,0,19,12,11,52.2,,,,,,,,,,,,,,,,,,,,,,,,,,,,,,,,2024-2025
2842,Joshua Zirkzee,nl NED,"FW,MF",Manchester Utd,eng Premier League,23.0,2001.0,32,14,1402,15.6,3,1,4,3,0,0,2,0,4.8,4.8,1.5,6.3,0.26,0.41,14,44,69,28,11,39.3,1.8,0.71,0.11,0.27,13.1,0,0,0,4.8,4.8,0.17,-1.8,-1.8,292,410,71.2,3600,901,1,1.5,1.1,-0.5,12,26,6,0,44,400,9,1,6,2,4,0,0,0,0,0,292,14,8,3,8,3,10,50.0,5,15,4,11,6,20,8,1,31,1.99,28,0,0,2,1,0,3,0.19,587,16,71,303,219,56,587,35,11,31.4,24,68.6,327,1483,523,14,21,4,41,30,418,69,2,0,0,9,13,3,4,6,8,1,0,0,57,21,54,28.0,,,,,,,,,,,,,,,,,,,,,,,,,,,,,,,,2024-2025
2845,Nadir Zortea,it ITA,"DF,MF",Cagliari,it Serie A,25.0,1999.0,35,33,2713,30.1,6,2,8,6,0,0,2,0,3.1,3.1,2.4,5.5,0.27,0.18,69,63,144,33,10,30.3,1.09,0.33,0.18,0.6,19.3,0,0,0,3.1,3.1,0.09,2.9,2.9,557,827,67.4,9098,3140,2,2.4,2.2,-0.4,28,42,31,21,63,776,48,3,1,1,119,37,7,0,5,0,557,30,14,16,12,2,37,37.8,23,11,0,11,19,49,47,2,57,1.89,40,5,8,2,1,1,3,0.1,1115,43,260,487,387,31,1115,87,38,43.7,47,54.0,661,3945,1877,69,38,8,57,31,732,144,2,0,0,33,22,1,119,19,14,0,1,0,96,17,30,36.2,,,,,,,,,,,,,,,,,,,,,,,,,,,,,,,,2024-2025
2848,Igor Zubeldia,es ESP,DF,Real Sociedad,es La Liga,27.0,1997.0,28,27,2269,25.2,0,0,0,0,0,0,6,1,0.6,0.6,0.4,1.1,0.0,0.04,22,101,3,12,4,33.3,0.48,0.16,0.0,0.0,17.1,0,0,0,0.6,0.6,0.05,-0.6,-0.6,1281,1483,86.4,24957,7655,0,0.4,0.6,-0.4,4,93,6,0,101,1431,44,41,3,12,1,1,0,0,0,0,1281,34,22,21,10,3,26,53.8,12,32,18,14,31,65,100,2,17,0.67,16,0,0,1,0,0,1,0.04,1732,163,768,923,46,14,1732,6,6,100.0,0,0.0,1036,5787,3741,22,8,1,8,1,1145,3,6,1,0,38,11,0,1,31,22,0,1,0,86,65,80,44.8,,,,,,,,,,,,,,,,,,,,,,,,,,,,,,,,2024-2025
2849,Martín Zubimendi,es ESP,MF,Real Sociedad,es La Liga,25.0,1999.0,36,33,2962,32.9,2,1,3,2,0,0,6,0,2.6,2.6,1.1,3.7,0.09,0.11,38,195,43,24,6,25.0,0.73,0.18,0.08,0.33,13.9,0,0,0,2.6,2.6,0.11,-0.6,-0.6,1482,1772,83.6,25341,7363,1,1.1,1.3,-0.1,19,172,23,1,195,1708,57,55,2,11,12,1,1,0,0,0,1482,73,37,31,29,13,44,63.6,16,42,16,26,44,117,79,3,46,1.4,38,0,4,1,1,2,6,0.18,2131,122,489,1332,325,59,2131,28,19,67.9,9,32.1,1074,5591,2548,38,34,5,39,17,1412,43,6,0,0,44,19,0,12,44,37,1,0,0,140,53,32,62.4,,,,,,,,,,,,,,,,,,,,,,,,,,,,,,,,2024-2025
2851,Szymon Żurkowski,pl POL,MF,Empoli,it Serie A,26.0,1997.0,5,0,106,1.2,0,0,0,0,0,0,0,0,0.1,0.1,0.0,0.1,0.0,0.07,1,1,3,2,0,0.0,1.7,0.0,0.0,,17.0,0,0,0,0.1,0.1,0.04,-0.1,-0.1,27,33,81.8,338,109,0,0.0,0.0,0.0,0,0,1,0,1,33,0,0,0,0,0,0,0,0,0,0,27,6,4,2,4,0,4,100.0,0,3,0,3,1,7,2,0,1,0.85,0,0,0,0,0,1,0,0.0,59,5,17,35,7,4,59,4,2,50.0,2,50.0,28,190,35,1,0,1,5,4,29,3,0,0,0,2,1,0,0,1,4,0,0,0,10,0,0,,,,,,,,,,,,,,,,,,,,,,,,,,,,,,,,,2024-2025
2852,Martin Ødegaard,no NOR,MF,Arsenal,eng Premier League,25.0,1998.0,30,26,2325,25.8,3,8,11,2,1,1,4,0,4.8,4.0,5.4,9.5,0.39,0.4,92,258,154,48,15,31.3,1.86,0.58,0.04,0.13,19.2,3,1,1,4.8,4.0,0.08,-1.8,-2.0,1237,1499,82.5,19237,5460,8,5.4,6.7,2.6,63,132,86,5,258,1373,114,35,25,3,86,12,37,31,0,0,1237,19,11,9,7,3,25,16.0,21,5,0,5,6,25,6,1,124,4.8,101,13,3,5,2,0,18,0.7,1694,9,126,708,875,115,1693,59,25,42.4,32,54.2,1174,7444,3772,92,85,26,38,40,1336,154,4,0,0,12,23,1,86,6,11,0,0,0,97,8,7,53.3,,,,,,,,,,,,,,,,,,,,,,,,,,,,,,,,2024-2025
2853,Milan Đurić,ba BIH,FW,Monza,it Serie A,34.0,1990.0,18,13,1270,14.1,4,1,5,4,0,0,3,0,2.9,2.9,1.1,4.0,0.35,0.28,2,21,30,23,10,43.5,1.63,0.71,0.17,0.4,11.7,0,0,0,2.9,2.9,0.13,1.1,1.1,131,266,49.2,1564,442,1,1.1,0.2,-0.1,5,16,2,0,21,261,5,0,0,2,0,0,0,0,0,0,131,1,1,0,1,0,3,0.0,3,6,0,6,2,3,17,0,7,0.5,6,0,0,1,0,0,1,0.07,358,18,40,212,110,31,358,6,4,66.7,2,33.3,150,368,134,2,2,1,15,14,289,30,3,0,0,17,18,5,0,2,1,0,0,0,13,132,50,72.5,,,,,,,,,,,,,,,,,,,,,,,,,,,,,,,,2024-2025
2854,Milan Đurić,ba BIH,FW,Parma,it Serie A,34.0,1990.0,9,3,268,3.0,1,0,1,1,0,0,1,0,0.3,0.3,0.0,0.3,0.34,0.08,0,7,6,5,1,20.0,1.68,0.34,0.2,1.0,12.8,0,0,0,0.3,0.3,0.05,0.7,0.7,35,84,41.7,390,154,0,0.0,0.1,0.0,0,3,3,0,7,82,2,0,0,0,0,0,0,0,0,0,35,0,0,0,0,0,2,0.0,2,3,0,3,0,0,2,0,5,1.68,1,0,1,1,2,0,1,0.34,104,2,9,43,53,17,104,2,2,100.0,0,0.0,40,88,27,0,1,0,2,2,83,6,1,0,0,2,6,1,0,0,0,0,0,0,8,35,15,70.0,,,,,,,,,,,,,,,,,,,,,,,,,,,,,,,,2024-2025
